-- MySQL dump 10.13  Distrib 5.6.45, for Win32 (AMD64)
--
-- Host: 190.171.166.251    Database: metalsig_heavy
-- ------------------------------------------------------
-- Server version	5.6.45

/*!40101 SET @OLD_CHARACTER_SET_CLIENT=@@CHARACTER_SET_CLIENT */;
/*!40101 SET @OLD_CHARACTER_SET_RESULTS=@@CHARACTER_SET_RESULTS */;
/*!40101 SET @OLD_COLLATION_CONNECTION=@@COLLATION_CONNECTION */;
/*!40101 SET NAMES utf8 */;
/*!40103 SET @OLD_TIME_ZONE=@@TIME_ZONE */;
/*!40103 SET TIME_ZONE='+00:00' */;
/*!40014 SET @OLD_UNIQUE_CHECKS=@@UNIQUE_CHECKS, UNIQUE_CHECKS=0 */;
/*!40014 SET @OLD_FOREIGN_KEY_CHECKS=@@FOREIGN_KEY_CHECKS, FOREIGN_KEY_CHECKS=0 */;
/*!40101 SET @OLD_SQL_MODE=@@SQL_MODE, SQL_MODE='NO_AUTO_VALUE_ON_ZERO' */;
/*!40111 SET @OLD_SQL_NOTES=@@SQL_NOTES, SQL_NOTES=0 */;

--
-- Table structure for table `adm_menu`
--

DROP TABLE IF EXISTS `adm_menu`;
/*!40101 SET @saved_cs_client     = @@character_set_client */;
/*!40101 SET character_set_client = utf8 */;
CREATE TABLE `adm_menu` (
  `cmenu` int(10) unsigned zerofill NOT NULL AUTO_INCREMENT,
  `menu` varchar(50) COLLATE utf8_bin NOT NULL,
  `icon` varchar(20) COLLATE utf8_bin NOT NULL DEFAULT 'fas fa-edit',
  `orden` int(11) NOT NULL,
  `crea_user` varchar(50) COLLATE utf8_bin DEFAULT NULL,
  `crea_date` datetime NOT NULL DEFAULT CURRENT_TIMESTAMP,
  `mod_user` varchar(50) COLLATE utf8_bin DEFAULT NULL,
  `mod_date` datetime DEFAULT NULL ON UPDATE CURRENT_TIMESTAMP,
  PRIMARY KEY (`cmenu`)
) ENGINE=InnoDB AUTO_INCREMENT=9 DEFAULT CHARSET=utf8 COLLATE=utf8_bin;
/*!40101 SET character_set_client = @saved_cs_client */;

--
-- Dumping data for table `adm_menu`
--

LOCK TABLES `adm_menu` WRITE;
/*!40000 ALTER TABLE `adm_menu` DISABLE KEYS */;
INSERT INTO `adm_menu` VALUES (0000000000,'NONE','fas fa-edit',0,'WELLFITUSER','2019-02-05 17:31:03','WELLFITUSER','2019-02-21 10:02:23'),(0000000001,'INVENTARIO','fas fa-boxes',3,'WELLFITUSER','2019-02-05 18:19:41','WELLFITUSER','2019-02-21 09:47:41'),(0000000002,'SERVICIOS','fas fa-code-branch',5,'WELLFITUSER','2019-02-06 08:12:12','WELLFITUSER','2019-02-21 09:51:28'),(0000000003,'COTIZACIONES','far fa-copy',4,'WELLFITUSER','2019-02-06 08:22:43','WELLFITUSER','2019-02-21 09:49:36'),(0000000004,'COMPRAS','fas fa-shopping-cart',2,'WELLFITUSER','2019-02-06 17:53:24','WELLFITUSER','2019-02-21 09:46:15'),(0000000005,'MAESTRAS','far fa-list-alt',1,'WELLFITUSER','2019-02-11 14:17:44','METALSIGMAUSER','2019-02-21 09:44:45'),(0000000006,'VENTAS','fas fa-hands-helping',6,'METALSIGMAUSER','2019-02-21 09:56:28',NULL,NULL),(0000000007,'REPORTES','fas fa-print',7,'METALSIGMAUSER','2019-02-21 09:57:35',NULL,NULL),(0000000008,'CONFIGURACION','fas fa-cogs',8,'METALSIGMAUSER','2019-02-21 09:57:35',NULL,NULL);
/*!40000 ALTER TABLE `adm_menu` ENABLE KEYS */;
UNLOCK TABLES;
ALTER DATABASE `metalsig_heavy` CHARACTER SET latin1 COLLATE latin1_swedish_ci ;
/*!50003 SET @saved_cs_client      = @@character_set_client */ ;
/*!50003 SET @saved_cs_results     = @@character_set_results */ ;
/*!50003 SET @saved_col_connection = @@collation_connection */ ;
/*!50003 SET character_set_client  = utf8mb4 */ ;
/*!50003 SET character_set_results = utf8mb4 */ ;
/*!50003 SET collation_connection  = utf8mb4_general_ci */ ;
/*!50003 SET @saved_sql_mode       = @@sql_mode */ ;
/*!50003 SET sql_mode              = 'NO_AUTO_VALUE_ON_ZERO' */ ;
DELIMITER ;;
/*!50003 CREATE*/ /*!50017 DEFINER=`metalsigmauser`@`localhost`*/ /*!50003 TRIGGER `set_crea_adm_menu` BEFORE INSERT ON `adm_menu` FOR EACH ROW IF (NEW.crea_user IS NULL || NEW.crea_user='') THEN SET NEW.crea_user = UPPER(SUBSTR(USER(), 1,(LOCATE('@', USER())-1))); END IF */;;
DELIMITER ;
/*!50003 SET sql_mode              = @saved_sql_mode */ ;
/*!50003 SET character_set_client  = @saved_cs_client */ ;
/*!50003 SET character_set_results = @saved_cs_results */ ;
/*!50003 SET collation_connection  = @saved_col_connection */ ;
ALTER DATABASE `metalsig_heavy` CHARACTER SET utf8 COLLATE utf8_bin ;
ALTER DATABASE `metalsig_heavy` CHARACTER SET latin1 COLLATE latin1_swedish_ci ;
/*!50003 SET @saved_cs_client      = @@character_set_client */ ;
/*!50003 SET @saved_cs_results     = @@character_set_results */ ;
/*!50003 SET @saved_col_connection = @@collation_connection */ ;
/*!50003 SET character_set_client  = utf8mb4 */ ;
/*!50003 SET character_set_results = utf8mb4 */ ;
/*!50003 SET collation_connection  = utf8mb4_general_ci */ ;
/*!50003 SET @saved_sql_mode       = @@sql_mode */ ;
/*!50003 SET sql_mode              = 'NO_AUTO_VALUE_ON_ZERO' */ ;
DELIMITER ;;
/*!50003 CREATE*/ /*!50017 DEFINER=`metalsigmauser`@`localhost`*/ /*!50003 TRIGGER `set_mod_adm_menu` BEFORE UPDATE ON `adm_menu` FOR EACH ROW IF (NEW.mod_user IS NULL || NEW.mod_user='') THEN SET NEW.mod_user = UPPER(SUBSTR(USER(), 1,(LOCATE('@', USER())-1))); END IF */;;
DELIMITER ;
/*!50003 SET sql_mode              = @saved_sql_mode */ ;
/*!50003 SET character_set_client  = @saved_cs_client */ ;
/*!50003 SET character_set_results = @saved_cs_results */ ;
/*!50003 SET collation_connection  = @saved_col_connection */ ;
ALTER DATABASE `metalsig_heavy` CHARACTER SET utf8 COLLATE utf8_bin ;

--
-- Table structure for table `adm_menu_sub`
--

DROP TABLE IF EXISTS `adm_menu_sub`;
/*!40101 SET @saved_cs_client     = @@character_set_client */;
/*!40101 SET character_set_client = utf8 */;
CREATE TABLE `adm_menu_sub` (
  `csubmenu` int(10) unsigned zerofill NOT NULL AUTO_INCREMENT,
  `submenu` varchar(50) COLLATE utf8_bin NOT NULL,
  `icon` varchar(20) COLLATE utf8_bin NOT NULL DEFAULT 'fas fa-edit',
  `crea_user` varchar(50) COLLATE utf8_bin DEFAULT NULL,
  `crea_date` datetime NOT NULL DEFAULT CURRENT_TIMESTAMP,
  `mod_user` varchar(50) COLLATE utf8_bin DEFAULT NULL,
  `mod_date` datetime DEFAULT NULL ON UPDATE CURRENT_TIMESTAMP,
  PRIMARY KEY (`csubmenu`)
) ENGINE=InnoDB AUTO_INCREMENT=13 DEFAULT CHARSET=utf8 COLLATE=utf8_bin;
/*!40101 SET character_set_client = @saved_cs_client */;

--
-- Dumping data for table `adm_menu_sub`
--

LOCK TABLES `adm_menu_sub` WRITE;
/*!40000 ALTER TABLE `adm_menu_sub` DISABLE KEYS */;
INSERT INTO `adm_menu_sub` VALUES (0000000000,'NONE','fas fa-edit','WELLFITUSER','2019-02-05 17:31:14','WELLFITUSER','2019-02-05 18:17:00'),(0000000001,'ENTES','fas fa-users','METALSIGMAUSER','2019-02-21 10:03:48',NULL,NULL),(0000000002,'EQUIPOS','fas fa-truck','METALSIGMAUSER','2019-02-21 10:23:09',NULL,NULL),(0000000003,'COTIZACIONES','far fa-copy','METALSIGMAUSER','2019-02-21 10:32:23',NULL,NULL),(0000000004,'INVENTARIO','fas fa-boxes','METALSIGMAUSER','2019-02-21 10:35:45',NULL,NULL),(0000000005,'AJUSTES','fas fa-asterisk','METALSIGMAUSER','2019-02-21 10:48:55',NULL,NULL),(0000000006,'CONSULTAS','fas fa-search','METALSIGMAUSER','2019-04-25 15:32:35','METALSIGMAUSER','2019-04-25 15:38:33'),(0000000007,'GUIAS DESPACHO','fas fa-asterisk','METALSIGMAUSER','2019-04-25 15:36:08',NULL,NULL),(0000000008,'FACTURAS','fas fa-asterisk','METALSIGMAUSER','2019-04-25 15:36:08',NULL,NULL),(0000000009,'CONSUMOS','fas fa-asterisk','METALSIGMAUSER','2019-05-10 10:18:54',NULL,NULL),(0000000010,'SERVICIOS','fas fa-code-branch','METALSIGMAUSER','2019-05-22 18:34:05',NULL,NULL),(0000000011,'PLANIFICACION','fas fa-calendar-alt','METALSIGMAUSER','2019-05-27 17:56:00',NULL,NULL),(0000000012,'REQUISICIONES','fas fa-asterisk','METALSIGMAUSER','2019-07-10 13:25:45',NULL,NULL);
/*!40000 ALTER TABLE `adm_menu_sub` ENABLE KEYS */;
UNLOCK TABLES;
ALTER DATABASE `metalsig_heavy` CHARACTER SET latin1 COLLATE latin1_swedish_ci ;
/*!50003 SET @saved_cs_client      = @@character_set_client */ ;
/*!50003 SET @saved_cs_results     = @@character_set_results */ ;
/*!50003 SET @saved_col_connection = @@collation_connection */ ;
/*!50003 SET character_set_client  = utf8mb4 */ ;
/*!50003 SET character_set_results = utf8mb4 */ ;
/*!50003 SET collation_connection  = utf8mb4_general_ci */ ;
/*!50003 SET @saved_sql_mode       = @@sql_mode */ ;
/*!50003 SET sql_mode              = 'NO_AUTO_VALUE_ON_ZERO' */ ;
DELIMITER ;;
/*!50003 CREATE*/ /*!50017 DEFINER=`metalsigmauser`@`localhost`*/ /*!50003 TRIGGER `set_crea_adm_menu_sub` BEFORE INSERT ON `adm_menu_sub` FOR EACH ROW IF (NEW.crea_user IS NULL || NEW.crea_user='') THEN SET NEW.crea_user = UPPER(SUBSTR(USER(), 1,(LOCATE('@', USER())-1))); END IF */;;
DELIMITER ;
/*!50003 SET sql_mode              = @saved_sql_mode */ ;
/*!50003 SET character_set_client  = @saved_cs_client */ ;
/*!50003 SET character_set_results = @saved_cs_results */ ;
/*!50003 SET collation_connection  = @saved_col_connection */ ;
ALTER DATABASE `metalsig_heavy` CHARACTER SET utf8 COLLATE utf8_bin ;
ALTER DATABASE `metalsig_heavy` CHARACTER SET latin1 COLLATE latin1_swedish_ci ;
/*!50003 SET @saved_cs_client      = @@character_set_client */ ;
/*!50003 SET @saved_cs_results     = @@character_set_results */ ;
/*!50003 SET @saved_col_connection = @@collation_connection */ ;
/*!50003 SET character_set_client  = utf8mb4 */ ;
/*!50003 SET character_set_results = utf8mb4 */ ;
/*!50003 SET collation_connection  = utf8mb4_general_ci */ ;
/*!50003 SET @saved_sql_mode       = @@sql_mode */ ;
/*!50003 SET sql_mode              = 'NO_AUTO_VALUE_ON_ZERO' */ ;
DELIMITER ;;
/*!50003 CREATE*/ /*!50017 DEFINER=`metalsigmauser`@`localhost`*/ /*!50003 TRIGGER `set_mod_adm_menu_sub` BEFORE UPDATE ON `adm_menu_sub` FOR EACH ROW IF (NEW.mod_user IS NULL || NEW.mod_user='') THEN SET NEW.mod_user = UPPER(SUBSTR(USER(), 1,(LOCATE('@', USER())-1))); END IF */;;
DELIMITER ;
/*!50003 SET sql_mode              = @saved_sql_mode */ ;
/*!50003 SET character_set_client  = @saved_cs_client */ ;
/*!50003 SET character_set_results = @saved_cs_results */ ;
/*!50003 SET collation_connection  = @saved_col_connection */ ;
ALTER DATABASE `metalsig_heavy` CHARACTER SET utf8 COLLATE utf8_bin ;

--
-- Table structure for table `adm_mod`
--

DROP TABLE IF EXISTS `adm_mod`;
/*!40101 SET @saved_cs_client     = @@character_set_client */;
/*!40101 SET character_set_client = utf8 */;
CREATE TABLE `adm_mod` (
  `cmodulo` int(10) unsigned zerofill NOT NULL AUTO_INCREMENT,
  `modulo` varchar(50) COLLATE utf8_bin NOT NULL,
  `mod_url` varchar(50) COLLATE utf8_bin NOT NULL,
  `mod_icon` varchar(50) COLLATE utf8_bin NOT NULL DEFAULT 'fas fa-edit',
  `cmenu` int(10) unsigned zerofill NOT NULL,
  `csubmenu` int(10) unsigned zerofill NOT NULL,
  `orden` int(11) NOT NULL DEFAULT '0',
  `crea_user` varchar(50) COLLATE utf8_bin DEFAULT NULL,
  `crea_date` datetime NOT NULL DEFAULT CURRENT_TIMESTAMP,
  `mod_user` varchar(50) COLLATE utf8_bin DEFAULT NULL,
  `mod_date` datetime DEFAULT NULL ON UPDATE CURRENT_TIMESTAMP,
  PRIMARY KEY (`cmodulo`),
  KEY `ik_csubmenu_adm_mod` (`csubmenu`),
  KEY `ik_cmenu_adm_mod` (`cmenu`) USING BTREE,
  CONSTRAINT `fk_cmenu_adm_mod` FOREIGN KEY (`cmenu`) REFERENCES `adm_menu` (`cmenu`),
  CONSTRAINT `fk_csubmenu_adm_mod` FOREIGN KEY (`csubmenu`) REFERENCES `adm_menu_sub` (`csubmenu`)
) ENGINE=InnoDB AUTO_INCREMENT=42 DEFAULT CHARSET=utf8 COLLATE=utf8_bin;
/*!40101 SET character_set_client = @saved_cs_client */;

--
-- Dumping data for table `adm_mod`
--

LOCK TABLES `adm_mod` WRITE;
/*!40000 ALTER TABLE `adm_mod` DISABLE KEYS */;
INSERT INTO `adm_mod` VALUES (0000000001,'CLIENTES','CRUD_CLIENTES','fas fa-users',0000000005,0000000001,1,'METALSIGMAUSER','2019-02-21 10:06:51',NULL,NULL),(0000000002,'PROVEEDORES','CRUD_PROVEEDORES','fas fa-users',0000000005,0000000001,2,'METALSIGMAUSER','2019-02-21 10:11:44',NULL,NULL),(0000000003,'TRABAJADORES','CRUD_TRABAJADORES','fas fa-users',0000000005,0000000001,3,'METALSIGMAUSER','2019-02-21 10:12:04','METALSIGMAUSER','2019-02-22 10:58:31'),(0000000004,'MARCAS','CRUD_MARCAS','fas fa-braille',0000000005,0000000002,1,'METALSIGMAUSER','2019-02-21 10:24:37',NULL,NULL),(0000000005,'SEGMENTOS','CRUD_SEGMENTOS','fas fa-code-branch',0000000005,0000000002,2,'METALSIGMAUSER','2019-02-21 10:26:26',NULL,NULL),(0000000006,'COND. DE PAGOS','CRUD_PAGOS','fas fa-handshake',0000000005,0000000003,1,'METALSIGMAUSER','2019-02-21 10:33:40',NULL,NULL),(0000000007,'COND. MORAS','CRUD_MORAS','fas fa-handshake',0000000005,0000000003,2,'METALSIGMAUSER','2019-02-21 10:33:55',NULL,NULL),(0000000008,'TIPOS DE COTIZACION','CRUD_TIPOS_COT','far fa-copy',0000000005,0000000003,3,'METALSIGMAUSER','2019-02-21 10:34:53',NULL,NULL),(0000000009,'ALMACENES','CRUD_ALMACEN','fas fa-boxes',0000000005,0000000004,1,'METALSIGMAUSER','2019-02-21 10:37:05',NULL,NULL),(0000000010,'ARTICULOS','CRUD_ARTICULOS','fas fa-barcode',0000000005,0000000004,2,'METALSIGMAUSER','2019-02-21 10:38:04',NULL,NULL),(0000000011,'COTIZACION DE SERVS.','CRUD_COT_SERV','fas fa-clipboard-list',0000000004,0000000000,1,'METALSIGMAUSER','2019-02-21 10:40:11','METALSIGMAUSER','2019-07-10 10:37:46'),(0000000012,'ODC SIN ODS','CRUD_ODC','fas fa-clipboard-list',0000000004,0000000000,3,'METALSIGMAUSER','2019-02-21 10:43:49','METALSIGMAUSER','2019-07-10 13:25:44'),(0000000013,'RECEP GUIAS DESP.','CRUD_INV_NTE','fas fa-arrow-circle-right',0000000001,0000000007,1,'METALSIGMAUSER','2019-02-21 10:46:40','METALSIGMAUSER','2019-04-25 15:36:33'),(0000000014,'RECEP FACTURAS','CRUD_INV_FAC','fas fa-arrow-circle-right',0000000001,0000000008,2,'METALSIGMAUSER','2019-02-21 10:47:16','METALSIGMAUSER','2019-04-25 15:36:45'),(0000000015,'AJUSTES DE ENTRADA','CRUD_INV_AJE','fas fa-arrow-circle-right',0000000001,0000000005,1,'METALSIGMAUSER','2019-02-21 10:52:04',NULL,NULL),(0000000016,'AJUSTES DE SALIDA','CRUD_INV_AJS','fas fa-arrow-circle-left',0000000001,0000000005,2,'METALSIGMAUSER','2019-02-21 10:52:04',NULL,NULL),(0000000017,'COTIZAR','CRUD_COT_ALL','far fa-copy',0000000003,0000000000,1,'METALSIGMAUSER','2019-02-21 10:53:28','METALSIGMAUSER','2019-02-26 16:22:59'),(0000000018,'ORDEN DE SERVICIO','CRUD_ODS','fas fa-ticket-alt',0000000002,0000000000,1,'METALSIGMAUSER','2019-02-21 10:55:01',NULL,NULL),(0000000019,'PLANIFICACIONES','PLAN_ODS','fas fa-calendar-alt',0000000002,0000000000,2,'METALSIGMAUSER','2019-02-21 10:55:01','METALSIGMAUSER','2019-03-04 19:19:54'),(0000000020,'FACTURACION','CRUD_VENTAS','fas fa-hands-helping',0000000006,0000000000,1,'METALSIGMAUSER','2019-02-21 10:56:04','METALSIGMAUSER','2019-05-17 17:57:11'),(0000000021,'ORDENES DE SERVICIO','REP_ODS','fas fa-ticket-alt',0000000007,0000000010,1,'METALSIGMAUSER','2019-02-21 10:58:13','METALSIGMAUSER','2019-05-22 18:34:57'),(0000000022,'USUARIOS','CRUD_USUARIOS','fas fa-users',0000000008,0000000000,1,'METALSIGMAUSER','2019-02-21 10:58:46',NULL,NULL),(0000000023,'PARAMETROS','CRUD_PARAMETROS','fas fa-cogs',0000000008,0000000000,2,'METALSIGMAUSER','2019-02-21 10:59:25',NULL,NULL),(0000000024,'EQUIPOS','CRUD_EQUIPOS','fas fa-truck',0000000005,0000000002,3,'METALSIGMAUSER','2019-02-25 08:54:56','METALSIGMAUSER','2019-02-25 09:03:05'),(0000000025,'SERVICIOS','CRUD_SERVICIOS','fas fa-code-branch',0000000005,0000000004,3,'METALSIGMAUSER','2019-02-25 14:16:16',NULL,NULL),(0000000026,'APROB TALLER','CRUD_COT_TALLER','fas fa-thumbs-up',0000000003,0000000000,2,'METALSIGMAUSER','2019-02-26 16:16:28',NULL,NULL),(0000000027,'APROB CEO','CRUD_COT_CEO','fas fa-thumbs-up',0000000003,0000000000,3,'METALSIGMAUSER','2019-02-26 16:17:05',NULL,NULL),(0000000028,'APROB CLIENTE','CRUD_COT_CLI','fas fa-thumbs-up',0000000003,0000000000,4,'METALSIGMAUSER','2019-02-26 16:17:29',NULL,NULL),(0000000029,'COSTOS','CRUD_PAR_HHTT','far fa-copy',0000000005,0000000003,4,'METALSIGMAUSER','2019-03-04 11:04:21',NULL,NULL),(0000000030,'KARDEX','KARDEX','far fa-list-alt',0000000001,0000000006,1,'METALSIGMAUSER','2019-04-25 15:37:55',NULL,NULL),(0000000031,'CONSUMOS ODS','CRUD_INV_ODS','fas fa-arrow-circle-left',0000000001,0000000009,2,'METALSIGMAUSER','2019-05-10 10:20:42','METALSIGMAUSER','2019-07-10 13:25:45'),(0000000032,'VENTAS','CRUD_VENTAS_','fas fa-hands-helping',0000000006,0000000000,2,'METALSIGMAUSER','2019-05-17 17:57:35',NULL,NULL),(0000000033,'PLANIFICACIONES','REP_PLAN','fas fa-calendar-alt',0000000007,0000000011,1,'METALSIGMAUSER','2019-05-27 17:58:51',NULL,NULL),(0000000034,'COTIZACIONES','REP_COTIZACIONES','far fa-copy',0000000007,0000000003,1,'METALSIGMAUSER','2019-05-29 12:25:16',NULL,NULL),(0000000035,'ODC CON ODS','CRUD_ODC_ODS','fas fa-clipboard-list',0000000004,0000000000,4,'METALSIGMAUSER','2019-06-17 19:42:29','METALSIGMAUSER','2019-07-10 13:25:44'),(0000000036,'ODC SERVICIOS','CRUD_ODC_SRV','fas fa-clipboard-list',0000000004,0000000000,2,'METALSIGMAUSER','2019-07-10 13:25:44',NULL,NULL),(0000000037,'REQUISICION','CRUD_INV_REQ','fas fa-edit',0000000001,0000000012,1,'METALSIGMAUSER','2019-07-10 13:25:45',NULL,NULL),(0000000038,'ENTREGAS','CRUD_INV_REQ_RECP','fas fa-level-up-alt',0000000001,0000000012,2,'METALSIGMAUSER','2019-07-10 13:25:45',NULL,NULL),(0000000039,'RESERVAS','CRUD_INV_RES','fas fa-exchange-alt',0000000001,0000000009,1,'METALSIGMAUSER','2019-07-10 13:25:45',NULL,NULL),(0000000040,'MAPA','GEO_MAP','fas fa-map',0000000002,0000000000,3,'METALSIGMAUSER','2019-08-01 14:59:10',NULL,NULL),(0000000041,'ANUL GUIAS DESP.','FRM_INV_DNT','fas fa-arrow-circle-left',0000000001,0000000007,2,'METALSIGMAUSER','2019-10-21 14:20:34','METALSIGMAUSER','2019-10-21 14:32:07');
/*!40000 ALTER TABLE `adm_mod` ENABLE KEYS */;
UNLOCK TABLES;
ALTER DATABASE `metalsig_heavy` CHARACTER SET latin1 COLLATE latin1_swedish_ci ;
/*!50003 SET @saved_cs_client      = @@character_set_client */ ;
/*!50003 SET @saved_cs_results     = @@character_set_results */ ;
/*!50003 SET @saved_col_connection = @@collation_connection */ ;
/*!50003 SET character_set_client  = utf8mb4 */ ;
/*!50003 SET character_set_results = utf8mb4 */ ;
/*!50003 SET collation_connection  = utf8mb4_general_ci */ ;
/*!50003 SET @saved_sql_mode       = @@sql_mode */ ;
/*!50003 SET sql_mode              = 'NO_AUTO_VALUE_ON_ZERO' */ ;
DELIMITER ;;
/*!50003 CREATE*/ /*!50017 DEFINER=`metalsigmauser`@`localhost`*/ /*!50003 TRIGGER `set_crea_adm_mod` BEFORE INSERT ON `adm_mod` FOR EACH ROW IF (NEW.crea_user IS NULL || NEW.crea_user='') THEN SET NEW.crea_user = UPPER(SUBSTR(USER(), 1,(LOCATE('@', USER())-1))); END IF */;;
DELIMITER ;
/*!50003 SET sql_mode              = @saved_sql_mode */ ;
/*!50003 SET character_set_client  = @saved_cs_client */ ;
/*!50003 SET character_set_results = @saved_cs_results */ ;
/*!50003 SET collation_connection  = @saved_col_connection */ ;
ALTER DATABASE `metalsig_heavy` CHARACTER SET utf8 COLLATE utf8_bin ;
ALTER DATABASE `metalsig_heavy` CHARACTER SET latin1 COLLATE latin1_swedish_ci ;
/*!50003 SET @saved_cs_client      = @@character_set_client */ ;
/*!50003 SET @saved_cs_results     = @@character_set_results */ ;
/*!50003 SET @saved_col_connection = @@collation_connection */ ;
/*!50003 SET character_set_client  = utf8mb4 */ ;
/*!50003 SET character_set_results = utf8mb4 */ ;
/*!50003 SET collation_connection  = utf8mb4_general_ci */ ;
/*!50003 SET @saved_sql_mode       = @@sql_mode */ ;
/*!50003 SET sql_mode              = 'NO_AUTO_VALUE_ON_ZERO' */ ;
DELIMITER ;;
/*!50003 CREATE*/ /*!50017 DEFINER=`metalsigmauser`@`localhost`*/ /*!50003 TRIGGER `set_mod_adm_mod` BEFORE UPDATE ON `adm_mod` FOR EACH ROW IF (NEW.mod_user IS NULL || NEW.mod_user='') THEN SET NEW.mod_user = UPPER(SUBSTR(USER(), 1,(LOCATE('@', USER())-1))); END IF */;;
DELIMITER ;
/*!50003 SET sql_mode              = @saved_sql_mode */ ;
/*!50003 SET character_set_client  = @saved_cs_client */ ;
/*!50003 SET character_set_results = @saved_cs_results */ ;
/*!50003 SET collation_connection  = @saved_col_connection */ ;
ALTER DATABASE `metalsig_heavy` CHARACTER SET utf8 COLLATE utf8_bin ;

--
-- Table structure for table `adm_mod_usu`
--

DROP TABLE IF EXISTS `adm_mod_usu`;
/*!40101 SET @saved_cs_client     = @@character_set_client */;
/*!40101 SET character_set_client = utf8 */;
CREATE TABLE `adm_mod_usu` (
  `cmodulo` int(10) unsigned zerofill NOT NULL,
  `cusuario` varchar(50) COLLATE utf8_bin NOT NULL,
  `ins` int(1) NOT NULL DEFAULT '1',
  `upt` int(1) NOT NULL DEFAULT '1',
  UNIQUE KEY `cmodulo` (`cmodulo`,`cusuario`),
  KEY `ik_cmodulo_adm_mod_usu` (`cmodulo`),
  KEY `ik_cusuario_adm_mod_usu` (`cusuario`),
  CONSTRAINT `fk_cmodulo_adm_mod_usu` FOREIGN KEY (`cmodulo`) REFERENCES `adm_mod` (`cmodulo`),
  CONSTRAINT `fk_cusuario_adm_mod_usu` FOREIGN KEY (`cusuario`) REFERENCES `adm_usuarios` (`cusuario`)
) ENGINE=InnoDB DEFAULT CHARSET=utf8 COLLATE=utf8_bin;
/*!40101 SET character_set_client = @saved_cs_client */;

--
-- Dumping data for table `adm_mod_usu`
--

LOCK TABLES `adm_mod_usu` WRITE;
/*!40000 ALTER TABLE `adm_mod_usu` DISABLE KEYS */;
INSERT INTO `adm_mod_usu` VALUES (0000000001,'ABOLIVAR',1,1),(0000000001,'CAMILOA',1,1),(0000000001,'DAVID',1,1),(0000000001,'FGONZALEZ',1,1),(0000000001,'PRUEBAS',1,1),(0000000002,'ABOLIVAR',1,1),(0000000002,'CAMILOA',0,0),(0000000002,'DAVID',1,1),(0000000002,'FGONZALEZ',0,0),(0000000002,'GPETIT',1,1),(0000000002,'PRUEBAS',1,1),(0000000002,'YVILLALOBOS',1,1),(0000000003,'ABOLIVAR',1,1),(0000000003,'CAMILOA',0,0),(0000000003,'DAVID',1,1),(0000000003,'FGONZALEZ',0,0),(0000000003,'PRUEBAS',1,1),(0000000004,'ABOLIVAR',1,1),(0000000004,'CAMILOA',1,1),(0000000004,'DAVID',1,1),(0000000004,'PRUEBAS',1,1),(0000000005,'ABOLIVAR',1,1),(0000000005,'CAMILOA',1,1),(0000000005,'DAVID',1,1),(0000000005,'FGONZALEZ',1,1),(0000000005,'PRUEBAS',1,1),(0000000006,'ABOLIVAR',1,1),(0000000006,'CAMILOA',0,0),(0000000006,'DAVID',1,1),(0000000006,'FGONZALEZ',1,1),(0000000006,'PRUEBAS',1,1),(0000000007,'ABOLIVAR',1,1),(0000000007,'CAMILOA',0,0),(0000000007,'DAVID',1,1),(0000000007,'FGONZALEZ',0,0),(0000000007,'PRUEBAS',1,1),(0000000008,'ABOLIVAR',1,1),(0000000008,'CAMILOA',0,0),(0000000008,'DAVID',1,1),(0000000008,'FGONZALEZ',0,0),(0000000008,'PRUEBAS',1,1),(0000000009,'ABOLIVAR',1,1),(0000000009,'CAMILOA',0,0),(0000000009,'DAVID',1,1),(0000000009,'GPETIT',1,1),(0000000009,'JTRINIDAD',1,1),(0000000009,'PRUEBAS',1,1),(0000000009,'YVILLALOBOS',1,1),(0000000010,'ABOLIVAR',1,1),(0000000010,'CAMILOA',0,0),(0000000010,'DAVID',1,1),(0000000010,'FGONZALEZ',0,0),(0000000010,'GPETIT',1,1),(0000000010,'JTRINIDAD',1,1),(0000000010,'PRUEBAS',1,1),(0000000010,'YVILLALOBOS',1,1),(0000000011,'ABOLIVAR',1,1),(0000000011,'DAVID',1,1),(0000000011,'GPETIT',1,1),(0000000011,'PRUEBAS',1,1),(0000000011,'YVILLALOBOS',1,1),(0000000012,'ABOLIVAR',1,1),(0000000012,'DAVID',1,1),(0000000012,'GPETIT',1,1),(0000000012,'PRUEBAS',1,1),(0000000012,'YVILLALOBOS',1,1),(0000000013,'ABOLIVAR',1,1),(0000000013,'DAVID',1,1),(0000000013,'GPETIT',1,1),(0000000013,'JTRINIDAD',1,0),(0000000013,'PRUEBAS',1,1),(0000000013,'YVILLALOBOS',1,1),(0000000014,'ABOLIVAR',1,1),(0000000014,'DAVID',1,1),(0000000014,'GPETIT',1,1),(0000000014,'JTRINIDAD',1,0),(0000000014,'PRUEBAS',1,1),(0000000014,'YVILLALOBOS',1,1),(0000000015,'ABOLIVAR',1,1),(0000000015,'DAVID',1,1),(0000000015,'GPETIT',1,1),(0000000015,'JTRINIDAD',1,1),(0000000015,'PRUEBAS',1,1),(0000000015,'YVILLALOBOS',1,1),(0000000016,'ABOLIVAR',1,1),(0000000016,'DAVID',1,1),(0000000016,'GPETIT',1,1),(0000000016,'JTRINIDAD',1,1),(0000000016,'PRUEBAS',1,1),(0000000016,'YVILLALOBOS',1,1),(0000000017,'ABOLIVAR',1,1),(0000000017,'AMENESES',0,0),(0000000017,'CAMILOA',1,1),(0000000017,'DAVID',1,1),(0000000017,'FGONZALEZ',1,1),(0000000017,'PRUEBAS',1,1),(0000000018,'ABOLIVAR',1,1),(0000000018,'AMENESES',1,1),(0000000018,'CAMILOA',0,0),(0000000018,'DAVID',1,1),(0000000018,'FGONZALEZ',0,0),(0000000018,'GPETIT',0,0),(0000000018,'JTRINIDAD',0,0),(0000000018,'PRUEBAS',1,1),(0000000018,'VZAMBRANO',1,1),(0000000018,'YVILLALOBOS',0,0),(0000000019,'ABOLIVAR',1,1),(0000000019,'AMENESES',1,1),(0000000019,'CAMILOA',1,1),(0000000019,'DAVID',1,1),(0000000019,'FGONZALEZ',0,0),(0000000019,'GPETIT',0,0),(0000000019,'JTRINIDAD',0,0),(0000000019,'PRUEBAS',1,1),(0000000019,'VZAMBRANO',1,1),(0000000020,'ABOLIVAR',1,1),(0000000020,'CAMILOA',0,0),(0000000020,'DAVID',1,1),(0000000020,'FGONZALEZ',0,0),(0000000020,'PRUEBAS',1,1),(0000000021,'ABOLIVAR',1,1),(0000000021,'AMENESES',1,1),(0000000021,'CAMILOA',0,0),(0000000021,'DAVID',1,1),(0000000021,'FGONZALEZ',0,0),(0000000021,'GPETIT',0,0),(0000000021,'PRUEBAS',1,1),(0000000022,'ABOLIVAR',1,1),(0000000022,'DAVID',1,1),(0000000022,'PRUEBAS',1,1),(0000000023,'ABOLIVAR',1,1),(0000000023,'DAVID',1,1),(0000000023,'PRUEBAS',1,1),(0000000024,'ABOLIVAR',1,1),(0000000024,'AMENESES',1,1),(0000000024,'CAMILOA',1,1),(0000000024,'DAVID',1,1),(0000000024,'FGONZALEZ',0,0),(0000000024,'PRUEBAS',1,1),(0000000025,'ABOLIVAR',1,1),(0000000025,'CAMILOA',0,0),(0000000025,'DAVID',1,1),(0000000025,'FGONZALEZ',0,0),(0000000025,'PRUEBAS',1,1),(0000000026,'ABOLIVAR',1,1),(0000000026,'AMENESES',1,1),(0000000026,'DAVID',1,1),(0000000026,'PRUEBAS',1,1),(0000000026,'VZAMBRANO',1,1),(0000000027,'ABOLIVAR',1,1),(0000000027,'DAVID',1,1),(0000000027,'PRUEBAS',1,1),(0000000028,'ABOLIVAR',1,1),(0000000028,'CAMILOA',1,1),(0000000028,'DAVID',1,1),(0000000028,'FGONZALEZ',1,1),(0000000028,'PRUEBAS',1,1),(0000000029,'ABOLIVAR',1,1),(0000000029,'CAMILOA',0,0),(0000000029,'DAVID',1,1),(0000000029,'FGONZALEZ',0,0),(0000000029,'PRUEBAS',1,1),(0000000030,'ABOLIVAR',1,1),(0000000030,'DAVID',1,1),(0000000030,'GPETIT',1,1),(0000000030,'JTRINIDAD',1,1),(0000000030,'PRUEBAS',1,1),(0000000030,'YVILLALOBOS',1,1),(0000000031,'ABOLIVAR',1,1),(0000000031,'DAVID',1,1),(0000000031,'GPETIT',1,1),(0000000031,'JTRINIDAD',1,1),(0000000031,'PRUEBAS',1,1),(0000000031,'YVILLALOBOS',1,1),(0000000032,'ABOLIVAR',1,1),(0000000032,'DAVID',1,1),(0000000032,'FGONZALEZ',1,1),(0000000032,'PRUEBAS',1,1),(0000000033,'ABOLIVAR',1,1),(0000000033,'AMENESES',1,1),(0000000033,'CAMILOA',0,0),(0000000033,'DAVID',1,1),(0000000033,'FGONZALEZ',0,0),(0000000033,'GPETIT',0,0),(0000000033,'PRUEBAS',1,1),(0000000033,'VZAMBRANO',1,1),(0000000034,'ABOLIVAR',1,1),(0000000034,'CAMILOA',0,0),(0000000034,'DAVID',1,1),(0000000034,'FGONZALEZ',0,0),(0000000034,'GPETIT',0,0),(0000000034,'PRUEBAS',1,1),(0000000035,'ABOLIVAR',1,1),(0000000035,'DAVID',1,1),(0000000035,'GPETIT',1,1),(0000000035,'PRUEBAS',1,1),(0000000035,'YVILLALOBOS',1,1),(0000000036,'ABOLIVAR',1,1),(0000000036,'DAVID',1,1),(0000000036,'GPETIT',1,1),(0000000036,'PRUEBAS',1,1),(0000000036,'YVILLALOBOS',1,1),(0000000037,'ABOLIVAR',1,1),(0000000037,'AMENESES',1,1),(0000000037,'DAVID',1,1),(0000000037,'GPETIT',1,1),(0000000037,'JTRINIDAD',1,1),(0000000037,'PRUEBAS',1,1),(0000000037,'VZAMBRANO',1,1),(0000000037,'YVILLALOBOS',1,1),(0000000038,'ABOLIVAR',1,1),(0000000038,'DAVID',1,1),(0000000038,'GPETIT',1,1),(0000000038,'JTRINIDAD',1,1),(0000000038,'PRUEBAS',1,1),(0000000038,'VZAMBRANO',1,1),(0000000038,'YVILLALOBOS',1,1),(0000000039,'ABOLIVAR',1,1),(0000000039,'DAVID',1,1),(0000000039,'GPETIT',1,1),(0000000039,'JTRINIDAD',1,1),(0000000039,'PRUEBAS',1,1),(0000000039,'VZAMBRANO',1,1),(0000000039,'YVILLALOBOS',1,1),(0000000040,'ABOLIVAR',1,1),(0000000040,'AMENESES',1,1),(0000000040,'CAMILOA',0,0),(0000000040,'DAVID',1,1),(0000000040,'FGONZALEZ',0,0),(0000000040,'GPETIT',0,0),(0000000040,'PRUEBAS',1,1);
/*!40000 ALTER TABLE `adm_mod_usu` ENABLE KEYS */;
UNLOCK TABLES;

--
-- Table structure for table `adm_parametro`
--

DROP TABLE IF EXISTS `adm_parametro`;
/*!40101 SET @saved_cs_client     = @@character_set_client */;
/*!40101 SET character_set_client = utf8 */;
CREATE TABLE `adm_parametro` (
  `cparametro` int(10) unsigned zerofill NOT NULL AUTO_INCREMENT,
  `parametro` varchar(50) COLLATE utf8_bin NOT NULL,
  `descripcion` varchar(100) COLLATE utf8_bin NOT NULL,
  `valor` varchar(300) COLLATE utf8_bin NOT NULL,
  `block` int(1) NOT NULL DEFAULT '1',
  `crea_user` varchar(50) COLLATE utf8_bin DEFAULT NULL,
  `crea_date` datetime NOT NULL DEFAULT CURRENT_TIMESTAMP,
  `mod_user` varchar(50) COLLATE utf8_bin DEFAULT NULL,
  `mod_date` datetime DEFAULT NULL ON UPDATE CURRENT_TIMESTAMP,
  PRIMARY KEY (`cparametro`)
) ENGINE=InnoDB AUTO_INCREMENT=27 DEFAULT CHARSET=utf8 COLLATE=utf8_bin;
/*!40101 SET character_set_client = @saved_cs_client */;

--
-- Dumping data for table `adm_parametro`
--

LOCK TABLES `adm_parametro` WRITE;
/*!40000 ALTER TABLE `adm_parametro` DISABLE KEYS */;
INSERT INTO `adm_parametro` VALUES (0000000002,'EMP_NOM','NOMBRE DE LA EMPRESA','HEAVYTECH SpA',1,'METALSIGMAUSER','2019-03-01 12:28:39','METALSIG_USUARIO','2019-10-14 10:26:32'),(0000000005,'VALOR_UF','VALOR DEL UF (CLP)','27431.88',0,'METALSIGMAUSER','0000-00-00 00:00:00','ADMINISTRADOR','2019-10-14 10:18:15'),(0000000006,'ARR_TAL_1','VALOR DE ARRIENDO DEL TALLER 1 (UF)','80',0,'METALSIGMAUSER','0000-00-00 00:00:00','ADMINISTRADOR','2019-10-14 10:18:15'),(0000000007,'NAVES_TAL_1','NUMERO DE NAVES DENTRO DE TALLER 1','6',0,'METALSIGMAUSER','0000-00-00 00:00:00','METALSIG_USUARIO','2019-10-14 10:18:15'),(0000000008,'FAC_UTI','FACTOR DE UTILIZACION EN %','60',0,'METALSIGMAUSER','0000-00-00 00:00:00','METALSIG_USUARIO','2019-10-14 10:18:15'),(0000000009,'VALOR_HH_EX','COSTO ADICIONAL DE LA HORA EXTRA EN %','50',0,'METALSIGMAUSER','0000-00-00 00:00:00','METALSIG_USUARIO','2019-10-14 10:18:15'),(0000000010,'VALOR_MISC','COSTO DEL MISCELANEOS (CLP)','30200',0,'ADMINISTRADOR','0000-00-00 00:00:00','METALSIGMAUSER','2019-10-14 10:18:15'),(0000000011,'GAS_MO_OC','GASTO MORA OC EN %','0.1',0,'ADMINISTRADOR','0000-00-00 00:00:00','ADMINISTRADOR','2019-10-14 10:18:15'),(0000000012,'MAR_MO_OC','MARGEN MORA OC EN %','30',0,'ADMINISTRADOR','0000-00-00 00:00:00','ADMINISTRADOR','2019-10-14 10:18:15'),(0000000013,'GAS_MO_PA','GASTO MORA PAGOS EN %','0.1',0,'ADMINISTRADOR','0000-00-00 00:00:00','METALSIG_USUARIO','2019-10-14 10:18:15'),(0000000014,'MAR_MO_PA','MARGEN MORA PAGOS EN %','30',0,'ADMINISTRADOR','0000-00-00 00:00:00','METALSIG_USUARIO','2019-10-14 10:18:15'),(0000000015,'VALOR_IMP','VALOR DEL IMPUESTO EN %','19',0,'ADMINISTRADOR','0000-00-00 00:00:00','METALSIG_USUARIO','2019-10-14 10:18:15'),(0000000016,'EMP_RUT','RUT DE LA EMPRESA','76.622.315-K',1,'METALSIGMAUSER','2019-01-29 18:38:57','METALSIG_USUARIO','2019-10-14 10:26:32'),(0000000017,'EMP_GIRO','GIRO DE LA EMPRESA','REPARACION Y MANTENIMIENTO DE MAQUINARIA PESADA',1,'METALSIGMAUSER','2019-01-29 18:39:30','METALSIGMAUSER','2019-10-14 10:26:32'),(0000000018,'EMP_DIR','DIRECCION DE LA EMPRESA','AV. APOQUINDO 4700 OFICINA 11202A',1,'METALSIGMAUSER','2019-01-29 18:40:17','METALSIGMAUSER','2019-10-14 10:26:32'),(0000000019,'DIR_TAL_1','DIRECCION DEL TALLER 1','JUAN DE LA FUENTES 584B, LAMPA',1,'METALSIGMAUSER','2019-01-30 11:53:19','METALSIG_USUARIO','2019-10-14 10:26:32'),(0000000020,'DUR_COL','TIEMPO PARA LA COLACION EN MINUTOS','30',0,'METALSIGMAUSER','2019-05-15 15:00:28','METALSIG_USUARIO','2019-10-14 10:18:15'),(0000000021,'H_INI','HORA DE INICIO DE ACTIVIDADES (24H)','08:30',0,'METALSIGMAUSER','2019-05-15 15:00:28','METALSIG_USUARIO','2019-10-14 10:18:15'),(0000000022,'H_FIN','HORA DE FIN DE ACTIVIDADES (24H)','17:30',0,'METALSIGMAUSER','2019-05-15 15:00:43','METALSIG_USUARIO','2019-10-14 10:18:15'),(0000000023,'DEXCEL','SI ESTA ACTIVO SE PERMITE BAJAR LOS DEMOS DE EXCEL EN LOS MODULOS','true',0,'METALSIGMAUSER','2019-06-04 13:57:14','METALSIG_USUARIO','2019-10-14 10:18:15'),(0000000024,'DIAS_PAST','DIAS EN QUE SE PUEDE PLANIFICAR/EDITAR UNA ACTIVDAD EN EL PASADO','50',0,'METALSIGMAUSER','2019-08-16 16:13:39','METALSIGMAUSER','2019-10-14 10:18:15'),(0000000025,'MAX_GAR_CANT','CANTIDAD MAXIMA DE GARANTIAS POR ODS','3',0,'METALSIGMAUSER','2019-09-05 18:38:11','METALSIG_USUARIO','2019-10-14 10:18:15'),(0000000026,'MAX_GAR_DIAS','DIAS MAXIMOS PARA APLICAR UNA GARANTIA A UNA ODS','365',0,'METALSIGMAUSER','2019-09-05 18:38:11','METALSIG_USUARIO','2019-10-14 10:18:15');
/*!40000 ALTER TABLE `adm_parametro` ENABLE KEYS */;
UNLOCK TABLES;
/*!50003 SET @saved_cs_client      = @@character_set_client */ ;
/*!50003 SET @saved_cs_results     = @@character_set_results */ ;
/*!50003 SET @saved_col_connection = @@collation_connection */ ;
/*!50003 SET character_set_client  = utf8mb4 */ ;
/*!50003 SET character_set_results = utf8mb4 */ ;
/*!50003 SET collation_connection  = utf8mb4_unicode_ci */ ;
/*!50003 SET @saved_sql_mode       = @@sql_mode */ ;
/*!50003 SET sql_mode              = 'NO_AUTO_VALUE_ON_ZERO' */ ;
DELIMITER ;;
/*!50003 CREATE*/ /*!50017 DEFINER=`metalsigmauser`@`localhost`*/ /*!50003 TRIGGER `set_crea_adm_parametro` BEFORE INSERT ON `adm_parametro` FOR EACH ROW IF (NEW.crea_user IS NULL || NEW.crea_user='') THEN SET NEW.crea_user = UPPER(SUBSTR(USER(), 1,(LOCATE('@', USER())-1))); END IF */;;
DELIMITER ;
/*!50003 SET sql_mode              = @saved_sql_mode */ ;
/*!50003 SET character_set_client  = @saved_cs_client */ ;
/*!50003 SET character_set_results = @saved_cs_results */ ;
/*!50003 SET collation_connection  = @saved_col_connection */ ;
/*!50003 SET @saved_cs_client      = @@character_set_client */ ;
/*!50003 SET @saved_cs_results     = @@character_set_results */ ;
/*!50003 SET @saved_col_connection = @@collation_connection */ ;
/*!50003 SET character_set_client  = utf8mb4 */ ;
/*!50003 SET character_set_results = utf8mb4 */ ;
/*!50003 SET collation_connection  = utf8mb4_unicode_ci */ ;
/*!50003 SET @saved_sql_mode       = @@sql_mode */ ;
/*!50003 SET sql_mode              = 'NO_AUTO_VALUE_ON_ZERO' */ ;
DELIMITER ;;
/*!50003 CREATE*/ /*!50017 DEFINER=`metalsigmauser`@`localhost`*/ /*!50003 TRIGGER `set_mod_adm_parametro` BEFORE UPDATE ON `adm_parametro` FOR EACH ROW IF (NEW.mod_user IS NULL || NEW.mod_user='') THEN SET NEW.mod_user = UPPER(SUBSTR(USER(), 1,(LOCATE('@', USER())-1))); END IF */;;
DELIMITER ;
/*!50003 SET sql_mode              = @saved_sql_mode */ ;
/*!50003 SET character_set_client  = @saved_cs_client */ ;
/*!50003 SET character_set_results = @saved_cs_results */ ;
/*!50003 SET collation_connection  = @saved_col_connection */ ;

--
-- Table structure for table `adm_usuarios`
--

DROP TABLE IF EXISTS `adm_usuarios`;
/*!40101 SET @saved_cs_client     = @@character_set_client */;
/*!40101 SET character_set_client = utf8 */;
CREATE TABLE `adm_usuarios` (
  `cusuario` varchar(50) COLLATE utf8_bin NOT NULL,
  `clave` varchar(50) COLLATE utf8_bin NOT NULL,
  `status` int(1) NOT NULL DEFAULT '1',
  `ctrabajador` int(10) unsigned zerofill NOT NULL DEFAULT '0000000000',
  `nombres` varchar(100) COLLATE utf8_bin DEFAULT NULL,
  `picture` varchar(50) COLLATE utf8_bin DEFAULT NULL,
  `crea_user` varchar(50) COLLATE utf8_bin DEFAULT NULL,
  `crea_date` datetime NOT NULL DEFAULT CURRENT_TIMESTAMP,
  `mod_user` varchar(50) COLLATE utf8_bin DEFAULT NULL,
  `mod_date` datetime DEFAULT NULL ON UPDATE CURRENT_TIMESTAMP,
  PRIMARY KEY (`cusuario`)
) ENGINE=InnoDB DEFAULT CHARSET=utf8 COLLATE=utf8_bin;
/*!40101 SET character_set_client = @saved_cs_client */;

--
-- Dumping data for table `adm_usuarios`
--

LOCK TABLES `adm_usuarios` WRITE;
/*!40000 ALTER TABLE `adm_usuarios` DISABLE KEYS */;
INSERT INTO `adm_usuarios` VALUES ('ABOLIVAR','e10adc3949ba59abbe56e057f20f883e',1,0000000001,'ARIENNI BOLIVAR','','ADMINISTRADOR','2019-02-27 15:53:46','ADMINISTRADOR','2019-09-25 11:09:15'),('ADMINISTRADOR','130f677aff27eea3984c5502c3ec1281',0,0000000000,'IPAS-IG','',NULL,'0000-00-00 00:00:00','METALSIGMAUSER','2019-07-10 11:10:09'),('AMENESES','e10adc3949ba59abbe56e057f20f883e',1,0000000019,'ALEJANDRO MENESES BALMACEDA','','ABOLIVAR','2019-03-07 16:47:15','DAVID','2019-08-13 17:26:45'),('CAMILOA','3496ad5881a0b5f9db9890627a714b12',1,0000000002,'CAMILO ACUÑA ','','METALSIGMAUSER','2019-02-28 11:39:21','ADMINISTRADOR','2019-09-27 16:47:50'),('DAVID','bb38d37702486767f39c623f01766ee4',1,0000000013,'DAVID BARRIOS BUSTAMANTE','','METALSIGMAUSER','2019-02-28 11:39:21','DAVID','2019-07-12 08:41:19'),('FGONZALEZ','827ccb0eea8a706c4c34a16891f84e7b',1,0000000003,'FRANCISCO GONZALEZ','9a119d25cac7141.jpg','METALSIGMAUSER','2019-02-28 11:39:21','ADMINISTRADOR','2019-10-08 15:12:32'),('GPETIT','6f0ca67289d79eb35d19decbc0a08453',1,0000000012,'GERARDINE PETIT','eff6e3e78c326cd.jpg','METALSIGMAUSER','2019-02-28 11:39:21','ABOLIVAR','2019-09-11 12:34:14'),('JTRINIDAD','f21db50fd5781fc39ba172febeebb649',1,0000000020,'JOSUE ANTONIO TRINIDAD MONTOYA',NULL,'ABOLIVAR','2019-08-28 09:20:03','ABOLIVAR','2019-09-16 11:25:35'),('PRUEBAS','130f677aff27eea3984c5502c3ec1281',1,0000000001,'ARIENNI BOLIVAR',NULL,'ADMINISTRADOR','2019-07-25 11:46:05','ADMINISTRADOR','2019-09-11 16:11:48'),('VZAMBRANO','e10adc3949ba59abbe56e057f20f883e',1,0000000007,'VICTOR ZAMBRANO','','METALSIGMAUSER','2019-02-28 11:39:21','DAVID','2019-10-15 21:34:17'),('YVILLALOBOS','e10adc3949ba59abbe56e057f20f883e',1,0000000022,'YESSICA NATALIA VILLALOBOS MUJICA',NULL,'ABOLIVAR','2019-09-11 11:44:29','ADMINISTRADOR','2019-10-08 15:31:35');
/*!40000 ALTER TABLE `adm_usuarios` ENABLE KEYS */;
UNLOCK TABLES;
ALTER DATABASE `metalsig_heavy` CHARACTER SET latin1 COLLATE latin1_swedish_ci ;
/*!50003 SET @saved_cs_client      = @@character_set_client */ ;
/*!50003 SET @saved_cs_results     = @@character_set_results */ ;
/*!50003 SET @saved_col_connection = @@collation_connection */ ;
/*!50003 SET character_set_client  = utf8mb4 */ ;
/*!50003 SET character_set_results = utf8mb4 */ ;
/*!50003 SET collation_connection  = utf8mb4_general_ci */ ;
/*!50003 SET @saved_sql_mode       = @@sql_mode */ ;
/*!50003 SET sql_mode              = 'NO_AUTO_VALUE_ON_ZERO' */ ;
DELIMITER ;;
/*!50003 CREATE*/ /*!50017 DEFINER=`metalsigmauser`@`localhost`*/ /*!50003 TRIGGER `set_crea_adm_usuarios` BEFORE INSERT ON `adm_usuarios` FOR EACH ROW IF (NEW.crea_user IS NULL || NEW.crea_user='') THEN SET NEW.crea_user = UPPER(SUBSTR(USER(), 1,(LOCATE('@', USER())-1))); END IF */;;
DELIMITER ;
/*!50003 SET sql_mode              = @saved_sql_mode */ ;
/*!50003 SET character_set_client  = @saved_cs_client */ ;
/*!50003 SET character_set_results = @saved_cs_results */ ;
/*!50003 SET collation_connection  = @saved_col_connection */ ;
ALTER DATABASE `metalsig_heavy` CHARACTER SET utf8 COLLATE utf8_bin ;
ALTER DATABASE `metalsig_heavy` CHARACTER SET latin1 COLLATE latin1_swedish_ci ;
/*!50003 SET @saved_cs_client      = @@character_set_client */ ;
/*!50003 SET @saved_cs_results     = @@character_set_results */ ;
/*!50003 SET @saved_col_connection = @@collation_connection */ ;
/*!50003 SET character_set_client  = utf8mb4 */ ;
/*!50003 SET character_set_results = utf8mb4 */ ;
/*!50003 SET collation_connection  = utf8mb4_general_ci */ ;
/*!50003 SET @saved_sql_mode       = @@sql_mode */ ;
/*!50003 SET sql_mode              = 'NO_AUTO_VALUE_ON_ZERO' */ ;
DELIMITER ;;
/*!50003 CREATE*/ /*!50017 DEFINER=`metalsigmauser`@`localhost`*/ /*!50003 TRIGGER `set_mod_adm_usuarios` BEFORE UPDATE ON `adm_usuarios` FOR EACH ROW IF (NEW.mod_user IS NULL || NEW.mod_user='') THEN SET NEW.mod_user = UPPER(SUBSTR(USER(), 1,(LOCATE('@', USER())-1))); END IF */;;
DELIMITER ;
/*!50003 SET sql_mode              = @saved_sql_mode */ ;
/*!50003 SET character_set_client  = @saved_cs_client */ ;
/*!50003 SET character_set_results = @saved_cs_results */ ;
/*!50003 SET collation_connection  = @saved_col_connection */ ;
ALTER DATABASE `metalsig_heavy` CHARACTER SET utf8 COLLATE utf8_bin ;

--
-- Table structure for table `adm_usuarios_alm`
--

DROP TABLE IF EXISTS `adm_usuarios_alm`;
/*!40101 SET @saved_cs_client     = @@character_set_client */;
/*!40101 SET character_set_client = utf8 */;
CREATE TABLE `adm_usuarios_alm` (
  `cusuario` varchar(50) COLLATE utf8_bin NOT NULL,
  `calmacen` int(10) unsigned zerofill NOT NULL,
  UNIQUE KEY `cusuario_2` (`cusuario`,`calmacen`),
  KEY `calmacen` (`calmacen`),
  KEY `cusuario` (`cusuario`),
  CONSTRAINT `fk_calmacen_adm_usuarios_alm` FOREIGN KEY (`calmacen`) REFERENCES `inv_almacen` (`calmacen`),
  CONSTRAINT `fk_cusuario_adm_usuarios_alm` FOREIGN KEY (`cusuario`) REFERENCES `adm_usuarios` (`cusuario`)
) ENGINE=InnoDB DEFAULT CHARSET=utf8 COLLATE=utf8_bin;
/*!40101 SET character_set_client = @saved_cs_client */;

--
-- Dumping data for table `adm_usuarios_alm`
--

LOCK TABLES `adm_usuarios_alm` WRITE;
/*!40000 ALTER TABLE `adm_usuarios_alm` DISABLE KEYS */;
INSERT INTO `adm_usuarios_alm` VALUES ('ABOLIVAR',0000000001),('GPETIT',0000000001),('YVILLALOBOS',0000000001),('ABOLIVAR',0000000002),('JTRINIDAD',0000000002),('PRUEBAS',0000000002),('YVILLALOBOS',0000000002);
/*!40000 ALTER TABLE `adm_usuarios_alm` ENABLE KEYS */;
UNLOCK TABLES;

--
-- Table structure for table `cli_clientes`
--

DROP TABLE IF EXISTS `cli_clientes`;
/*!40101 SET @saved_cs_client     = @@character_set_client */;
/*!40101 SET character_set_client = utf8 */;
CREATE TABLE `cli_clientes` (
  `ccliente` int(10) unsigned zerofill NOT NULL AUTO_INCREMENT,
  `cdata` int(10) unsigned zerofill NOT NULL,
  `csegmento` int(10) unsigned zerofill DEFAULT NULL,
  `cgiro` int(10) unsigned zerofill DEFAULT NULL,
  `contacto` varchar(100) COLLATE utf8_bin DEFAULT NULL,
  `cpago` int(10) unsigned zerofill NOT NULL,
  `credito` decimal(12,2) DEFAULT NULL,
  `descu` decimal(5,2) DEFAULT NULL,
  `mora_OC` int(3) DEFAULT NULL,
  `mora_pago` int(3) DEFAULT NULL,
  `notas` text COLLATE utf8_bin,
  `maqs` int(3) NOT NULL DEFAULT '0',
  `cat` int(3) NOT NULL DEFAULT '0',
  `kom` int(3) NOT NULL DEFAULT '0',
  `status` int(1) NOT NULL DEFAULT '1',
  `crea_user` varchar(50) COLLATE utf8_bin DEFAULT NULL,
  `crea_date` datetime NOT NULL DEFAULT CURRENT_TIMESTAMP,
  `mod_user` varchar(50) COLLATE utf8_bin DEFAULT NULL,
  `mod_date` datetime DEFAULT NULL ON UPDATE CURRENT_TIMESTAMP,
  PRIMARY KEY (`ccliente`),
  UNIQUE KEY `uk_cdata_cli_clientes` (`cdata`),
  KEY `ik_csegmento_cli_clientes` (`csegmento`),
  KEY `ik_cgiro_cli_clientes` (`cgiro`),
  KEY `ik_cpago_cli_clientes` (`cpago`) USING BTREE,
  CONSTRAINT `fk_cdata_cli_clientes` FOREIGN KEY (`cdata`) REFERENCES `data_entes` (`cdata`),
  CONSTRAINT `fk_cgiro_cli_clientes` FOREIGN KEY (`cgiro`) REFERENCES `cli_giros` (`cgiro`),
  CONSTRAINT `fk_cpago_cli_clientes` FOREIGN KEY (`cpago`) REFERENCES `cli_pagos` (`cpago`),
  CONSTRAINT `fk_csegmento_cli_clientes` FOREIGN KEY (`csegmento`) REFERENCES `eq_segmentos` (`csegmento`)
) ENGINE=InnoDB AUTO_INCREMENT=45 DEFAULT CHARSET=utf8 COLLATE=utf8_bin;
/*!40101 SET character_set_client = @saved_cs_client */;

--
-- Dumping data for table `cli_clientes`
--

LOCK TABLES `cli_clientes` WRITE;
/*!40000 ALTER TABLE `cli_clientes` DISABLE KEYS */;
INSERT INTO `cli_clientes` VALUES (0000000001,0000000002,0000000008,0000000002,'ALEXIS SILVA',0000000001,500000.00,15.00,6,0,'ALGUNA NOTA',12,12,12,1,'METALSIGMAUSER','2019-02-27 10:36:44','ADMINISTRADOR','2019-06-05 17:47:23'),(0000000003,0000000020,0000000007,0000000002,'IVAN GUEREN',0000000003,100000000.00,0.00,15,0,'',0,0,0,1,'METALSIGMAUSER','2019-02-27 10:36:44','ABOLIVAR','2019-05-17 09:52:48'),(0000000004,0000000021,0000000007,0000000002,'IVAN GUEREN',0000000003,100000000.00,0.00,15,0,'',0,0,0,1,'METALSIGMAUSER','2019-02-27 10:36:44','ABOLIVAR','2019-05-17 09:53:10'),(0000000005,0000000022,0000000008,0000000003,'RODRIGO',0000000002,100000000.00,0.00,10,0,'',0,0,0,1,'METALSIGMAUSER','2019-02-27 10:36:44','ADMINISTRADOR','2019-02-27 15:58:14'),(0000000006,0000000023,0000000002,0000000004,'HARALD SCANZONI',0000000002,100000000.00,0.00,5,0,NULL,0,0,0,1,'METALSIGMAUSER','2019-02-27 10:36:44',NULL,NULL),(0000000007,0000000024,0000000008,0000000005,'CLAUDIO VARELA',0000000002,100000000.00,0.00,10,0,NULL,0,0,0,1,'METALSIGMAUSER','2019-02-27 10:36:44',NULL,NULL),(0000000008,0000000025,0000000002,0000000006,'JAIME SILVA',0000000002,100000000.00,0.00,10,0,NULL,0,0,0,1,'METALSIGMAUSER','2019-02-27 10:36:44',NULL,NULL),(0000000009,0000000026,0000000002,0000000007,'RICARDO FLOTO',0000000002,100000000.00,0.00,10,0,'',0,0,0,1,'METALSIGMAUSER','2019-02-27 10:36:44','ABOLIVAR','2019-06-14 15:22:34'),(0000000010,0000000027,0000000009,0000000008,'MARIO CASTILLO',0000000002,100000000.00,0.00,10,0,NULL,0,0,0,1,'METALSIGMAUSER','2019-02-27 10:36:44',NULL,NULL),(0000000011,0000000028,0000000002,0000000004,'REIMOND OKREY',0000000002,100000000.00,0.00,0,0,NULL,0,0,0,1,'METALSIGMAUSER','2019-02-27 10:36:44',NULL,NULL),(0000000012,0000000029,0000000001,0000000005,'PABLO ALVAREZ',0000000002,300000000.00,10.00,10,0,'',0,0,0,1,'METALSIGMAUSER','2019-02-27 10:36:44','DAVID','2019-03-27 18:26:02'),(0000000013,0000000030,0000000009,0000000009,'RUPERTO VASQUEZ',0000000002,100000000.00,0.00,0,0,NULL,0,0,0,1,'METALSIGMAUSER','2019-02-27 10:36:44',NULL,NULL),(0000000014,0000000031,0000000002,0000000010,'GONZALO ORELLANA',0000000002,100000000.00,0.00,10,0,NULL,0,0,0,1,'METALSIGMAUSER','2019-02-27 10:36:44',NULL,NULL),(0000000015,0000000032,0000000001,0000000011,'ANDRES MARTIN',0000000002,100000000.00,0.00,10,0,NULL,0,0,0,1,'METALSIGMAUSER','2019-02-27 10:36:44',NULL,NULL),(0000000016,0000000018,0000000008,0000000003,'CLAUDIO VARELA',0000000002,100000000.00,0.00,10,0,'',0,0,0,1,'METALSIGMAUSER','2019-02-27 10:36:44','CAMILOA','2019-10-04 08:10:55'),(0000000017,0000000034,0000000001,0000000012,'GUSTAVO VEGA',0000000002,100000000.00,0.00,10,0,NULL,0,0,0,1,'METALSIGMAUSER','2019-02-27 10:36:44',NULL,NULL),(0000000018,0000000035,0000000007,0000000013,'RAMON VILLALOBOS',0000000002,100000000.00,0.00,10,0,NULL,0,0,0,1,'METALSIGMAUSER','2019-02-27 10:36:44',NULL,NULL),(0000000019,0000000017,0000000007,0000000014,'RAFAEL PARRA',0000000003,100000000.00,0.00,15,0,'',0,0,0,1,'METALSIGMAUSER','2019-02-27 10:36:44','ABOLIVAR','2019-06-10 11:28:31'),(0000000020,0000000037,0000000001,0000000015,'MIGUEL TAPIA',0000000002,100000000.00,0.00,20,0,'',0,0,0,1,'METALSIGMAUSER','2019-02-27 10:36:44','ABOLIVAR','2019-06-10 12:39:34'),(0000000021,0000000038,0000000007,0000000016,'PEDRO BARRA',0000000003,100000000.00,0.00,10,0,'',0,0,0,1,'METALSIGMAUSER','2019-02-27 10:36:44','ABOLIVAR','2019-03-14 14:40:05'),(0000000022,0000000039,0000000007,0000000017,'CAMILO RODRIGUEZ',0000000002,100000000.00,0.00,5,0,NULL,0,0,0,1,'METALSIGMAUSER','2019-02-27 10:36:44',NULL,NULL),(0000000023,0000000040,0000000010,0000000018,'JAIME HERMOSILLA',0000000003,100000000.00,0.00,10,60,'',0,0,0,1,'METALSIGMAUSER','2019-02-27 10:36:44','CAMILOA','2019-10-04 08:09:32'),(0000000024,0000000041,0000000001,0000000019,'MANUEL ZARATE',0000000002,100000000.00,0.00,10,0,NULL,0,0,0,1,'METALSIGMAUSER','2019-02-27 10:36:44',NULL,NULL),(0000000025,0000000042,0000000002,0000000020,'MARCELO RETAMALES',0000000002,100000000.00,0.00,5,0,NULL,0,0,0,1,'METALSIGMAUSER','2019-02-27 10:36:44',NULL,NULL),(0000000026,0000000043,0000000007,0000000021,'ANDRES JAQUE',0000000002,100000000.00,0.00,10,0,NULL,0,0,0,1,'METALSIGMAUSER','2019-02-27 10:36:44',NULL,NULL),(0000000027,0000000044,0000000009,0000000022,'ENARES JARA',0000000002,100000000.00,0.00,10,0,'',0,0,0,1,'METALSIGMAUSER','2019-02-27 10:36:44','CAMILOA','2019-10-08 15:34:11'),(0000000028,0000000045,0000000002,0000000004,'ERICK MELLADO',0000000002,100000000.00,0.00,5,0,NULL,0,0,0,1,'METALSIGMAUSER','2019-02-27 10:36:44',NULL,NULL),(0000000029,0000000202,0000000007,0000000002,'MARIO GARAVITO',0000000003,5000000.00,0.00,15,15,'',0,2,0,1,'FGONZALEZ','2019-03-28 13:13:42','ABOLIVAR','2019-05-17 09:52:35'),(0000000030,0000000203,0000000009,0000000023,'JOSÉ SANCHEZ',0000000002,100000000.00,10.00,0,0,'',0,0,0,1,'ABOLIVAR','2019-05-22 12:41:19','FGONZALEZ','2019-10-07 10:54:04'),(0000000031,0000000204,0000000010,0000000024,'DIEGO BARRERA',0000000002,100000000.00,0.00,0,0,'',0,0,0,1,'ABOLIVAR','2019-05-23 16:28:18','ABOLIVAR','2019-05-23 16:29:12'),(0000000032,0000000205,0000000002,0000000002,'JUAN',0000000001,12000.00,0.00,0,0,'',0,0,0,1,'ADMINISTRADOR','2019-05-23 16:49:33',NULL,NULL),(0000000033,0000000206,0000000001,0000000001,'ALEXIS SILVA',0000000002,0.00,0.00,0,0,'',0,0,0,1,'ABOLIVAR','2019-05-23 17:05:54',NULL,NULL),(0000000034,0000000210,0000000010,0000000024,'CHRISTIAN MEDINA',0000000003,10000000.00,10.00,15,15,'',0,0,0,1,'FGONZALEZ','2019-06-17 13:25:15',NULL,NULL),(0000000035,0000000215,0000000009,0000000025,'JUAN CRUZ',0000000001,100000000.00,0.00,10,0,'',0,0,0,1,'ABOLIVAR','2019-06-28 11:48:57','ABOLIVAR','2019-06-28 11:49:57'),(0000000036,0000000217,0000000007,0000000002,'GISELLA BARRERA',0000000003,100000000.00,5.00,15,15,'',0,0,0,1,'DAVID','2019-07-15 09:57:09',NULL,NULL),(0000000037,0000000219,0000000001,0000000026,'VICTOR TOLEDO',0000000002,10000000.00,0.00,0,0,'',0,0,0,1,'ABOLIVAR','2019-07-31 17:06:18','ABOLIVAR','2019-07-31 17:08:39'),(0000000038,0000000220,0000000009,0000000025,'ELISEO GARCIA',0000000002,2000000.00,5.00,15,15,'',0,0,0,1,'FGONZALEZ','2019-08-01 09:40:58','CAMILOA','2019-10-04 08:13:49'),(0000000039,0000000222,0000000002,0000000027,'CHRISTOFER WINKLER',0000000002,10000000.00,0.00,0,0,'',0,0,0,1,'ABOLIVAR','2019-08-26 11:16:25',NULL,NULL),(0000000040,0000000225,0000000010,0000000002,'CRISTOBAL RIVERA',0000000002,10000000.00,0.00,0,0,'',0,0,0,1,'ABOLIVAR','2019-08-29 14:45:15',NULL,NULL),(0000000041,0000000226,0000000001,0000000024,'FRANCISCO GONZALEZ',0000000001,500000000.00,10.00,0,0,'CLIENTE PARA CARGAR LAS CUENTAS INTERNAS',0,0,0,1,'DAVID','2019-08-29 15:58:49',NULL,NULL),(0000000042,0000000227,0000000002,0000000004,'JOSE ROMAN',0000000003,10000000.00,0.00,0,0,'',0,0,0,1,'ABOLIVAR','2019-09-06 11:59:42',NULL,NULL),(0000000043,0000000230,0000000010,0000000023,'MOISES FLORES',0000000001,2000000.00,0.00,1,1,'PAGO PRO TRANSFERENCIA BANCARIA',0,0,0,1,'FGONZALEZ','2019-09-27 12:34:34',NULL,NULL),(0000000044,0000000231,0000000008,0000000002,'JENIFER SUAREZ',0000000002,10000000.00,0.00,5,15,'',0,0,0,1,'FGONZALEZ','2019-09-27 13:14:19','CAMILOA','2019-10-04 08:05:27');
/*!40000 ALTER TABLE `cli_clientes` ENABLE KEYS */;
UNLOCK TABLES;
ALTER DATABASE `metalsig_heavy` CHARACTER SET latin1 COLLATE latin1_swedish_ci ;
/*!50003 SET @saved_cs_client      = @@character_set_client */ ;
/*!50003 SET @saved_cs_results     = @@character_set_results */ ;
/*!50003 SET @saved_col_connection = @@collation_connection */ ;
/*!50003 SET character_set_client  = utf8mb4 */ ;
/*!50003 SET character_set_results = utf8mb4 */ ;
/*!50003 SET collation_connection  = utf8mb4_general_ci */ ;
/*!50003 SET @saved_sql_mode       = @@sql_mode */ ;
/*!50003 SET sql_mode              = 'NO_AUTO_VALUE_ON_ZERO' */ ;
DELIMITER ;;
/*!50003 CREATE*/ /*!50017 DEFINER=`metalsigmauser`@`localhost`*/ /*!50003 TRIGGER `set_crea_cli_clientes` BEFORE INSERT ON `cli_clientes` FOR EACH ROW IF (NEW.crea_user IS NULL || NEW.crea_user='') THEN SET NEW.crea_user = UPPER(SUBSTR(USER(), 1,(LOCATE('@', USER())-1))); END IF */;;
DELIMITER ;
/*!50003 SET sql_mode              = @saved_sql_mode */ ;
/*!50003 SET character_set_client  = @saved_cs_client */ ;
/*!50003 SET character_set_results = @saved_cs_results */ ;
/*!50003 SET collation_connection  = @saved_col_connection */ ;
ALTER DATABASE `metalsig_heavy` CHARACTER SET utf8 COLLATE utf8_bin ;
ALTER DATABASE `metalsig_heavy` CHARACTER SET latin1 COLLATE latin1_swedish_ci ;
/*!50003 SET @saved_cs_client      = @@character_set_client */ ;
/*!50003 SET @saved_cs_results     = @@character_set_results */ ;
/*!50003 SET @saved_col_connection = @@collation_connection */ ;
/*!50003 SET character_set_client  = utf8mb4 */ ;
/*!50003 SET character_set_results = utf8mb4 */ ;
/*!50003 SET collation_connection  = utf8mb4_general_ci */ ;
/*!50003 SET @saved_sql_mode       = @@sql_mode */ ;
/*!50003 SET sql_mode              = 'NO_AUTO_VALUE_ON_ZERO' */ ;
DELIMITER ;;
/*!50003 CREATE*/ /*!50017 DEFINER=`metalsigmauser`@`localhost`*/ /*!50003 TRIGGER `set_mod_cli_clientes` BEFORE UPDATE ON `cli_clientes` FOR EACH ROW IF (NEW.mod_user IS NULL || NEW.mod_user='') THEN SET NEW.mod_user = UPPER(SUBSTR(USER(), 1,(LOCATE('@', USER())-1))); END IF */;;
DELIMITER ;
/*!50003 SET sql_mode              = @saved_sql_mode */ ;
/*!50003 SET character_set_client  = @saved_cs_client */ ;
/*!50003 SET character_set_results = @saved_cs_results */ ;
/*!50003 SET collation_connection  = @saved_col_connection */ ;
ALTER DATABASE `metalsig_heavy` CHARACTER SET utf8 COLLATE utf8_bin ;

--
-- Table structure for table `cli_giros`
--

DROP TABLE IF EXISTS `cli_giros`;
/*!40101 SET @saved_cs_client     = @@character_set_client */;
/*!40101 SET character_set_client = utf8 */;
CREATE TABLE `cli_giros` (
  `cgiro` int(10) unsigned zerofill NOT NULL AUTO_INCREMENT,
  `giro` varchar(100) COLLATE utf8_bin NOT NULL,
  `crea_user` varchar(50) COLLATE utf8_bin DEFAULT NULL,
  `crea_date` datetime NOT NULL DEFAULT CURRENT_TIMESTAMP,
  `mod_user` varchar(50) COLLATE utf8_bin DEFAULT NULL,
  `mod_date` datetime DEFAULT NULL ON UPDATE CURRENT_TIMESTAMP,
  PRIMARY KEY (`cgiro`)
) ENGINE=InnoDB AUTO_INCREMENT=28 DEFAULT CHARSET=utf8 COLLATE=utf8_bin;
/*!40101 SET character_set_client = @saved_cs_client */;

--
-- Dumping data for table `cli_giros`
--

LOCK TABLES `cli_giros` WRITE;
/*!40000 ALTER TABLE `cli_giros` DISABLE KEYS */;
INSERT INTO `cli_giros` VALUES (0000000001,'SIN GIRO','METALSIGMAUSER','2019-02-27 10:31:33',NULL,NULL),(0000000002,'SERVICIOS INDUSTRIALES','METALSIGMAUSER','2019-02-27 10:31:33',NULL,NULL),(0000000003,'EXTRACCION DE PIEDRA ARENA Y ARCILLA','METALSIGMAUSER','2019-02-27 10:31:33',NULL,NULL),(0000000004,'CONSTRUCCION','METALSIGMAUSER','2019-02-27 10:31:33',NULL,NULL),(0000000005,'MINERÍA/EXPORTACIÓN','METALSIGMAUSER','2019-02-27 10:31:33',NULL,NULL),(0000000006,'FABRICACION DE PRODUCTOS DE HORNOS DE COQUE','METALSIGMAUSER','2019-02-27 10:31:33',NULL,NULL),(0000000007,'CONSTRUCCION DE EDIFICIOS PARA USO RESIDENCIAL','METALSIGMAUSER','2019-02-27 10:31:33',NULL,NULL),(0000000008,'PREPARACION DEL TERRENO EXCAVACIONES','METALSIGMAUSER','2019-02-27 10:31:33',NULL,NULL),(0000000009,'VENTA AL POR MAYOR DE OTROS PRODUCTOS ','METALSIGMAUSER','2019-02-27 10:31:33',NULL,NULL),(0000000010,'CONSTRUCCION DE CARRETERAS Y LINEAS DE FERROCARRIL','METALSIGMAUSER','2019-02-27 10:31:33',NULL,NULL),(0000000011,'EXPLOTACION DE MINAS Y CANTERAS','METALSIGMAUSER','2019-02-27 10:31:33',NULL,NULL),(0000000012,'EXTRACCIÓN DE COBRE','METALSIGMAUSER','2019-02-27 10:31:33',NULL,NULL),(0000000013,'VENTA AL POR MENOR DE OTROS PRODUCTOS EN COMERCIOS ESPECIALIZADOS N.C','METALSIGMAUSER','2019-02-27 10:31:33',NULL,NULL),(0000000014,'EVACUACION Y TRATAMIENTO DE AGUAS SERVIDAS','METALSIGMAUSER','2019-02-27 10:31:33',NULL,NULL),(0000000015,'FABRICACION DE EXPLOSIVOS Y PRODUCTOS PIROTECNICOS','METALSIGMAUSER','2019-02-27 10:31:33',NULL,NULL),(0000000016,'TRATAMIENTO Y ELIMINACION DE DESECHOS NO PELIGROSOS','METALSIGMAUSER','2019-02-27 10:31:33',NULL,NULL),(0000000017,'RECOGIDA DE DESECHOS NO PELIGROSOS','METALSIGMAUSER','2019-02-27 10:31:33',NULL,NULL),(0000000018,'CAPTACION, TRATAMIENTO Y DISTRIBUCION DE AGUA','METALSIGMAUSER','2019-02-27 10:31:33',NULL,NULL),(0000000019,'VENTA AL POR MAYOR NO ESPECIALIZADA','METALSIGMAUSER','2019-02-27 10:31:33',NULL,NULL),(0000000020,'EXPLOTACION DE CALIZA Y YESO','METALSIGMAUSER','2019-02-27 10:31:33',NULL,NULL),(0000000021,'GENERACION DE ENERGIA ELECTRICA EN OTRAS CENTRALES N.C.P.','METALSIGMAUSER','2019-02-27 10:31:33',NULL,NULL),(0000000022,'VENTA AL POR MAYOR DE VEHICULOS AUTOMOTO','METALSIGMAUSER','2019-02-27 10:31:33',NULL,NULL),(0000000023,'TRANSPORTES','ABOLIVAR','2019-05-22 12:47:26',NULL,NULL),(0000000024,'ADQUISICION, COMERCIALIZACION Y REPARACION DE MAQUINARIA','ABOLIVAR','2019-05-23 16:28:51',NULL,NULL),(0000000025,'ALQUILER DE MAQUINARIA Y EQUIPO AGROPECUARIO, FORESTAL, DE CONSTRUCCIÓN','ABOLIVAR','2019-06-28 11:49:24',NULL,NULL),(0000000026,'EXTRACCIÓN DE MATERIAL','ABOLIVAR','2019-07-31 17:08:08',NULL,NULL),(0000000027,'EXPLOTACION DE OTRAS MINAS Y CANTERAS N.C.P. CONSTRUCCION DE CARRETERAS Y LINEAS DE FERROCARRIL','ABOLIVAR','2019-08-26 11:14:07',NULL,NULL);
/*!40000 ALTER TABLE `cli_giros` ENABLE KEYS */;
UNLOCK TABLES;
ALTER DATABASE `metalsig_heavy` CHARACTER SET latin1 COLLATE latin1_swedish_ci ;
/*!50003 SET @saved_cs_client      = @@character_set_client */ ;
/*!50003 SET @saved_cs_results     = @@character_set_results */ ;
/*!50003 SET @saved_col_connection = @@collation_connection */ ;
/*!50003 SET character_set_client  = utf8mb4 */ ;
/*!50003 SET character_set_results = utf8mb4 */ ;
/*!50003 SET collation_connection  = utf8mb4_general_ci */ ;
/*!50003 SET @saved_sql_mode       = @@sql_mode */ ;
/*!50003 SET sql_mode              = 'NO_AUTO_VALUE_ON_ZERO' */ ;
DELIMITER ;;
/*!50003 CREATE*/ /*!50017 DEFINER=`metalsigmauser`@`localhost`*/ /*!50003 TRIGGER `set_crea_cli_giros` BEFORE INSERT ON `cli_giros` FOR EACH ROW IF (NEW.crea_user IS NULL || NEW.crea_user='') THEN SET NEW.crea_user = UPPER(SUBSTR(USER(), 1,(LOCATE('@', USER())-1))); END IF */;;
DELIMITER ;
/*!50003 SET sql_mode              = @saved_sql_mode */ ;
/*!50003 SET character_set_client  = @saved_cs_client */ ;
/*!50003 SET character_set_results = @saved_cs_results */ ;
/*!50003 SET collation_connection  = @saved_col_connection */ ;
ALTER DATABASE `metalsig_heavy` CHARACTER SET utf8 COLLATE utf8_bin ;
ALTER DATABASE `metalsig_heavy` CHARACTER SET latin1 COLLATE latin1_swedish_ci ;
/*!50003 SET @saved_cs_client      = @@character_set_client */ ;
/*!50003 SET @saved_cs_results     = @@character_set_results */ ;
/*!50003 SET @saved_col_connection = @@collation_connection */ ;
/*!50003 SET character_set_client  = utf8mb4 */ ;
/*!50003 SET character_set_results = utf8mb4 */ ;
/*!50003 SET collation_connection  = utf8mb4_general_ci */ ;
/*!50003 SET @saved_sql_mode       = @@sql_mode */ ;
/*!50003 SET sql_mode              = 'NO_AUTO_VALUE_ON_ZERO' */ ;
DELIMITER ;;
/*!50003 CREATE*/ /*!50017 DEFINER=`metalsigmauser`@`localhost`*/ /*!50003 TRIGGER `set_mod_cli_giros` BEFORE UPDATE ON `cli_giros` FOR EACH ROW IF (NEW.mod_user IS NULL || NEW.mod_user='') THEN SET NEW.mod_user = UPPER(SUBSTR(USER(), 1,(LOCATE('@', USER())-1))); END IF */;;
DELIMITER ;
/*!50003 SET sql_mode              = @saved_sql_mode */ ;
/*!50003 SET character_set_client  = @saved_cs_client */ ;
/*!50003 SET character_set_results = @saved_cs_results */ ;
/*!50003 SET collation_connection  = @saved_col_connection */ ;
ALTER DATABASE `metalsig_heavy` CHARACTER SET utf8 COLLATE utf8_bin ;

--
-- Table structure for table `cli_maquinas`
--

DROP TABLE IF EXISTS `cli_maquinas`;
/*!40101 SET @saved_cs_client     = @@character_set_client */;
/*!40101 SET character_set_client = utf8 */;
CREATE TABLE `cli_maquinas` (
  `cmaquina` int(10) unsigned zerofill NOT NULL AUTO_INCREMENT,
  `ccliente` int(10) unsigned zerofill NOT NULL,
  `cequipo` int(10) unsigned zerofill NOT NULL,
  `serial` varchar(40) COLLATE utf8_bin NOT NULL,
  `interno` varchar(30) COLLATE utf8_bin NOT NULL,
  `status` int(1) NOT NULL DEFAULT '1',
  `crea_user` varchar(50) COLLATE utf8_bin DEFAULT NULL,
  `crea_date` datetime NOT NULL DEFAULT CURRENT_TIMESTAMP,
  `mod_user` varchar(50) COLLATE utf8_bin DEFAULT NULL,
  `mod_date` datetime DEFAULT NULL ON UPDATE CURRENT_TIMESTAMP,
  PRIMARY KEY (`cmaquina`),
  KEY `ik_cequipo_cli_maquinas` (`cequipo`) USING BTREE,
  KEY `ik_ccliente_cli_maquinas` (`ccliente`) USING BTREE,
  CONSTRAINT `fk_ccliente_cli_maquinas` FOREIGN KEY (`ccliente`) REFERENCES `cli_clientes` (`ccliente`),
  CONSTRAINT `fk_cequipo_cli_maquinas` FOREIGN KEY (`cequipo`) REFERENCES `eq_equipos` (`cequipo`)
) ENGINE=InnoDB AUTO_INCREMENT=93 DEFAULT CHARSET=utf8 COLLATE=utf8_bin;
/*!40101 SET character_set_client = @saved_cs_client */;

--
-- Dumping data for table `cli_maquinas`
--

LOCK TABLES `cli_maquinas` WRITE;
/*!40000 ALTER TABLE `cli_maquinas` DISABLE KEYS */;
INSERT INTO `cli_maquinas` VALUES (0000000001,0000000001,0000000007,'123','123',0,'METALSIGMAUSER','2019-02-27 10:39:20','ADMINISTRADOR','2019-06-05 17:46:56'),(0000000002,0000000005,0000000009,'868','273',1,'ADMINISTRADOR','2019-02-27 15:58:14',NULL,NULL),(0000000003,0000000003,0000000007,'23','23',1,'ADMINISTRADOR','2019-02-27 16:14:36','ABOLIVAR','2019-05-17 09:52:48'),(0000000004,0000000003,0000000008,'24','24',1,'ADMINISTRADOR','2019-02-27 16:17:01','ABOLIVAR','2019-05-17 09:52:48'),(0000000005,0000000003,0000000009,'25','25',1,'ADMINISTRADOR','2019-02-27 16:19:08','ABOLIVAR','2019-05-17 09:52:48'),(0000000006,0000000003,0000000007,'27','27',1,'ADMINISTRADOR','2019-02-27 16:21:33','ABOLIVAR','2019-05-17 09:52:48'),(0000000007,0000000020,0000000008,'7363','9273',1,'ADMINISTRADOR','2019-02-28 11:35:35','ABOLIVAR','2019-06-10 12:39:34'),(0000000008,0000000019,0000000053,'AKH00892','NA',1,'CAMILOA','2019-03-12 14:06:55','ABOLIVAR','2019-06-10 11:28:31'),(0000000009,0000000020,0000000083,'JAY06261','CL-SSL008, (DWRW22)',1,'CAMILOA','2019-03-13 12:04:17','ABOLIVAR','2019-06-10 12:39:34'),(0000000010,0000000027,0000000059,'MNB01142','CH008916',1,'FGONZALEZ','2019-03-13 13:55:13','CAMILOA','2019-10-08 15:34:11'),(0000000011,0000000021,0000000073,'67U6133','N/A',1,'CAMILOA','2019-03-14 14:45:46','ABOLIVAR','2019-05-15 16:29:55'),(0000000012,0000000019,0000000010,'SMC00209','N/A',1,'CAMILOA','2019-03-14 16:41:36','ABOLIVAR','2019-06-10 11:28:31'),(0000000013,0000000016,0000000100,'2WN00121','CS533C',1,'FGONZALEZ','2019-03-18 10:10:41','CAMILOA','2019-10-04 08:10:55'),(0000000014,0000000023,0000000106,'1','N/A',1,'FGONZALEZ','2019-03-21 10:00:08','CAMILOA','2019-10-04 08:09:32'),(0000000015,0000000008,0000000053,'1GH0000','2',1,'FGONZALEZ','2019-03-26 10:50:11',NULL,NULL),(0000000016,0000000007,0000000008,'AKA','1',1,'FGONZALEZ','2019-03-26 10:53:22',NULL,NULL),(0000000017,0000000012,0000000008,'GEB00757','TRCAT18',1,'DAVID','2019-03-27 18:13:41','DAVID','2019-03-27 18:26:02'),(0000000018,0000000012,0000000110,'QSK60','CDH',1,'DAVID','2019-03-27 18:36:43','DAVID','2019-03-28 13:04:35'),(0000000019,0000000029,0000000053,'PHX09958','NA',1,'FGONZALEZ','2019-03-28 13:16:48','ABOLIVAR','2019-05-17 09:52:35'),(0000000020,0000000029,0000000036,'44403776','NA',1,'FGONZALEZ','2019-03-28 13:27:38','ABOLIVAR','2019-05-17 09:52:35'),(0000000021,0000000029,0000000111,'44403776','NA',1,'FGONZALEZ','2019-03-28 13:32:24','ABOLIVAR','2019-05-17 09:52:35'),(0000000022,0000000021,0000000010,'BRJ00166','N/A',1,'CAMILOA','2019-03-28 14:04:36','ABOLIVAR','2019-05-15 16:29:55'),(0000000023,0000000019,0000000012,'J8B04935','N/A',1,'CAMILOA','2019-03-28 17:29:23','ABOLIVAR','2019-06-10 11:28:31'),(0000000024,0000000028,0000000053,'RAW01280','N/A',1,'CAMILOA','2019-03-29 12:05:22',NULL,NULL),(0000000025,0000000022,0000000032,'06L00227','HYUNDAI HL757-9S',1,'CAMILOA','2019-04-01 16:29:26',NULL,NULL),(0000000026,0000000020,0000000029,'L8800277','CL-FEL013',1,'CAMILOA','2019-04-01 16:48:19','ABOLIVAR','2019-06-10 12:39:34'),(0000000027,0000000021,0000000010,'SMC00838','N/A',1,'CAMILOA','2019-04-03 11:19:10','ABOLIVAR','2019-05-15 16:29:55'),(0000000028,0000000020,0000000112,'TBY01349','CL-TSH006',1,'CAMILOA','2019-04-03 16:50:40','ABOLIVAR','2019-06-10 12:39:34'),(0000000029,0000000017,0000000031,'JKM01910','N/A',1,'CAMILOA','2019-04-03 17:27:20',NULL,NULL),(0000000030,0000000029,0000000069,'ATLAS COPCO ROC L8','PERFORADORA',1,'CAMILOA','2019-04-12 17:07:22','ABOLIVAR','2019-05-17 09:52:35'),(0000000031,0000000019,0000000096,'BZR00556','N/A',1,'CAMILOA','2019-04-17 17:22:46','ABOLIVAR','2019-06-10 11:28:31'),(0000000032,0000000018,0000000032,'M1G','.',1,'FGONZALEZ','2019-04-22 08:11:23',NULL,NULL),(0000000033,0000000019,0000000053,'A8F01457','CAT 320DL',1,'CAMILOA','2019-04-29 15:37:46','ABOLIVAR','2019-06-10 11:28:31'),(0000000034,0000000020,0000000029,'LMD02261','CL-FEL005',1,'CAMILOA','2019-04-30 10:27:55','ABOLIVAR','2019-06-10 12:39:34'),(0000000035,0000000016,0000000035,'ANY00418','CF-1',1,'FGONZALEZ','2019-05-06 08:37:13','CAMILOA','2019-10-04 08:10:55'),(0000000036,0000000023,0000000012,'KPZ03836','N/A',1,'FGONZALEZ','2019-05-06 08:53:55','CAMILOA','2019-10-04 08:09:32'),(0000000037,0000000003,0000000032,'JLX00884','N/A',1,'CAMILOA','2019-05-10 09:00:41','ABOLIVAR','2019-05-17 09:52:48'),(0000000038,0000000009,0000000012,'J8B02735','N/A',1,'CAMILOA','2019-05-17 00:14:18','ABOLIVAR','2019-06-14 15:22:34'),(0000000039,0000000030,0000000062,'TDG00335','N/A',1,'CAMILOA','2019-05-22 12:45:56','FGONZALEZ','2019-10-07 08:36:40'),(0000000040,0000000005,0000000053,'RAW01260','N/A',1,'CAMILOA','2019-05-22 14:05:32',NULL,NULL),(0000000041,0000000020,0000000112,'TBY01420','CL-TSH009',1,'CAMILOA','2019-05-23 16:07:37','ABOLIVAR','2019-06-10 12:39:34'),(0000000042,0000000020,0000000083,'JAY07271','CL-SSL033',1,'CAMILOA','2019-05-23 16:23:24','ABOLIVAR','2019-06-10 12:39:34'),(0000000043,0000000031,0000000069,'CBD05622','N/A',1,'CAMILOA','2019-05-23 16:58:24',NULL,NULL),(0000000044,0000000030,0000000062,'SCN0200','N/A',1,'CAMILOA','2019-05-24 15:52:47','FGONZALEZ','2019-10-07 08:36:40'),(0000000045,0000000029,0000000070,'JUNJIN JD800','PERFORADORA',1,'CAMILOA','2019-05-27 10:20:02',NULL,NULL),(0000000046,0000000022,0000000053,'OTG07667','DOOSAN DX300 LCA',1,'CAMILOA','2019-05-28 12:38:14',NULL,NULL),(0000000047,0000000029,0000000012,'ATLAS COPCO ROC L8','MOTOR CAT C15',1,'CAMILOA','2019-05-30 16:12:04',NULL,NULL),(0000000048,0000000020,0000000112,'TBY00919','CL-TSH011',1,'CAMILOA','2019-06-03 12:08:28','ABOLIVAR','2019-06-10 12:39:34'),(0000000049,0000000013,0000000091,'CCA00202','N/A',1,'CAMILOA','2019-06-05 16:09:28',NULL,NULL),(0000000050,0000000003,0000000034,'BS600283','N/A',1,'ABOLIVAR','2019-06-06 10:22:56',NULL,NULL),(0000000051,0000000019,0000000012,'J8B04935','N/A',1,'ABOLIVAR','2019-06-10 11:28:31',NULL,NULL),(0000000052,0000000020,0000000029,'JRD00847','CL-FEL008',1,'ABOLIVAR','2019-06-10 12:39:34','ABOLIVAR','2019-07-04 17:08:56'),(0000000053,0000000009,0000000010,'SMC00519','N/A',1,'ABOLIVAR','2019-06-14 15:22:34',NULL,NULL),(0000000054,0000000035,0000000030,'4NN00487','N/A',1,'ABOLIVAR','2019-06-28 11:52:01',NULL,NULL),(0000000055,0000000020,0000000029,'LMD01190','CL-FEL010',1,'ABOLIVAR','2019-07-04 17:08:56','ABOLIVAR','2019-07-10 14:03:22'),(0000000056,0000000021,0000000010,'SMC00631','N/A',1,'ABOLIVAR','2019-07-08 16:22:25',NULL,NULL),(0000000057,0000000012,0000000094,'7KK00351','MOTCAT25',1,'DAVID','2019-07-09 17:21:23',NULL,NULL),(0000000058,0000000020,0000000112,'TBY01367','CL-TSH003',1,'ABOLIVAR','2019-07-10 14:03:22',NULL,NULL),(0000000059,0000000020,0000000112,'TBY01367','CL-TSH003',1,'ABOLIVAR','2019-07-10 14:03:27',NULL,NULL),(0000000060,0000000036,0000000032,'M1G02237','CCDL-73',1,'CAMILOA','2019-07-15 15:14:09',NULL,NULL),(0000000061,0000000019,0000000010,'SMC00433','N/A',1,'CAMILOA','2019-07-17 21:50:31',NULL,NULL),(0000000062,0000000016,0000000111,'444007737','C4.4',1,'FGONZALEZ','2019-07-19 14:14:15','CAMILOA','2019-10-04 08:10:55'),(0000000063,0000000016,0000000107,'250944','N/A',1,'FGONZALEZ','2019-07-23 12:16:05','CAMILOA','2019-10-04 08:10:55'),(0000000064,0000000027,0000000079,'DXZ00716','CH0127',1,'DAVID','2019-07-31 15:14:45','CAMILOA','2019-10-08 15:34:11'),(0000000065,0000000037,0000000034,'1SL01129','CAT 966F',1,'CAMILOA','2019-07-31 17:10:41',NULL,NULL),(0000000066,0000000038,0000000053,'A6F02047','N/A',1,'FGONZALEZ','2019-08-01 09:42:18','CAMILOA','2019-10-04 08:13:49'),(0000000067,0000000026,0000000073,'GENERICOS MOTORES G3520C','MOTORES',1,'CAMILOA','2019-08-05 14:21:04',NULL,NULL),(0000000068,0000000003,0000000031,'JKM03180','938H',1,'CAMILOA','2019-08-07 17:04:02',NULL,NULL),(0000000069,0000000003,0000000032,'JLX00967','950H',1,'CAMILOA','2019-08-13 10:43:10',NULL,NULL),(0000000070,0000000005,0000000084,'SCP03466','CAT 252B',1,'CAMILOA','2019-08-13 14:36:06',NULL,NULL),(0000000071,0000000037,0000000031,'JKM00191','CAT 938H',1,'CAMILOA','2019-08-13 16:11:03',NULL,NULL),(0000000072,0000000022,0000000010,'SMC00501','CAT D6T',1,'CAMILOA','2019-08-14 09:15:20',NULL,NULL),(0000000073,0000000020,0000000112,'JJT00215','CL-TSH017',1,'CAMILOA','2019-08-21 15:34:43',NULL,NULL),(0000000074,0000000020,0000000028,'SDH03062','CL-FEL009',1,'CAMILOA','2019-08-23 14:35:19',NULL,NULL),(0000000075,0000000039,0000000111,'44407737','N/A',1,'CAMILOA','2019-08-26 12:31:49',NULL,NULL),(0000000076,0000000017,0000000031,'JKM00896','CAT 938H',1,'CAMILOA','2019-08-27 15:34:42',NULL,NULL),(0000000077,0000000020,0000000029,'L8800276','CL-FEL012',1,'CAMILOA','2019-08-29 14:45:39',NULL,NULL),(0000000078,0000000040,0000000073,'KAL26228','ENGINE C7 ARR. 248-4588',1,'CAMILOA','2019-08-29 14:53:51',NULL,NULL),(0000000079,0000000041,0000000012,'CUENTA INTERNA','CUENTA INTERNA',1,'DAVID','2019-08-29 16:00:55',NULL,NULL),(0000000080,0000000042,0000000091,'APM01771','CAT 140H',1,'CAMILOA','2019-09-06 14:08:53',NULL,NULL),(0000000081,0000000043,0000000013,'1','1',1,'FGONZALEZ','2019-09-27 12:39:03',NULL,NULL),(0000000082,0000000044,0000000033,'SSA00326','N/A',1,'FGONZALEZ','2019-09-27 14:28:34','CAMILOA','2019-10-04 08:05:27'),(0000000083,0000000020,0000000102,'RWW00226','-',1,'CAMILOA','2019-09-30 12:39:50',NULL,NULL),(0000000084,0000000027,0000000032,'JLX00769','CH012159',1,'FGONZALEZ','2019-10-03 17:14:38','CAMILOA','2019-10-08 15:34:11'),(0000000085,0000000023,0000000031,'JKM00900','N/A',1,'CAMILOA','2019-10-04 08:09:32',NULL,NULL),(0000000086,0000000023,0000000012,'J8B04936','N/A',1,'CAMILOA','2019-10-04 08:09:32',NULL,NULL),(0000000087,0000000027,0000000083,'HMR01968','CH015559',1,'FGONZALEZ','2019-10-04 08:10:22','CAMILOA','2019-10-08 15:34:11'),(0000000088,0000000030,0000000062,'2SW00110','3',1,'FGONZALEZ','2019-10-07 08:38:08','FGONZALEZ','2019-10-07 10:54:04'),(0000000089,0000000027,0000000081,'MPW01180','10070079',1,'FGONZALEZ','2019-10-11 09:43:00',NULL,NULL),(0000000090,0000000027,0000000069,'MFG13603','CH012663',1,'FGONZALEZ','2019-10-11 16:56:06',NULL,NULL),(0000000091,0000000020,0000000083,'JAY01519','BH.DS.67',1,'FGONZALEZ','2019-10-12 13:09:50',NULL,NULL),(0000000092,0000000020,0000000112,'TBY00918','0',1,'FGONZALEZ','2019-10-17 14:00:41',NULL,NULL);
/*!40000 ALTER TABLE `cli_maquinas` ENABLE KEYS */;
UNLOCK TABLES;
ALTER DATABASE `metalsig_heavy` CHARACTER SET latin1 COLLATE latin1_swedish_ci ;
/*!50003 SET @saved_cs_client      = @@character_set_client */ ;
/*!50003 SET @saved_cs_results     = @@character_set_results */ ;
/*!50003 SET @saved_col_connection = @@collation_connection */ ;
/*!50003 SET character_set_client  = utf8mb4 */ ;
/*!50003 SET character_set_results = utf8mb4 */ ;
/*!50003 SET collation_connection  = utf8mb4_general_ci */ ;
/*!50003 SET @saved_sql_mode       = @@sql_mode */ ;
/*!50003 SET sql_mode              = 'NO_AUTO_VALUE_ON_ZERO' */ ;
DELIMITER ;;
/*!50003 CREATE*/ /*!50017 DEFINER=`metalsigmauser`@`localhost`*/ /*!50003 TRIGGER `set_crea_cli_maquinas` BEFORE INSERT ON `cli_maquinas` FOR EACH ROW IF (NEW.crea_user IS NULL || NEW.crea_user='') THEN SET NEW.crea_user = UPPER(SUBSTR(USER(), 1,(LOCATE('@', USER())-1))); END IF */;;
DELIMITER ;
/*!50003 SET sql_mode              = @saved_sql_mode */ ;
/*!50003 SET character_set_client  = @saved_cs_client */ ;
/*!50003 SET character_set_results = @saved_cs_results */ ;
/*!50003 SET collation_connection  = @saved_col_connection */ ;
ALTER DATABASE `metalsig_heavy` CHARACTER SET utf8 COLLATE utf8_bin ;
ALTER DATABASE `metalsig_heavy` CHARACTER SET latin1 COLLATE latin1_swedish_ci ;
/*!50003 SET @saved_cs_client      = @@character_set_client */ ;
/*!50003 SET @saved_cs_results     = @@character_set_results */ ;
/*!50003 SET @saved_col_connection = @@collation_connection */ ;
/*!50003 SET character_set_client  = utf8mb4 */ ;
/*!50003 SET character_set_results = utf8mb4 */ ;
/*!50003 SET collation_connection  = utf8mb4_general_ci */ ;
/*!50003 SET @saved_sql_mode       = @@sql_mode */ ;
/*!50003 SET sql_mode              = 'NO_AUTO_VALUE_ON_ZERO' */ ;
DELIMITER ;;
/*!50003 CREATE*/ /*!50017 DEFINER=`metalsigmauser`@`localhost`*/ /*!50003 TRIGGER `set_mod_cli_maquinas` BEFORE UPDATE ON `cli_maquinas` FOR EACH ROW IF (NEW.mod_user IS NULL || NEW.mod_user='') THEN SET NEW.mod_user = UPPER(SUBSTR(USER(), 1,(LOCATE('@', USER())-1))); END IF */;;
DELIMITER ;
/*!50003 SET sql_mode              = @saved_sql_mode */ ;
/*!50003 SET character_set_client  = @saved_cs_client */ ;
/*!50003 SET character_set_results = @saved_cs_results */ ;
/*!50003 SET collation_connection  = @saved_col_connection */ ;
ALTER DATABASE `metalsig_heavy` CHARACTER SET utf8 COLLATE utf8_bin ;

--
-- Table structure for table `cli_pagos`
--

DROP TABLE IF EXISTS `cli_pagos`;
/*!40101 SET @saved_cs_client     = @@character_set_client */;
/*!40101 SET character_set_client = utf8 */;
CREATE TABLE `cli_pagos` (
  `cpago` int(10) unsigned zerofill NOT NULL AUTO_INCREMENT,
  `pago` varchar(50) COLLATE utf8_bin NOT NULL,
  `gastos` decimal(5,2) NOT NULL,
  `margen` decimal(5,2) NOT NULL,
  `crea_user` varchar(50) COLLATE utf8_bin DEFAULT NULL,
  `crea_date` datetime NOT NULL DEFAULT CURRENT_TIMESTAMP,
  `mod_user` varchar(50) COLLATE utf8_bin DEFAULT NULL,
  `mod_date` datetime DEFAULT NULL ON UPDATE CURRENT_TIMESTAMP,
  PRIMARY KEY (`cpago`)
) ENGINE=InnoDB AUTO_INCREMENT=6 DEFAULT CHARSET=utf8 COLLATE=utf8_bin;
/*!40101 SET character_set_client = @saved_cs_client */;

--
-- Dumping data for table `cli_pagos`
--

LOCK TABLES `cli_pagos` WRITE;
/*!40000 ALTER TABLE `cli_pagos` DISABLE KEYS */;
INSERT INTO `cli_pagos` VALUES (0000000001,'CONTADO',0.00,0.00,'METALSIGMAUSER','2019-02-21 14:02:51','ADMINISTRADOR','2019-03-04 19:12:33'),(0000000002,'30 DIAS',2.60,30.00,'METALSIGMAUSER','2019-02-21 14:03:17','ADMINISTRADOR','2019-03-04 11:17:26'),(0000000003,'60 DIAS',5.60,30.00,'METALSIGMAUSER','2019-02-21 14:03:17','ADMINISTRADOR','2019-06-05 16:30:27'),(0000000004,'90 DIAS',8.00,30.00,'METALSIGMAUSER','2019-02-21 14:03:59','ADMINISTRADOR','2019-03-04 11:17:49'),(0000000005,'120 DIAS',10.80,30.00,'METALSIGMAUSER','2019-02-21 14:03:59','ADMINISTRADOR','2019-03-04 11:18:03');
/*!40000 ALTER TABLE `cli_pagos` ENABLE KEYS */;
UNLOCK TABLES;
ALTER DATABASE `metalsig_heavy` CHARACTER SET latin1 COLLATE latin1_swedish_ci ;
/*!50003 SET @saved_cs_client      = @@character_set_client */ ;
/*!50003 SET @saved_cs_results     = @@character_set_results */ ;
/*!50003 SET @saved_col_connection = @@collation_connection */ ;
/*!50003 SET character_set_client  = utf8mb4 */ ;
/*!50003 SET character_set_results = utf8mb4 */ ;
/*!50003 SET collation_connection  = utf8mb4_general_ci */ ;
/*!50003 SET @saved_sql_mode       = @@sql_mode */ ;
/*!50003 SET sql_mode              = 'NO_AUTO_VALUE_ON_ZERO' */ ;
DELIMITER ;;
/*!50003 CREATE*/ /*!50017 DEFINER=`metalsigmauser`@`localhost`*/ /*!50003 TRIGGER `set_crea_cli_pagos` BEFORE INSERT ON `cli_pagos` FOR EACH ROW IF (NEW.crea_user IS NULL || NEW.crea_user='') THEN SET NEW.crea_user = UPPER(SUBSTR(USER(), 1,(LOCATE('@', USER())-1))); END IF */;;
DELIMITER ;
/*!50003 SET sql_mode              = @saved_sql_mode */ ;
/*!50003 SET character_set_client  = @saved_cs_client */ ;
/*!50003 SET character_set_results = @saved_cs_results */ ;
/*!50003 SET collation_connection  = @saved_col_connection */ ;
ALTER DATABASE `metalsig_heavy` CHARACTER SET utf8 COLLATE utf8_bin ;
ALTER DATABASE `metalsig_heavy` CHARACTER SET latin1 COLLATE latin1_swedish_ci ;
/*!50003 SET @saved_cs_client      = @@character_set_client */ ;
/*!50003 SET @saved_cs_results     = @@character_set_results */ ;
/*!50003 SET @saved_col_connection = @@collation_connection */ ;
/*!50003 SET character_set_client  = utf8mb4 */ ;
/*!50003 SET character_set_results = utf8mb4 */ ;
/*!50003 SET collation_connection  = utf8mb4_general_ci */ ;
/*!50003 SET @saved_sql_mode       = @@sql_mode */ ;
/*!50003 SET sql_mode              = 'NO_AUTO_VALUE_ON_ZERO' */ ;
DELIMITER ;;
/*!50003 CREATE*/ /*!50017 DEFINER=`metalsigmauser`@`localhost`*/ /*!50003 TRIGGER `set_mod_cli_pagos` BEFORE UPDATE ON `cli_pagos` FOR EACH ROW IF (NEW.mod_user IS NULL || NEW.mod_user='') THEN SET NEW.mod_user = UPPER(SUBSTR(USER(), 1,(LOCATE('@', USER())-1))); END IF */;;
DELIMITER ;
/*!50003 SET sql_mode              = @saved_sql_mode */ ;
/*!50003 SET character_set_client  = @saved_cs_client */ ;
/*!50003 SET character_set_results = @saved_cs_results */ ;
/*!50003 SET collation_connection  = @saved_col_connection */ ;
ALTER DATABASE `metalsig_heavy` CHARACTER SET utf8 COLLATE utf8_bin ;

--
-- Table structure for table `co_cotizacion`
--

DROP TABLE IF EXISTS `co_cotizacion`;
/*!40101 SET @saved_cs_client     = @@character_set_client */;
/*!40101 SET character_set_client = utf8 */;
CREATE TABLE `co_cotizacion` (
  `ccotizacion` int(10) unsigned zerofill NOT NULL AUTO_INCREMENT,
  `cmaquina` int(10) unsigned zerofill NOT NULL,
  `status` varchar(3) COLLATE utf8_bin NOT NULL DEFAULT 'PEN',
  `cordenservicio` int(10) unsigned zerofill NOT NULL DEFAULT '0000000000',
  `crea_user` varchar(50) COLLATE utf8_bin DEFAULT NULL,
  `crea_date` datetime NOT NULL DEFAULT CURRENT_TIMESTAMP,
  `mod_user` varchar(50) COLLATE utf8_bin DEFAULT NULL,
  `mod_date` datetime DEFAULT NULL ON UPDATE CURRENT_TIMESTAMP,
  PRIMARY KEY (`ccotizacion`),
  KEY `cmaquina` (`cmaquina`) USING BTREE,
  CONSTRAINT `cmaquina_co_cotizacion_parent` FOREIGN KEY (`cmaquina`) REFERENCES `cli_maquinas` (`cmaquina`)
) ENGINE=InnoDB AUTO_INCREMENT=140 DEFAULT CHARSET=utf8 COLLATE=utf8_bin;
/*!40101 SET character_set_client = @saved_cs_client */;

--
-- Dumping data for table `co_cotizacion`
--

LOCK TABLES `co_cotizacion` WRITE;
/*!40000 ALTER TABLE `co_cotizacion` DISABLE KEYS */;
INSERT INTO `co_cotizacion` VALUES (0000000001,0000000009,'0',0000000001,'CAMILOA','2019-03-13 16:08:34','VZAMBRANO','2019-03-25 10:50:12'),(0000000002,0000000011,'0',0000000000,'CAMILOA','2019-03-14 14:46:17',NULL,NULL),(0000000003,0000000008,'0',0000000000,'CAMILOA','2019-03-14 14:55:53',NULL,NULL),(0000000004,0000000012,'0',0000000016,'CAMILOA','2019-03-14 16:42:12','VZAMBRANO','2019-03-28 14:08:18'),(0000000005,0000000013,'0',0000000008,'FGONZALEZ','2019-03-18 10:11:58','VZAMBRANO','2019-04-29 16:47:07'),(0000000006,0000000014,'0',0000000002,'FGONZALEZ','2019-03-21 10:01:33','VZAMBRANO','2019-03-21 10:10:59'),(0000000007,0000000017,'0',0000000009,'DAVID','2019-03-27 18:13:53','VZAMBRANO','2019-04-03 18:47:41'),(0000000008,0000000018,'0',0000000010,'DAVID','2019-03-27 18:37:15','VZAMBRANO','2019-04-08 10:57:59'),(0000000009,0000000019,'0',0000000000,'FGONZALEZ','2019-03-28 13:18:10',NULL,NULL),(0000000010,0000000021,'0',0000000011,'FGONZALEZ','2019-03-28 13:34:17','VZAMBRANO','2019-04-29 16:47:51'),(0000000011,0000000022,'0',0000000000,'CAMILOA','2019-03-28 14:49:41',NULL,NULL),(0000000012,0000000023,'0',0000000000,'CAMILOA','2019-03-28 17:30:04',NULL,NULL),(0000000013,0000000024,'0',0000000004,'CAMILOA','2019-03-29 12:05:47','VZAMBRANO','2019-04-02 13:37:36'),(0000000014,0000000025,'0',0000000003,'CAMILOA','2019-04-01 16:29:57','VZAMBRANO','2019-04-01 17:32:15'),(0000000015,0000000026,'0',0000000000,'CAMILOA','2019-04-01 16:48:48',NULL,NULL),(0000000016,0000000027,'0',0000000005,'CAMILOA','2019-04-03 11:19:33','VZAMBRANO','2019-04-03 14:11:26'),(0000000017,0000000028,'0',0000000014,'CAMILOA','2019-04-03 16:51:19','VZAMBRANO','2019-05-02 12:22:32'),(0000000018,0000000029,'0',0000000013,'CAMILOA','2019-04-03 17:27:51','VZAMBRANO','2019-04-30 14:59:30'),(0000000019,0000000027,'0',0000000012,'CAMILOA','2019-04-04 19:09:03','VZAMBRANO','2019-04-16 11:21:56'),(0000000020,0000000029,'0',0000000000,'CAMILOA','2019-04-12 11:53:17',NULL,NULL),(0000000021,0000000019,'0',0000000007,'CAMILOA','2019-04-12 16:40:16','VZAMBRANO','2019-04-16 10:54:27'),(0000000022,0000000030,'0',0000000006,'CAMILOA','2019-04-12 17:07:49','VZAMBRANO','2019-04-16 10:54:14'),(0000000023,0000000031,'0',0000000000,'CAMILOA','2019-04-17 17:23:16',NULL,NULL),(0000000024,0000000032,'0',0000000000,'FGONZALEZ','2019-04-22 08:12:28',NULL,NULL),(0000000025,0000000032,'0',0000000000,'FGONZALEZ','2019-04-22 16:23:16',NULL,NULL),(0000000026,0000000030,'0',0000000017,'CAMILOA','2019-04-24 14:40:27','VZAMBRANO','2019-05-28 10:43:38'),(0000000027,0000000033,'0',0000000000,'CAMILOA','2019-04-29 15:38:08',NULL,NULL),(0000000028,0000000034,'0',0000000015,'CAMILOA','2019-04-30 10:28:24','VZAMBRANO','2019-05-02 12:22:15'),(0000000029,0000000035,'0',0000000000,'FGONZALEZ','2019-05-06 08:37:53',NULL,NULL),(0000000030,0000000036,'0',0000000000,'FGONZALEZ','2019-05-06 08:55:05',NULL,NULL),(0000000031,0000000027,'0',0000000000,'CAMILOA','2019-05-08 13:48:00',NULL,NULL),(0000000032,0000000012,'0',0000000000,'CAMILOA','2019-05-09 16:22:41',NULL,NULL),(0000000033,0000000034,'0',0000000035,'CAMILOA','2019-05-09 16:40:19','VZAMBRANO','2019-06-24 15:25:23'),(0000000034,0000000037,'0',0000000000,'CAMILOA','2019-05-10 09:01:03',NULL,NULL),(0000000035,0000000037,'0',0000000018,'CAMILOA','2019-05-14 23:52:54','VZAMBRANO','2019-05-28 10:42:44'),(0000000036,0000000038,'0',0000000000,'CAMILOA','2019-05-17 00:14:43',NULL,NULL),(0000000037,0000000036,'0',0000000037,'CAMILOA','2019-05-17 16:11:11','VZAMBRANO','2019-07-05 11:44:53'),(0000000038,0000000010,'0',0000000000,'FGONZALEZ','2019-05-17 19:59:14',NULL,NULL),(0000000039,0000000039,'0',0000000000,'CAMILOA','2019-05-22 12:46:20',NULL,NULL),(0000000040,0000000040,'0',0000000019,'CAMILOA','2019-05-22 14:05:54','VZAMBRANO','2019-05-28 10:42:55'),(0000000041,0000000041,'0',0000000601,'CAMILOA','2019-05-23 16:07:59','AMENESES','2019-08-28 16:57:29'),(0000000042,0000000042,'0',0000000000,'CAMILOA','2019-05-23 16:23:44',NULL,NULL),(0000000043,0000000043,'0',0000000025,'CAMILOA','2019-05-23 16:59:02','VZAMBRANO','2019-06-11 15:42:28'),(0000000044,0000000044,'0',0000000000,'CAMILOA','2019-05-24 15:53:13',NULL,NULL),(0000000045,0000000045,'0',0000000024,'CAMILOA','2019-05-27 10:21:08','VZAMBRANO','2019-06-11 15:42:17'),(0000000046,0000000046,'0',0000000000,'CAMILOA','2019-05-28 12:38:39',NULL,NULL),(0000000047,0000000047,'0',0000000020,'CAMILOA','2019-05-30 16:12:27','VZAMBRANO','2019-06-10 11:17:04'),(0000000048,0000000048,'0',0000000000,'CAMILOA','2019-06-03 12:08:55',NULL,NULL),(0000000049,0000000045,'0',0000000027,'CAMILOA','2019-06-05 14:26:04','VZAMBRANO','2019-06-18 11:57:30'),(0000000050,0000000049,'0',0000000028,'CAMILOA','2019-06-05 16:10:03','VZAMBRANO','2019-06-18 11:57:03'),(0000000051,0000000050,'0',0000000000,'CAMILOA','2019-06-06 10:41:03',NULL,NULL),(0000000052,0000000038,'0',0000000000,'CAMILOA','2019-06-06 12:06:41',NULL,NULL),(0000000053,0000000018,'0',0000000021,'DAVID','2019-06-07 16:25:50','VZAMBRANO','2019-06-10 16:34:15'),(0000000054,0000000051,'0',0000000023,'CAMILOA','2019-06-10 11:28:54','VZAMBRANO','2019-06-11 15:42:03'),(0000000055,0000000052,'0',0000000034,'CAMILOA','2019-06-10 12:43:24','VZAMBRANO','2019-06-20 17:31:45'),(0000000056,0000000018,'0',0000000022,'DAVID','2019-06-10 15:00:54','VZAMBRANO','2019-06-10 16:34:26'),(0000000058,0000000043,'0',0000000000,'CAMILOA','2019-06-12 13:01:36',NULL,NULL),(0000000059,0000000019,'0',0000000000,'CAMILOA','2019-06-13 16:14:18',NULL,NULL),(0000000060,0000000053,'0',0000000026,'CAMILOA','2019-06-14 15:23:01','VZAMBRANO','2019-06-18 11:56:27'),(0000000061,0000000024,'0',0000000029,'CAMILOA','2019-06-18 12:01:19','VZAMBRANO','2019-06-19 13:01:48'),(0000000062,0000000037,'0',0000000033,'CAMILOA','2019-06-18 12:58:22','VZAMBRANO','2019-06-20 17:31:32'),(0000000063,0000000018,'0',0000000030,'DAVID','2019-06-20 11:36:48','VZAMBRANO','2019-06-20 17:12:15'),(0000000064,0000000018,'0',0000000031,'DAVID','2019-06-20 14:21:30','VZAMBRANO','2019-06-20 17:12:26'),(0000000065,0000000018,'0',0000000032,'DAVID','2019-06-20 14:23:57','VZAMBRANO','2019-06-20 17:12:35'),(0000000066,0000000018,'0',0000000036,'DAVID','2019-06-27 12:38:20','VZAMBRANO','2019-06-27 13:58:39'),(0000000067,0000000054,'0',0000000000,'CAMILOA','2019-06-28 12:10:26',NULL,NULL),(0000000068,0000000055,'0',0000000000,'CAMILOA','2019-07-04 17:10:28',NULL,NULL),(0000000069,0000000056,'0',0000000000,'CAMILOA','2019-07-08 16:34:09',NULL,NULL),(0000000070,0000000057,'0',0000000038,'DAVID','2019-07-09 17:21:32','VZAMBRANO','2019-07-09 19:15:58'),(0000000071,0000000058,'0',0000000039,'CAMILOA','2019-07-10 14:09:04','VZAMBRANO','2019-07-22 13:27:54'),(0000000072,0000000027,'0',0000000000,'CAMILOA','2019-07-11 16:20:27',NULL,NULL),(0000000073,0000000060,'0',0000000000,'CAMILOA','2019-07-15 15:14:29',NULL,NULL),(0000000074,0000000058,'0',0000000000,'CAMILOA','2019-07-17 09:16:01',NULL,NULL),(0000000075,0000000061,'0',0000000000,'CAMILOA','2019-07-17 21:50:37',NULL,NULL),(0000000076,0000000062,'0',0000000040,'FGONZALEZ','2019-07-19 14:14:22','VZAMBRANO','2019-07-23 11:20:49'),(0000000077,0000000024,'0',0000000042,'CAMILOA','2019-07-22 12:54:16','VZAMBRANO','2019-07-23 17:06:28'),(0000000078,0000000063,'0',0000000041,'FGONZALEZ','2019-07-23 12:16:11','VZAMBRANO','2019-07-23 12:58:28'),(0000000079,0000000008,'0',0000000000,'CAMILOA','2019-07-23 17:22:26',NULL,NULL),(0000000080,0000000063,'0',0000000043,'CAMILOA','2019-07-25 11:30:02','VZAMBRANO','2019-07-25 12:21:56'),(0000000081,0000000035,'0',0000000044,'CAMILOA','2019-07-25 11:30:29','VZAMBRANO','2019-07-25 12:22:06'),(0000000082,0000000023,'0',0000000046,'CAMILOA','2019-07-29 08:05:40','VZAMBRANO','2019-07-30 13:39:53'),(0000000083,0000000023,'0',0000000000,'CAMILOA','2019-07-29 08:40:00',NULL,NULL),(0000000084,0000000063,'0',0000000045,'CAMILOA','2019-07-29 08:51:49','VZAMBRANO','2019-07-30 13:40:26'),(0000000085,0000000035,'0',0000000050,'CAMILOA','2019-07-30 10:51:18','VZAMBRANO','2019-08-06 14:49:41'),(0000000086,0000000053,'0',0000000053,'CAMILOA','2019-07-30 12:50:41','VZAMBRANO','2019-08-13 10:39:06'),(0000000087,0000000062,'0',0000000000,'CAMILOA','2019-07-31 13:07:32',NULL,NULL),(0000000088,0000000064,'0',0000000048,'DAVID','2019-07-31 15:14:47','VZAMBRANO','2019-08-02 10:10:57'),(0000000089,0000000065,'0',0000000047,'CAMILOA','2019-07-31 17:10:45','VZAMBRANO','2019-08-01 09:23:56'),(0000000090,0000000066,'0',0000000049,'FGONZALEZ','2019-08-01 09:42:24','VZAMBRANO','2019-08-02 10:11:41'),(0000000091,0000000009,'0',0000000602,'CAMILOA','2019-08-05 10:28:07','AMENESES','2019-08-28 17:00:21'),(0000000092,0000000067,'0',0000000000,'CAMILOA','2019-08-05 14:21:07',NULL,NULL),(0000000093,0000000067,'0',0000000000,'CAMILOA','2019-08-05 14:59:40',NULL,NULL),(0000000094,0000000068,'0',0000000054,'CAMILOA','2019-08-07 17:04:18','VZAMBRANO','2019-08-14 15:32:53'),(0000000095,0000000067,'0',0000000000,'CAMILOA','2019-08-09 13:58:35',NULL,NULL),(0000000096,0000000018,'0',0000000051,'DAVID','2019-08-09 14:30:57','VZAMBRANO','2019-08-12 16:44:59'),(0000000097,0000000063,'0',0000000052,'CAMILOA','2019-08-12 11:22:45','VZAMBRANO','2019-08-13 10:19:54'),(0000000098,0000000069,'0',0000000055,'CAMILOA','2019-08-13 10:43:13','VZAMBRANO','2019-08-22 10:19:16'),(0000000099,0000000070,'0',0000000000,'CAMILOA','2019-08-13 14:36:09',NULL,NULL),(0000000100,0000000071,'0',0000000000,'CAMILOA','2019-08-13 16:11:05',NULL,NULL),(0000000101,0000000072,'0',0000000000,'CAMILOA','2019-08-14 09:15:25',NULL,NULL),(0000000102,0000000073,'0',0000000000,'CAMILOA','2019-08-21 15:34:49',NULL,NULL),(0000000103,0000000018,'0',0000000056,'DAVID','2019-08-23 10:39:17','VZAMBRANO','2019-08-23 14:18:13'),(0000000104,0000000074,'0',0000000607,'CAMILOA','2019-08-23 14:35:27','AMENESES','2019-09-11 15:32:50'),(0000000105,0000000018,'0',0000000057,'DAVID','2019-08-26 09:42:01','AMENESES','2019-08-27 10:47:38'),(0000000106,0000000075,'0',0000000604,'CAMILOA','2019-08-26 12:31:53','AMENESES','2019-09-05 08:03:58'),(0000000107,0000000052,'0',0000000000,'CAMILOA','2019-08-26 13:57:19',NULL,NULL),(0000000108,0000000076,'0',0000000600,'CAMILOA','2019-08-27 15:34:46','AMENESES','2019-08-28 18:43:38'),(0000000109,0000000076,'0',0000000606,'CAMILOA','2019-08-28 13:24:42','AMENESES','2019-09-11 11:26:30'),(0000000110,0000000077,'0',0000000000,'CAMILOA','2019-08-29 14:45:41',NULL,NULL),(0000000111,0000000026,'0',0000000000,'CAMILOA','2019-08-29 14:46:14',NULL,NULL),(0000000112,0000000042,'0',0000000000,'CAMILOA','2019-08-29 14:46:44',NULL,NULL),(0000000113,0000000058,'0',0000000000,'CAMILOA','2019-08-29 14:47:10',NULL,NULL),(0000000114,0000000028,'0',0000000000,'CAMILOA','2019-08-29 14:47:32',NULL,NULL),(0000000115,0000000078,'0',0000000000,'CAMILOA','2019-08-29 14:53:54',NULL,NULL),(0000000116,0000000079,'0',0000000000,'DAVID','2019-08-29 16:01:00',NULL,NULL),(0000000117,0000000023,'0',0000000603,'CAMILOA','2019-08-30 14:08:43','AMENESES','2019-09-02 08:55:19'),(0000000118,0000000080,'0',0000000000,'CAMILOA','2019-09-06 14:08:56',NULL,NULL),(0000000119,0000000035,'0',0000000000,'CAMILOA','2019-09-06 17:00:25',NULL,NULL),(0000000120,0000000024,'0',0000000605,'CAMILOA','2019-09-09 15:33:52','AMENESES','2019-09-10 14:01:36'),(0000000121,0000000027,'0',0000000000,'CAMILOA','2019-09-12 14:59:27',NULL,NULL),(0000000122,0000000012,'0',0000000000,'CAMILOA','2019-09-26 08:40:12',NULL,NULL),(0000000123,0000000081,'0',0000000609,'FGONZALEZ','2019-09-27 12:39:08','AMENESES','2019-09-27 15:28:55'),(0000000124,0000000082,'0',0000000608,'FGONZALEZ','2019-09-27 14:28:40','AMENESES','2019-09-27 15:26:23'),(0000000125,0000000083,'0',0000000610,'CAMILOA','2019-09-30 12:39:54','AMENESES','2019-09-30 13:31:44'),(0000000126,0000000082,'0',0000000611,'FGONZALEZ','2019-09-30 17:40:03','AMENESES','2019-10-02 08:19:05'),(0000000127,0000000072,'0',0000000000,'FGONZALEZ','2019-10-02 11:40:26',NULL,NULL),(0000000128,0000000084,'0',0000000612,'FGONZALEZ','2019-10-03 17:14:45','AMENESES','2019-10-04 17:03:44'),(0000000129,0000000087,'0',0000000613,'FGONZALEZ','2019-10-04 08:10:37','AMENESES','2019-10-04 17:07:04'),(0000000130,0000000088,'0',0000000614,'FGONZALEZ','2019-10-07 08:38:11','AMENESES','2019-10-07 11:08:21'),(0000000131,0000000082,'0',0000000000,'FGONZALEZ','2019-10-07 11:50:36',NULL,NULL),(0000000132,0000000089,'0',0000000615,'FGONZALEZ','2019-10-11 09:43:07','AMENESES','2019-10-11 10:25:26'),(0000000133,0000000090,'0',0000000616,'FGONZALEZ','2019-10-11 16:56:10','AMENESES','2019-10-11 17:12:19'),(0000000134,0000000048,'0',0000000617,'FGONZALEZ','2019-10-12 13:00:11','AMENESES','2019-10-14 10:56:05'),(0000000135,0000000091,'0',0000000619,'FGONZALEZ','2019-10-12 13:09:58','AMENESES','2019-10-14 15:05:23'),(0000000136,0000000057,'0',0000000618,'DAVID','2019-10-14 12:43:41','AMENESES','2019-10-14 14:50:01'),(0000000137,0000000092,'0',0000000620,'FGONZALEZ','2019-10-17 14:00:46','AMENESES','2019-10-18 11:46:22'),(0000000138,0000000035,'0',0000000000,'FGONZALEZ','2019-10-18 10:03:51',NULL,NULL),(0000000139,0000000035,'0',0000000621,'FGONZALEZ','2019-10-18 10:32:32','AMENESES','2019-10-22 08:46:55');
/*!40000 ALTER TABLE `co_cotizacion` ENABLE KEYS */;
UNLOCK TABLES;
ALTER DATABASE `metalsig_heavy` CHARACTER SET latin1 COLLATE latin1_swedish_ci ;
/*!50003 SET @saved_cs_client      = @@character_set_client */ ;
/*!50003 SET @saved_cs_results     = @@character_set_results */ ;
/*!50003 SET @saved_col_connection = @@collation_connection */ ;
/*!50003 SET character_set_client  = utf8mb4 */ ;
/*!50003 SET character_set_results = utf8mb4 */ ;
/*!50003 SET collation_connection  = utf8mb4_general_ci */ ;
/*!50003 SET @saved_sql_mode       = @@sql_mode */ ;
/*!50003 SET sql_mode              = 'NO_AUTO_VALUE_ON_ZERO' */ ;
DELIMITER ;;
/*!50003 CREATE*/ /*!50017 DEFINER=`metalsigmauser`@`localhost`*/ /*!50003 TRIGGER `set_crea_co_cotizacion` BEFORE INSERT ON `co_cotizacion` FOR EACH ROW IF (NEW.crea_user IS NULL || NEW.crea_user='') THEN SET NEW.crea_user = UPPER(SUBSTR(USER(), 1,(LOCATE('@', USER())-1))); END IF */;;
DELIMITER ;
/*!50003 SET sql_mode              = @saved_sql_mode */ ;
/*!50003 SET character_set_client  = @saved_cs_client */ ;
/*!50003 SET character_set_results = @saved_cs_results */ ;
/*!50003 SET collation_connection  = @saved_col_connection */ ;
ALTER DATABASE `metalsig_heavy` CHARACTER SET utf8 COLLATE utf8_bin ;
ALTER DATABASE `metalsig_heavy` CHARACTER SET latin1 COLLATE latin1_swedish_ci ;
/*!50003 SET @saved_cs_client      = @@character_set_client */ ;
/*!50003 SET @saved_cs_results     = @@character_set_results */ ;
/*!50003 SET @saved_col_connection = @@collation_connection */ ;
/*!50003 SET character_set_client  = utf8mb4 */ ;
/*!50003 SET character_set_results = utf8mb4 */ ;
/*!50003 SET collation_connection  = utf8mb4_general_ci */ ;
/*!50003 SET @saved_sql_mode       = @@sql_mode */ ;
/*!50003 SET sql_mode              = 'NO_AUTO_VALUE_ON_ZERO' */ ;
DELIMITER ;;
/*!50003 CREATE*/ /*!50017 DEFINER=`metalsigmauser`@`localhost`*/ /*!50003 TRIGGER `set_mod_co_cotizacion` BEFORE UPDATE ON `co_cotizacion` FOR EACH ROW IF (NEW.mod_user IS NULL || NEW.mod_user='') THEN SET NEW.mod_user = UPPER(SUBSTR(USER(), 1,(LOCATE('@', USER())-1))); END IF */;;
DELIMITER ;
/*!50003 SET sql_mode              = @saved_sql_mode */ ;
/*!50003 SET character_set_client  = @saved_cs_client */ ;
/*!50003 SET character_set_results = @saved_cs_results */ ;
/*!50003 SET collation_connection  = @saved_col_connection */ ;
ALTER DATABASE `metalsig_heavy` CHARACTER SET utf8 COLLATE utf8_bin ;

--
-- Table structure for table `co_cotizacion_sub`
--

DROP TABLE IF EXISTS `co_cotizacion_sub`;
/*!40101 SET @saved_cs_client     = @@character_set_client */;
/*!40101 SET character_set_client = utf8 */;
CREATE TABLE `co_cotizacion_sub` (
  `ccotizacion` int(10) unsigned zerofill NOT NULL AUTO_INCREMENT,
  `correlativo` int(10) unsigned zerofill NOT NULL,
  `corigen` int(10) unsigned zerofill NOT NULL,
  `ctipo` int(10) unsigned zerofill NOT NULL,
  `clugar` int(10) unsigned zerofill NOT NULL,
  `cvehiculo` int(10) unsigned zerofill NOT NULL,
  `dist` decimal(10,2) NOT NULL,
  `viajes` int(2) NOT NULL,
  `tipo` int(1) NOT NULL,
  `cequipo` int(10) unsigned zerofill NOT NULL,
  `status` varchar(3) COLLATE utf8_bin NOT NULL DEFAULT 'PEN',
  `m_serv` decimal(12,2) NOT NULL DEFAULT '0.00',
  `m_rep` decimal(12,2) NOT NULL DEFAULT '0.00',
  `m_ins` decimal(12,2) NOT NULL DEFAULT '0.00',
  `m_stt` decimal(12,2) NOT NULL DEFAULT '0.00',
  `m_tra` decimal(12,2) NOT NULL DEFAULT '0.00',
  `m_misc` decimal(12,2) NOT NULL DEFAULT '0.00',
  `m_subt` decimal(12,2) NOT NULL DEFAULT '0.00',
  `m_descp` decimal(5,2) NOT NULL DEFAULT '0.00',
  `m_desc` decimal(12,2) NOT NULL DEFAULT '0.00',
  `m_neto` decimal(12,2) NOT NULL DEFAULT '0.00',
  `m_impp` decimal(5,2) NOT NULL DEFAULT '0.00',
  `m_imp` decimal(12,2) NOT NULL DEFAULT '0.00',
  `m_bruto` decimal(12,2) NOT NULL DEFAULT '0.00',
  `hh_taller` decimal(12,2) NOT NULL DEFAULT '0.00',
  `hh_terreno` decimal(12,2) NOT NULL DEFAULT '0.00',
  `trabs` int(1) NOT NULL DEFAULT '0',
  `valor_dia` decimal(12,2) NOT NULL DEFAULT '0.00',
  `valor_misc` decimal(12,2) NOT NULL DEFAULT '0.00',
  `pag_gasto` decimal(12,2) NOT NULL DEFAULT '0.00',
  `pag_marg` decimal(12,2) NOT NULL DEFAULT '0.00',
  `mar_ins` decimal(12,2) NOT NULL DEFAULT '0.00',
  `mar_rep` decimal(12,2) NOT NULL DEFAULT '0.00',
  `mar_stt` decimal(12,2) NOT NULL DEFAULT '0.00',
  `sal` decimal(12,2) NOT NULL DEFAULT '0.00',
  `costo_km` decimal(12,2) NOT NULL DEFAULT '0.00',
  `cordenservicio_sub` int(10) unsigned zerofill DEFAULT NULL,
  `cfactura` int(10) unsigned DEFAULT NULL,
  `fecha_fac` date DEFAULT NULL,
  `notas` text COLLATE utf8_bin,
  `notas_user` text COLLATE utf8_bin,
  `archivo` varchar(100) COLLATE utf8_bin DEFAULT NULL,
  `corigen_gar` int(10) unsigned zerofill NOT NULL DEFAULT '0000000000',
  `crea_user` varchar(50) COLLATE utf8_bin DEFAULT NULL,
  `crea_date` datetime NOT NULL DEFAULT CURRENT_TIMESTAMP,
  `mod_user` varchar(50) COLLATE utf8_bin DEFAULT NULL,
  `mod_date` datetime DEFAULT NULL ON UPDATE CURRENT_TIMESTAMP,
  PRIMARY KEY (`ccotizacion`),
  UNIQUE KEY `uk_cordenservicio_sub` (`cordenservicio_sub`,`corigen`) USING BTREE,
  KEY `ccotizapadre` (`corigen`),
  KEY `ctipo` (`ctipo`),
  KEY `clugar` (`clugar`),
  KEY `cvehiculo` (`cvehiculo`),
  KEY `cequipo` (`cequipo`),
  KEY `corigen_gar` (`corigen_gar`),
  CONSTRAINT `fk_ccotizapadre_co_cotizacion` FOREIGN KEY (`corigen`) REFERENCES `co_cotizacion` (`ccotizacion`),
  CONSTRAINT `fk_cequipo_co_cotizacion` FOREIGN KEY (`cequipo`) REFERENCES `par_eq_trabajo` (`cequipo`),
  CONSTRAINT `fk_clugar_co_cotizacion` FOREIGN KEY (`clugar`) REFERENCES `par_lugar` (`clugar`),
  CONSTRAINT `fk_ctipo_co_cotizacion` FOREIGN KEY (`ctipo`) REFERENCES `co_tipos` (`ctipo`),
  CONSTRAINT `fk_cvehiculo_co_cotizacion` FOREIGN KEY (`cvehiculo`) REFERENCES `par_vehiculos` (`cvehiculo`)
) ENGINE=InnoDB AUTO_INCREMENT=185 DEFAULT CHARSET=utf8 COLLATE=utf8_bin;
/*!40101 SET character_set_client = @saved_cs_client */;

--
-- Dumping data for table `co_cotizacion_sub`
--

LOCK TABLES `co_cotizacion_sub` WRITE;
/*!40000 ALTER TABLE `co_cotizacion_sub` DISABLE KEYS */;
INSERT INTO `co_cotizacion_sub` VALUES (0000000001,0000000001,0000000001,0000000003,0000000002,0000000001,1000.00,1,1,0000000001,'FAC',1648995.10,245351.00,0.00,0.00,409825.00,90600.00,2394771.10,0.00,0.00,2394771.10,19.00,455006.51,2849777.61,0.00,0.00,0,0.00,0.00,0.00,0.00,0.00,0.00,0.00,0.00,0.00,0000000001,602,'2019-03-29','PRUEBAS. SE INCLUYEN HORAS EN TERRENO, ESTABAN EN TALLER.',NULL,NULL,0000000000,'CAMILOA','2019-03-13 16:19:35','ABOLIVAR','2019-06-24 17:32:03'),(0000000002,0000000001,0000000002,0000000002,0000000002,0000000001,30.00,3,1,0000000001,'CAN',1679344.31,0.00,141128.40,0.00,160275.00,90600.00,2071347.71,0.00,0.00,2071347.71,19.00,393556.06,2464903.77,0.00,0.00,0,0.00,0.00,0.00,0.00,0.00,0.00,0.00,0.00,0.00,NULL,NULL,NULL,'AGREGAR ACEITE Y REFRIGERANTE','','',0000000000,'CAMILOA','2019-03-14 14:53:12','CAMILOA','2019-06-20 17:38:27'),(0000000003,0000000001,0000000003,0000000004,0000000002,0000000001,0.00,0,0,0000000001,'CAN',0.00,159507.60,0.00,0.00,0.00,0.00,159507.60,0.00,0.00,159507.60,19.00,30306.44,189814.04,0.00,0.00,0,0.00,0.00,0.00,0.00,0.00,0.00,0.00,0.00,0.00,NULL,NULL,NULL,'','','',0000000000,'CAMILOA','2019-03-14 15:26:45','CAMILOA','2019-06-24 15:24:09'),(0000000004,0000000001,0000000004,0000000003,0000000001,0000000001,0.00,0,1,0000000001,'FAC',1554779.84,965819.40,681962.40,2679300.00,0.00,105700.00,5987561.64,0.00,0.00,5987561.64,19.00,1137636.71,7125198.35,0.00,0.00,0,0.00,0.00,0.00,0.00,0.00,0.00,0.00,0.00,0.00,0000000001,599,'2019-04-09','FECHA DE ENTREGA A CLIENTE VIERNES 05 DE ABRIL, CLIENTE COORDINA TRANSPORTE ESE DíA EN LA MAñANA.\r\n',NULL,NULL,0000000000,'CAMILOA','2019-03-14 17:31:34','ABOLIVAR','2019-06-25 09:36:06'),(0000000005,0000000001,0000000005,0000000001,0000000001,0000000001,0.00,0,1,0000000001,'FAC',530508.19,0.00,0.00,0.00,0.00,30200.00,560708.19,0.00,0.00,560708.19,19.00,106534.56,667242.75,0.00,0.00,0,0.00,0.00,0.00,0.00,0.00,0.00,0.00,0.00,0.00,0000000001,612,'2019-04-29',NULL,NULL,NULL,0000000000,'FGONZALEZ','2019-03-18 10:20:03','ABOLIVAR','2019-06-24 17:25:09'),(0000000006,0000000001,0000000006,0000000001,0000000002,0000000001,60.00,1,1,0000000001,'FAC',589430.80,0.00,0.00,0.00,71425.00,30200.00,691055.80,0.00,0.00,691055.80,19.00,131300.60,822356.40,0.00,0.00,0,0.00,0.00,0.00,0.00,0.00,0.00,0.00,0.00,0.00,0000000001,664,'2019-07-05',NULL,NULL,NULL,0000000000,'FGONZALEZ','2019-03-21 10:05:12','ABOLIVAR','2019-07-05 17:10:52'),(0000000007,0000000002,0000000006,0000000002,0000000002,0000000001,1500.00,1,1,0000000001,'PCL',1697921.81,0.00,0.00,0.00,589825.00,90600.00,2378346.81,0.00,0.00,2378346.81,19.00,451885.89,2830232.70,0.00,0.00,0,0.00,0.00,0.00,0.00,0.00,0.00,0.00,0.00,0.00,NULL,NULL,NULL,NULL,NULL,NULL,0000000000,'FGONZALEZ','2019-03-26 11:00:07','VZAMBRANO','2019-03-28 16:02:46'),(0000000008,0000000001,0000000007,0000000002,0000000001,0000000001,0.00,0,0,0000000002,'PRO',744469.58,0.00,0.00,0.00,0.00,30200.00,774669.58,10.00,-77466.96,697202.62,19.00,132468.50,829671.12,0.00,0.00,0,0.00,0.00,0.00,0.00,0.00,0.00,0.00,0.00,0.00,0000000001,NULL,NULL,NULL,NULL,NULL,0000000000,'DAVID','2019-03-27 18:23:40','VZAMBRANO','2019-04-29 17:00:03'),(0000000009,0000000001,0000000008,0000000003,0000000001,0000000001,0.00,0,0,0000000001,'FAC',4395762.52,0.00,463719.20,761600.00,0.00,181200.00,5802281.72,5.40,-313323.21,5488958.51,19.00,1042902.12,6531860.62,0.00,0.00,0,0.00,0.00,0.00,0.00,0.00,0.00,0.00,0.00,0.00,0000000001,627,'2019-05-30','AJUSTES SOLICITADO POR CLIENTE',NULL,NULL,0000000000,'DAVID','2019-03-27 18:49:05','ABOLIVAR','2019-06-24 17:34:04'),(0000000010,0000000001,0000000009,0000000001,0000000002,0000000001,1500.00,1,1,0000000001,'CAN',1799777.66,0.00,0.00,0.00,589825.00,90600.00,2480202.66,0.00,0.00,2480202.66,19.00,471238.51,2951441.17,0.00,0.00,0,0.00,0.00,0.00,0.00,0.00,0.00,0.00,0.00,0.00,NULL,NULL,NULL,'','','',0000000000,'FGONZALEZ','2019-03-28 13:22:43','CAMILOA','2019-06-20 17:39:23'),(0000000011,0000000001,0000000010,0000000001,0000000002,0000000001,30.00,1,1,0000000001,'FAC',563943.48,0.00,0.00,0.00,60625.00,30200.00,654768.48,0.00,0.00,654768.48,19.00,124406.01,779174.49,0.00,0.00,0,0.00,0.00,0.00,0.00,0.00,0.00,0.00,0.00,0.00,0000000001,613,'2019-05-03',NULL,NULL,NULL,0000000000,'FGONZALEZ','2019-03-28 14:05:13','ABOLIVAR','2019-06-25 09:23:18'),(0000000012,0000000001,0000000011,0000000002,0000000001,0000000001,0.00,0,1,0000000001,'CAN',4646970.33,0.00,0.00,330000.00,0.00,286900.00,5263870.33,0.00,0.00,5263870.33,19.00,1000135.36,6264005.69,0.00,0.00,0,0.00,0.00,0.00,0.00,0.00,0.00,0.00,0.00,0.00,NULL,NULL,NULL,'','','',0000000000,'CAMILOA','2019-03-28 15:46:15','CAMILOA','2019-06-20 17:39:10'),(0000000014,0000000001,0000000013,0000000004,0000000001,0000000001,0.00,0,1,0000000001,'FAC',0.00,159733.00,88496.80,0.00,0.00,0.00,248229.80,0.00,0.00,248229.80,19.00,47163.66,295393.46,0.00,0.00,0,0.00,0.00,0.00,0.00,0.00,0.00,0.00,0.00,0.00,0000000001,596,'2019-04-03',NULL,NULL,NULL,0000000000,'CAMILOA','2019-03-29 12:50:52','ABOLIVAR','2019-06-24 17:37:17'),(0000000015,0000000001,0000000014,0000000003,0000000002,0000000001,5.00,1,1,0000000001,'FAC',536330.54,14112.00,0.00,540000.00,51625.00,30200.00,1172267.54,0.00,0.00,1172267.54,19.00,222730.83,1394998.37,0.00,0.00,0,0.00,0.00,0.00,0.00,0.00,0.00,0.00,0.00,0.00,0000000001,605,'2019-04-11',NULL,NULL,NULL,0000000000,'CAMILOA','2019-04-01 16:47:38','ABOLIVAR','2019-06-24 17:36:38'),(0000000016,0000000001,0000000015,0000000003,0000000001,0000000001,0.00,0,1,0000000001,'CAN',1782632.56,2021471.20,0.00,1725000.00,0.00,120800.00,5649903.76,0.00,0.00,5649903.76,19.00,1073481.71,6723385.47,0.00,0.00,0,0.00,0.00,0.00,0.00,0.00,0.00,0.00,0.00,0.00,NULL,NULL,NULL,'','','',0000000000,'CAMILOA','2019-04-01 17:26:38','CAMILOA','2019-06-24 15:23:55'),(0000000017,0000000001,0000000016,0000000001,0000000002,0000000001,50.00,1,1,0000000001,'FAC',468547.50,0.00,24122.00,0.00,67825.00,30200.00,590694.50,0.00,0.00,590694.50,19.00,112231.96,702926.46,0.00,0.00,0,0.00,0.00,0.00,0.00,0.00,0.00,0.00,0.00,0.00,0000000001,610,'2019-04-29',NULL,NULL,NULL,0000000000,'CAMILOA','2019-04-03 13:25:47','ABOLIVAR','2019-06-24 17:38:26'),(0000000018,0000000001,0000000017,0000000003,0000000002,0000000001,1.00,1,1,0000000001,'FAC',1272249.34,506678.20,0.00,0.00,50185.00,75500.00,1904612.54,0.00,0.00,1904612.54,19.00,361876.38,2266488.92,0.00,0.00,0,0.00,0.00,0.00,0.00,0.00,0.00,0.00,0.00,0.00,0000000001,619,'2019-05-15','AGREGAR DIFERENCIAL POR ALOJAMIENTOS (APROX. 150.000)',NULL,NULL,0000000000,'CAMILOA','2019-04-03 16:57:52','ABOLIVAR','2019-06-25 09:31:29'),(0000000019,0000000001,0000000018,0000000003,0000000002,0000000001,100.00,3,1,0000000001,'FAC',1389812.35,0.00,35352.80,0.00,185475.00,75500.00,1686140.15,0.00,0.00,1686140.15,19.00,320366.63,2006506.77,0.00,0.00,0,0.00,0.00,0.00,0.00,0.00,0.00,0.00,0.00,0.00,0000000001,611,'2019-04-29','AGREGAR MAS HORAS, SERVICIO FUE EN INTERIOR MINA, POR LO CUAL EL TIEMPO SE EXTIENDE.',NULL,NULL,0000000000,'CAMILOA','2019-04-03 17:32:37','ABOLIVAR','2019-06-25 09:24:34'),(0000000020,0000000001,0000000019,0000000002,0000000001,0000000001,0.00,0,1,0000000001,'PRO',4646970.33,0.00,0.00,330000.00,0.00,286900.00,5263870.33,0.00,0.00,5263870.33,19.00,1000135.36,6264005.69,0.00,0.00,0,0.00,0.00,0.00,0.00,0.00,0.00,0.00,0.00,0.00,0000000001,NULL,NULL,NULL,NULL,NULL,0000000000,'CAMILOA','2019-04-04 19:19:35','VZAMBRANO','2019-04-29 17:16:36'),(0000000021,0000000001,0000000020,0000000003,0000000002,0000000002,180.00,1,1,0000000001,'CAN',761299.59,4174993.20,0.00,0.00,192320.00,45300.00,5173912.79,0.00,0.00,5173912.79,19.00,983043.43,6156956.22,0.00,0.00,0,0.00,0.00,0.00,0.00,0.00,0.00,0.00,0.00,0.00,NULL,NULL,NULL,'','','',0000000000,'CAMILOA','2019-04-12 12:47:07','CAMILOA','2019-06-24 15:24:19'),(0000000022,0000000001,0000000022,0000000002,0000000001,0000000001,0.00,0,0,0000000001,'FAC',891316.28,0.00,0.00,0.00,0.00,60400.00,951716.28,0.00,0.00,951716.28,19.00,180826.09,1132542.37,0.00,0.00,0,0.00,0.00,0.00,0.00,0.00,0.00,0.00,0.00,0.00,0000000001,625,'2019-05-29',NULL,NULL,NULL,0000000000,'CAMILOA','2019-04-12 17:20:57','ABOLIVAR','2019-06-25 09:25:51'),(0000000023,0000000001,0000000021,0000000003,0000000002,0000000001,30.00,2,1,0000000001,'FAC',789918.55,0.00,0.00,289245.00,110450.00,45300.00,1234913.55,0.00,0.00,1234913.55,19.00,234633.57,1469547.12,0.00,0.00,0,0.00,0.00,0.00,0.00,0.00,0.00,0.00,0.00,0.00,0000000001,624,'2019-05-29',NULL,NULL,NULL,0000000000,'CAMILOA','2019-04-15 14:48:35','ABOLIVAR','2019-06-25 09:25:12'),(0000000024,0000000001,0000000023,0000000002,0000000002,0000000001,120.00,1,1,0000000001,'CAN',425869.44,0.00,0.00,0.00,93025.00,30200.00,549094.44,0.00,0.00,549094.44,19.00,104327.94,653422.39,0.00,0.00,0,0.00,0.00,0.00,0.00,0.00,0.00,0.00,0.00,0.00,NULL,NULL,NULL,NULL,'','',0000000000,'CAMILOA','2019-04-17 17:33:27','CAMILOA','2019-10-18 11:50:23'),(0000000025,0000000001,0000000024,0000000001,0000000002,0000000001,50.00,1,1,0000000001,'PCL',536878.10,0.00,0.00,0.00,67825.00,30200.00,634903.10,0.00,0.00,634903.10,19.00,120631.59,755534.69,0.00,0.00,0,0.00,0.00,0.00,0.00,0.00,0.00,0.00,0.00,0.00,NULL,NULL,NULL,NULL,NULL,NULL,0000000000,'FGONZALEZ','2019-04-22 08:14:26','VZAMBRANO','2019-04-22 10:55:21'),(0000000026,0000000001,0000000025,0000000001,0000000002,0000000001,50.00,1,1,0000000001,'PCL',406745.62,0.00,0.00,0.00,67825.00,15100.00,489670.62,0.00,0.00,489670.62,19.00,93037.42,582708.04,0.00,0.00,0,0.00,0.00,0.00,0.00,0.00,0.00,0.00,0.00,0.00,NULL,NULL,NULL,NULL,NULL,NULL,0000000000,'FGONZALEZ','2019-04-22 16:26:14','VZAMBRANO','2019-04-22 16:27:17'),(0000000027,0000000001,0000000026,0000000003,0000000001,0000000001,0.00,0,0,0000000001,'PRO',1441594.98,6348171.20,0.00,0.00,0.00,90600.00,7880366.18,0.00,0.00,7880366.18,19.00,1497269.57,9377635.75,0.00,0.00,0,0.00,0.00,0.00,0.00,0.00,0.00,0.00,0.00,0.00,0000000001,NULL,NULL,NULL,NULL,NULL,0000000000,'CAMILOA','2019-04-24 23:23:38','VZAMBRANO','2019-06-10 10:09:51'),(0000000028,0000000001,0000000027,0000000001,0000000002,0000000001,40.00,1,1,0000000001,'CAN',527997.47,0.00,0.00,0.00,64225.00,30200.00,622422.47,0.00,0.00,622422.47,19.00,118260.27,740682.74,0.00,0.00,0,0.00,0.00,0.00,0.00,0.00,0.00,0.00,0.00,0.00,NULL,NULL,NULL,NULL,'','',0000000000,'CAMILOA','2019-04-29 15:47:22','CAMILOA','2019-10-18 11:50:42'),(0000000030,0000000001,0000000028,0000000003,0000000002,0000000001,1000.00,1,1,0000000001,'FAC',1674104.04,439815.60,0.00,0.00,409825.00,90600.00,2614344.64,0.00,0.00,2614344.64,19.00,496725.48,3111070.12,0.00,0.00,0,0.00,0.00,0.00,0.00,0.00,0.00,0.00,0.00,0.00,0000000001,618,'2019-05-15',NULL,NULL,NULL,0000000000,'CAMILOA','2019-04-30 14:58:13','ABOLIVAR','2019-06-25 09:30:56'),(0000000031,0000000001,0000000029,0000000003,0000000001,0000000001,0.00,0,1,0000000001,'PCL',2047134.38,0.00,0.00,0.00,0.00,105700.00,2152834.38,0.00,0.00,2152834.38,19.00,409038.53,2561872.92,0.00,0.00,0,0.00,0.00,0.00,0.00,0.00,0.00,0.00,0.00,0.00,NULL,NULL,NULL,NULL,NULL,NULL,0000000000,'FGONZALEZ','2019-05-06 08:43:14','VZAMBRANO','2019-05-10 09:30:31'),(0000000032,0000000001,0000000031,0000000003,0000000001,0000000001,0.00,0,1,0000000001,'PEN',4636098.40,1410988.60,830872.00,2230312.50,0.00,302000.00,9410271.50,0.00,0.00,9410271.50,19.00,1787951.59,11198223.09,0.00,0.00,0,0.00,0.00,0.00,0.00,0.00,0.00,0.00,0.00,0.00,NULL,NULL,NULL,NULL,NULL,NULL,0000000000,'CAMILOA','2019-05-08 17:17:09','CAMILOA','2019-05-10 15:01:18'),(0000000033,0000000001,0000000032,0000000001,0000000002,0000000001,120.00,1,1,0000000001,'PEN',398714.00,0.00,0.00,0.00,93025.00,15100.00,506839.00,0.00,0.00,506839.00,19.00,96299.41,603138.41,0.00,0.00,0,0.00,0.00,0.00,0.00,0.00,0.00,0.00,0.00,0.00,NULL,NULL,NULL,'EJEMPLO DE VALOR DE DIAGNOSTICO EN TERRENO.','','',0000000000,'CAMILOA','2019-05-09 16:28:53','CAMILOA','2019-09-26 18:14:19'),(0000000034,0000000001,0000000034,0000000002,0000000001,0000000001,0.00,0,1,0000000001,'CAN',2778569.40,0.00,0.00,0.00,0.00,181200.00,2959769.40,0.00,0.00,2959769.40,19.00,562356.19,3522125.59,0.00,0.00,0,0.00,0.00,0.00,0.00,0.00,0.00,0.00,0.00,0.00,NULL,NULL,NULL,'','','',0000000000,'CAMILOA','2019-05-10 09:09:14','CAMILOA','2019-06-24 15:23:45'),(0000000035,0000000001,0000000033,0000000001,0000000002,0000000001,50.00,1,1,0000000001,'FAC',694319.32,0.00,0.00,0.00,67825.00,45300.00,807444.32,0.00,0.00,807444.32,19.00,153414.42,960858.74,0.00,0.00,0,0.00,0.00,0.00,0.00,0.00,0.00,0.00,0.00,0.00,0000000001,618,'2019-05-15','SE DEBE COTIZAR HH COMPLETAS, MÁS UN VALOR REFERENCIAL POR AJUSTE DE MOTOR. DESDE DIAGNÓSTICO, DESMONTAJE, TRASLADOS, EVALUACION, REPARACION, MONTAJE Y PUESTA EN MARCHA.\r\n\r\n>>>>> SE MODIFICA NUEVAMENTE, CLIENTE ENVÍA MOTOR A REPARAR A FINNING. SOLO COTIZAR EVALUACIÓN DE MOTOR REALIZADA EN TERRENO.','','',0000000000,'CAMILOA','2019-05-10 09:21:45','ABOLIVAR','2019-07-30 12:43:52'),(0000000036,0000000001,0000000035,0000000002,0000000001,0000000001,0.00,0,1,0000000001,'FAC',1447507.44,703969.00,114672.60,75000.00,0.00,90600.00,2431749.04,0.00,0.00,2431749.04,19.00,462032.32,2893781.36,0.00,0.00,0,0.00,0.00,0.00,0.00,0.00,0.00,0.00,0.00,0.00,0000000001,639,'2019-06-12',NULL,NULL,NULL,0000000000,'CAMILOA','2019-05-14 23:57:13','ABOLIVAR','2019-06-25 09:32:19'),(0000000037,0000000001,0000000036,0000000001,0000000002,0000000001,700.00,1,1,0000000001,'PEN',2131858.22,0.00,0.00,0.00,301825.00,90600.00,2524283.22,0.00,0.00,2524283.22,19.00,479613.81,3003897.03,0.00,0.00,0,0.00,0.00,0.00,0.00,0.00,0.00,0.00,0.00,0.00,NULL,NULL,NULL,NULL,NULL,NULL,0000000000,'CAMILOA','2019-05-17 00:21:55','CAMILOA','2019-05-17 00:24:49'),(0000000038,0000000001,0000000037,0000000003,0000000002,0000000001,50.00,3,1,0000000001,'FAC',3939274.84,0.00,89482.40,0.00,167475.00,166100.00,4362332.24,0.00,0.00,4362332.24,19.00,828843.13,5191175.37,0.00,0.00,0,0.00,0.00,0.00,0.00,0.00,0.00,0.00,0.00,0.00,0000000001,666,'2019-07-05','SERVICIO ES POR INSTALACIÓN DE MOTOR DE DIRECCIÓN REMANUFACTURADO. SE COBRAN ADEMAS LOS VIAJES DE DESMONTAJE, EVALUACIÓN DE COMPONENTE ORIGINAL (DE CLIENTE) Y DE INSTALACIÓN DE COMPONENTE REMANUFACTURADO.','','',0000000000,'CAMILOA','2019-05-17 16:20:31','ABOLIVAR','2019-07-30 12:42:59'),(0000000039,0000000001,0000000038,0000000002,0000000001,0000000001,0.00,0,1,0000000001,'PEN',4706214.27,0.00,0.00,0.00,0.00,211400.00,4917614.27,0.00,0.00,4917614.27,19.00,934346.71,5851960.98,0.00,0.00,0,0.00,0.00,0.00,0.00,0.00,0.00,0.00,0.00,0.00,NULL,NULL,NULL,NULL,NULL,NULL,0000000000,'FGONZALEZ','2019-05-17 20:04:30','FGONZALEZ','2019-05-17 20:53:02'),(0000000040,0000000001,0000000039,0000000002,0000000002,0000000001,40.00,2,1,0000000001,'CAN',1709449.06,0.00,0.00,0.00,0.00,60400.00,1769849.06,0.00,0.00,1769849.06,19.00,336271.32,2106120.38,0.00,0.00,0,0.00,0.00,0.00,0.00,0.00,0.00,0.00,0.00,0.00,NULL,NULL,NULL,'','','',0000000000,'CAMILOA','2019-05-22 12:50:39','CAMILOA','2019-06-24 15:27:03'),(0000000041,0000000001,0000000040,0000000003,0000000002,0000000001,120.00,1,1,0000000001,'FAC',474957.53,0.00,0.00,0.00,93025.00,30200.00,598182.53,0.00,0.00,598182.53,19.00,113654.68,711837.20,0.00,0.00,0,0.00,0.00,0.00,0.00,0.00,0.00,0.00,0.00,0.00,0000000001,623,'2019-05-24',NULL,NULL,NULL,0000000000,'CAMILOA','2019-05-22 14:30:43','ABOLIVAR','2019-06-25 09:32:53'),(0000000043,0000000001,0000000041,0000000003,0000000002,0000000001,750.00,2,1,0000000001,'FAC',1584864.85,271624.64,67541.60,0.00,369650.00,90600.00,2384281.09,0.00,0.00,2384281.09,19.00,453013.41,2837294.50,0.00,0.00,0,0.00,0.00,0.00,0.00,0.00,0.00,0.00,0.00,0.00,0000000001,817,'2019-09-12','MANTENIMIENTO PM3.\r\nREVISION DE CHECKLIST ORICA\r\nTOMA DE MUESTRAS SOS','COORDINAR CON COTIZACIÓN 91. PARA REALIZAR SERVICIOS EN SIMULTANEO.','',0000000000,'CAMILOA','2019-05-23 16:18:00','ABOLIVAR','2019-09-12 14:21:09'),(0000000044,0000000001,0000000042,0000000003,0000000002,0000000001,900.00,2,1,0000000001,'PEN',1649462.39,298503.80,48244.00,0.00,423650.00,90600.00,2510460.19,0.00,0.00,2510460.19,19.00,476987.44,2987447.62,0.00,0.00,0,0.00,0.00,0.00,0.00,0.00,0.00,0.00,0.00,0.00,NULL,NULL,NULL,NULL,NULL,NULL,0000000000,'CAMILOA','2019-05-23 16:28:59','CAMILOA','2019-05-23 23:37:40'),(0000000045,0000000001,0000000043,0000000004,0000000001,0000000001,0.00,0,1,0000000001,'FAC',0.00,653121.00,0.00,0.00,0.00,0.00,653121.00,3.60,-19594.00,633527.00,19.00,120370.00,753898.00,0.00,0.00,0,0.00,0.00,0.00,0.00,0.00,0.00,0.00,0.00,0.00,0000000001,635,'2019-06-05','','','',0000000000,'CAMILOA','2019-05-23 17:00:16','ADMINISTRADOR','2019-08-13 16:19:39'),(0000000046,0000000001,0000000044,0000000002,0000000002,0000000001,35.00,2,1,0000000001,'PEN',2567967.64,0.00,144732.00,0.00,112250.00,90600.00,2915549.64,10.00,-291554.96,2623994.67,19.00,498558.99,3122553.66,0.00,0.00,0,0.00,0.00,0.00,0.00,0.00,0.00,0.00,0.00,0.00,NULL,NULL,NULL,NULL,NULL,NULL,0000000000,'CAMILOA','2019-05-24 16:48:52','CAMILOA','2019-05-30 10:00:08'),(0000000049,0000000001,0000000045,0000000002,0000000001,0000000001,0.00,0,0,0000000001,'FAC',1119508.96,0.00,0.00,0.00,0.00,75500.00,1195008.96,0.00,0.00,1195008.96,19.00,227051.70,1422060.66,0.00,0.00,0,0.00,0.00,0.00,0.00,0.00,0.00,0.00,0.00,0.00,0000000001,654,'2019-06-28','','','',0000000000,'CAMILOA','2019-05-27 10:59:10','ABOLIVAR','2019-07-30 12:46:18'),(0000000050,0000000001,0000000046,0000000001,0000000002,0000000001,50.00,1,1,0000000001,'PEN',505491.93,0.00,24122.00,0.00,67825.00,30200.00,627638.93,0.00,0.00,627638.93,19.00,119251.40,746890.33,0.00,0.00,0,0.00,0.00,0.00,0.00,0.00,0.00,0.00,0.00,0.00,NULL,NULL,NULL,NULL,NULL,NULL,0000000000,'CAMILOA','2019-05-28 12:40:54',NULL,NULL),(0000000051,0000000001,0000000047,0000000002,0000000002,0000000001,30.00,1,0,0000000001,'FAC',694324.60,0.00,0.00,0.00,0.00,30200.00,724524.60,0.00,0.00,724524.60,19.00,137659.67,862184.27,0.00,0.00,0,0.00,0.00,0.00,0.00,0.00,0.00,0.00,0.00,0.00,0000000001,641,'2019-06-24','','','',0000000000,'CAMILOA','2019-05-30 16:17:34','ABOLIVAR','2019-06-24 17:23:15'),(0000000052,0000000001,0000000048,0000000003,0000000002,0000000001,500.00,2,1,0000000001,'PEN',1267450.79,388724.00,48244.00,0.00,279650.00,75500.00,2059568.79,0.00,0.00,2059568.79,19.00,391318.07,2450886.86,0.00,0.00,0,0.00,0.00,0.00,0.00,0.00,0.00,0.00,0.00,0.00,NULL,NULL,NULL,NULL,NULL,NULL,0000000000,'CAMILOA','2019-06-03 12:13:25','CAMILOA','2019-06-03 12:35:54'),(0000000053,0000000001,0000000049,0000000003,0000000001,0000000001,0.00,0,0,0000000001,'FAC',2221633.54,581926.80,0.00,1275000.00,0.00,135900.00,4214460.34,0.00,0.00,4214460.34,19.00,800747.46,5015207.80,0.00,0.00,0,0.00,0.00,0.00,0.00,0.00,0.00,0.00,0.00,0.00,0000000001,654,'2019-06-28','REALIZAR REPARACIONES SEGÚN EVALUACIÓN REALIZADA. CLIENTE PROVEE REPUESTOS.','','',0000000000,'CAMILOA','2019-06-05 15:24:45','ABOLIVAR','2019-07-30 12:46:02'),(0000000054,0000000001,0000000050,0000000001,0000000002,0000000001,100.00,2,1,0000000001,'FAC',539170.59,0.00,33770.80,0.00,135650.00,30200.00,738791.39,0.00,0.00,738791.39,19.00,140370.36,879161.75,0.00,0.00,0,0.00,0.00,0.00,0.00,0.00,0.00,0.00,0.00,0.00,0000000001,638,'2019-06-14','SE MODIFICA COTIZACIÓN. SOLO SE DEJA DIAGNOSTICO, DEBIDO A RECLAMOS DE CLIENTE.','','',0000000000,'CAMILOA','2019-06-05 16:16:20','ABOLIVAR','2019-06-25 09:37:27'),(0000000055,0000000001,0000000051,0000000002,0000000002,0000000001,30.00,1,1,0000000001,'PEN',984830.45,0.00,0.00,0.00,60625.00,45300.00,1090755.45,0.00,0.00,1090755.45,19.00,207243.54,1297998.99,0.00,0.00,0,0.00,0.00,0.00,0.00,0.00,0.00,0.00,0.00,0.00,NULL,NULL,NULL,'CLIENTE SOLICITA EVALUAR COMBA DE REFRIGERANTE MOTOR. DRENAR FLUIDOS, DESMONTAR BOMBA DE AGUA, EVALUAR INTERNAMENTE, REALIZAR INFORME Y LISTADO DE REPUESTOS.','','',0000000000,'CAMILOA','2019-06-06 10:46:15','CAMILOA','2019-06-07 12:30:41'),(0000000056,0000000001,0000000053,0000000003,0000000001,0000000001,0.00,0,0,0000000001,'FAC',5294186.29,0.00,1042277.60,0.00,0.00,226500.00,6562963.60,5.00,-328148.18,6234815.42,19.00,1184614.93,7419430.35,0.00,0.00,0,0.00,0.00,0.00,0.00,0.00,0.00,0.00,0.00,0.00,0000000001,643,'2019-06-26','','','',0000000000,'DAVID','2019-06-07 16:41:04','ADMINISTRADOR','2019-08-14 11:45:49'),(0000000057,0000000001,0000000054,0000000003,0000000001,0000000001,0.00,0,1,0000000001,'FAC',26564428.00,0.00,0.00,0.00,0.00,1389200.00,27953628.00,0.00,0.00,27953628.00,19.00,5311189.00,33264817.00,0.00,0.00,0,0.00,0.00,0.00,0.00,0.00,0.00,0.00,0.00,0.00,0000000001,609,'2019-04-26','REGULARIZAR SERVICIO ABIERTO DICIEMBRE 2018, SE RESUMEN TODAS LAS LABORES.','','',0000000000,'CAMILOA','2019-06-10 11:49:48','ABOLIVAR','2019-08-14 12:29:02'),(0000000058,0000000001,0000000052,0000000003,0000000002,0000000001,600.00,2,1,0000000001,'CAN',2053859.05,3705864.40,0.00,0.00,315650.00,90600.00,6165973.45,0.00,0.00,6165973.45,19.00,1171534.96,7337508.40,0.00,0.00,0,0.00,0.00,0.00,0.00,0.00,0.00,0.00,0.00,0.00,NULL,NULL,NULL,'VIAJE A ZONA DE ARAUCO. INSTALAR ECM NUEVO, REALIZAR PRUEBAS, CARGAR PARÁMETROS.','','',0000000000,'CAMILOA','2019-06-10 12:01:42','CAMILOA','2019-07-02 15:56:28'),(0000000059,0000000001,0000000055,0000000001,0000000002,0000000001,900.00,2,1,0000000001,'FAC',1649462.39,0.00,24122.00,90000.00,423650.00,90600.00,2277834.39,0.00,0.00,2277834.39,19.00,432788.53,2710622.92,0.00,0.00,0,0.00,0.00,0.00,0.00,0.00,0.00,0.00,0.00,0.00,0000000001,646,'2019-06-28','DIAGNOSTICO DE EQUIPO Y SISTEMA HIDRAULICO. CLIENTE INDICA ANOMALÍA EN TERCERA FUNCIÓN. SE DEBE VERIFICAR TODO, ADICIONAL ANÁLISIS DE ACEITE SISTEMA HIDRAULICO.\r\n\r\n','','',0000000000,'CAMILOA','2019-06-10 12:55:49','ABOLIVAR','2019-06-28 10:00:05'),(0000000060,0000000001,0000000056,0000000003,0000000001,0000000001,0.00,0,0,0000000001,'FAC',6338757.00,0.00,1042277.60,761600.00,0.00,256700.00,8399334.60,7.53,-632469.90,7766864.70,19.00,1475704.29,9242569.00,0.00,0.00,0,0.00,0.00,0.00,0.00,0.00,0.00,0.00,0.00,0.00,0000000001,644,'2019-06-26','','','',0000000000,'DAVID','2019-06-10 15:06:53','ABOLIVAR','2019-08-14 11:00:23'),(0000000061,0000000001,0000000058,0000000004,0000000001,0000000001,0.00,0,1,0000000001,'PEN',0.00,726364.80,0.00,0.00,0.00,0.00,726364.80,0.00,0.00,726364.80,19.00,138009.31,864374.11,0.00,0.00,0,0.00,0.00,0.00,0.00,0.00,0.00,0.00,0.00,0.00,NULL,NULL,NULL,'',NULL,NULL,0000000000,'CAMILOA','2019-06-12 13:03:59',NULL,NULL),(0000000062,0000000001,0000000059,0000000004,0000000001,0000000001,0.00,0,1,0000000001,'CAN',0.00,436632.00,0.00,0.00,0.00,0.00,436632.00,0.00,0.00,436632.00,19.00,82960.08,519592.08,0.00,0.00,0,0.00,0.00,0.00,0.00,0.00,0.00,0.00,0.00,0.00,NULL,NULL,NULL,'','','',0000000000,'CAMILOA','2019-06-13 16:36:59','CAMILOA','2019-06-24 15:23:32'),(0000000063,0000000001,0000000060,0000000003,0000000001,0000000001,0.00,0,1,0000000001,'PRO',2254445.84,0.00,0.00,0.00,0.00,151000.00,2405445.84,0.00,0.00,2405445.84,19.00,457034.71,2862480.55,0.00,0.00,0,0.00,0.00,0.00,0.00,0.00,0.00,0.00,0.00,0.00,0000000001,NULL,NULL,'EVALUACIÓN DE TRANSMISIÓN, LISTADO DE REPUESTOS Y RECOMENDACIONES.','','',0000000000,'CAMILOA','2019-06-14 15:28:35','VZAMBRANO','2019-06-18 12:00:27'),(0000000064,0000000001,0000000061,0000000004,0000000001,0000000001,0.00,0,1,0000000001,'FAC',0.00,159775.00,88496.80,0.00,0.00,0.00,248271.80,0.00,0.00,248271.80,19.00,47171.64,295443.44,0.00,0.00,0,0.00,0.00,0.00,0.00,0.00,0.00,0.00,0.00,0.00,0000000001,642,'2019-06-24','','','',0000000000,'CAMILOA','2019-06-18 12:19:19','ABOLIVAR','2019-06-24 17:21:46'),(0000000065,0000000001,0000000062,0000000003,0000000002,0000000001,35.00,1,1,0000000001,'FAC',4544.54,1158332.00,112618.80,0.00,62425.00,0.00,1337920.34,0.00,0.00,1337920.34,19.00,254204.86,1592125.20,0.00,0.00,0,0.00,0.00,0.00,0.00,0.00,0.00,0.00,0.00,0.00,0000000001,648,'2019-06-28','REEMPLAZO DE 1 INYECTOR SEGÚN EVALUACIÓN REALIZADA.','','',0000000000,'CAMILOA','2019-06-18 13:10:55','ABOLIVAR','2019-06-28 12:47:32'),(0000000066,0000000001,0000000063,0000000003,0000000001,0000000001,0.00,0,1,0000000001,'FAC',21754253.28,0.00,8050036.40,1700000.00,0.00,845600.00,32349889.68,5.00,-1617494.48,30732395.20,19.00,5839155.09,36571550.28,0.00,0.00,0,0.00,0.00,0.00,0.00,0.00,0.00,0.00,0.00,0.00,0000000001,660,'2019-07-05','','','',0000000000,'DAVID','2019-06-20 13:25:04','ABOLIVAR','2019-07-05 17:11:32'),(0000000067,0000000001,0000000064,0000000002,0000000001,0000000001,0.00,0,0,0000000001,'FAC',753403.68,0.00,0.00,0.00,0.00,30200.00,783603.68,5.00,-39180.18,744423.50,19.00,141440.46,885863.96,0.00,0.00,0,0.00,0.00,0.00,0.00,0.00,0.00,0.00,0.00,0.00,0000000001,813,'2019-09-06','','','',0000000000,'DAVID','2019-06-20 14:23:21','ABOLIVAR','2019-09-06 16:52:52'),(0000000068,0000000001,0000000065,0000000002,0000000001,0000000001,0.00,0,0,0000000001,'FAC',753403.68,0.00,0.00,0.00,0.00,30200.00,783603.68,5.00,-39180.18,744423.50,19.00,141440.46,885863.96,0.00,0.00,0,0.00,0.00,0.00,0.00,0.00,0.00,0.00,0.00,0.00,0000000001,814,'2019-09-06','','','',0000000000,'DAVID','2019-06-20 14:24:43','ABOLIVAR','2019-09-06 16:54:03'),(0000000069,0000000002,0000000050,0000000003,0000000002,0000000001,100.00,2,1,0000000002,'PRO',645901.13,0.00,0.00,0.00,135650.00,30200.00,811751.13,0.00,0.00,811751.13,19.00,154232.72,965983.85,0.00,0.00,0,0.00,0.00,0.00,0.00,0.00,0.00,0.00,0.00,0.00,0000000002,NULL,NULL,'','','',0000000000,'DAVID','2019-06-24 12:27:16','VZAMBRANO','2019-06-24 15:29:05'),(0000000070,0000000001,0000000066,0000000002,0000000001,0000000001,0.00,0,0,0000000001,'FAC',712440.57,0.00,0.00,0.00,0.00,30200.00,742640.57,0.00,0.00,742640.57,19.00,141101.71,883742.28,0.00,0.00,0,0.00,0.00,0.00,0.00,0.00,0.00,0.00,0.00,0.00,0000000001,815,'2019-09-06','','','',0000000000,'DAVID','2019-06-27 12:42:19','ABOLIVAR','2019-09-06 16:55:52'),(0000000072,0000000001,0000000067,0000000001,0000000002,0000000001,60.00,1,1,0000000001,'CAN',534336.00,0.00,0.00,0.00,71425.00,30200.00,635961.00,0.00,0.00,635961.00,19.00,120832.59,756793.59,0.00,0.00,0,0.00,0.00,0.00,0.00,0.00,0.00,0.00,0.00,0.00,NULL,NULL,NULL,'SERVICIO POR DIAGNOSTICO. VERIFICAR ESTADO DE EQUIPO. CLIENTE INDICA PROBLEMAS CON SELECTOR DE MARCHAS Y QUE EQUIPO NO ARRANCA DESDE LA CHAPA DE CONTACTO. VERIFICAR ESTADO CON ET. Y REALIZAR PRUEBAS.','','',0000000000,'CAMILOA','2019-06-28 12:20:09','CAMILOA','2019-07-11 16:11:06'),(0000000073,0000000002,0000000060,0000000003,0000000001,0000000001,0.00,0,1,0000000001,'FAC',2836647.69,0.00,0.00,0.00,0.00,181200.00,3017847.69,0.00,0.00,3017847.69,19.00,573391.06,3591238.75,0.00,0.00,0,0.00,0.00,0.00,0.00,0.00,0.00,0.00,0.00,0.00,0000000002,658,'2019-07-02','SE IDENTIFICAN LABORES DE REPARACIÓN. SEGÚN LO SOLICITADO POR EL CLIENTE, DENTRO DE LO ENVIADO EN INFORME DE DIAGNOSTICO DEL EQUIPO Y DE EVALUACIÓN DE TRANSMISIÓN.','','',0000000000,'CAMILOA','2019-07-02 14:50:12','ABOLIVAR','2019-07-30 12:35:51'),(0000000074,0000000001,0000000068,0000000003,0000000001,0000000001,0.00,0,1,0000000001,'CAN',2338679.27,0.00,44746.80,0.00,0.00,151000.00,2534426.07,0.00,0.00,2534426.07,19.00,481540.95,3015967.02,0.00,0.00,0,0.00,0.00,0.00,0.00,0.00,0.00,0.00,0.00,0.00,NULL,NULL,NULL,'','','',0000000000,'CAMILOA','2019-07-04 17:46:49','CAMILOA','2019-07-22 13:28:09'),(0000000075,0000000001,0000000069,0000000002,0000000002,0000000001,700.00,1,1,0000000001,'PEN',1460558.41,0.00,144732.00,0.00,301825.00,75500.00,1982615.41,0.00,0.00,1982615.41,19.00,376696.93,2359312.34,0.00,0.00,0,0.00,0.00,0.00,0.00,0.00,0.00,0.00,0.00,0.00,NULL,NULL,NULL,'ANÁLISIS DE EQUIPO AT1 - AT2. TÉCNICOS VAN POR AVIÓN A REALIZAR PRUEBAS. SERVICIO POR REALIZAR EN ANTOFAGASTA.',NULL,NULL,0000000000,'CAMILOA','2019-07-08 16:53:15','CAMILOA','2019-07-11 14:57:44'),(0000000076,0000000001,0000000070,0000000002,0000000001,0000000001,0.00,0,0,0000000001,'FAC',2918034.13,0.00,0.00,0.00,0.00,120800.00,3038834.13,0.00,0.00,3038834.13,19.00,577378.48,3616212.61,0.00,0.00,0,0.00,0.00,0.00,0.00,0.00,0.00,0.00,0.00,0.00,0000000001,821,'2019-09-16','','','',0000000000,'DAVID','2019-07-09 17:27:43','ABOLIVAR','2019-09-16 09:42:33'),(0000000077,0000000002,0000000066,0000000003,0000000001,0000000001,0.00,0,0,0000000001,'FAC',3976769.90,0.00,1328115.60,0.00,0.00,166100.00,5470985.50,0.00,0.00,5470985.50,19.00,1039487.25,6510472.75,0.00,0.00,0,0.00,0.00,0.00,0.00,0.00,0.00,0.00,0.00,0.00,0000000002,815,'2019-09-06','','','',0000000000,'DAVID','2019-07-09 18:31:24','ABOLIVAR','2019-09-06 16:55:21'),(0000000078,0000000002,0000000065,0000000003,0000000001,0000000001,0.00,0,0,0000000001,'FAC',3976769.90,0.00,1328115.60,0.00,0.00,166100.00,5470985.50,0.00,0.00,5470985.50,19.00,1039487.25,6510472.75,0.00,0.00,0,0.00,0.00,0.00,0.00,0.00,0.00,0.00,0.00,0.00,0000000002,814,'2019-09-06','','','',0000000000,'DAVID','2019-07-09 18:33:55','ABOLIVAR','2019-09-06 16:54:24'),(0000000079,0000000002,0000000064,0000000003,0000000001,0000000001,0.00,0,0,0000000001,'FAC',3557266.90,0.00,1328115.60,0.00,0.00,135900.00,5021282.50,0.00,0.00,5021282.50,19.00,954043.68,5975326.18,0.00,0.00,0,0.00,0.00,0.00,0.00,0.00,0.00,0.00,0.00,0.00,0000000002,813,'2019-09-06','','','',0000000000,'DAVID','2019-07-09 18:36:08','ABOLIVAR','2019-09-06 16:53:38'),(0000000080,0000000001,0000000071,0000000001,0000000002,0000000001,700.00,2,1,0000000001,'FAC',1584256.45,0.00,0.00,0.00,351650.00,90600.00,2026506.45,0.00,0.00,2026506.45,19.00,385036.23,2411542.68,0.00,0.00,0,0.00,0.00,0.00,0.00,0.00,0.00,0.00,0.00,0.00,0000000001,816,'2019-09-06','CLIENTE SOLICITA VERIFICAR EN TERRENO PROBLEMA CON EQUIPO. PROBLEMAS AL ARRANCAR Y PROBLEMAS EN SISTEMA HIDRAULICO (INFORMACIÓN INDICADA POR CLIENTE).\r\n\r\nSE VERIFICAN PARÁMETROS, PRUEBAS A MOTOR, TRANSMISIÓN Y SISTEMA HIDRAULICO, ENCONTRANDO ANOMALÍAS EN TODOS LOS SISTEMAS.\r\n\r\nSERVICIO ES EN MINERA LOS COLORADOS, VALLENAR.','','',0000000000,'CAMILOA','2019-07-10 14:14:42','ABOLIVAR','2019-09-06 16:57:58'),(0000000081,0000000002,0000000071,0000000001,0000000002,0000000001,700.00,1,1,0000000001,'PEN',1321020.97,0.00,0.00,0.00,301825.00,90600.00,1713445.97,0.00,0.00,1713445.97,19.00,325554.73,2039000.70,0.00,0.00,0,0.00,0.00,0.00,0.00,0.00,0.00,0.00,0.00,0.00,NULL,NULL,NULL,'',NULL,NULL,0000000000,'CAMILOA','2019-07-10 14:14:49',NULL,NULL),(0000000082,0000000001,0000000073,0000000001,0000000002,0000000001,120.00,2,1,0000000001,'CAN',566291.58,0.00,0.00,0.00,142850.00,30200.00,739341.58,0.00,0.00,739341.58,19.00,140474.90,879816.48,0.00,0.00,0,0.00,0.00,0.00,0.00,0.00,0.00,0.00,0.00,0.00,NULL,NULL,NULL,'SERVICIO DE DIAGNOSTICO AL EQUIPO CONSISTE EN:\r\n- SERVICIO POR REALIZAR EN COMUNA DE PUCHUNCAVI, EN TALLER DE CLIENTE.\r\n- CONECTAR HERRAMIENTA DE DIAGNOSTICO, VERIFICAR CÓDIGOS DE ERROR, REALIZAR PRUEBAS PARA DETECTAR ANOMALÍAS.\r\n- VERIFICAR ORIGEN DE PROBLEMAS EN TRANSMISIÓN.\r\n- VERIFICAR ORIGEN DE FUGAS.\r\n- PRUEBA OPERACIONALES E INFORME TÉCNICO DETALLADO.','','',0000000000,'CAMILOA','2019-07-15 15:38:59','CAMILOA','2019-10-18 11:50:04'),(0000000083,0000000002,0000000073,0000000002,0000000002,0000000001,220.00,3,1,0000000001,'CAN',1324952.26,0.00,144732.00,0.00,228675.00,75500.00,1773859.26,0.00,0.00,1773859.26,19.00,337033.26,2110892.52,0.00,0.00,0,0.00,0.00,0.00,0.00,0.00,0.00,0.00,0.00,0.00,NULL,NULL,NULL,'1. SERVICIO POR REALIZAR EN TERRENO (ZONA PUCHUNCAVÍ)\r\n2. SERVICIO TIENE COMO FINALIDAD, DAR INFORMACIÓN SOBRE ESTADO COMPLETO DEL EQUIPO, MEDIANTE INSPECCIONES Y PRUEBAS A LOS SISTEMAS, PARA ASÍ DETERMINAR EL ESTADO DE CADA UNO Y FUNCIONAMIENTO DEL EQUIPO.\r\n3. INSPECCIÓN VISUAL, FUGAS, PIEZAS FALTANTES, SONIDOS ANORMALES.\r\n4. INSPECCIÓN INSTRUMENTAL CON HERRAMIENTAS ESPECIALIZADAS. TIEMPOS DE CICLOS, PRESIONES EN LOS SISTEMAS, TEMPERATURAS, STALL.\r\n5. REVISIÓN DE SISTEMAS EN DETALLE: MOTOR, TREN DE FUERZA, SISTEMA HIDRÁULICO, SISTEMA ELECTRÓNICO, IMPLEMENTOS, ETC.\r\n6. TOMA DE MUESTRAS DE ACEITES (X6).\r\n7. INFORME DETALLADO DE ESTADO DEL EQUIPO Y TABLA DE VALORES.','','',0000000000,'CAMILOA','2019-07-15 16:10:18','CAMILOA','2019-10-18 11:49:49'),(0000000084,0000000001,0000000072,0000000003,0000000001,0000000001,0.00,0,1,0000000001,'PCL',2486005.94,0.00,0.00,0.00,0.00,0.00,2486005.94,0.00,0.00,2486005.94,19.00,472341.13,2958347.07,0.00,0.00,0,0.00,0.00,0.00,0.00,0.00,0.00,0.00,0.00,0.00,NULL,NULL,NULL,'COTIZACIÓN POR USO DE NAVE DESDE ENVÍO DE PRESUPUESTO HASTA 10 DE AGOSTO, SEGÚN LO SOLICITADO POR CLIENTE.',NULL,NULL,0000000000,'CAMILOA','2019-07-15 16:54:26','VZAMBRANO','2019-07-17 17:45:55'),(0000000085,0000000001,0000000074,0000000003,0000000002,0000000001,700.00,2,1,0000000001,'CAN',1898628.51,2536459.80,0.00,0.00,351650.00,105700.00,4892438.31,10.00,-489243.83,4403194.48,19.00,836606.95,5239801.43,0.00,0.00,0,0.00,0.00,0.00,0.00,0.00,0.00,0.00,0.00,0.00,NULL,NULL,NULL,'REPARACIÓN DE FALLAS ENCONTRADAS EN VISITA DE DIAGNOSTICO.\r\nCAMBIO DE SENSORES Y HARNESS TRANSMISION\r\nCAMBIO DE PIEZAS EN JOYSTICK.\r\nCAMBIO DE TURBOCARGADOR POR UNO NUEVO.','','',0000000000,'CAMILOA','2019-07-17 09:25:29','CAMILOA','2019-08-23 12:56:50'),(0000000086,0000000001,0000000075,0000000001,0000000002,0000000001,70.00,2,1,0000000001,'CAN',1120873.27,0.00,0.00,0.00,124850.00,60400.00,1306123.27,0.00,0.00,1306123.27,19.00,248163.42,1554286.69,0.00,0.00,0,0.00,0.00,0.00,0.00,0.00,0.00,0.00,0.00,0.00,NULL,NULL,NULL,'CLIENTE SOLICITA VISITA BAJO CONDICIÓN DE GARANTÍA.\r\nSE ACUDE EL MISMO DÍA A VERIFICAR 3 FENÓMENOS (EL DÍA 17-07-19):\r\n1. EQUIPO SIN DIRECCIÓN.\r\n2. CADENA PRESENTA SALTOS A REALIZAR TRASLADO.\r\n3. PERDIDA DE NIVEL DE ACEITE, SE FUGA HACIA TRANSMISIÓN.\r\n','','',0000000000,'CAMILOA','2019-07-17 21:56:48','CAMILOA','2019-10-18 11:51:22'),(0000000087,0000000001,0000000076,0000000003,0000000001,0000000001,0.00,0,0,0000000002,'FAC',314372.06,0.00,0.00,0.00,0.00,15100.00,329472.06,0.00,0.00,329472.06,19.00,62599.69,392071.75,0.00,0.00,0,0.00,0.00,0.00,0.00,0.00,0.00,0.00,0.00,0.00,0000000001,811,'2019-09-02','DESMONTAR BOMBA COMBUSTIBLE C4.4  E INSTALAR BOMBA QUE ENVIARÁ CLIENTE.','','',0000000000,'FGONZALEZ','2019-07-19 14:18:22','ABOLIVAR','2019-09-02 17:53:01'),(0000000088,0000000001,0000000077,0000000003,0000000001,0000000001,0.00,0,1,0000000001,'FAC',0.00,0.00,0.00,2115000.00,0.00,0.00,2115000.00,0.00,0.00,2115000.00,19.00,401850.00,2516850.00,0.00,0.00,0,0.00,0.00,0.00,0.00,0.00,0.00,0.00,0.00,0.00,0000000001,668,'2019-07-30','REPARACION DE CILINDRO STICK.','','',0000000000,'CAMILOA','2019-07-22 13:10:28','ABOLIVAR','2019-07-30 12:28:58'),(0000000089,0000000001,0000000078,0000000003,0000000002,0000000001,50.00,1,1,0000000002,'PRO',67265.66,0.00,0.00,0.00,67825.00,0.00,135090.66,0.00,0.00,135090.66,19.00,25667.23,160757.89,0.00,0.00,0,0.00,0.00,0.00,0.00,0.00,0.00,0.00,0.00,0.00,0000000001,NULL,NULL,'GARANTÍA JOYSTICK','','',0000000000,'FGONZALEZ','2019-07-23 12:22:14','VZAMBRANO','2019-07-23 17:03:58'),(0000000090,0000000001,0000000079,0000000001,0000000002,0000000001,120.00,1,1,0000000001,'CAN',562664.32,0.00,0.00,0.00,93025.00,30200.00,685889.32,0.00,0.00,685889.32,19.00,130318.97,816208.29,0.00,0.00,0,0.00,0.00,0.00,0.00,0.00,0.00,0.00,0.00,0.00,NULL,NULL,NULL,'VERIFICAR PROBLEMA DE JOYSTICK EN TERRENO. CLIENTE CAMBIA 2 JOYSTICK POR NUEVOS Y SISTEMA PRESENTA ANORMALIDADES. DETECTAR ORÍGENES DE FALLAS','','',0000000000,'CAMILOA','2019-07-23 17:46:04','CAMILOA','2019-10-18 11:51:42'),(0000000091,0000000001,0000000080,0000000003,0000000002,0000000001,30.00,2,1,0000000001,'PRO',192560.60,0.00,0.00,0.00,110450.00,15100.00,318110.60,0.00,0.00,318110.60,19.00,60441.01,378551.61,0.00,0.00,0,0.00,0.00,0.00,0.00,0.00,0.00,0.00,0.00,0.00,0000000001,NULL,NULL,'CAMBIO DE SELLO EN SISTEMA HIDRÁULICO, SELLO CAMBIADO FRECUENTEMENTE.','','',0000000000,'CAMILOA','2019-07-25 11:35:14','VZAMBRANO','2019-07-25 12:47:59'),(0000000092,0000000001,0000000081,0000000003,0000000002,0000000001,30.00,1,1,0000000001,'FAC',473358.23,0.00,0.00,0.00,60625.00,15100.00,549083.23,0.00,0.00,549083.23,19.00,104325.81,653409.04,0.00,0.00,0,0.00,0.00,0.00,0.00,0.00,0.00,0.00,0.00,0.00,0000000001,823,'2019-09-27','CAMBIO DE FLEXIBLE CON FUGA.\r\nREVISAR FUGA DE ACEITE HIDRAULICA (REPORTADA POR CLIENTE).','','',0000000000,'CAMILOA','2019-07-25 11:37:32','ABOLIVAR','2019-09-27 12:56:28'),(0000000093,0000000002,0000000080,0000000003,0000000002,0000000001,30.00,2,1,0000000001,'FAC',569704.99,0.00,89482.40,0.00,110450.00,30200.00,799837.39,0.00,0.00,799837.39,19.00,151969.10,951806.50,0.00,0.00,0,0.00,0.00,0.00,0.00,0.00,0.00,0.00,0.00,0.00,0000000002,808,'2019-08-21','MANTENIMIENTO PM3.\r\nCAMBIO DE O-RING DE SISTEMA HIDRAULICO.\r\nSE AGREGAN X2 SAE30 (19 L.)\r\nFILTROS Y ACEITE DE MOTOR, APORTE DE CLIENTE.\r\n\r\nREEMPLAZA COT. ANTERIOR ','','',0000000000,'CAMILOA','2019-07-25 18:29:06','ABOLIVAR','2019-08-21 11:12:07'),(0000000094,0000000001,0000000082,0000000003,0000000002,0000000001,80.00,1,1,0000000001,'PRO',413956.14,0.00,0.00,0.00,78625.00,15100.00,507681.14,0.00,0.00,507681.14,19.00,96459.42,604140.56,0.00,0.00,0,0.00,0.00,0.00,0.00,0.00,0.00,0.00,0.00,0.00,0000000001,NULL,NULL,'CLIENTE REPORTA PERDIDA DE DIRECCIÓN.\r\nEN TERRENO SE VERIFICA QUE PROBLEMA ES POR SENSOR, SE REEMPLAZA, EQUIPO OPERATIVO.','','',0000000000,'CAMILOA','2019-07-29 08:39:32','VZAMBRANO','2019-07-31 17:03:30'),(0000000095,0000000001,0000000083,0000000003,0000000002,0000000001,80.00,1,1,0000000001,'PEN',700048.50,0.00,89493.60,0.00,78625.00,30200.00,898367.10,0.00,0.00,898367.10,19.00,170689.75,1069056.85,0.00,0.00,0,0.00,0.00,0.00,0.00,0.00,0.00,0.00,0.00,0.00,NULL,NULL,NULL,'VERIFICAR PRIMERO SI CORRESPONDE A GARANTIA. DEBIDO A INSTALACION DE BOMBAS.\r\nCLIENTE INDICA QUE LUEGO DE ENTREGA DE EQUIPO Y EN PRIMERAS HORAS DE FUNCIONAMIENTO, ESTE PRESENTA LENTITUD EN SISTEMA HIDRAULICO, SONIDO ANORMAL Y CORROBORA FUGA POR SECTOR DE PROTECCIÓN INFERIOR CENTRAL.\r\n','','',0000000000,'CAMILOA','2019-07-29 08:43:51','CAMILOA','2019-07-30 11:08:39'),(0000000096,0000000001,0000000084,0000000003,0000000002,0000000001,65.00,1,1,0000000001,'FAC',379619.40,382172.00,44746.80,0.00,73225.00,15100.00,894863.20,0.00,0.00,894863.20,19.00,170024.01,1064887.21,0.00,0.00,0,0.00,0.00,0.00,0.00,0.00,0.00,0.00,0.00,0.00,0000000001,809,'2019-08-27','CAMBIO DE BLOCK DE V/V ASOCIADO A CILINDRO STICK. SEGÚN EVALUACIONES REALIZADAS EN TERRENO.','CLIENTE COMIENZA PROCESO DE LIBERACIÓN DE OC.','',0000000000,'CAMILOA','2019-07-29 09:01:01','ABOLIVAR','2019-08-27 12:32:14'),(0000000097,0000000001,0000000085,0000000003,0000000002,0000000001,140.00,2,1,0000000001,'FAC',790756.99,693644.00,0.00,0.00,150050.00,30200.00,1664650.99,0.00,0.00,1664650.99,19.00,316283.69,1980934.68,0.00,0.00,0,0.00,0.00,0.00,0.00,0.00,0.00,0.00,0.00,0.00,0000000001,806,'2019-08-13','SOLUCIONAR FUGAS DE MOTOR. CAMBIO DE EMPAQUETADURAS SUPERIORES Y SELLOS (NO INCLUYE EMPAQUETADURA DE CULATA).\r\nCAMBIO DE PERNERIA Y ROTACIÓN DE CUCHILLAS DE BALDE.\r\nSE ELIMINA ITEM, DEBIDO A QUE CLIENTE LO SOLICITA (CAMBIO DE RAMAL DE MOTOR Y SENSOR DE PRESIÓN DE ACEITE)','','',0000000000,'CAMILOA','2019-07-30 11:05:13','ABOLIVAR','2019-08-13 12:53:06'),(0000000098,0000000001,0000000086,0000000003,0000000001,0000000001,0.00,0,1,0000000001,'FAC',289370.52,0.00,0.00,0.00,0.00,15100.00,304470.52,0.00,0.00,304470.52,19.00,57849.40,362319.92,0.00,0.00,0,0.00,0.00,0.00,0.00,0.00,0.00,0.00,0.00,0.00,0000000001,807,'2019-08-13','MANTENIMIENTO PM3.\r\nCLIENTE PROVEE REPUESTOS (FILTROS ALTERNATIVOS)(SOLO ORIGINAL 326-1644 FILTRO SEPARADOR).\r\nCLIENTE PROVEE ACEITE DE MOTOR.','','',0000000000,'CAMILOA','2019-07-30 12:54:15','ABOLIVAR','2019-08-13 14:55:31'),(0000000099,0000000001,0000000087,0000000004,0000000001,0000000001,0.00,0,1,0000000001,'CAN',0.00,0.00,5115398.40,0.00,0.00,0.00,5115398.40,12.00,-613847.81,4501550.59,19.00,855294.61,5356845.20,0.00,0.00,0,0.00,0.00,0.00,0.00,0.00,0.00,0.00,0.00,0.00,NULL,NULL,NULL,'VENTA DE ACEITES PARA PLANTA DE ÁRIDOS.','','',0000000000,'CAMILOA','2019-07-31 13:08:42','CAMILOA','2019-10-18 11:53:36'),(0000000100,0000000002,0000000081,0000000003,0000000002,0000000001,140.00,1,1,0000000001,'FAC',671373.22,0.00,0.00,0.00,100225.00,30200.00,801798.22,0.00,0.00,801798.22,19.00,152341.66,954139.88,0.00,0.00,0,0.00,0.00,0.00,0.00,0.00,0.00,0.00,0.00,0.00,0000000002,823,'2019-09-27','','','',0000000000,'CAMILOA','2019-07-31 16:08:39','ABOLIVAR','2019-09-27 12:56:46'),(0000000101,0000000001,0000000088,0000000003,0000000001,0000000001,0.00,0,1,0000000002,'FAC',671129.32,0.00,0.00,0.00,0.00,30200.00,701329.32,0.00,0.00,701329.32,19.00,133252.57,834581.89,0.00,0.00,0,0.00,0.00,0.00,0.00,0.00,0.00,0.00,0.00,0.00,0000000001,539,'2019-01-16','INSTALACIÓN DE JOYSTICK\r\nNORMALIZACIÓN DE EQUIPO','','',0000000000,'DAVID','2019-07-31 16:45:54','ABOLIVAR','2019-08-02 16:37:00'),(0000000102,0000000001,0000000089,0000000001,0000000002,0000000001,60.00,1,1,0000000001,'FAC',670399.78,0.00,0.00,0.00,71425.00,30200.00,772024.78,0.00,0.00,772024.78,19.00,146684.71,918709.49,0.00,0.00,0,0.00,0.00,0.00,0.00,0.00,0.00,0.00,0.00,0.00,0000000001,802,'2019-08-02','DIAGNOSTICAR SISTEMA ELÉCTRICO, EQUIPO NO ARRANCA, TAMBIÉN PRESENTO PROBLEMAS EN MARCHAS. APROVECHAR DÍA PARA RESOLVER LO QUE SE PUEDA. DAR OBSERVACIONES DE LO QUE SE DETECTE A PARTE DE FALLA INICIAL.','','',0000000000,'CAMILOA','2019-07-31 17:17:52','ABOLIVAR','2019-08-02 16:35:40'),(0000000103,0000000001,0000000090,0000000003,0000000002,0000000001,60.00,2,1,0000000001,'PRO',1568314.08,0.00,0.00,0.00,121250.00,90600.00,1780164.08,0.00,0.00,1780164.08,19.00,338231.17,2118395.25,0.00,0.00,0,0.00,0.00,0.00,0.00,0.00,0.00,0.00,0.00,0.00,0000000001,NULL,NULL,'','','',0000000000,'FGONZALEZ','2019-08-01 09:45:03','VZAMBRANO','2019-08-02 10:57:30'),(0000000104,0000000001,0000000091,0000000003,0000000002,0000000001,750.00,2,1,0000000001,'PRO',1458809.80,293323.80,48244.00,0.00,369650.00,75500.00,2245527.60,0.00,0.00,2245527.60,19.00,426650.24,2672177.84,0.00,0.00,0,0.00,0.00,0.00,0.00,0.00,0.00,0.00,0.00,0.00,0000000001,NULL,NULL,'REALIZAR MANTENIMIENTO PM2.\r\nREALIZAR CHECKLIST PROPORCIONADO POR ORICA.\r\nTOMAR MUESTRAS DE ACEITE.\r\nACEITE LO APORTA CLIENTE.\r\n','','',0000000000,'CAMILOA','2019-08-05 10:34:50','AMENESES','2019-08-29 09:50:18'),(0000000105,0000000001,0000000092,0000000004,0000000001,0000000001,0.00,0,0,0000000001,'CAN',0.00,1470000.00,0.00,0.00,0.00,0.00,1470000.00,0.00,0.00,1470000.00,19.00,279300.00,1749300.00,0.00,0.00,0,0.00,0.00,0.00,0.00,0.00,0.00,0.00,0.00,0.00,NULL,NULL,NULL,'SUMINISTRO DE CARGADOR DE BATERÍA PARA MOTORES CAT G3520C.\r\nIMPORTACIÓN DESDE USA.\r\nTIEMPO DE ENTREGA MÁXIMO: 15 DÍAS HÁBILES.','','',0000000000,'CAMILOA','2019-08-05 14:29:02','CAMILOA','2019-10-18 11:51:55'),(0000000106,0000000001,0000000093,0000000003,0000000001,0000000001,0.00,0,1,0000000001,'CAN',0.00,0.00,0.00,420000.00,0.00,0.00,420000.00,0.00,0.00,420000.00,19.00,79800.00,499800.00,0.00,0.00,0,0.00,0.00,0.00,0.00,0.00,0.00,0.00,0.00,0.00,NULL,NULL,NULL,'MANTENIMIENTO DE MOTOR DE ARRANQUE.\r\nMARCA DELCO REMY, MODELO MT50.\r\n\r\nSERVICIO CONSIDERA:\r\n*KIT DE REPARACION.\r\n*BUJES\r\n*JUEGO DE CARBONES\r\n*PORTA CARBONES\r\n*IMPULSOR (BENDIX)\r\n*HORQUILLA\r\n*SOLENOIDE PRINCIPAL\r\n*INSUMOS ELECTRICOS Y MANO DE OBRA','','',0000000000,'CAMILOA','2019-08-05 16:16:44','CAMILOA','2019-10-18 11:52:40'),(0000000112,0000000002,0000000070,0000000003,0000000001,0000000001,0.00,0,0,0000000001,'FAC',7508498.28,16629698.40,140406.00,24391600.00,0.00,302000.00,48972202.68,0.00,0.00,48972202.68,19.00,9304718.51,58276921.19,0.00,0.00,0,0.00,0.00,0.00,0.00,0.00,0.00,0.00,0.00,0.00,0000000002,821,'2019-09-16','','','',0000000000,'DAVID','2019-08-05 16:29:47','ABOLIVAR','2019-09-16 09:42:58'),(0000000113,0000000001,0000000094,0000000002,0000000002,0000000001,80.00,2,1,0000000001,'FAC',1186275.77,0.00,29659.00,279069.00,128450.00,60400.00,1683853.77,0.00,0.00,1683853.77,19.00,319932.22,2003785.98,0.00,0.00,0,0.00,0.00,0.00,0.00,0.00,0.00,0.00,0.00,0.00,0000000001,810,'2019-08-30','REALIZAR EVALUACIONES:\r\n-FUGAS EN TREN DE POTENCIA. (REQUIERE LAVADO DE TREN DE POTENCIA Y DE ENFRIADORES EN LA MAQUINA). HACER FUNCIONAR SISTEMAS PARA DIAGNOSTICAR FUGAS.\r\n-EVALUAR TURBO Y PRUEBAS A MOTOR (EJ. PRESIÓN DE REFUERZO, TURBO INSPECCIÓN VISUAL).\r\n-REALIZAR PRUEBAS DE STALL.\r\n-EVALUAR FUNCIONAMIENTO SWITCH DE PRESIÓN DE FRENO. (ACTUALMENTE ESTA CON BYPASS)\r\n-EVALUAR ALZAS DE TEMPERATURA EN TRANSMISION.\r\n-VERIFICAR HOLGURAS EN CARDANES, CILINDROS DE DIRECCIÓN (PASADORES, ETC.)\r\n-DESMONTAR MOTOR ARRANQUE PARA MANTENIMIENTO.\r\n-FUGA DEPOSITO AUXILIAR REFRIGERANTE.','','',0000000000,'CAMILOA','2019-08-07 18:07:03','ABOLIVAR','2019-09-25 14:25:32'),(0000000114,0000000002,0000000094,0000000003,0000000001,0000000001,80.00,2,1,0000000001,'FAC',1257612.40,0.00,67767.00,0.00,0.00,75500.00,1400879.40,0.00,0.00,1400879.40,19.00,266167.09,1667046.49,0.00,0.00,0,0.00,0.00,0.00,0.00,0.00,0.00,0.00,0.00,0.00,0000000002,810,'2019-08-30','REPARACIONES EN TALLER:\r\n- REPARACION SENSOR DE ACUMULADOR DE FRENO (REPARACION PROVISORIA DE CABLEADO).\r\n- DESMONTAR Y DESARMAR DESDE BASES LOS ENFRIADORES. (RADIADOR, AIRE, HIDRÁULICO, TRANSMISIÓN).\r\n- ARMAR Y MONTAR ENFRIADORES.\r\n\r\nNOTA: SOLO CONSIDERA HH. PENDIENTE CARGAR EN OTRA COTIZACIÓN, INSUMOS, REPUESTOS (SEGÚN DAÑOS) Y TRABAJOS DE TERCEROS (LIMPIEZA Y PRUEBAS A ENFRIADORES).','','',0000000000,'CAMILOA','2019-08-07 18:08:49','ABOLIVAR','2019-09-25 14:25:52'),(0000000115,0000000001,0000000095,0000000004,0000000001,0000000001,0.00,0,1,0000000001,'CAN',0.00,1071000.00,0.00,0.00,0.00,0.00,1071000.00,0.00,0.00,1071000.00,19.00,203490.00,1274490.00,0.00,0.00,0,0.00,0.00,0.00,0.00,0.00,0.00,0.00,0.00,0.00,NULL,NULL,NULL,'SUMINISTRO DE MANTENEDORES DE ACEITE MURPHY LM305. PARA MOTORES CAT G3520C','','',0000000000,'CAMILOA','2019-08-09 14:02:10','CAMILOA','2019-10-18 11:52:55'),(0000000116,0000000001,0000000096,0000000002,0000000001,0000000001,0.00,0,0,0000000001,'PRO',712440.57,0.00,0.00,544000.00,0.00,30200.00,1286640.57,0.00,0.00,1286640.57,19.00,244461.71,1531102.28,0.00,0.00,0,0.00,0.00,0.00,0.00,0.00,0.00,0.00,0.00,0.00,0000000001,NULL,NULL,'','','',0000000000,'DAVID','2019-08-09 14:33:50','VZAMBRANO','2019-08-13 10:37:14'),(0000000117,0000000001,0000000097,0000000003,0000000002,0000000001,70.00,1,1,0000000001,'PRO',505735.29,0.00,0.00,0.00,75025.00,30200.00,610960.29,0.00,0.00,610960.29,19.00,116082.46,727042.75,0.00,0.00,0,0.00,0.00,0.00,0.00,0.00,0.00,0.00,0.00,0.00,0000000001,NULL,NULL,'VERIFICAR PRESIONES DE SISTEMA, CLIENTE INDICA QUE EQUIPO ESTÁ LENTO Y ES IMPOSIBLE DE OPERAR. VER TIEMPOS DE CICLOS.','','',0000000000,'CAMILOA','2019-08-12 11:25:10','VZAMBRANO','2019-08-13 10:38:36'),(0000000118,0000000001,0000000098,0000000003,0000000002,0000000001,80.00,1,1,0000000001,'PRO',397665.68,0.00,0.00,0.00,78625.00,15100.00,491390.68,0.00,0.00,491390.68,19.00,93364.23,584754.90,0.00,0.00,0,0.00,0.00,0.00,0.00,0.00,0.00,0.00,0.00,0.00,0000000001,NULL,NULL,'CAMBIO DE TECHO DE FIBRA.\r\nCAMBIO DE RETROVISOR LH\r\nCAMBIO DE TAPABARRO FLH.','','',0000000000,'CAMILOA','2019-08-13 10:49:08','VZAMBRANO','2019-08-22 15:31:28'),(0000000119,0000000001,0000000099,0000000002,0000000001,0000000001,0.00,0,0,0000000002,'CAN',390798.77,0.00,0.00,0.00,0.00,15100.00,405898.77,0.00,0.00,405898.77,19.00,77120.77,483019.53,0.00,0.00,0,0.00,0.00,0.00,0.00,0.00,0.00,0.00,0.00,0.00,NULL,NULL,NULL,'CLIENTE REQUIERE EVALUACIONES DE COMPONENTES. CONTROL HIDRAULICO Y JOYSTICK.\r\nCLIENTE INDICA QUE EQUIPO PRESENTA PROBLEMAS EN SISTEMA HIDRAULICO, FUNCIÓN DE LEVANTE.\r\nINDICAR ESTADO INTERNO Y PIEZAS A CAMBIAR. REALIZAR INFORME DE EVALUACION.','CLIENTE RECHAZA SERVICIO, VALOR POR EVALUACIÓN DE COMPONENTE EN TALLER ES MUY ALTA, TOMANDO EN CUENTA QUE LUEGO VIENE REPARACIÓN Y REPUESTOS INVOLUCRADOS.','',0000000000,'CAMILOA','2019-08-13 14:50:42','CAMILOA','2019-09-05 08:05:25'),(0000000120,0000000002,0000000096,0000000003,0000000001,0000000001,0.00,0,0,0000000001,'PRO',4086889.98,0.00,806877.40,470900.00,0.00,166100.00,5530767.38,0.00,0.00,5530767.38,19.00,1050845.80,6581613.18,0.00,0.00,0,0.00,0.00,0.00,0.00,0.00,0.00,0.00,0.00,0.00,0000000002,NULL,NULL,'','','',0000000000,'DAVID','2019-08-13 14:56:00','VZAMBRANO','2019-08-13 17:20:17'),(0000000121,0000000001,0000000100,0000000003,0000000001,0000000001,0.00,0,0,0000000001,'CAN',109234.97,0.00,0.00,5295000.00,0.00,0.00,5404234.97,0.00,0.00,5404234.97,19.00,1026804.64,6431039.61,0.00,0.00,0,0.00,0.00,0.00,0.00,0.00,0.00,0.00,0.00,0.00,NULL,NULL,NULL,'REPARACION DE PANTOGRAFO.\r\nENDEREZAR SECCIONES DOBLADAS.\r\nSOLDAR PARTE FRACTURADA. (BASE ORIGINAL PROPORCIONADA POR CLIENTE).\r\nRECUPERAR Y BARRENAR TODOS LOS PUNTOS (ALOJAMIENTOS).\r\nINCLUYE BUJES Y GUARDAPOLVOS.\r\nREPARACION DE LINK DE VOLTEO.\r\nRECUPERAR Y BARRENAR TODOS LOS PUNTOS (ALOJAMIENTOS).\r\nINCLUYE BUJES.\r\n\r\n(NO INCLUYEN PASADORES)','','',0000000000,'CAMILOA','2019-08-13 16:31:36','CAMILOA','2019-10-18 11:53:20'),(0000000122,0000000002,0000000100,0000000003,0000000001,0000000001,0.00,0,1,0000000001,'CAN',191161.19,0.00,0.00,3965400.00,0.00,0.00,4156561.19,0.00,0.00,4156561.19,19.00,789746.63,4946307.82,0.00,0.00,0,0.00,0.00,0.00,0.00,0.00,0.00,0.00,0.00,0.00,NULL,NULL,NULL,'REPARACION DE BALDE.\r\nEXTRAER Y CAMBIAR BASE DE CUCHILLAS.\r\nFABRICACIÓN DE CUCHILLAS (ELEMENTOS DE DESGASTE). (INCLUYE CAMBIO DE PERNOS).\r\nRECUPERACIÓN Y BARRENADO DE PUNTOS DE ANCLAJE.\r\nEXTRAER Y CAMBIAR FONDO DE BALDE.','','',0000000000,'CAMILOA','2019-08-13 16:36:47','CAMILOA','2019-10-18 11:53:09'),(0000000123,0000000001,0000000101,0000000003,0000000002,0000000001,100.00,1,1,0000000001,'PCL',537486.50,285139.40,116242.00,0.00,85825.00,30200.00,1054892.90,0.00,0.00,1054892.90,19.00,200429.65,1255322.55,0.00,0.00,0,0.00,0.00,0.00,0.00,0.00,0.00,0.00,0.00,0.00,NULL,NULL,NULL,'REALIZAR MANTENIMIENTO DE 250 HORAS EN TERRENO, ACTIVIDADES SEGÚN PML EN SIS.','','',0000000000,'CAMILOA','2019-08-14 09:28:07','AMENESES','2019-08-27 09:29:29'),(0000000124,0000000002,0000000101,0000000003,0000000002,0000000001,100.00,1,1,0000000001,'PCL',537486.50,301688.80,212730.00,0.00,85825.00,30200.00,1167930.30,0.00,0.00,1167930.30,19.00,221906.76,1389837.06,0.00,0.00,0,0.00,0.00,0.00,0.00,0.00,0.00,0.00,0.00,0.00,NULL,NULL,NULL,'REALIZAR MANTENIMIENTO DE 500 HORAS EN TERRENO, ACTIVIDADES SEGÚN PML EN SIS.','','',0000000000,'CAMILOA','2019-08-16 09:02:02','AMENESES','2019-08-27 09:30:00'),(0000000125,0000000003,0000000101,0000000003,0000000002,0000000002,70.00,1,1,0000000002,'PCL',343982.99,635164.60,548109.80,0.00,132920.00,15100.00,1675277.39,4.00,-67011.10,1608266.30,19.00,305570.60,1913836.90,0.00,0.00,0,0.00,0.00,0.00,0.00,0.00,0.00,0.00,0.00,0.00,NULL,NULL,NULL,'REALIZAR MANTENIMIENTO DE 1000 HORAS EN TERRENO, ACTIVIDADES SEGÚN PML EN SIS.','','',0000000000,'CAMILOA','2019-08-16 09:42:29','DAVID','2019-09-27 09:15:03'),(0000000126,0000000004,0000000101,0000000003,0000000002,0000000001,100.00,1,1,0000000001,'PCL',1072072.12,656430.60,925801.80,0.00,85825.00,60400.00,2800529.52,0.00,0.00,2800529.52,19.00,532100.61,3332630.13,0.00,0.00,0,0.00,0.00,0.00,0.00,0.00,0.00,0.00,0.00,0.00,NULL,NULL,NULL,'REALIZAR MANTENIMIENTO DE 2.000 HORAS. SEGÚN ACTIVIDADES EN SIS PML.',NULL,NULL,0000000000,'CAMILOA','2019-08-16 09:59:38','AMENESES','2019-08-23 12:44:20'),(0000000127,0000000001,0000000102,0000000001,0000000002,0000000001,900.00,2,1,0000000001,'CAN',1649462.39,0.00,0.00,0.00,423650.00,90600.00,2163712.39,0.00,0.00,2163712.39,19.00,411105.35,2574817.74,0.00,0.00,0,0.00,0.00,0.00,0.00,0.00,0.00,0.00,0.00,0.00,NULL,NULL,NULL,'EQUIPO SE ENCUENTRA BLOQUEADO.\r\nNO CAMBIA DE SEGUNDA MARCHA.\r\nNO ARRANCA.','','',0000000000,'CAMILOA','2019-08-21 15:42:11','CAMILOA','2019-08-23 12:56:07'),(0000000128,0000000003,0000000094,0000000003,0000000001,0000000001,0.00,0,1,0000000001,'FAC',108567.36,29332.80,59318.00,297885.00,0.00,0.00,495103.16,0.00,0.00,495103.16,19.00,94069.60,589172.76,0.00,0.00,0,0.00,0.00,0.00,0.00,0.00,0.00,0.00,0.00,0.00,0000000003,810,'2019-08-30','','','',0000000000,'CAMILOA','2019-08-22 17:50:18','ABOLIVAR','2019-09-25 14:26:07'),(0000000129,0000000001,0000000103,0000000002,0000000001,0000000001,0.00,0,0,0000000001,'PRO',753403.68,0.00,0.00,0.00,0.00,30200.00,783603.68,0.00,0.00,783603.68,19.00,148884.70,932488.38,0.00,0.00,0,0.00,0.00,0.00,0.00,0.00,0.00,0.00,0.00,0.00,0000000001,NULL,NULL,'EVALUACIÓN PARA DESARME DE MÓDULO DE MOTOR CUMMINS QSK60','','',0000000000,'DAVID','2019-08-23 10:41:17','VZAMBRANO','2019-08-23 16:27:45'),(0000000130,0000000001,0000000105,0000000002,0000000001,0000000001,0.00,0,0,0000000001,'PRO',767058.05,0.00,0.00,0.00,0.00,30200.00,797258.05,0.00,0.00,797258.05,19.00,151479.03,948737.08,0.00,0.00,0,0.00,0.00,0.00,0.00,0.00,0.00,0.00,0.00,0.00,0000000001,NULL,NULL,'','','',0000000000,'DAVID','2019-08-26 09:43:08','AMENESES','2019-08-27 11:01:11'),(0000000131,0000000001,0000000104,0000000003,0000000002,0000000001,800.00,2,1,0000000001,'FAC',1837072.97,352779.00,48244.00,0.00,387650.00,105700.00,2731445.97,0.00,0.00,2731445.97,19.00,518974.74,3250420.71,0.00,0.00,0,0.00,0.00,0.00,0.00,0.00,0.00,0.00,0.00,0.00,0000000001,822,'2019-09-27','REALIZAR MANTENCION PM4, SEGUN PML SIS. REALIZAR CHECKLIST SEGÚN OT 97546516.','SERVICIO POR REALIZAR EN VALLENAR. MINERA LOS COLORADOS.','',0000000000,'CAMILOA','2019-08-26 11:13:19','ABOLIVAR','2019-09-27 12:02:38'),(0000000132,0000000001,0000000106,0000000003,0000000001,0000000001,0.00,0,0,0000000001,'FAC',157441.22,0.00,0.00,0.00,0.00,15100.00,172541.22,0.00,0.00,172541.22,19.00,32782.83,205324.05,0.00,0.00,0,0.00,0.00,0.00,0.00,0.00,0.00,0.00,0.00,0.00,0000000001,811,'2019-09-02','DESMONTAR BOMBA INYECTORA (CLIENTE REQUIERE REALIZAR PRUEBA).\r\nMONTAR BOMBA INYECTORA (CLIENTE DEVUELVE COMPONENTE EN BUEN ESTADO).\r\n\r\n-SINCRONIZAR MOTOR. (CIL. 1 PMS).\r\n-DESMONTAR PERIFERICOS.\r\n-TRABAJAR EN ZONA DE HOUSING FRONTAL.\r\n-REMOVER BOMBA INYECTORA.\r\n-INSTALAR BOMBA INYECTORA.\r\n-INSTALAR CON SINCRONÍA (CON HERRAMIENTA ESPECIAL). SINCRONZIAR ENGRANAJES.\r\n-MONTAR DAMPER.\r\n-INSTALAR PERIFÉRICOS (BBA. AGUA, ASPA, ETC.).\r\n-COMPLETAR NIVEL DE REFRIGERANTE.','','',0000000000,'CAMILOA','2019-08-26 12:46:28','ABOLIVAR','2019-09-06 17:02:10'),(0000000133,0000000001,0000000107,0000000003,0000000002,0000000001,1000.00,2,1,0000000001,'PCL',1650679.19,153449.80,48244.00,0.00,459650.00,90600.00,2402622.99,0.00,0.00,2402622.99,19.00,456498.37,2859121.35,0.00,0.00,0,0.00,0.00,0.00,0.00,0.00,0.00,0.00,0.00,0.00,NULL,NULL,NULL,'SERVICIO EN COPIAPO.\r\n-REALIZAR PM2, SEGUN PAUTA PLM EN SIS.\r\n- VERIFICAR ESTADO DE EQUIPO.\r\n- CHECKLIST SEGUN OT DE ORICA 97587246\r\n- MUESTRA DE ACEITE A MOTOR Y SIST. HIDRAULICO.',NULL,NULL,0000000000,'CAMILOA','2019-08-26 14:06:44','AMENESES','2019-08-30 19:12:11'),(0000000134,0000000001,0000000108,0000000002,0000000002,0000000002,160.00,2,1,0000000001,'PRO',1078521.66,0.00,0.00,0.00,276640.00,60400.00,1415561.66,0.00,0.00,1415561.66,19.00,268956.72,1684518.38,0.00,0.00,0,0.00,0.00,0.00,0.00,0.00,0.00,0.00,0.00,0.00,0000000001,NULL,NULL,'A EQUIPO SE LE CAMBIO BOMBA INYECTORA Y 6 INYECTORES (TODO NUEVO Y ORIGINAL). ESTO REALIZADO POR EL MISMO CLIENTE.\r\n-OTROS PROVEEDORES (INGRESARON CÓDIGOS TRIM, Y REGULARON VÁLVULAS DE MOTOR).\r\n-CLIENTE TAMBIÉN CAMBIO SENSOR DE PRESIÓN DE COMBUSTIBLE (INDICA QUE ES EL DE LA BOMBA).\r\n-CLIENTE INDICA QUE EQUIPO NO TIENE CÓDIGOS ACTIVOS.\r\n\r\nSÍNTOMAS:\r\n-HUMO NEGRO A 1.500 RPM.\r\n-CUESTA QUE EQUIPO ARRANQUE.\r\n-CONDICIÓN ANTERIOR A CAMBIO DE PIEZAS ES IGUAL A LA CONDICIÓN ACTUAL (CON CAMBIO DE PIEZAS).\r\n\r\nREVISAR TODO SISTEMA DE MOTOR Y SISTEMA ELECTRÓNICO. REALIZAR PRUEBAS CLAVES A MOTOR PARA DETERMINAR PROBLEMAS DE POTENCIA. (COMO PRUEBA DE STALL, PRESIÓN DE REFUERZO, COMPORTAMIENTO DE MOTOR, ETC.).','LLEVAR HERRAMIENTAS PARA REALIZAR TODAS LAS PRUEBAS Y HERRAMIENTA EN CASO DE RE INSTALAR BOMBA.','',0000000000,'CAMILOA','2019-08-27 15:46:31','AMENESES','2019-08-27 16:54:07'),(0000000135,0000000001,0000000109,0000000001,0000000002,0000000002,180.00,1,1,0000000001,'FAC',666630.70,0.00,0.00,0.00,192320.00,30200.00,889150.70,0.00,0.00,889150.70,19.00,168938.63,1058089.34,0.00,0.00,0,0.00,0.00,0.00,0.00,0.00,0.00,0.00,0.00,0.00,0000000001,820,'2019-09-13','A EQUIPO SE LE CAMBIO BOMBA INYECTORA Y 6 INYECTORES (TODO NUEVO Y ORIGINAL). ESTO REALIZADO POR EL MISMO CLIENTE.\r\n-OTROS PROVEEDORES (INGRESARON CÓDIGOS TRIM, Y REGULARON VÁLVULAS DE MOTOR).\r\n-CLIENTE TAMBIÉN CAMBIO SENSOR DE PRESIÓN DE COMBUSTIBLE (INDICA QUE ES EL DE LA BOMBA).\r\n-CLIENTE INDICA QUE EQUIPO NO TIENE CÓDIGOS ACTIVOS.\r\n\r\nSÍNTOMAS:\r\n-HUMO NEGRO A 1.500 RPM.\r\n-CUESTA QUE EQUIPO ARRANQUE.\r\n-CONDICIÓN ANTERIOR A CAMBIO DE PIEZAS ES IGUAL A LA CONDICIÓN ACTUAL (CON CAMBIO DE PIEZAS).\r\n\r\nREALIZAR PRUEBAS CLAVES A MOTOR PARA DETERMINAR PROBLEMAS DE POTENCIA. (COMO PRUEBA DE STALL, PRESIÓN DE REFUERZO, COMPORTAMIENTO DE MOTOR, ETC.).','','',0000000000,'CAMILOA','2019-08-28 13:28:14','ABOLIVAR','2019-09-13 16:32:40'),(0000000136,0000000002,0000000103,0000000003,0000000001,0000000001,0.00,0,0,0000000001,'PRO',4883026.99,0.00,806877.40,693600.00,0.00,196300.00,6579804.39,5.00,-328990.22,6250814.17,19.00,1187654.69,7438468.87,0.00,0.00,0,0.00,0.00,0.00,0.00,0.00,0.00,0.00,0.00,0.00,0000000002,NULL,NULL,'','','',0000000000,'DAVID','2019-08-29 08:38:14','AMENESES','2019-08-29 10:39:57'),(0000000137,0000000002,0000000105,0000000003,0000000001,0000000001,0.00,0,0,0000000001,'PRO',4883026.99,0.00,806877.40,693600.00,0.00,196300.00,6579804.39,5.00,-328990.22,6250814.17,19.00,1187654.69,7438468.87,0.00,0.00,0,0.00,0.00,0.00,0.00,0.00,0.00,0.00,0.00,0.00,0000000002,NULL,NULL,'','','',0000000000,'DAVID','2019-08-29 08:46:53','AMENESES','2019-08-29 10:40:50'),(0000000138,0000000001,0000000115,0000000001,0000000002,0000000001,30.00,1,1,0000000002,'CAN',341539.42,0.00,0.00,0.00,60625.00,15100.00,417264.42,0.00,0.00,417264.42,19.00,79280.24,496544.66,0.00,0.00,0,0.00,0.00,0.00,0.00,0.00,0.00,0.00,0.00,0.00,NULL,NULL,NULL,'DIAGNOSTICO MOTOR EN CAMIÓN STERLING.\r\nCLIENTE INDICA QUE MOTOR NO ARRANCA Y PRESIÓN DE COMBUSTIBLE TIENE VALORES ALTOS.','','',0000000000,'CAMILOA','2019-08-29 14:56:34','CAMILOA','2019-10-18 11:54:15'),(0000000139,0000000001,0000000110,0000000003,0000000002,0000000001,1000.00,2,1,0000000001,'PCL',1650679.19,235480.00,48244.00,0.00,459650.00,90600.00,2484653.19,0.00,0.00,2484653.19,19.00,472084.11,2956737.29,0.00,0.00,0,0.00,0.00,0.00,0.00,0.00,0.00,0.00,0.00,0.00,NULL,NULL,NULL,'SERVICIO EN COPIAPO.\r\n-REALIZAR PM2, SEGUN PAUTA PLM EN SIS.\r\n- VERIFICAR ESTADO DE EQUIPO.\r\n- CHECKLIST SEGUN OT DE ORICA 97585734\r\n- MUESTRA DE ACEITE A MOTOR Y SIST. HIDRAULICO.',NULL,NULL,0000000000,'CAMILOA','2019-08-29 14:59:58','AMENESES','2019-08-30 19:11:46'),(0000000140,0000000001,0000000111,0000000003,0000000002,0000000001,1000.00,2,1,0000000001,'PCL',1650679.19,235480.00,48244.00,0.00,459650.00,90600.00,2484653.19,0.00,0.00,2484653.19,19.00,472084.11,2956737.29,0.00,0.00,0,0.00,0.00,0.00,0.00,0.00,0.00,0.00,0.00,0.00,NULL,NULL,NULL,'SERVICIO EN COPIAPO.\r\n-REALIZAR PM2, SEGUN PAUTA PLM EN SIS.\r\n- VERIFICAR ESTADO DE EQUIPO.\r\n- CHECKLIST SEGUN OT DE ORICA 97555035\r\n- MUESTRA DE ACEITE A MOTOR Y SIST. HIDRAULICO.',NULL,NULL,0000000000,'CAMILOA','2019-08-29 15:01:55','AMENESES','2019-08-30 19:11:27'),(0000000141,0000000001,0000000112,0000000003,0000000002,0000000001,1000.00,2,1,0000000001,'PCL',1650679.19,237021.40,48244.00,0.00,459650.00,90600.00,2486194.59,0.00,0.00,2486194.59,19.00,472376.97,2958571.56,0.00,0.00,0,0.00,0.00,0.00,0.00,0.00,0.00,0.00,0.00,0.00,NULL,NULL,NULL,'SERVICIO EN COPIAPO.\r\n-REALIZAR PM2, SEGUN PAUTA PLM EN SIS.\r\n- VERIFICAR ESTADO DE EQUIPO.\r\n- CHECKLIST SEGUN OT DE ORICA 97581587\r\n- MUESTRA DE ACEITE A MOTOR Y SIST. HIDRAULICO.',NULL,NULL,0000000000,'CAMILOA','2019-08-29 15:06:10','AMENESES','2019-08-30 11:19:28'),(0000000142,0000000001,0000000116,0000000003,0000000001,0000000001,0.00,0,1,0000000002,'PEN',18975000.00,0.00,0.00,0.00,0.00,890900.00,19865900.00,0.00,0.00,19865900.00,19.00,3774521.00,23640421.00,0.00,0.00,0,0.00,0.00,0.00,0.00,0.00,0.00,0.00,0.00,0.00,NULL,NULL,NULL,'CUENTA INTERNA: TALLER',NULL,NULL,0000000000,'DAVID','2019-08-29 16:03:54','ADMINISTRADOR','2019-09-09 15:47:56'),(0000000143,0000000002,0000000116,0000000003,0000000001,0000000001,0.00,0,1,0000000002,'PEN',18975000.00,0.00,0.00,0.00,0.00,890900.00,19865900.00,0.00,0.00,19865900.00,19.00,3774521.00,23640421.00,0.00,0.00,0,0.00,0.00,0.00,0.00,0.00,0.00,0.00,0.00,0.00,NULL,NULL,NULL,'CUENTA INTERNA: VEHICULOS',NULL,NULL,0000000000,'DAVID','2019-08-29 16:05:03','ADMINISTRADOR','2019-09-09 15:47:43'),(0000000144,0000000001,0000000113,0000000003,0000000002,0000000001,800.00,2,1,0000000001,'PCL',1522700.91,155061.20,24122.00,0.00,387650.00,90600.00,2180134.11,0.00,0.00,2180134.11,19.00,414225.48,2594359.60,0.00,0.00,0,0.00,0.00,0.00,0.00,0.00,0.00,0.00,0.00,0.00,NULL,NULL,NULL,'SERVICIO EN VALLENAR.\r\n- REALIZAR PM1, SEGUN PAUTA PLM EN SIS.\r\n- VERIFICAR ESTADO DE EQUIPO.\r\n- CHECKLIST SEGUN OT DE ORICA 97589076\r\n- MUESTRA DE ACEITE A MOTOR.','','',0000000000,'CAMILOA','2019-08-30 09:05:02','AMENESES','2019-09-10 08:54:22'),(0000000145,0000000001,0000000114,0000000003,0000000002,0000000001,1000.00,2,1,0000000001,'PCL',1965051.25,391111.00,48244.00,0.00,459650.00,105700.00,2969756.25,0.00,0.00,2969756.25,19.00,564253.69,3534009.93,0.00,0.00,0,0.00,0.00,0.00,0.00,0.00,0.00,0.00,0.00,0.00,NULL,NULL,NULL,'SERVICIO EN COPIAPO.\r\n-REALIZAR PM3 (COMO UNA PM4), SEGUN PAUTA PLM EN SIS.\r\n- VERIFICAR ESTADO DE EQUIPO.\r\n- CHECKLIST SEGUN OT DE ORICA 97574988\r\n- MUESTRA DE ACEITE A MOTOR Y SIST. HIDRAULICO.\r\n',NULL,NULL,0000000000,'CAMILOA','2019-08-30 09:22:38','AMENESES','2019-09-04 10:43:52'),(0000000146,0000000001,0000000117,0000000003,0000000002,0000000001,50.00,1,1,0000000001,'PRO',699262.26,0.00,0.00,0.00,67825.00,30200.00,797287.26,0.00,0.00,797287.26,19.00,151484.58,948771.84,0.00,0.00,0,0.00,0.00,0.00,0.00,0.00,0.00,0.00,0.00,0.00,0000000001,NULL,NULL,'REEMPLAZAR PERNERIA DE SEGMENTOS\r\nMONTAR SISTEMA DE LEVANTE DE PROTECCION INFERIOR (PECHUGA).','','',0000000000,'CAMILOA','2019-08-30 14:16:11','AMENESES','2019-09-04 10:44:37'),(0000000147,0000000003,0000000096,0000000003,0000000001,0000000001,0.00,0,0,0000000001,'PRO',712440.57,0.00,0.00,0.00,0.00,30200.00,742640.57,0.00,0.00,742640.57,19.00,141101.71,883742.28,0.00,0.00,0,0.00,0.00,0.00,0.00,0.00,0.00,0.00,0.00,0.00,0000000003,NULL,NULL,'','','',0000000000,'DAVID','2019-08-30 19:17:18','AMENESES','2019-08-30 21:06:48'),(0000000148,0000000003,0000000103,0000000003,0000000001,0000000001,0.00,0,0,0000000001,'PRO',712440.57,0.00,0.00,0.00,0.00,30200.00,742640.57,0.00,0.00,742640.57,19.00,141101.71,883742.28,0.00,0.00,0,0.00,0.00,0.00,0.00,0.00,0.00,0.00,0.00,0.00,0000000003,NULL,NULL,'','','',0000000000,'DAVID','2019-08-30 19:18:53','AMENESES','2019-08-30 21:07:47'),(0000000149,0000000003,0000000105,0000000003,0000000001,0000000001,0.00,0,0,0000000001,'PRO',712440.57,0.00,0.00,0.00,0.00,30200.00,742640.57,0.00,0.00,742640.57,19.00,141101.71,883742.28,0.00,0.00,0,0.00,0.00,0.00,0.00,0.00,0.00,0.00,0.00,0.00,0000000003,NULL,NULL,'','','',0000000000,'DAVID','2019-08-30 19:20:00','AMENESES','2019-08-30 21:08:06'),(0000000150,0000000001,0000000118,0000000004,0000000001,0000000001,0.00,0,0,0000000001,'CAN',0.00,847729.40,0.00,0.00,0.00,0.00,847729.40,0.00,0.00,847729.40,19.00,161068.59,1008797.99,0.00,0.00,0,0.00,0.00,0.00,0.00,0.00,0.00,0.00,0.00,0.00,NULL,NULL,NULL,'SUMINISTRO DE REPUESTOS. SEGÚN LISTADO DE REPUESTOS ENVIADO POR ELLOS.','','',0000000000,'CAMILOA','2019-09-06 14:19:28','CAMILOA','2019-10-18 11:54:43'),(0000000151,0000000001,0000000119,0000000003,0000000002,0000000001,50.00,1,1,0000000001,'CAN',984654.30,636102.60,1083059.60,0.00,67825.00,45300.00,2816941.50,0.00,0.00,2816941.50,19.00,535218.88,3352160.38,0.00,0.00,0,0.00,0.00,0.00,0.00,0.00,0.00,0.00,0.00,0.00,NULL,NULL,NULL,'REALIZAR MANTENCION PM4. SEGÚN PML DE SIS. (ACTIVIDADES Y VERIFICACIONES)\r\nVERIFICAR ESTADO CON ET.\r\nENGRASE DE EQUIPO.','','',0000000000,'CAMILOA','2019-09-06 17:12:26','CAMILOA','2019-10-18 11:54:33'),(0000000152,0000000003,0000000070,0000000003,0000000001,0000000001,0.00,0,0,0000000001,'FAC',1465844.25,0.00,0.00,0.00,0.00,60400.00,1526244.25,0.00,0.00,1526244.25,19.00,289986.41,1816230.66,0.00,0.00,0,0.00,0.00,0.00,0.00,0.00,0.00,0.00,0.00,0.00,0000000004,821,'2019-09-16','FABRICAR BASE DE TRASLADO PARA CONJUNTO DE TORNAMESA','','',0000000000,'DAVID','2019-09-09 08:55:00','ABOLIVAR','2019-09-16 09:43:30'),(0000000153,0000000001,0000000120,0000000004,0000000001,0000000001,0.00,0,1,0000000001,'FAC',0.00,389831.40,88496.80,0.00,0.00,0.00,478328.20,0.00,0.00,478328.20,19.00,90882.36,569210.56,0.00,0.00,0,0.00,0.00,0.00,0.00,0.00,0.00,0.00,0.00,0.00,0000000001,819,'2019-09-13','CLIENTE SOLICITA SUMINISTRO DE REPUESTOS E INSUMOS.\r\n\r\nVENTA DE REPUESTOS PARA MANTENIMIENTO.','','',0000000000,'CAMILOA','2019-09-09 15:53:56','ABOLIVAR','2019-09-13 15:53:12'),(0000000154,0000000004,0000000070,0000000003,0000000001,0000000001,0.00,0,1,0000000001,'FAC',0.00,129704.40,46569.60,0.00,0.00,0.00,176274.00,0.00,0.00,176274.00,19.00,33492.06,209766.06,0.00,0.00,0,0.00,0.00,0.00,0.00,0.00,0.00,0.00,0.00,0.00,0000000003,821,'2019-09-16','','','',0000000000,'DAVID','2019-09-09 16:50:21','ABOLIVAR','2019-09-16 09:43:13'),(0000000155,0000000002,0000000117,0000000003,0000000002,0000000001,50.00,1,1,0000000001,'PRO',699262.26,0.00,0.00,0.00,67825.00,30200.00,797287.26,0.00,0.00,797287.26,19.00,151484.58,948771.84,0.00,0.00,0,0.00,0.00,0.00,0.00,0.00,0.00,0.00,0.00,0.00,0000000002,NULL,NULL,'2° DÍA DE REPARACIONES POR GARANTÍA. SE TERMINAR DE CAMBIAR PERNERIA DE SEGMENTOS Y SE INSTALA SISTEMA DE LEVANTE DE PROTECCIÓN INFERIOR.','','',0000000000,'CAMILOA','2019-09-11 11:23:39','AMENESES','2019-09-11 17:40:50'),(0000000156,0000000001,0000000121,0000000003,0000000001,0000000001,0.00,0,1,0000000001,'PEN',4834471.13,0.00,0.00,0.00,0.00,302000.00,5136471.13,0.00,0.00,5136471.13,19.00,975929.51,6112400.64,0.00,0.00,0,0.00,0.00,0.00,0.00,0.00,0.00,0.00,0.00,0.00,NULL,NULL,NULL,'',NULL,NULL,0000000000,'CAMILOA','2019-09-12 15:08:46',NULL,NULL),(0000000157,0000000002,0000000109,0000000003,0000000002,0000000002,180.00,1,1,0000000001,'FAC',761299.59,0.00,0.00,0.00,192320.00,45300.00,998919.59,0.00,0.00,998919.59,19.00,189794.72,1188714.31,0.00,0.00,0,0.00,0.00,0.00,0.00,0.00,0.00,0.00,0.00,0.00,0000000002,825,'2019-10-09','REPARACION EN BASE A DIAGNOSTICO.\r\n\r\nCAMBIO DE BOMBA INYECTORA DE COMBUSTIBLE Y DE TRANSFERENCIA. VOLVER A SINCRONIZAR.\r\n\r\nCAMBIO DE PORTAFILTRO DE COMBUSTIBLE.\r\nREPARACION DE LINEAS ELECTRICAS Y LINEAS HIDRAULICAS.','','',0000000000,'CAMILOA','2019-09-13 15:32:08','ABOLIVAR','2019-10-09 11:55:25'),(0000000158,0000000001,0000000122,0000000004,0000000001,0000000001,0.00,0,1,0000000001,'PCL',0.00,141495.20,0.00,0.00,0.00,0.00,141495.20,0.00,0.00,141495.20,19.00,26884.09,168379.29,0.00,0.00,0,0.00,0.00,0.00,0.00,0.00,0.00,0.00,0.00,0.00,NULL,NULL,NULL,'SUMINISTRO DE TAPA DE COMBUSTIBLE',NULL,NULL,0000000000,'CAMILOA','2019-09-26 08:43:48','AMENESES','2019-09-26 18:39:49'),(0000000159,0000000001,0000000123,0000000003,0000000002,0000000002,50.00,1,1,0000000001,'PRO',785425.88,0.00,0.00,0.00,122120.00,30200.00,937745.88,0.00,0.00,937745.88,19.00,178171.72,1115917.60,0.00,0.00,0,0.00,0.00,0.00,0.00,0.00,0.00,0.00,0.00,0.00,0000000001,NULL,NULL,'','','',0000000000,'FGONZALEZ','2019-09-27 13:02:37','AMENESES','2019-09-30 08:32:04'),(0000000160,0000000001,0000000124,0000000001,0000000002,0000000001,2.00,0,1,0000000002,'PRO',294625.89,0.00,0.00,0.00,720.00,15100.00,310445.89,0.00,0.00,310445.89,19.00,58984.72,369430.60,0.00,0.00,0,0.00,0.00,0.00,0.00,0.00,0.00,0.00,0.00,0.00,0000000001,NULL,NULL,'','','',0000000000,'FGONZALEZ','2019-09-27 14:44:05','AMENESES','2019-09-30 08:31:35'),(0000000161,0000000001,0000000125,0000000004,0000000001,0000000001,0.00,0,0,0000000001,'FAC',0.00,190887.20,0.00,0.00,0.00,0.00,190887.20,0.00,0.00,190887.20,19.00,36268.57,227155.77,0.00,0.00,0,0.00,0.00,0.00,0.00,0.00,0.00,0.00,0.00,0.00,0000000001,824,'2019-10-09','SUMINISTRO DE REPUESTO, SOLENOIDE BOMBA INYECTORA.\r\n\r\nCLIENTE RETIRA DESDE TALLER HEAVYTECH.','','',0000000000,'CAMILOA','2019-09-30 12:41:05','ABOLIVAR','2019-10-09 11:29:51'),(0000000162,0000000001,0000000126,0000000003,0000000001,0000000001,0.00,0,1,0000000001,'PRO',2306756.12,0.00,0.00,0.00,0.00,151000.00,2457756.12,0.00,0.00,2457756.12,19.00,466973.66,2924729.78,0.00,0.00,0,0.00,0.00,0.00,0.00,0.00,0.00,0.00,0.00,0.00,0000000001,NULL,NULL,'COTIZACIÓN POR TRABAJOS DE DESMONTAJE, MONTAJE, DESARME Y EVALUACIÓN DE COMPONENTE.  \r\n(COTIZACIÓN NO INCLUYE REPUESTOS). EL LISTADO DE REPUESTOS SERÁ ENTREGADO UNA VEZ SE TERMINE LA EVALUACIÓN DEL COMPONENTE.','','',0000000000,'FGONZALEZ','2019-09-30 17:57:34','AMENESES','2019-10-03 08:50:27'),(0000000163,0000000001,0000000127,0000000003,0000000002,0000000002,70.00,2,1,0000000001,'PCL',1139651.32,0.00,0.00,0.00,228040.00,60400.00,1428091.32,0.00,0.00,1428091.32,19.00,271337.35,1699428.67,0.00,0.00,0,0.00,0.00,0.00,0.00,0.00,0.00,0.00,0.00,0.00,NULL,NULL,NULL,'SERVICIO DE DESMONTAJE DE MASCARA FRONTAL DE BULLDOZER, DESMONTAJE DE ENFRIADORES TRANSMISIÓN, ENFRIADOR ACEITE HIDRÁULICO Y ENFRIADOR DE AIRE.',NULL,NULL,0000000000,'FGONZALEZ','2019-10-02 11:53:55','AMENESES','2019-10-03 10:54:24'),(0000000164,0000000002,0000000041,0000000004,0000000001,0000000001,0.00,0,0,0000000001,'PRO',0.00,37457.00,0.00,0.00,0.00,0.00,37457.00,0.00,0.00,37457.00,19.00,7116.83,44573.83,0.00,0.00,0,0.00,0.00,0.00,0.00,0.00,0.00,0.00,0.00,0.00,0000000002,NULL,NULL,'SE REGULARIZAN FILTROS DE COMBUSTIBLE. EQUIPO FUE CAMBIADO POR CLIENTE, POR LO QUE LOS FILTROS CAMBIARON. SE DEVUELVEN A INVENTARIO FILTROS INICIALES Y SE DESPACHAN FILTROS CORRECTOS (SUCURSAL COPIAPO).','','',0000000000,'CAMILOA','2019-10-03 10:48:37','AMENESES','2019-10-04 11:02:45'),(0000000165,0000000001,0000000128,0000000002,0000000001,0000000001,0.00,0,1,0000000002,'PRO',294601.55,0.00,0.00,0.00,0.00,15100.00,309701.55,0.00,0.00,309701.55,19.00,58843.29,368544.84,0.00,0.00,0,0.00,0.00,0.00,0.00,0.00,0.00,0.00,0.00,0.00,0000000001,NULL,NULL,'','','',0000000000,'FGONZALEZ','2019-10-04 08:05:34','AMENESES','2019-10-04 17:07:23'),(0000000166,0000000001,0000000129,0000000002,0000000001,0000000001,0.00,0,1,0000000002,'PRO',294601.55,0.00,0.00,0.00,0.00,15100.00,309701.55,0.00,0.00,309701.55,19.00,58843.29,368544.84,0.00,0.00,0,0.00,0.00,0.00,0.00,0.00,0.00,0.00,0.00,0.00,0000000001,NULL,NULL,'','','',0000000000,'FGONZALEZ','2019-10-04 08:12:15','AMENESES','2019-10-04 17:07:52'),(0000000167,0000000001,0000000130,0000000001,0000000002,0000000001,50.00,1,1,0000000001,'FAC',911634.50,0.00,0.00,0.00,67825.00,30200.00,1009659.50,10.00,-100965.95,908693.55,19.00,172651.77,1081345.32,0.00,0.00,0,0.00,0.00,0.00,0.00,0.00,0.00,0.00,0.00,0.00,0000000001,826,'2019-10-14','','','',0000000000,'FGONZALEZ','2019-10-07 08:40:18','ABOLIVAR','2019-10-14 16:21:45'),(0000000168,0000000002,0000000124,0000000003,0000000001,0000000001,0.00,0,1,0000000001,'PRO',5675602.58,0.00,0.00,0.00,0.00,362400.00,6038002.58,11.00,-664180.28,5373822.29,19.00,1021026.24,6394848.53,0.00,0.00,0,0.00,0.00,0.00,0.00,0.00,0.00,0.00,0.00,0.00,0000000002,NULL,NULL,'','','',0000000000,'FGONZALEZ','2019-10-07 11:24:48','AMENESES','2019-10-09 17:49:29'),(0000000169,0000000001,0000000131,0000000003,0000000001,0000000001,0.00,0,1,0000000001,'CAN',3783735.05,0.00,0.00,0.00,0.00,241600.00,4025335.05,0.00,0.00,4025335.05,19.00,764813.66,4790148.71,0.00,0.00,0,0.00,0.00,0.00,0.00,0.00,0.00,0.00,0.00,0.00,NULL,NULL,NULL,'','','',0000000000,'FGONZALEZ','2019-10-07 12:55:53','FGONZALEZ','2019-10-22 08:47:20'),(0000000170,0000000002,0000000129,0000000001,0000000001,0000000001,0.00,0,1,0000000002,'PRO',152853.41,0.00,0.00,0.00,0.00,0.00,152853.41,0.00,0.00,152853.41,19.00,29042.15,181895.56,0.00,0.00,0,0.00,0.00,0.00,0.00,0.00,0.00,0.00,0.00,0.00,0000000002,NULL,NULL,'','','',0000000000,'FGONZALEZ','2019-10-07 16:53:09','AMENESES','2019-10-09 10:11:27'),(0000000171,0000000002,0000000128,0000000001,0000000001,0000000001,0.00,0,1,0000000002,'PRO',152853.41,0.00,0.00,0.00,0.00,0.00,152853.41,0.00,0.00,152853.41,19.00,29042.15,181895.56,0.00,0.00,0,0.00,0.00,0.00,0.00,0.00,0.00,0.00,0.00,0.00,0000000002,NULL,NULL,'','','',0000000000,'FGONZALEZ','2019-10-07 16:54:55','AMENESES','2019-10-09 10:11:51'),(0000000172,0000000003,0000000128,0000000002,0000000001,0000000001,0.00,0,0,0000000001,'PRO',918625.02,0.00,0.00,0.00,0.00,60400.00,979025.02,0.00,0.00,979025.02,19.00,186014.75,1165039.78,0.00,0.00,0,0.00,0.00,0.00,0.00,0.00,0.00,0.00,0.00,0.00,0000000003,NULL,NULL,'','','',0000000000,'FGONZALEZ','2019-10-09 17:47:09','AMENESES','2019-10-09 17:52:04'),(0000000173,0000000001,0000000132,0000000002,0000000001,0000000001,0.00,0,1,0000000002,'PRO',463658.43,0.00,0.00,0.00,0.00,30200.00,493858.43,0.00,0.00,493858.43,19.00,93833.10,587691.53,0.00,0.00,0,0.00,0.00,0.00,0.00,0.00,0.00,0.00,0.00,0.00,0000000001,NULL,NULL,'','','',0000000000,'FGONZALEZ','2019-10-11 09:46:00','AMENESES','2019-10-11 13:33:00'),(0000000174,0000000001,0000000133,0000000002,0000000001,0000000001,0.00,0,1,0000000002,'PRO',589203.10,0.00,0.00,0.00,0.00,30200.00,619403.10,0.00,0.00,619403.10,19.00,117686.59,737089.69,0.00,0.00,0,0.00,0.00,0.00,0.00,0.00,0.00,0.00,0.00,0.00,0000000001,NULL,NULL,'EVALUACIÓN MAS GENERACIÓN DE INFORME TÉCNICO','','',0000000000,'FGONZALEZ','2019-10-11 16:58:35','AMENESES','2019-10-11 17:12:44'),(0000000175,0000000001,0000000134,0000000003,0000000002,0000000001,1000.00,1,1,0000000001,'FAC',1394843.48,0.00,0.00,0.00,409825.00,0.00,1804668.48,0.00,0.00,1804670.00,0.00,0.00,1804670.00,50600.00,60720.00,2,0.00,0.00,2.60,30.00,40.00,40.00,50.00,49825.00,180.00,0000000001,827,'2019-10-18','','','',0000000000,'FGONZALEZ','2019-10-12 13:07:15','ABOLIVAR','2019-10-18 14:39:39'),(0000000176,0000000001,0000000135,0000000003,0000000002,0000000001,0.00,0,1,0000000001,'FAC',1383633.36,0.00,0.00,0.00,0.00,78164.71,1461798.06,0.00,0.00,1461800.00,19.00,277740.00,1739540.00,50600.00,60720.00,2,26415.88,30200.00,2.60,30.00,40.00,40.00,50.00,49825.00,180.00,0000000001,828,'2019-10-18','','','',0000000000,'FGONZALEZ','2019-10-12 13:11:45','ABOLIVAR','2019-10-18 15:11:49'),(0000000177,0000000005,0000000070,0000000001,0000000001,0000000001,0.00,0,0,0000000002,'APB',429209.50,0.00,0.00,0.00,0.00,14211.76,443421.27,0.00,0.00,443420.00,19.00,84250.00,527670.00,48537.00,58291.00,1,13207.94,30200.00,2.60,30.00,40.00,40.00,70.00,0.00,0.00,NULL,NULL,NULL,'EVALUACIÓN DE VÁLVULA DE IMPLEMENTO DE MOTONIVELADORA CATERPILLAR 24 H (MOTCAT25)','','',0000000000,'DAVID','2019-10-14 11:35:19','DAVID','2019-10-14 11:37:54'),(0000000178,0000000001,0000000136,0000000002,0000000001,0000000001,0.00,0,0,0000000002,'PRO',454328.30,0.00,0.00,0.00,0.00,15100.00,469428.30,0.00,0.00,469430.00,19.00,89190.00,558620.00,48537.00,58291.00,1,13207.94,30200.00,2.60,30.00,40.00,40.00,70.00,0.00,0.00,0000000001,NULL,NULL,'EVALUACIÓN DE VÁLVULA DE CONTROL DE IMPLEMENTO DE MOTONIVELADORA 24H','','',0000000000,'DAVID','2019-10-14 12:46:06','AMENESES','2019-10-14 14:50:40'),(0000000179,0000000002,0000000136,0000000003,0000000001,0000000001,0.00,0,0,0000000002,'PRO',427019.56,33364.80,0.00,0.00,0.00,15100.00,475484.36,0.00,0.00,475480.00,19.00,90340.00,565830.00,48537.00,58291.00,1,13207.94,30200.00,2.60,30.00,40.00,40.00,70.00,0.00,0.00,0000000002,NULL,NULL,'ARMADO Y REPARACIÓN DE VÁLVULA DE CONTROL DE IMPLEMENTO','','',0000000000,'DAVID','2019-10-14 16:26:58','DAVID','2019-10-14 16:31:06'),(0000000180,0000000002,0000000135,0000000004,0000000001,0000000001,0.00,0,1,0000000002,'PRO',0.00,494488.40,0.00,0.00,0.00,0.00,494488.40,0.00,0.00,494490.00,19.00,93950.00,588440.00,30360.00,36433.00,1,26415.88,30200.00,2.60,30.00,40.00,40.00,50.00,0.00,0.00,0000000002,NULL,NULL,'','','',0000000000,'DAVID','2019-10-16 11:46:55','AMENESES','2019-10-16 13:04:19'),(0000000181,0000000002,0000000134,0000000004,0000000002,0000000001,0.00,0,0,0000000002,'PRO',150897.92,198577.40,0.00,0.00,0.00,7105.88,356581.20,0.00,0.00,356580.00,19.00,67750.00,424330.00,30360.00,36433.00,1,13207.94,30200.00,2.60,30.00,40.00,40.00,50.00,49825.00,180.00,0000000002,NULL,NULL,'','','',0000000000,'FGONZALEZ','2019-10-16 16:50:13','AMENESES','2019-10-18 14:06:00'),(0000000182,0000000001,0000000137,0000000003,0000000002,0000000001,0.00,0,0,0000000001,'PRO',534585.62,0.00,0.00,0.00,0.00,30200.00,564785.62,0.00,0.00,564780.00,19.00,107310.00,672090.00,50600.00,60720.00,2,13207.94,30200.00,2.60,30.00,40.00,40.00,50.00,49825.00,180.00,0000000001,NULL,NULL,'SERVICIO A  SISTEMA DE ALARAMA EN TABLERO  Y ESTADO DE SISTEMA DE IMOLEMENTO TELESCOPICO.','','',0000000000,'FGONZALEZ','2019-10-17 14:09:38','AMENESES','2019-10-18 14:05:25'),(0000000183,0000000001,0000000138,0000000003,0000000002,0000000002,50.00,1,1,0000000001,'PCL',947166.17,0.00,0.00,0.00,122120.00,42635.29,1111921.47,0.00,0.00,1111920.00,19.00,211260.00,1323190.00,63250.00,75901.00,2,26415.88,30200.00,2.60,30.00,40.00,40.00,60.00,95120.00,270.00,NULL,NULL,NULL,'MANTENIMIENTO DE 2000 HORAS PARA EQUIPO 972G EN PLANTA DE MELÓN ÁRIDOS.\r\nSERVICIO INCLUYE MANO DE OBRA, REFRIGERANTE Y  TODOS LOS LUBRICANTES PARA LA MAQUINA.\r\n\r\nCLIENTE PROPORCIONA  TODOS LOS FILTROS.',NULL,NULL,0000000000,'FGONZALEZ','2019-10-18 10:10:41','AMENESES','2019-10-18 11:47:02'),(0000000184,0000000001,0000000139,0000000003,0000000002,0000000002,50.00,1,1,0000000001,'PRO',947166.17,0.00,1077683.60,0.00,122120.00,42635.29,2189605.07,5.00,-109480.25,2080120.00,19.00,395220.00,2475350.00,63250.00,75901.00,2,26415.88,30200.00,2.60,30.00,40.00,40.00,60.00,95120.00,270.00,0000000001,NULL,NULL,'','','',0000000000,'FGONZALEZ','2019-10-18 10:39:13','AMENESES','2019-10-22 09:07:47');
/*!40000 ALTER TABLE `co_cotizacion_sub` ENABLE KEYS */;
UNLOCK TABLES;
ALTER DATABASE `metalsig_heavy` CHARACTER SET latin1 COLLATE latin1_swedish_ci ;
/*!50003 SET @saved_cs_client      = @@character_set_client */ ;
/*!50003 SET @saved_cs_results     = @@character_set_results */ ;
/*!50003 SET @saved_col_connection = @@collation_connection */ ;
/*!50003 SET character_set_client  = utf8mb4 */ ;
/*!50003 SET character_set_results = utf8mb4 */ ;
/*!50003 SET collation_connection  = utf8mb4_general_ci */ ;
/*!50003 SET @saved_sql_mode       = @@sql_mode */ ;
/*!50003 SET sql_mode              = 'NO_AUTO_VALUE_ON_ZERO' */ ;
DELIMITER ;;
/*!50003 CREATE*/ /*!50017 DEFINER=`metalsigmauser`@`localhost`*/ /*!50003 TRIGGER `set_crea_co_cotizacion_sub` BEFORE INSERT ON `co_cotizacion_sub` FOR EACH ROW BEGIN
IF (NEW.crea_user IS NULL || NEW.crea_user='') THEN SET NEW.crea_user = UPPER(SUBSTR(USER(), 1,(LOCATE('@', USER())-1))); END IF;
SET NEW.correlativo = LAST_INSERT_ID((SELECT COALESCE(MAX(correlativo) + 1,1) FROM co_cotizacion_sub WHERE corigen = NEW.corigen));
END */;;
DELIMITER ;
/*!50003 SET sql_mode              = @saved_sql_mode */ ;
/*!50003 SET character_set_client  = @saved_cs_client */ ;
/*!50003 SET character_set_results = @saved_cs_results */ ;
/*!50003 SET collation_connection  = @saved_col_connection */ ;
ALTER DATABASE `metalsig_heavy` CHARACTER SET utf8 COLLATE utf8_bin ;
/*!50003 SET @saved_cs_client      = @@character_set_client */ ;
/*!50003 SET @saved_cs_results     = @@character_set_results */ ;
/*!50003 SET @saved_col_connection = @@collation_connection */ ;
/*!50003 SET character_set_client  = utf8mb4 */ ;
/*!50003 SET character_set_results = utf8mb4 */ ;
/*!50003 SET collation_connection  = utf8mb4_unicode_ci */ ;
/*!50003 SET @saved_sql_mode       = @@sql_mode */ ;
/*!50003 SET sql_mode              = 'NO_AUTO_VALUE_ON_ZERO' */ ;
DELIMITER ;;
/*!50003 CREATE*/ /*!50017 DEFINER=`metalsigmauser`@`localhost`*/ /*!50003 TRIGGER `set_mod_co_cotizacion_sub` BEFORE UPDATE ON `co_cotizacion_sub` FOR EACH ROW
BEGIN
  DECLARE _result INT;
  DECLARE _op INT;
  SET _result = (SELECT COALESCE(MAX(cordenservicio) + 1,1) FROM co_cotizacion);
  SET _op = (SELECT cordenservicio FROM co_cotizacion WHERE ccotizacion=NEW.corigen);

  IF (NEW.cordenservicio_sub=1 && NEW.status="APB") THEN
    SET NEW.cordenservicio_sub = LAST_INSERT_ID((SELECT COALESCE(MAX(cordenservicio_sub) + 1,1) FROM co_cotizacion_sub WHERE corigen = NEW.corigen));
    SET NEW.status="PRO";
    IF _op <= 0 THEN
      UPDATE co_cotizacion SET cordenservicio = _result, mod_user=NEW.mod_user, mod_date=NEW.mod_date WHERE ccotizacion=NEW.corigen;
    END IF;    
  END IF;
  IF (NEW.cfactura>0 && NEW.status="PRO") THEN
    SET NEW.status="FAC";
  END IF;
  IF (NEW.mod_user IS NULL || NEW.mod_user='') THEN
    SET NEW.mod_user = UPPER(SUBSTR(USER(), 1,(LOCATE('@', USER())-1)));
  END IF;
  IF (NEW.status="APB") THEN
    UPDATE com_cot_ser SET status = "UTI" WHERE cods = OLD.ccotizacion;
  ELSEIF (NEW.status="CAN") THEN
    UPDATE com_cot_ser SET status = "CAN" WHERE cods = OLD.ccotizacion;
  END IF;
END */;;
DELIMITER ;
/*!50003 SET sql_mode              = @saved_sql_mode */ ;
/*!50003 SET character_set_client  = @saved_cs_client */ ;
/*!50003 SET character_set_results = @saved_cs_results */ ;
/*!50003 SET collation_connection  = @saved_col_connection */ ;
ALTER DATABASE `metalsig_heavy` CHARACTER SET latin1 COLLATE latin1_swedish_ci ;
/*!50003 SET @saved_cs_client      = @@character_set_client */ ;
/*!50003 SET @saved_cs_results     = @@character_set_results */ ;
/*!50003 SET @saved_col_connection = @@collation_connection */ ;
/*!50003 SET character_set_client  = utf8mb4 */ ;
/*!50003 SET character_set_results = utf8mb4 */ ;
/*!50003 SET collation_connection  = utf8mb4_general_ci */ ;
/*!50003 SET @saved_sql_mode       = @@sql_mode */ ;
/*!50003 SET sql_mode              = 'NO_AUTO_VALUE_ON_ZERO' */ ;
DELIMITER ;;
/*!50003 CREATE*/ /*!50017 DEFINER=`metalsigmauser`@`localhost`*/ /*!50003 TRIGGER `history_update_cotizacion_sub` AFTER UPDATE ON `co_cotizacion_sub` FOR EACH ROW BEGIN
	DECLARE user_name VARCHAR(50);
    DECLARE _bool INT(1);
    IF (NEW.mod_user IS NULL || NEW.mod_user='') THEN
        SET user_name = UPPER(SUBSTR(USER(), 1,(LOCATE('@', USER())-1)));
    ELSE
    	SET user_name = NEW.mod_user;
    END IF;
	IF NEW.mod_date != OLD.mod_date THEN
    	IF (OLD.ctipo!=NEW.ctipo) || (OLD.clugar!=NEW.clugar) || (OLD.cvehiculo!=NEW.cvehiculo) || (OLD.dist!=NEW.dist) || (OLD.viajes!=NEW.viajes) || (OLD.tipo!=NEW.tipo) || (OLD.cequipo!=NEW.cequipo) || (OLD.m_serv!=NEW.m_serv) || (OLD.m_rep!=NEW.m_rep) || (OLD.m_ins!=NEW.m_ins) || (OLD.m_stt!=NEW.m_stt) || (OLD.m_tra!=NEW.m_tra) || (OLD.m_misc!=NEW.m_misc) || (OLD.m_subt!=NEW.m_subt) || (OLD.m_descp!=NEW.m_descp) || (OLD.m_desc!=NEW.m_desc) || (OLD.m_neto!=NEW.m_neto) || (OLD.m_impp!=NEW.m_impp) || (OLD.m_imp!=NEW.m_imp) || (OLD.m_bruto!=NEW.m_bruto) THEN
        	INSERT INTO hist_cotizacion_sub (ccotizacion,corigen,ctipo,clugar,cvehiculo,dist,viajes,tipo,cequipo,m_serv,m_rep,m_ins,m_stt,m_tra,m_misc,m_subt,m_descp,m_desc,m_neto,m_impp,m_imp,m_bruto,acc,user) VALUES (OLD.ccotizacion,OLD.corigen,OLD.ctipo,OLD.clugar,OLD.cvehiculo,OLD.dist,OLD.viajes,OLD.tipo,OLD.cequipo,OLD.m_serv,OLD.m_rep,OLD.m_ins,OLD.m_stt,OLD.m_tra,OLD.m_misc,OLD.m_subt,OLD.m_descp,OLD.m_desc,OLD.m_neto,OLD.m_impp,OLD.m_imp,OLD.m_bruto,1,user_name);              	
        END IF;
    END IF;
END */;;
DELIMITER ;
/*!50003 SET sql_mode              = @saved_sql_mode */ ;
/*!50003 SET character_set_client  = @saved_cs_client */ ;
/*!50003 SET character_set_results = @saved_cs_results */ ;
/*!50003 SET collation_connection  = @saved_col_connection */ ;
ALTER DATABASE `metalsig_heavy` CHARACTER SET utf8 COLLATE utf8_bin ;

--
-- Table structure for table `co_cotizacion_sub_det`
--

DROP TABLE IF EXISTS `co_cotizacion_sub_det`;
/*!40101 SET @saved_cs_client     = @@character_set_client */;
/*!40101 SET character_set_client = utf8 */;
CREATE TABLE `co_cotizacion_sub_det` (
  `ccotizaciondet` int(10) unsigned zerofill NOT NULL AUTO_INCREMENT,
  `ccotizacion` int(10) unsigned zerofill NOT NULL,
  `cparte` int(10) unsigned zerofill NOT NULL,
  `cpieza` int(10) unsigned zerofill NOT NULL,
  `hh_taller` decimal(5,2) NOT NULL DEFAULT '0.00',
  `hh_terreno` decimal(5,2) NOT NULL DEFAULT '0.00',
  `dias_taller` int(11) NOT NULL,
  `cservicio` int(10) unsigned zerofill NOT NULL,
  `precio` decimal(12,2) NOT NULL DEFAULT '0.00',
  `finicio` date NOT NULL,
  `ffin` date NOT NULL,
  `del` int(1) NOT NULL DEFAULT '0',
  `crea_user` varchar(50) COLLATE utf8_bin DEFAULT NULL,
  `crea_date` datetime NOT NULL DEFAULT CURRENT_TIMESTAMP,
  `mod_user` varchar(50) COLLATE utf8_bin DEFAULT NULL,
  `mod_date` datetime DEFAULT NULL ON UPDATE CURRENT_TIMESTAMP,
  PRIMARY KEY (`ccotizaciondet`),
  KEY `cparte` (`cparte`),
  KEY `cpieza` (`cpieza`),
  KEY `cservicio` (`cservicio`),
  KEY `ccotizacion` (`ccotizacion`),
  CONSTRAINT `fk_ccotizacion_co_cotizacion_sub_det` FOREIGN KEY (`ccotizacion`) REFERENCES `co_cotizacion_sub` (`ccotizacion`),
  CONSTRAINT `fk_cparte_co_cotizacion_sub_det` FOREIGN KEY (`cparte`) REFERENCES `eq_partes` (`cparte`),
  CONSTRAINT `fk_cpieza_co_cotizacion_sub_det` FOREIGN KEY (`cpieza`) REFERENCES `eq_piezas` (`cpieza`),
  CONSTRAINT `fk_cservicio_co_cotizacion_sub_det` FOREIGN KEY (`cservicio`) REFERENCES `inv_articulos` (`carticulo`)
) ENGINE=InnoDB AUTO_INCREMENT=355 DEFAULT CHARSET=utf8 COLLATE=utf8_bin;
/*!40101 SET character_set_client = @saved_cs_client */;

--
-- Dumping data for table `co_cotizacion_sub_det`
--

LOCK TABLES `co_cotizacion_sub_det` WRITE;
/*!40000 ALTER TABLE `co_cotizacion_sub_det` DISABLE KEYS */;
INSERT INTO `co_cotizacion_sub_det` VALUES (0000000001,0000000001,0000000069,0000002278,0.00,13.00,0,0000000042,0.00,'2019-03-25','2019-03-26',0,'CAMILOA','2019-03-13 16:19:35','ADMINISTRADOR','2019-03-13 18:34:22'),(0000000002,0000000001,0000000069,0000002353,0.00,9.00,0,0000000119,0.00,'2019-03-27','2019-03-27',0,'CAMILOA','2019-03-13 16:19:35','ADMINISTRADOR','2019-03-13 18:34:22'),(0000000003,0000000001,0000000070,0000002369,0.00,4.00,0,0000000039,0.00,'2019-03-27','2019-03-28',0,'CAMILOA','2019-03-13 16:19:35','ADMINISTRADOR','2019-03-13 18:34:22'),(0000000004,0000000002,0000000008,0000000237,0.00,8.50,0,0000000039,0.00,'2019-03-18','2019-03-19',0,'CAMILOA','2019-03-14 14:53:12','VZAMBRANO','2019-03-18 10:56:23'),(0000000005,0000000002,0000000008,0000000238,0.00,8.50,0,0000000041,0.00,'2019-03-18','2019-03-20',0,'CAMILOA','2019-03-14 14:53:12','VZAMBRANO','2019-03-18 10:56:23'),(0000000006,0000000002,0000000008,0000000248,0.00,8.50,0,0000000041,0.00,'2019-03-19','2019-03-20',0,'CAMILOA','2019-03-14 14:53:12','VZAMBRANO','2019-03-18 10:56:23'),(0000000007,0000000003,0000000049,0000001547,0.00,0.00,0,0000000102,0.00,'0000-00-00','0000-00-00',0,'CAMILOA','2019-03-14 15:26:45','VZAMBRANO','2019-03-15 10:46:43'),(0000000008,0000000004,0000000069,0000002278,8.50,0.00,0,0000000042,0.00,'0000-00-00','0000-00-00',0,'CAMILOA','2019-03-14 17:31:34','VZAMBRANO','2019-03-15 11:44:19'),(0000000009,0000000004,0000000064,0000002087,6.00,0.00,0,0000000151,0.00,'0000-00-00','0000-00-00',0,'CAMILOA','2019-03-14 17:31:34','VZAMBRANO','2019-03-15 11:44:19'),(0000000010,0000000004,0000000064,0000002088,6.00,0.00,0,0000000024,0.00,'0000-00-00','0000-00-00',0,'CAMILOA','2019-03-14 17:31:34','VZAMBRANO','2019-03-15 11:44:19'),(0000000011,0000000004,0000000019,0000000555,6.00,0.00,0,0000000011,0.00,'0000-00-00','0000-00-00',0,'CAMILOA','2019-03-14 17:31:34','VZAMBRANO','2019-03-15 11:44:19'),(0000000012,0000000004,0000000002,0000000064,1.00,0.00,0,0000000102,0.00,'0000-00-00','0000-00-00',0,'CAMILOA','2019-03-14 17:45:51','VZAMBRANO','2019-03-15 11:44:19'),(0000000013,0000000004,0000000008,0000000268,0.50,0.00,0,0000000102,0.00,'0000-00-00','0000-00-00',0,'CAMILOA','2019-03-14 17:45:51','VZAMBRANO','2019-03-15 11:44:19'),(0000000014,0000000004,0000000027,0000000837,0.50,0.00,0,0000000101,0.00,'0000-00-00','0000-00-00',0,'CAMILOA','2019-03-14 17:45:51','VZAMBRANO','2019-03-15 11:44:19'),(0000000015,0000000005,0000000060,0000001974,0.00,8.00,1,0000000039,0.00,'2019-03-15','2019-03-15',0,'FGONZALEZ','2019-03-18 10:20:04','VZAMBRANO','2019-03-18 11:03:33'),(0000000016,0000000006,0000000001,0000000001,0.00,8.50,1,0000000039,0.00,'2019-03-21','2019-03-21',0,'FGONZALEZ','2019-03-21 10:05:13','VZAMBRANO','2019-03-21 10:08:38'),(0000000017,0000000007,0000000001,0000000001,0.00,24.00,3,0000000082,0.00,'2019-03-26','2019-03-26',0,'FGONZALEZ','2019-03-26 11:00:07','VZAMBRANO','2019-03-28 16:02:46'),(0000000018,0000000008,0000000024,0000000755,14.00,0.00,3,0000000041,0.00,'2019-03-13','2019-03-18',0,'DAVID','2019-03-27 18:23:40','VZAMBRANO','2019-03-28 16:03:02'),(0000000019,0000000009,0000000001,0000000022,50.00,0.00,15,0000000016,0.00,'2019-03-25','2019-04-15',0,'DAVID','2019-03-27 18:49:05','VZAMBRANO','2019-04-04 09:26:25'),(0000000020,0000000010,0000000001,0000000001,0.00,27.00,3,0000000039,0.00,'2019-03-25','2019-03-27',0,'FGONZALEZ','2019-03-28 13:22:43','VZAMBRANO','2019-03-28 16:03:49'),(0000000021,0000000011,0000000001,0000000001,0.00,8.50,1,0000000039,0.00,'2019-03-28','2019-03-28',0,'FGONZALEZ','2019-03-28 14:05:13','VZAMBRANO','2019-03-28 16:04:18'),(0000000022,0000000012,0000000001,0000000021,20.00,0.00,2,0000000012,0.00,'2019-04-01','2019-04-14',0,'CAMILOA','2019-03-28 15:46:15','VZAMBRANO','2019-03-28 16:02:11'),(0000000023,0000000012,0000000001,0000000021,20.00,0.00,2,0000000016,0.00,'2019-04-01','2019-04-14',0,'CAMILOA','2019-03-28 15:46:15','VZAMBRANO','2019-03-28 16:02:11'),(0000000024,0000000012,0000000001,0000000021,20.00,0.00,2,0000000041,0.00,'2019-04-01','2019-04-14',0,'CAMILOA','2019-03-28 15:46:15','VZAMBRANO','2019-03-28 16:02:11'),(0000000025,0000000012,0000000008,0000000240,4.00,0.00,1,0000000012,0.00,'2019-04-01','2019-04-14',0,'CAMILOA','2019-03-28 15:46:15','VZAMBRANO','2019-03-28 16:02:11'),(0000000026,0000000012,0000000019,0000000555,10.00,0.00,1,0000000012,0.00,'2019-04-01','2019-04-14',0,'CAMILOA','2019-03-28 15:46:15','VZAMBRANO','2019-03-28 16:02:11'),(0000000027,0000000012,0000000063,0000002042,2.00,0.00,1,0000000012,0.00,'2019-04-01','2019-04-14',0,'CAMILOA','2019-03-28 15:46:15','VZAMBRANO','2019-03-28 16:02:11'),(0000000028,0000000012,0000000001,0000000021,4.00,0.00,1,0000000083,0.00,'2019-04-01','2019-04-14',0,'CAMILOA','2019-03-28 15:46:15','VZAMBRANO','2019-03-28 16:02:11'),(0000000030,0000000014,0000000069,0000002275,0.00,0.00,0,0000000140,0.00,'0000-00-00','0000-00-00',0,'CAMILOA','2019-03-29 12:50:52','VZAMBRANO','2019-03-29 12:52:24'),(0000000031,0000000015,0000000050,0000001608,0.00,8.50,0,0000000011,0.00,'0000-00-00','0000-00-00',0,'CAMILOA','2019-04-01 16:47:38','VZAMBRANO','2019-04-01 17:30:52'),(0000000032,0000000016,0000000061,0000002002,11.00,0.00,0,0000000151,0.00,'0000-00-00','0000-00-00',0,'CAMILOA','2019-04-01 17:26:38','VZAMBRANO','2019-04-02 10:21:42'),(0000000033,0000000016,0000000061,0000002002,11.00,0.00,0,0000000064,0.00,'0000-00-00','0000-00-00',0,'CAMILOA','2019-04-01 17:26:38','VZAMBRANO','2019-04-02 10:21:42'),(0000000034,0000000016,0000000066,0000002170,12.00,0.00,0,0000000011,0.00,'0000-00-00','0000-00-00',0,'CAMILOA','2019-04-01 17:26:38','VZAMBRANO','2019-04-02 10:21:42'),(0000000035,0000000017,0000000060,0000001974,4.00,0.00,0,0000000082,0.00,'0000-00-00','0000-00-00',0,'CAMILOA','2019-04-03 13:25:47','VZAMBRANO','2019-04-03 13:26:52'),(0000000036,0000000017,0000000016,0000000462,4.50,0.00,0,0000000039,0.00,'0000-00-00','0000-00-00',0,'CAMILOA','2019-04-03 13:25:47','VZAMBRANO','2019-04-03 13:26:52'),(0000000037,0000000018,0000000069,0000002278,0.00,10.00,0,0000000042,0.00,'0000-00-00','0000-00-00',0,'CAMILOA','2019-04-03 16:57:52','VZAMBRANO','2019-09-05 13:12:17'),(0000000038,0000000018,0000000069,0000002353,0.00,9.00,0,0000000119,0.00,'0000-00-00','0000-00-00',0,'CAMILOA','2019-04-03 16:57:52','VZAMBRANO','2019-09-05 13:12:17'),(0000000039,0000000018,0000000070,0000002369,0.00,1.20,0,0000000039,0.00,'0000-00-00','0000-00-00',0,'CAMILOA','2019-04-03 16:57:52','VZAMBRANO','2019-09-05 13:12:17'),(0000000040,0000000019,0000000006,0000000159,0.00,5.00,0,0000000011,0.00,'0000-00-00','0000-00-00',0,'CAMILOA','2019-04-03 17:32:37','VZAMBRANO','2019-04-10 16:43:31'),(0000000041,0000000019,0000000070,0000002369,0.00,3.00,0,0000000039,0.00,'0000-00-00','0000-00-00',0,'CAMILOA','2019-04-03 17:32:37','VZAMBRANO','2019-04-10 16:43:31'),(0000000042,0000000020,0000000001,0000000021,20.00,0.00,2,0000000012,0.00,'2019-04-05','2019-04-19',0,'CAMILOA','2019-04-04 19:19:35','VZAMBRANO','2019-04-05 08:59:08'),(0000000043,0000000020,0000000001,0000000021,20.00,0.00,2,0000000016,0.00,'2019-04-05','2019-04-19',0,'CAMILOA','2019-04-04 19:19:35','VZAMBRANO','2019-04-05 08:59:08'),(0000000044,0000000020,0000000001,0000000021,20.00,0.00,2,0000000041,0.00,'2019-04-05','2019-04-19',0,'CAMILOA','2019-04-04 19:19:35','VZAMBRANO','2019-04-05 08:59:08'),(0000000045,0000000020,0000000008,0000000240,4.00,0.00,1,0000000012,0.00,'2019-04-05','2019-04-19',0,'CAMILOA','2019-04-04 19:19:35','VZAMBRANO','2019-04-05 08:59:08'),(0000000046,0000000020,0000000019,0000000555,10.00,0.00,1,0000000012,0.00,'2019-04-05','2019-04-19',0,'CAMILOA','2019-04-04 19:19:35','VZAMBRANO','2019-04-05 08:59:08'),(0000000047,0000000020,0000000063,0000002038,2.00,0.00,1,0000000012,0.00,'2019-04-05','2019-04-19',0,'CAMILOA','2019-04-04 19:19:35','VZAMBRANO','2019-04-05 08:59:08'),(0000000048,0000000020,0000000001,0000000021,4.00,0.00,1,0000000083,0.00,'2019-04-05','2019-04-19',0,'CAMILOA','2019-04-04 19:19:35','VZAMBRANO','2019-04-05 08:59:08'),(0000000049,0000000019,0000000008,0000000248,0.00,4.00,0,0000000011,0.00,'0000-00-00','0000-00-00',0,'CAMILOA','2019-04-10 16:41:40','VZAMBRANO','2019-04-10 16:43:31'),(0000000050,0000000019,0000000004,0000000116,0.00,3.00,0,0000000011,0.00,'0000-00-00','0000-00-00',0,'CAMILOA','2019-04-10 16:41:40','VZAMBRANO','2019-04-10 16:43:31'),(0000000051,0000000019,0000000003,0000000082,0.00,2.00,0,0000000011,0.00,'0000-00-00','0000-00-00',0,'CAMILOA','2019-04-10 16:41:40','VZAMBRANO','2019-04-10 16:43:31'),(0000000052,0000000019,0000000002,0000000064,0.00,3.00,0,0000000011,0.00,'0000-00-00','0000-00-00',0,'CAMILOA','2019-04-10 16:41:40','VZAMBRANO','2019-04-10 16:43:31'),(0000000053,0000000019,0000000010,0000000323,0.00,2.00,0,0000000011,0.00,'0000-00-00','0000-00-00',0,'CAMILOA','2019-04-10 16:41:40','VZAMBRANO','2019-04-10 16:43:31'),(0000000054,0000000021,0000000006,0000000198,0.00,8.00,0,0000000011,0.00,'0000-00-00','0000-00-00',0,'CAMILOA','2019-04-12 12:47:07','VZAMBRANO','2019-04-12 16:39:08'),(0000000055,0000000021,0000000070,0000002369,0.00,2.00,0,0000000031,0.00,'0000-00-00','0000-00-00',0,'CAMILOA','2019-04-12 12:47:07','VZAMBRANO','2019-04-12 16:39:08'),(0000000056,0000000021,0000000003,0000000082,0.00,2.00,0,0000000011,0.00,'0000-00-00','0000-00-00',0,'CAMILOA','2019-04-12 12:47:07','VZAMBRANO','2019-04-12 16:39:08'),(0000000057,0000000022,0000000027,0000000834,6.00,0.00,0,0000000041,0.00,'0000-00-00','0000-00-00',0,'CAMILOA','2019-04-12 17:20:57','VZAMBRANO','2019-04-15 14:28:16'),(0000000058,0000000022,0000000027,0000000835,6.00,0.00,0,0000000146,0.00,'0000-00-00','0000-00-00',0,'CAMILOA','2019-04-12 17:20:57','VZAMBRANO','2019-04-15 14:28:16'),(0000000059,0000000022,0000000027,0000000855,5.00,0.00,0,0000000041,0.00,'0000-00-00','0000-00-00',0,'CAMILOA','2019-04-12 17:20:57','VZAMBRANO','2019-04-15 14:28:16'),(0000000060,0000000023,0000000027,0000000855,0.00,8.50,0,0000000011,0.00,'0000-00-00','0000-00-00',0,'CAMILOA','2019-04-15 14:48:35','VZAMBRANO','2019-04-15 14:57:57'),(0000000061,0000000023,0000000027,0000000855,0.00,2.00,0,0000000102,0.00,'0000-00-00','0000-00-00',0,'CAMILOA','2019-04-15 14:48:35','VZAMBRANO','2019-04-15 14:57:57'),(0000000062,0000000023,0000000027,0000000855,0.00,2.00,0,0000000114,0.00,'0000-00-00','0000-00-00',0,'CAMILOA','2019-04-15 14:48:35','VZAMBRANO','2019-04-15 14:57:57'),(0000000063,0000000024,0000000001,0000000001,0.00,2.40,0,0000000039,0.00,'0000-00-00','0000-00-00',0,'CAMILOA','2019-04-17 17:33:27','VZAMBRANO','2019-04-18 11:07:59'),(0000000064,0000000024,0000000006,0000000158,0.00,2.00,0,0000000039,0.00,'0000-00-00','0000-00-00',0,'CAMILOA','2019-04-17 17:33:27','VZAMBRANO','2019-04-18 11:07:59'),(0000000065,0000000024,0000000002,0000000029,0.00,2.00,0,0000000041,0.00,'0000-00-00','0000-00-00',0,'CAMILOA','2019-04-17 17:33:27','VZAMBRANO','2019-04-18 11:07:59'),(0000000066,0000000025,0000000060,0000001974,0.00,8.50,0,0000000039,0.00,'2019-04-22','2019-04-22',0,'FGONZALEZ','2019-04-22 08:14:26','VZAMBRANO','2019-04-22 10:55:21'),(0000000067,0000000026,0000000060,0000001974,0.00,6.00,1,0000000039,0.00,'2019-04-22','2019-04-22',0,'FGONZALEZ','2019-04-22 16:26:14','VZAMBRANO','2019-04-22 16:27:17'),(0000000068,0000000027,0000000027,0000000839,8.50,0.00,0,0000000011,0.00,'0000-00-00','0000-00-00',0,'CAMILOA','2019-04-24 23:23:38','VZAMBRANO','2019-05-10 09:29:21'),(0000000069,0000000027,0000000027,0000000856,8.50,0.00,0,0000000011,0.00,'0000-00-00','0000-00-00',0,'CAMILOA','2019-04-24 23:23:38','VZAMBRANO','2019-05-10 09:29:21'),(0000000070,0000000027,0000000027,0000000863,8.50,0.00,0,0000000011,0.00,'0000-00-00','0000-00-00',0,'CAMILOA','2019-04-24 23:23:38','VZAMBRANO','2019-05-10 09:29:21'),(0000000071,0000000027,0000000027,0000000861,2.00,0.00,0,0000000024,0.00,'0000-00-00','0000-00-00',0,'CAMILOA','2019-04-24 23:23:38','VZAMBRANO','2019-05-10 09:29:21'),(0000000072,0000000028,0000000070,0000002369,0.00,4.00,0,0000000039,0.00,'0000-00-00','0000-00-00',0,'CAMILOA','2019-04-29 15:47:22','VZAMBRANO','2019-05-10 09:30:18'),(0000000073,0000000028,0000000016,0000000462,0.00,4.00,0,0000000039,0.00,'0000-00-00','0000-00-00',0,'CAMILOA','2019-04-29 15:47:22','VZAMBRANO','2019-05-10 09:30:18'),(0000000075,0000000030,0000000069,0000002278,0.00,26.00,0,0000000042,0.00,'0000-00-00','0000-00-00',0,'CAMILOA','2019-04-30 14:58:13','VZAMBRANO','2019-04-30 16:45:14'),(0000000076,0000000030,0000000007,0000000219,0.00,0.40,0,0000000011,0.00,'0000-00-00','0000-00-00',0,'CAMILOA','2019-04-30 14:58:13','VZAMBRANO','2019-04-30 16:45:14'),(0000000077,0000000031,0000000017,0000000505,30.00,0.00,3,0000000063,0.00,'2019-05-07','2019-05-10',0,'FGONZALEZ','2019-05-06 08:43:14','VZAMBRANO','2019-05-10 09:30:31'),(0000000078,0000000032,0000000001,0000000001,10.00,0.00,0,0000000013,0.00,'0000-00-00','0000-00-00',0,'CAMILOA','2019-05-08 17:17:09','CAMILOA','2019-05-08 17:17:51'),(0000000079,0000000032,0000000001,0000000021,4.00,0.00,0,0000000013,0.00,'0000-00-00','0000-00-00',0,'CAMILOA','2019-05-08 17:17:09','CAMILOA','2019-05-08 17:17:51'),(0000000080,0000000032,0000000001,0000000001,34.00,0.00,0,0000000024,0.00,'0000-00-00','0000-00-00',0,'CAMILOA','2019-05-08 17:17:09','CAMILOA','2019-05-08 17:17:51'),(0000000081,0000000032,0000000019,0000000555,26.00,0.00,0,0000000013,0.00,'0000-00-00','0000-00-00',0,'CAMILOA','2019-05-08 17:17:09','CAMILOA','2019-05-08 17:17:51'),(0000000082,0000000032,0000000008,0000000267,11.00,0.00,0,0000000013,0.00,'0000-00-00','0000-00-00',0,'CAMILOA','2019-05-08 17:20:04','CAMILOA','2019-05-09 13:05:22'),(0000000083,0000000033,0000000066,0000002165,0.00,4.00,0,0000000039,0.00,'2019-09-26','2019-09-26',0,'CAMILOA','2019-05-09 16:28:53','CAMILOA','2019-09-26 18:14:19'),(0000000084,0000000033,0000000066,0000002165,0.00,2.00,0,0000000024,0.00,'2019-09-26','2019-09-26',0,'CAMILOA','2019-05-09 16:28:53','CAMILOA','2019-09-26 18:14:19'),(0000000085,0000000034,0000000001,0000000001,26.00,0.00,0,0000000012,0.00,'0000-00-00','0000-00-00',0,'CAMILOA','2019-05-10 09:09:14','VZAMBRANO','2019-05-10 09:33:55'),(0000000086,0000000034,0000000001,0000000001,9.00,0.00,0,0000000041,0.00,'0000-00-00','0000-00-00',0,'CAMILOA','2019-05-10 09:09:14','VZAMBRANO','2019-05-10 09:33:55'),(0000000087,0000000034,0000000001,0000000021,9.00,0.00,0,0000000041,0.00,'0000-00-00','0000-00-00',0,'CAMILOA','2019-05-10 09:09:14','VZAMBRANO','2019-05-10 09:33:55'),(0000000088,0000000034,0000000070,0000002369,9.00,0.00,0,0000000039,0.00,'0000-00-00','0000-00-00',0,'CAMILOA','2019-05-10 09:09:14','VZAMBRANO','2019-05-10 09:33:55'),(0000000089,0000000035,0000000001,0000000001,0.00,11.00,0,0000000039,0.00,'2019-05-21','2019-05-21',0,'CAMILOA','2019-05-10 09:21:45','VZAMBRANO','2019-06-12 15:02:45'),(0000000090,0000000035,0000000070,0000002369,0.00,7.00,0,0000000039,0.00,'0000-00-00','0000-00-00',1,'CAMILOA','2019-05-10 09:21:45','CAMILOA','2019-06-11 16:39:12'),(0000000091,0000000036,0000000006,0000000198,8.50,0.00,0,0000000041,0.00,'0000-00-00','0000-00-00',0,'CAMILOA','2019-05-14 23:57:13','VZAMBRANO','2019-05-27 12:22:45'),(0000000092,0000000036,0000000006,0000000164,8.50,0.00,1,0000000012,0.00,'0000-00-00','0000-00-00',0,'CAMILOA','2019-05-14 23:57:13','VZAMBRANO','2019-09-05 13:12:17'),(0000000093,0000000036,0000000006,0000000158,8.50,0.00,1,0000000082,0.00,'0000-00-00','0000-00-00',0,'CAMILOA','2019-05-16 23:32:52','VZAMBRANO','2019-05-27 12:22:45'),(0000000094,0000000037,0000000070,0000002369,0.00,13.00,0,0000000039,0.00,'0000-00-00','0000-00-00',0,'CAMILOA','2019-05-17 00:21:55','CAMILOA','2019-05-17 00:24:49'),(0000000095,0000000037,0000000016,0000000462,0.00,14.00,0,0000000039,0.00,'0000-00-00','0000-00-00',0,'CAMILOA','2019-05-17 00:21:55','CAMILOA','2019-05-17 00:24:49'),(0000000096,0000000038,0000000030,0000000956,0.00,28.00,0,0000000151,0.00,'2019-07-02','2019-07-04',0,'CAMILOA','2019-05-17 16:20:32','VZAMBRANO','2019-07-03 09:21:31'),(0000000097,0000000038,0000000030,0000000956,0.00,20.08,0,0000000011,0.00,'2019-07-02','2019-07-04',0,'CAMILOA','2019-05-17 16:20:32','VZAMBRANO','2019-07-03 09:21:31'),(0000000098,0000000039,0000000060,0000001974,8.50,0.00,2,0000000041,0.00,'2019-04-01','2019-04-03',0,'FGONZALEZ','2019-05-17 20:04:30','FGONZALEZ','2019-05-17 20:53:02'),(0000000099,0000000039,0000000060,0000001974,50.00,0.00,30,0000000024,0.00,'2019-04-03','2019-05-17',0,'FGONZALEZ','2019-05-17 20:04:30','FGONZALEZ','2019-05-17 20:53:02'),(0000000100,0000000040,0000000001,0000000001,0.00,5.00,0,0000000039,0.00,'0000-00-00','0000-00-00',0,'CAMILOA','2019-05-22 12:50:39','VZAMBRANO','2019-09-05 13:12:17'),(0000000101,0000000040,0000000008,0000000237,0.00,5.00,0,0000000039,0.00,'0000-00-00','0000-00-00',0,'CAMILOA','2019-05-22 12:50:39','VZAMBRANO','2019-09-05 13:12:17'),(0000000102,0000000040,0000000035,0000001063,0.00,7.00,0,0000000039,0.00,'0000-00-00','0000-00-00',0,'CAMILOA','2019-05-22 12:50:39','VZAMBRANO','2019-09-05 13:12:17'),(0000000103,0000000041,0000000014,0000000435,0.00,7.50,0,0000000102,0.00,'0000-00-00','0000-00-00',0,'CAMILOA','2019-05-22 14:30:43','VZAMBRANO','2019-05-27 12:21:36'),(0000000104,0000000035,0000000001,0000000001,0.00,22.00,0,0000000012,0.00,'0000-00-00','0000-00-00',1,'CAMILOA','2019-05-22 17:29:27','CAMILOA','2019-06-11 16:39:12'),(0000000105,0000000035,0000000001,0000000001,0.00,30.00,0,0000000013,0.00,'0000-00-00','0000-00-00',1,'CAMILOA','2019-05-22 17:29:27','CAMILOA','2019-06-11 16:39:12'),(0000000106,0000000035,0000000001,0000000001,22.00,0.00,0,0000000107,0.00,'0000-00-00','0000-00-00',1,'CAMILOA','2019-05-22 17:29:27','CAMILOA','2019-06-11 16:39:12'),(0000000107,0000000035,0000000001,0000000021,22.00,0.00,0,0000000107,0.00,'0000-00-00','0000-00-00',1,'CAMILOA','2019-05-22 17:29:27','CAMILOA','2019-06-11 16:39:12'),(0000000109,0000000043,0000000069,0000002276,0.00,8.50,0,0000000042,0.00,'2019-08-12','2019-08-14',0,'CAMILOA','2019-05-23 16:18:00','VZAMBRANO','2019-08-05 17:16:48'),(0000000110,0000000043,0000000070,0000002369,0.00,8.50,0,0000000039,0.00,'2019-08-12','2019-08-14',0,'CAMILOA','2019-05-23 16:18:00','VZAMBRANO','2019-08-05 17:16:48'),(0000000111,0000000043,0000000060,0000001974,0.00,4.00,0,0000000043,0.00,'2019-08-12','2019-08-14',0,'CAMILOA','2019-05-23 16:18:00','VZAMBRANO','2019-08-05 17:16:48'),(0000000112,0000000043,0000000069,0000002314,0.00,4.00,0,0000000009,0.00,'2019-08-12','2019-08-14',0,'CAMILOA','2019-05-23 16:18:00','VZAMBRANO','2019-08-05 17:16:48'),(0000000113,0000000044,0000000069,0000002278,0.00,9.00,0,0000000042,0.00,'0000-00-00','0000-00-00',0,'CAMILOA','2019-05-23 16:28:59','CAMILOA','2019-05-23 16:48:33'),(0000000114,0000000044,0000000070,0000002369,0.00,8.50,0,0000000039,0.00,'0000-00-00','0000-00-00',1,'CAMILOA','2019-05-23 16:47:47','CAMILOA','2019-05-23 16:48:33'),(0000000115,0000000044,0000000060,0000001974,0.00,8.50,0,0000000043,0.00,'0000-00-00','0000-00-00',1,'CAMILOA','2019-05-23 16:47:47','CAMILOA','2019-05-23 16:48:33'),(0000000116,0000000044,0000000070,0000002369,0.00,9.00,0,0000000039,0.00,'0000-00-00','0000-00-00',0,'CAMILOA','2019-05-23 16:48:33','CAMILOA','2019-05-23 23:37:40'),(0000000117,0000000044,0000000060,0000001974,0.00,8.00,0,0000000043,0.00,'0000-00-00','0000-00-00',0,'CAMILOA','2019-05-23 16:48:33','CAMILOA','2019-05-23 23:37:40'),(0000000118,0000000045,0000000007,0000000207,0.00,0.00,0,0000000140,0.00,'2019-05-31','2019-05-31',0,'CAMILOA','2019-05-23 17:00:16','DAVID','2019-06-10 13:31:26'),(0000000119,0000000046,0000000069,0000002337,0.00,8.50,0,0000000039,0.00,'0000-00-00','0000-00-00',0,'CAMILOA','2019-05-24 16:48:52','CAMILOA','2019-05-30 10:00:08'),(0000000120,0000000046,0000000001,0000000003,0.00,8.50,0,0000000039,0.00,'0000-00-00','0000-00-00',0,'CAMILOA','2019-05-24 16:48:52','CAMILOA','2019-05-30 10:00:08'),(0000000121,0000000046,0000000035,0000001063,0.00,8.50,0,0000000033,0.00,'0000-00-00','0000-00-00',0,'CAMILOA','2019-05-24 16:48:52','CAMILOA','2019-05-30 10:00:08'),(0000000124,0000000049,0000000027,0000000834,20.00,0.00,2,0000000041,0.00,'2019-05-30','2019-05-31',0,'CAMILOA','2019-05-27 10:59:10','VZAMBRANO','2019-06-06 11:06:33'),(0000000125,0000000050,0000000001,0000000001,0.00,8.00,0,0000000039,0.00,'0000-00-00','0000-00-00',0,'CAMILOA','2019-05-28 12:40:54','METALSIG_USUARIO','2019-09-05 13:12:17'),(0000000126,0000000051,0000000016,0000000462,0.00,4.50,0,0000000039,0.00,'2019-05-31','2019-05-31',0,'CAMILOA','2019-05-30 16:17:34','VZAMBRANO','2019-06-06 11:06:58'),(0000000127,0000000051,0000000016,0000000491,0.00,4.00,0,0000000039,0.00,'2019-05-31','2019-05-31',0,'CAMILOA','2019-05-30 16:17:34','VZAMBRANO','2019-06-06 11:06:58'),(0000000128,0000000052,0000000069,0000002278,0.00,10.00,0,0000000042,0.00,'0000-00-00','0000-00-00',0,'CAMILOA','2019-06-03 12:13:25','CAMILOA','2019-06-03 12:34:32'),(0000000129,0000000052,0000000070,0000002369,0.00,5.00,0,0000000039,0.00,'0000-00-00','0000-00-00',0,'CAMILOA','2019-06-03 12:34:32','CAMILOA','2019-06-03 12:35:54'),(0000000130,0000000052,0000000060,0000001974,0.00,5.00,0,0000000043,0.00,'0000-00-00','0000-00-00',0,'CAMILOA','2019-06-03 12:34:32','CAMILOA','2019-06-03 12:35:54'),(0000000131,0000000053,0000000027,0000000834,14.00,0.00,1,0000000021,0.00,'2019-06-06','2019-06-14',0,'CAMILOA','2019-06-05 15:24:45','VZAMBRANO','2019-06-17 13:22:24'),(0000000132,0000000053,0000000027,0000000863,8.50,0.00,1,0000000011,0.00,'2019-06-06','2019-06-14',0,'CAMILOA','2019-06-05 15:24:45','VZAMBRANO','2019-06-17 13:22:24'),(0000000133,0000000053,0000000027,0000000855,8.50,0.00,1,0000000011,0.00,'2019-06-06','2019-06-14',0,'CAMILOA','2019-06-05 15:24:45','VZAMBRANO','2019-06-17 13:22:24'),(0000000134,0000000053,0000000027,0000000856,8.70,0.00,1,0000000011,0.00,'2019-06-06','2019-06-14',0,'CAMILOA','2019-06-05 15:24:45','VZAMBRANO','2019-06-17 13:22:24'),(0000000135,0000000054,0000000070,0000002369,0.00,8.50,0,0000000041,0.00,'2019-05-30','2019-05-30',0,'CAMILOA','2019-06-05 16:16:20','VZAMBRANO','2019-06-12 15:03:11'),(0000000136,0000000054,0000000033,0000001039,0.00,8.50,0,0000000024,0.00,'0000-00-00','0000-00-00',1,'CAMILOA','2019-06-05 16:16:20','CAMILOA','2019-06-11 16:36:36'),(0000000137,0000000054,0000000070,0000002369,0.00,8.50,0,0000000031,0.00,'0000-00-00','0000-00-00',1,'CAMILOA','2019-06-05 16:16:20','CAMILOA','2019-06-11 16:36:36'),(0000000138,0000000055,0000000008,0000000248,0.00,8.00,0,0000000012,0.00,'2019-06-08','2019-06-08',0,'CAMILOA','2019-06-06 10:46:15','CAMILOA','2019-06-06 11:18:54'),(0000000139,0000000055,0000000008,0000000248,0.00,4.00,0,0000000041,0.00,'2019-06-08','2019-06-08',0,'CAMILOA','2019-06-06 10:46:15','CAMILOA','2019-06-06 11:18:54'),(0000000140,0000000056,0000000001,0000000022,63.00,0.00,1,0000000016,0.00,'2019-06-07','2019-06-21',0,'DAVID','2019-06-07 16:41:04','ADMINISTRADOR','2019-08-12 16:56:40'),(0000000141,0000000057,0000000001,0000000001,130.00,0.00,0,0000000107,0.00,'2019-05-19','2019-06-30',0,'CAMILOA','2019-06-10 11:49:48','VZAMBRANO','2019-06-10 13:45:07'),(0000000142,0000000057,0000000025,0000000770,130.00,0.00,0,0000000107,0.00,'2019-05-19','2019-06-30',0,'CAMILOA','2019-06-10 11:49:48','VZAMBRANO','2019-06-10 13:45:07'),(0000000143,0000000057,0000000027,0000000834,130.00,0.00,0,0000000107,0.00,'2019-05-19','2019-06-30',0,'CAMILOA','2019-06-10 11:49:48','VZAMBRANO','2019-06-10 13:45:07'),(0000000144,0000000058,0000000016,0000000463,0.00,13.00,0,0000000038,0.00,'2019-07-01','2019-07-03',0,'CAMILOA','2019-06-10 12:01:42','VZAMBRANO','2019-06-11 16:33:33'),(0000000145,0000000058,0000000016,0000000462,0.00,13.00,0,0000000039,0.00,'2019-07-01','2019-07-01',0,'CAMILOA','2019-06-10 12:01:42','VZAMBRANO','2019-06-11 16:33:33'),(0000000146,0000000059,0000000070,0000002369,0.00,13.00,0,0000000039,0.00,'2019-06-17','2019-06-19',0,'CAMILOA','2019-06-10 12:55:49','VZAMBRANO','2019-06-20 17:31:16'),(0000000147,0000000059,0000000035,0000001063,0.00,13.00,0,0000000039,0.00,'2019-06-17','2019-06-19',0,'CAMILOA','2019-06-10 12:55:49','VZAMBRANO','2019-06-20 17:31:16'),(0000000148,0000000060,0000000001,0000000022,74.00,0.00,10,0000000016,0.00,'2019-06-03','2019-06-24',0,'DAVID','2019-06-10 15:06:53','VZAMBRANO','2019-06-10 15:59:29'),(0000000149,0000000061,0000000007,0000000210,0.00,0.00,0,0000000140,0.00,'2019-06-12','2019-06-12',0,'CAMILOA','2019-06-12 13:03:59',NULL,NULL),(0000000150,0000000062,0000000053,0000001693,0.00,0.00,0,0000000140,0.00,'2019-06-14','2019-06-14',0,'CAMILOA','2019-06-13 16:36:59','VZAMBRANO','2019-06-17 13:23:05'),(0000000151,0000000063,0000000017,0000000496,15.00,0.00,0,0000000012,0.00,'2019-06-17','2019-06-21',0,'CAMILOA','2019-06-14 15:28:35','VZAMBRANO','2019-06-17 15:45:46'),(0000000152,0000000063,0000000019,0000000555,15.00,0.00,0,0000000012,0.00,'2019-06-17','2019-06-21',0,'CAMILOA','2019-06-14 15:28:35','VZAMBRANO','2019-06-17 15:45:46'),(0000000153,0000000063,0000000017,0000000496,13.00,0.00,0,0000000041,0.00,'2019-06-17','2019-06-21',0,'CAMILOA','2019-06-14 15:28:35','VZAMBRANO','2019-06-17 15:45:46'),(0000000154,0000000064,0000000069,0000002276,0.00,0.00,0,0000000042,0.00,'2019-06-18','2019-06-18',0,'CAMILOA','2019-06-18 12:19:19','VZAMBRANO','2019-06-18 12:49:52'),(0000000155,0000000065,0000000006,0000000198,0.00,0.00,0,0000000102,0.00,'2019-06-19','2019-06-19',0,'CAMILOA','2019-06-18 13:10:55','VZAMBRANO','2019-06-20 17:30:23'),(0000000156,0000000066,0000000001,0000000022,240.00,0.00,30,0000000062,0.00,'2019-06-01','2019-06-24',0,'DAVID','2019-06-20 13:25:04','VZAMBRANO','2019-06-20 17:04:21'),(0000000157,0000000067,0000000001,0000000022,8.50,0.00,3,0000000041,0.00,'2019-06-20','2019-06-24',0,'DAVID','2019-06-20 14:23:21','VZAMBRANO','2019-06-20 17:04:55'),(0000000158,0000000068,0000000001,0000000022,8.50,0.00,3,0000000041,0.00,'2019-06-20','2019-06-24',0,'DAVID','2019-06-20 14:24:43','VZAMBRANO','2019-06-20 17:05:16'),(0000000159,0000000069,0000000024,0000000754,0.00,17.00,0,0000000024,0.00,'2019-06-21','2019-06-25',0,'DAVID','2019-06-24 12:27:16','VZAMBRANO','2019-06-24 15:22:30'),(0000000160,0000000070,0000000001,0000000022,8.50,0.00,0,0000000041,0.00,'2019-06-27','2019-07-02',0,'DAVID','2019-06-27 12:42:19','VZAMBRANO','2019-06-27 13:39:18'),(0000000162,0000000072,0000000020,0000000608,0.00,4.50,0,0000000039,0.00,'2019-07-01','2019-07-01',0,'CAMILOA','2019-06-28 12:20:09','VZAMBRANO','2019-06-28 12:24:56'),(0000000163,0000000072,0000000070,0000002369,0.00,4.30,0,0000000039,0.00,'2019-07-01','2019-07-01',0,'CAMILOA','2019-06-28 12:23:14','VZAMBRANO','2019-06-28 12:24:56'),(0000000164,0000000073,0000000020,0000000594,14.50,0.00,2,0000000024,0.00,'2019-07-08','2019-07-12',0,'CAMILOA','2019-07-02 14:50:12','VZAMBRANO','2019-07-03 09:22:00'),(0000000165,0000000073,0000000020,0000000594,15.00,0.00,2,0000000013,0.00,'2019-07-08','2019-07-12',0,'CAMILOA','2019-07-02 14:50:12','VZAMBRANO','2019-07-03 09:22:00'),(0000000166,0000000073,0000000020,0000000594,4.00,0.00,1,0000000031,0.00,'2019-07-08','2019-07-12',0,'CAMILOA','2019-07-02 14:50:12','VZAMBRANO','2019-07-03 09:22:00'),(0000000167,0000000073,0000000027,0000000843,6.00,0.00,0,0000000011,0.00,'2019-07-04','2019-07-09',0,'CAMILOA','2019-07-02 15:04:42','VZAMBRANO','2019-07-03 09:22:00'),(0000000168,0000000073,0000000027,0000000853,8.00,0.00,0,0000000011,0.00,'2019-07-04','2019-07-09',0,'CAMILOA','2019-07-02 15:04:42','VZAMBRANO','2019-07-03 09:22:00'),(0000000169,0000000073,0000000064,0000002087,4.00,0.00,0,0000000011,0.00,'2019-07-04','2019-07-09',0,'CAMILOA','2019-07-02 15:04:42','VZAMBRANO','2019-07-03 09:22:00'),(0000000170,0000000074,0000000061,0000002002,4.00,0.00,1,0000000151,0.00,'2019-07-15','2019-08-09',0,'CAMILOA','2019-07-04 17:46:49','VZAMBRANO','2019-07-15 16:45:58'),(0000000171,0000000074,0000000061,0000002002,4.00,0.00,1,0000000064,0.00,'2019-07-15','2019-08-09',0,'CAMILOA','2019-07-04 17:46:49','VZAMBRANO','2019-07-15 16:45:58'),(0000000172,0000000074,0000000066,0000002146,20.00,0.00,1,0000000011,0.00,'2019-07-15','2019-08-09',0,'CAMILOA','2019-07-04 17:46:49','VZAMBRANO','2019-07-15 16:45:58'),(0000000173,0000000074,0000000061,0000001994,4.00,0.00,1,0000000011,0.00,'2019-07-15','2019-08-09',0,'CAMILOA','2019-07-04 17:46:49','VZAMBRANO','2019-07-15 16:45:58'),(0000000174,0000000074,0000000061,0000001994,4.00,0.00,1,0000000041,0.00,'2019-07-15','2019-08-09',0,'CAMILOA','2019-07-04 17:46:49','VZAMBRANO','2019-07-15 16:45:58'),(0000000175,0000000074,0000000066,0000002154,4.00,0.00,0,0000000042,0.00,'2019-07-15','2019-08-09',0,'CAMILOA','2019-07-04 17:46:49','VZAMBRANO','2019-07-15 16:45:58'),(0000000176,0000000074,0000000066,0000002156,2.00,0.00,0,0000000039,0.00,'2019-07-15','2019-08-09',0,'CAMILOA','2019-07-04 17:46:49','VZAMBRANO','2019-07-15 16:45:58'),(0000000177,0000000075,0000000069,0000002348,0.00,10.00,0,0000000009,0.00,'2019-07-21','2019-07-23',0,'CAMILOA','2019-07-08 16:53:15','CAMILOA','2019-07-11 14:57:44'),(0000000178,0000000076,0000000051,0000001628,34.00,0.00,5,0000000041,0.00,'2019-07-08','2019-07-12',0,'DAVID','2019-07-09 17:27:43','VZAMBRANO','2019-07-09 17:47:11'),(0000000179,0000000077,0000000001,0000000022,45.00,0.00,15,0000000016,0.00,'2019-07-01','2019-07-19',0,'DAVID','2019-07-09 18:31:24','VZAMBRANO','2019-07-15 16:43:55'),(0000000180,0000000078,0000000001,0000000022,45.00,0.00,15,0000000016,0.00,'2019-07-01','2019-07-19',0,'DAVID','2019-07-09 18:33:55','VZAMBRANO','2019-07-15 16:44:31'),(0000000181,0000000079,0000000001,0000000022,40.00,0.00,15,0000000016,0.00,'2019-07-01','2019-07-19',0,'DAVID','2019-07-09 18:36:08','VZAMBRANO','2019-07-15 16:44:09'),(0000000182,0000000080,0000000070,0000002369,0.00,7.00,0,0000000039,0.00,'2019-07-08','2019-07-10',0,'CAMILOA','2019-07-10 14:14:42','VZAMBRANO','2019-07-17 17:46:28'),(0000000183,0000000081,0000000070,0000002369,25.00,0.00,0,0000000039,0.00,'2019-07-08','2019-07-10',0,'CAMILOA','2019-07-10 14:14:49',NULL,NULL),(0000000184,0000000080,0000000002,0000000029,0.00,6.00,0,0000000041,0.00,'2019-07-08','2019-07-10',0,'CAMILOA','2019-07-10 15:29:55','VZAMBRANO','2019-07-17 17:46:28'),(0000000185,0000000080,0000000020,0000000608,0.00,6.00,0,0000000039,0.00,'2019-07-08','2019-07-10',0,'CAMILOA','2019-07-10 15:29:55','VZAMBRANO','2019-07-17 17:46:28'),(0000000186,0000000080,0000000046,0000001448,0.00,6.00,0,0000000039,0.00,'2019-07-08','2019-07-10',0,'CAMILOA','2019-07-10 15:29:55','VZAMBRANO','2019-07-17 17:46:29'),(0000000187,0000000075,0000000070,0000002369,0.00,12.00,0,0000000039,0.00,'2019-07-21','2019-07-23',0,'CAMILOA','2019-07-11 14:57:44','CAMILOA','2019-07-11 15:16:07'),(0000000188,0000000082,0000000017,0000000496,0.00,5.00,0,0000000039,0.00,'2019-07-22','2019-07-22',0,'CAMILOA','2019-07-15 15:38:59','VZAMBRANO','2019-07-15 16:45:04'),(0000000189,0000000082,0000000001,0000000001,0.00,1.50,0,0000000039,0.00,'2019-07-22','2019-07-22',0,'CAMILOA','2019-07-15 15:38:59','VZAMBRANO','2019-07-15 16:45:04'),(0000000190,0000000082,0000000070,0000002369,0.00,2.00,0,0000000039,0.00,'2019-07-22','2019-07-22',0,'CAMILOA','2019-07-15 15:38:59','VZAMBRANO','2019-07-15 16:45:04'),(0000000191,0000000083,0000000016,0000000462,0.00,6.00,0,0000000039,0.00,'2019-07-22','2019-07-24',0,'CAMILOA','2019-07-15 16:10:18','VZAMBRANO','2019-07-15 16:45:40'),(0000000192,0000000083,0000000069,0000002348,0.00,4.00,0,0000000009,0.00,'2019-07-22','2019-07-24',0,'CAMILOA','2019-07-15 16:10:18','VZAMBRANO','2019-07-15 16:45:40'),(0000000193,0000000083,0000000035,0000001063,0.00,6.00,0,0000000039,0.00,'2019-07-22','2019-07-24',0,'CAMILOA','2019-07-15 16:10:18','VZAMBRANO','2019-07-15 16:45:40'),(0000000194,0000000083,0000000017,0000000496,0.00,4.00,0,0000000039,0.00,'2019-07-22','2019-07-24',0,'CAMILOA','2019-07-15 16:10:18','VZAMBRANO','2019-07-15 16:45:40'),(0000000195,0000000084,0000000001,0000000001,0.90,0.00,86,0000000107,0.00,'2019-05-13','2019-08-10',0,'CAMILOA','2019-07-15 16:54:26','VZAMBRANO','2019-07-17 17:45:55'),(0000000196,0000000085,0000000020,0000000608,0.00,14.00,0,0000000024,0.00,'2019-07-22','2019-07-24',0,'CAMILOA','2019-07-17 09:25:29','DAVID','2019-07-31 16:46:38'),(0000000197,0000000085,0000000002,0000000029,0.00,6.00,0,0000000011,0.00,'2019-07-22','2019-07-24',0,'CAMILOA','2019-07-17 17:50:09','DAVID','2019-07-31 16:46:38'),(0000000198,0000000085,0000000035,0000001075,0.00,10.00,0,0000000024,0.00,'2019-07-22','2019-07-24',0,'CAMILOA','2019-07-17 17:50:09','DAVID','2019-07-31 16:46:38'),(0000000199,0000000086,0000000030,0000000950,0.00,17.00,0,0000000039,0.00,'2019-07-17','2019-07-18',0,'CAMILOA','2019-07-17 21:56:48','VZAMBRANO','2019-07-18 15:48:31'),(0000000200,0000000086,0000000027,0000000853,0.00,0.00,0,0000000039,0.00,'2019-07-17','2019-07-18',0,'CAMILOA','2019-07-17 21:56:48','VZAMBRANO','2019-07-18 15:48:31'),(0000000201,0000000087,0000000006,0000000159,10.00,0.00,0,0000000011,0.00,'2019-07-19','2019-08-02',0,'FGONZALEZ','2019-07-19 14:18:22','VZAMBRANO','2019-07-19 14:48:39'),(0000000202,0000000088,0000000042,0000001305,0.00,0.00,0,0000000041,0.00,'2019-07-22','2019-07-24',0,'CAMILOA','2019-07-22 13:10:28','ADMINISTRADOR','2019-07-24 17:02:44'),(0000000203,0000000088,0000000042,0000001305,0.00,0.00,0,0000000024,0.00,'2019-07-22','2019-07-24',0,'CAMILOA','2019-07-22 13:10:28','ADMINISTRADOR','2019-07-24 17:02:44'),(0000000204,0000000089,0000000060,0000001977,0.00,1.00,1,0000000002,0.00,'2019-07-23','2019-07-23',0,'FGONZALEZ','2019-07-23 12:22:14','VZAMBRANO','2019-07-23 12:25:17'),(0000000205,0000000090,0000000046,0000001448,0.00,4.50,0,0000000039,0.00,'2019-07-24','2019-07-29',0,'CAMILOA','2019-07-23 17:46:04','VZAMBRANO','2019-07-25 12:11:46'),(0000000206,0000000090,0000000035,0000001063,0.00,4.00,0,0000000039,0.00,'2019-07-29','2019-07-29',0,'CAMILOA','2019-07-23 17:46:04','VZAMBRANO','2019-07-25 12:11:46'),(0000000207,0000000091,0000000035,0000001063,0.00,3.00,0,0000000024,0.00,'2019-07-25','2019-07-25',0,'CAMILOA','2019-07-25 11:35:14','VZAMBRANO','2019-07-25 12:10:59'),(0000000208,0000000092,0000000035,0000001069,0.00,6.00,0,0000000011,0.00,'2019-07-25','2019-07-25',0,'CAMILOA','2019-07-25 11:37:32','VZAMBRANO','2019-07-25 12:10:14'),(0000000209,0000000093,0000000069,0000002277,0.00,5.00,0,0000000042,0.00,'2019-07-25','2019-07-26',0,'CAMILOA','2019-07-25 18:29:06','VZAMBRANO','2019-07-26 09:36:24'),(0000000210,0000000093,0000000035,0000001066,0.00,4.00,0,0000000015,0.00,'2019-07-25','2019-07-26',0,'CAMILOA','2019-07-25 18:40:41','VZAMBRANO','2019-07-26 09:36:24'),(0000000211,0000000094,0000000030,0000000972,0.00,5.00,0,0000000024,0.00,'2019-07-26','2019-07-26',0,'CAMILOA','2019-07-29 08:39:32','VZAMBRANO','2019-07-30 12:32:15'),(0000000212,0000000095,0000000035,0000001069,0.00,8.50,0,0000000024,0.00,'2019-07-29','2019-07-29',0,'CAMILOA','2019-07-29 08:43:51','VZAMBRANO','2019-07-29 09:55:51'),(0000000213,0000000096,0000000035,0000001066,0.00,6.00,0,0000000011,0.00,'2019-08-12','2019-08-12',0,'CAMILOA','2019-07-29 09:01:01','VZAMBRANO','2019-07-29 09:48:46'),(0000000214,0000000097,0000000009,0000000287,0.00,2.00,0,0000000102,0.00,'2019-08-05','2019-08-07',1,'CAMILOA','2019-07-30 11:05:13','CAMILOA','2019-08-02 16:05:56'),(0000000215,0000000097,0000000049,0000001561,0.00,5.00,0,0000000102,0.00,'2019-08-05','2019-08-07',0,'CAMILOA','2019-07-30 11:05:13','VZAMBRANO','2019-08-02 16:54:58'),(0000000216,0000000097,0000000003,0000000095,0.00,5.00,0,0000000102,0.00,'2019-08-05','2019-08-07',0,'CAMILOA','2019-07-30 11:05:13','VZAMBRANO','2019-08-02 16:54:58'),(0000000217,0000000098,0000000069,0000002277,5.00,0.00,1,0000000042,0.00,'2019-07-29','2019-07-29',0,'CAMILOA','2019-07-30 12:54:15','VZAMBRANO','2019-07-31 09:48:44'),(0000000218,0000000099,0000000069,0000002290,0.00,0.00,0,0000000140,0.00,'2019-07-31','2019-07-31',0,'CAMILOA','2019-07-31 13:08:42','DAVID','2019-08-02 16:58:07'),(0000000219,0000000100,0000000020,0000000597,0.00,8.50,0,0000000063,0.00,'2019-07-31','2019-07-31',0,'CAMILOA','2019-07-31 16:08:39','VZAMBRANO','2019-08-02 09:33:46'),(0000000220,0000000101,0000000066,0000002145,17.00,0.00,5,0000000013,0.00,'2019-07-29','2019-07-31',0,'DAVID','2019-07-31 16:45:54','VZAMBRANO','2019-07-31 17:02:23'),(0000000221,0000000102,0000000009,0000000284,0.00,4.00,0,0000000039,0.00,'2019-08-01','2019-08-01',0,'CAMILOA','2019-07-31 17:17:52','VZAMBRANO','2019-07-31 18:07:24'),(0000000222,0000000102,0000000070,0000002369,0.00,4.50,0,0000000039,0.00,'2019-08-01','2019-08-01',0,'CAMILOA','2019-07-31 17:17:52','VZAMBRANO','2019-07-31 18:07:24'),(0000000223,0000000103,0000000001,0000000001,0.00,24.00,2,0000000002,0.00,'2019-08-01','2019-08-02',0,'FGONZALEZ','2019-08-01 09:45:03','VZAMBRANO','2019-08-01 10:14:37'),(0000000224,0000000104,0000000069,0000002276,0.00,8.50,0,0000000042,0.00,'2019-08-12','2019-08-14',0,'CAMILOA','2019-08-05 10:34:50','VZAMBRANO','2019-08-05 17:17:38'),(0000000225,0000000104,0000000070,0000002369,0.00,8.50,0,0000000039,0.00,'2019-08-12','2019-08-14',0,'CAMILOA','2019-08-05 10:34:51','VZAMBRANO','2019-08-05 17:17:38'),(0000000226,0000000104,0000000069,0000002314,0.00,3.00,0,0000000009,0.00,'2019-08-12','2019-08-14',0,'CAMILOA','2019-08-05 10:34:51','VZAMBRANO','2019-08-05 17:17:38'),(0000000227,0000000104,0000000060,0000001974,0.00,3.00,0,0000000043,0.00,'2019-08-12','2019-08-14',0,'CAMILOA','2019-08-05 10:37:57','VZAMBRANO','2019-08-05 17:17:38'),(0000000228,0000000105,0000000053,0000001693,0.00,0.00,0,0000000140,0.00,'2019-08-30','2019-08-30',0,'CAMILOA','2019-08-05 14:29:02','VZAMBRANO','2019-08-05 17:18:03'),(0000000229,0000000106,0000000010,0000000336,0.00,0.00,0,0000000039,0.00,'2019-08-12','2019-08-14',0,'CAMILOA','2019-08-05 16:16:44','VZAMBRANO','2019-08-05 17:13:13'),(0000000235,0000000112,0000000051,0000001628,69.00,0.00,20,0000000024,0.00,'2019-08-05','2019-08-27',0,'DAVID','2019-08-05 16:29:47','VZAMBRANO','2019-08-06 14:50:55'),(0000000236,0000000112,0000000051,0000001628,17.00,0.00,2,0000000031,0.00,'2019-08-27','2019-08-28',0,'DAVID','2019-08-05 16:29:47','VZAMBRANO','2019-08-06 14:50:55'),(0000000237,0000000113,0000000001,0000000001,0.00,2.00,0,0000000039,0.00,'2019-08-12','2019-08-16',0,'CAMILOA','2019-08-07 18:07:03','VZAMBRANO','2019-08-13 13:18:19'),(0000000238,0000000113,0000000060,0000001974,0.00,2.00,0,0000000116,0.00,'2019-08-12','2019-08-16',0,'CAMILOA','2019-08-07 18:07:03','VZAMBRANO','2019-08-13 13:18:19'),(0000000239,0000000113,0000000001,0000000001,0.00,2.00,0,0000000082,0.00,'2019-08-12','2019-08-16',0,'CAMILOA','2019-08-07 18:07:03','VZAMBRANO','2019-08-13 13:18:19'),(0000000240,0000000113,0000000002,0000000029,0.00,2.00,0,0000000041,0.00,'2019-08-12','2019-08-16',0,'CAMILOA','2019-08-07 18:07:03','VZAMBRANO','2019-08-13 13:18:19'),(0000000241,0000000113,0000000010,0000000323,0.00,1.00,0,0000000043,0.00,'2019-08-12','2019-08-16',0,'CAMILOA','2019-08-07 18:07:03','VZAMBRANO','2019-08-13 13:18:19'),(0000000242,0000000113,0000000029,0000000949,0.00,3.00,0,0000000039,0.00,'2019-08-12','2019-08-16',0,'CAMILOA','2019-08-07 18:07:03','VZAMBRANO','2019-08-13 13:18:19'),(0000000243,0000000113,0000000017,0000000496,0.00,3.00,0,0000000039,0.00,'2019-08-12','2019-08-16',0,'CAMILOA','2019-08-07 18:07:03','VZAMBRANO','2019-08-13 13:18:19'),(0000000244,0000000113,0000000015,0000000456,0.00,3.00,0,0000000075,0.00,'2019-08-12','2019-08-16',0,'CAMILOA','2019-08-07 18:07:03','VZAMBRANO','2019-08-13 13:18:19'),(0000000245,0000000114,0000000049,0000001547,0.00,13.00,0,0000000011,0.00,'2019-08-14','2019-08-15',1,'CAMILOA','2019-08-07 18:08:49','CAMILOA','2019-08-21 09:21:17'),(0000000246,0000000114,0000000065,0000002118,0.00,4.00,0,0000000023,0.00,'2019-08-14','2019-08-15',1,'CAMILOA','2019-08-07 18:13:27','CAMILOA','2019-08-21 09:21:17'),(0000000247,0000000115,0000000072,0000002426,0.00,0.00,0,0000000140,0.00,'2019-09-20','2019-09-20',0,'CAMILOA','2019-08-09 14:02:10','VZAMBRANO','2019-08-09 15:00:19'),(0000000248,0000000116,0000000001,0000000022,8.50,0.00,0,0000000041,0.00,'2019-08-09','2019-08-12',0,'DAVID','2019-08-09 14:33:50','VZAMBRANO','2019-08-09 14:59:58'),(0000000249,0000000117,0000000035,0000001063,0.00,8.00,0,0000000002,0.00,'2019-08-12','2019-08-12',0,'CAMILOA','2019-08-12 11:25:10','VZAMBRANO','2019-08-12 11:29:29'),(0000000250,0000000118,0000000066,0000002148,0.00,2.00,0,0000000011,0.00,'2019-08-14','2019-08-14',0,'CAMILOA','2019-08-13 10:49:08','VZAMBRANO','2019-08-13 13:18:48'),(0000000251,0000000118,0000000066,0000002164,0.00,2.00,0,0000000011,0.00,'2019-08-14','2019-08-14',0,'CAMILOA','2019-08-13 10:49:08','VZAMBRANO','2019-08-13 13:18:48'),(0000000252,0000000118,0000000065,0000002116,0.00,2.00,0,0000000011,0.00,'2019-08-14','2019-08-14',0,'CAMILOA','2019-08-13 10:49:08','VZAMBRANO','2019-08-13 13:18:48'),(0000000253,0000000119,0000000035,0000001064,3.00,0.00,1,0000000016,0.00,'2019-08-15','2019-08-15',0,'CAMILOA','2019-08-13 14:50:42','VZAMBRANO','2019-08-13 17:06:03'),(0000000254,0000000119,0000000035,0000001064,3.00,0.00,0,0000000041,0.00,'2019-08-15','2019-08-15',0,'CAMILOA','2019-08-13 14:50:42','VZAMBRANO','2019-08-13 17:06:03'),(0000000255,0000000119,0000000046,0000001448,3.00,0.00,0,0000000016,0.00,'2019-08-15','2019-08-15',0,'CAMILOA','2019-08-13 14:50:42','VZAMBRANO','2019-08-13 17:06:03'),(0000000256,0000000119,0000000046,0000001448,3.00,0.00,0,0000000041,0.00,'2019-08-15','2019-08-15',0,'CAMILOA','2019-08-13 14:50:42','VZAMBRANO','2019-08-13 17:06:03'),(0000000257,0000000120,0000000001,0000000022,45.50,0.00,20,0000000016,0.00,'2019-08-12','2019-08-30',0,'DAVID','2019-08-13 14:56:00','VZAMBRANO','2019-08-13 17:04:55'),(0000000258,0000000121,0000000050,0000001607,0.00,0.00,2,0000000021,0.00,'2019-08-26','2019-09-03',0,'CAMILOA','2019-08-13 16:31:36','VZAMBRANO','2019-08-14 16:36:15'),(0000000259,0000000121,0000000050,0000001607,0.00,0.00,2,0000000024,0.00,'2019-08-26','2019-09-03',0,'CAMILOA','2019-08-13 16:31:36','VZAMBRANO','2019-08-14 16:36:15'),(0000000260,0000000121,0000000050,0000001607,0.00,0.00,2,0000000064,0.00,'2019-08-26','2019-09-03',0,'CAMILOA','2019-08-13 16:31:36','VZAMBRANO','2019-08-14 16:36:15'),(0000000261,0000000121,0000000050,0000001605,0.00,0.00,2,0000000021,0.00,'2019-08-26','2019-09-03',0,'CAMILOA','2019-08-13 16:31:36','VZAMBRANO','2019-08-14 16:36:15'),(0000000262,0000000122,0000000049,0000001547,0.00,0.00,2,0000000021,0.00,'2019-08-26','2019-08-30',0,'CAMILOA','2019-08-13 16:36:47','VZAMBRANO','2019-08-14 16:36:46'),(0000000263,0000000122,0000000049,0000001547,0.00,0.00,2,0000000024,0.00,'2019-08-26','2019-08-30',0,'CAMILOA','2019-08-13 16:36:47','VZAMBRANO','2019-08-14 16:36:46'),(0000000264,0000000122,0000000049,0000001547,0.00,0.00,3,0000000064,0.00,'2019-08-26','2019-08-30',0,'CAMILOA','2019-08-13 16:36:47','VZAMBRANO','2019-08-14 16:36:46'),(0000000265,0000000123,0000000069,0000002275,0.00,8.50,0,0000000042,0.00,'2019-08-26','2019-08-26',0,'CAMILOA','2019-08-14 09:28:07','AMENESES','2019-08-27 09:29:29'),(0000000266,0000000124,0000000069,0000002276,0.00,8.50,0,0000000042,0.00,'2019-08-28','2019-08-28',0,'CAMILOA','2019-08-16 09:02:02','AMENESES','2019-08-27 09:30:00'),(0000000267,0000000125,0000000069,0000002277,0.00,9.00,0,0000000042,0.00,'2019-09-30','2019-09-30',0,'CAMILOA','2019-08-16 09:42:29','DAVID','2019-09-27 09:15:03'),(0000000268,0000000126,0000000069,0000002278,0.00,17.00,0,0000000042,0.00,'2019-08-29','2019-08-30',0,'CAMILOA','2019-08-16 09:59:38','AMENESES','2019-08-23 12:44:20'),(0000000269,0000000114,0000000029,0000000919,4.50,0.00,0,0000000021,0.00,'2019-08-20','2019-08-20',0,'CAMILOA','2019-08-21 09:21:17','VZAMBRANO','2019-08-21 13:06:56'),(0000000270,0000000114,0000000008,0000000240,5.00,0.00,1,0000000038,0.00,'2019-08-21','2019-08-23',0,'CAMILOA','2019-08-21 10:47:56','VZAMBRANO','2019-08-21 13:06:56'),(0000000271,0000000114,0000000008,0000000260,4.00,0.00,1,0000000038,0.00,'2019-08-21','2019-08-23',0,'CAMILOA','2019-08-21 10:47:56','VZAMBRANO','2019-08-21 13:06:56'),(0000000272,0000000114,0000000002,0000000041,4.00,0.00,1,0000000038,0.00,'2019-08-21','2019-08-23',0,'CAMILOA','2019-08-21 10:47:56','VZAMBRANO','2019-08-21 13:06:56'),(0000000273,0000000114,0000000008,0000000261,4.00,0.00,0,0000000038,0.00,'2019-08-21','2019-08-23',0,'CAMILOA','2019-08-21 10:47:56','VZAMBRANO','2019-08-21 13:06:56'),(0000000274,0000000127,0000000070,0000002369,0.00,13.00,0,0000000039,0.00,'2019-08-22','2019-08-24',0,'CAMILOA','2019-08-21 15:42:11','VZAMBRANO','2019-08-22 10:51:35'),(0000000275,0000000127,0000000020,0000000608,0.00,13.00,0,0000000039,0.00,'2019-08-22','2019-08-24',0,'CAMILOA','2019-08-21 15:42:11','VZAMBRANO','2019-08-22 10:51:35'),(0000000276,0000000128,0000000008,0000000240,2.00,0.00,0,0000000038,0.00,'2019-08-23','2019-08-23',0,'CAMILOA','2019-08-22 17:50:18','VZAMBRANO','2019-08-23 08:54:43'),(0000000277,0000000129,0000000001,0000000022,8.50,0.00,3,0000000041,0.00,'2019-08-22','2019-08-27',0,'DAVID','2019-08-23 10:41:17','AMENESES','2019-08-23 12:37:28'),(0000000278,0000000130,0000000001,0000000022,8.50,0.00,4,0000000041,0.00,'2019-08-23','2019-08-28',0,'DAVID','2019-08-26 09:43:08','AMENESES','2019-08-27 09:26:14'),(0000000279,0000000131,0000000069,0000002278,0.00,15.00,0,0000000042,0.00,'2019-09-02','2019-08-28',0,'CAMILOA','2019-08-26 11:13:19','AMENESES','2019-08-27 09:31:20'),(0000000280,0000000131,0000000070,0000002369,0.00,14.00,0,0000000039,0.00,'2019-09-02','2019-08-28',0,'CAMILOA','2019-08-26 11:13:19','AMENESES','2019-08-27 09:31:20'),(0000000281,0000000132,0000000006,0000000159,3.00,0.00,0,0000000011,0.00,'2019-08-02','2019-08-02',0,'CAMILOA','2019-08-26 12:46:28','AMENESES','2019-08-27 16:43:44'),(0000000282,0000000133,0000000069,0000002276,0.00,13.00,0,0000000042,0.00,'2019-09-09','2019-09-11',0,'CAMILOA','2019-08-26 14:06:44','AMENESES','2019-08-30 19:12:11'),(0000000283,0000000133,0000000070,0000002369,0.00,13.00,0,0000000039,0.00,'2019-09-09','2019-09-11',0,'CAMILOA','2019-08-26 14:06:44','AMENESES','2019-08-30 19:12:11'),(0000000284,0000000134,0000000006,0000000158,0.00,6.00,0,0000000039,0.00,'2019-08-28','2019-08-29',0,'CAMILOA','2019-08-27 15:46:31','AMENESES','2019-08-27 16:36:25'),(0000000285,0000000134,0000000016,0000000462,0.00,6.00,0,0000000039,0.00,'2019-08-28','2019-08-29',0,'CAMILOA','2019-08-27 15:46:31','AMENESES','2019-08-27 16:36:25'),(0000000286,0000000134,0000000070,0000002369,0.00,5.00,0,0000000039,0.00,'2019-08-28','2019-08-29',0,'CAMILOA','2019-08-27 15:46:31','AMENESES','2019-08-27 16:36:25'),(0000000287,0000000135,0000000001,0000000001,0.00,4.00,0,0000000039,0.00,'2019-08-29','2019-08-29',0,'CAMILOA','2019-08-28 13:28:14','VZAMBRANO','2019-08-28 14:48:51'),(0000000288,0000000135,0000000006,0000000158,0.00,4.00,0,0000000039,0.00,'2019-08-29','2019-08-29',0,'CAMILOA','2019-08-28 13:28:14','VZAMBRANO','2019-08-28 14:48:51'),(0000000289,0000000135,0000000070,0000002369,0.00,2.50,0,0000000039,0.00,'2019-08-29','2019-08-29',0,'CAMILOA','2019-08-28 13:28:14','VZAMBRANO','2019-08-28 14:48:51'),(0000000290,0000000136,0000000001,0000000022,55.00,0.00,20,0000000016,0.00,'2019-08-29','2019-09-20',0,'DAVID','2019-08-29 08:38:14','AMENESES','2019-08-29 09:51:17'),(0000000291,0000000137,0000000001,0000000022,55.00,0.00,20,0000000016,0.00,'2019-08-29','2019-09-20',0,'DAVID','2019-08-29 08:46:53','AMENESES','2019-08-29 09:51:45'),(0000000292,0000000138,0000000001,0000000001,0.00,3.00,0,0000000039,0.00,'2019-08-30','2019-08-30',0,'CAMILOA','2019-08-29 14:56:34','AMENESES','2019-08-30 09:20:41'),(0000000293,0000000138,0000000006,0000000158,0.00,3.00,0,0000000039,0.00,'2019-08-30','2019-08-30',0,'CAMILOA','2019-08-29 14:56:34','AMENESES','2019-08-30 09:20:41'),(0000000294,0000000138,0000000016,0000000462,0.00,3.00,0,0000000039,0.00,'2019-08-30','2019-08-30',0,'CAMILOA','2019-08-29 14:56:34','AMENESES','2019-08-30 09:20:41'),(0000000295,0000000139,0000000069,0000002276,0.00,13.00,0,0000000042,0.00,'2019-09-09','2019-09-11',0,'CAMILOA','2019-08-29 14:59:58','AMENESES','2019-08-30 19:11:46'),(0000000296,0000000139,0000000070,0000002369,0.00,13.00,0,0000000039,0.00,'2019-09-09','2019-09-11',0,'CAMILOA','2019-08-29 14:59:58','AMENESES','2019-08-30 19:11:46'),(0000000297,0000000140,0000000069,0000002276,0.00,13.00,0,0000000042,0.00,'2019-09-09','2019-09-11',0,'CAMILOA','2019-08-29 15:01:55','AMENESES','2019-08-30 19:11:27'),(0000000298,0000000140,0000000070,0000002369,0.00,13.00,0,0000000039,0.00,'2019-09-09','2019-09-11',0,'CAMILOA','2019-08-29 15:01:55','AMENESES','2019-08-30 19:11:27'),(0000000299,0000000141,0000000069,0000002276,0.00,13.00,0,0000000042,0.00,'2019-09-09','2019-09-11',0,'CAMILOA','2019-08-29 15:06:10','AMENESES','2019-08-30 11:19:28'),(0000000300,0000000141,0000000070,0000002369,0.00,13.00,0,0000000039,0.00,'2019-09-09','2019-09-11',0,'CAMILOA','2019-08-29 15:06:10','AMENESES','2019-08-30 11:19:28'),(0000000301,0000000142,0000000060,0000001974,500.00,0.00,0,0000000024,0.00,'2019-08-26','2019-12-31',0,'DAVID','2019-08-29 16:03:54','ADMINISTRADOR','2019-09-09 15:47:56'),(0000000302,0000000143,0000000060,0000001974,500.00,0.00,0,0000000024,0.00,'2019-08-26','2019-12-31',0,'DAVID','2019-08-29 16:05:03','ADMINISTRADOR','2019-09-09 15:47:43'),(0000000303,0000000144,0000000069,0000002275,0.00,12.00,0,0000000042,0.00,'2019-09-02','2019-09-04',0,'CAMILOA','2019-08-30 09:05:02','AMENESES','2019-09-10 08:54:22'),(0000000304,0000000144,0000000070,0000002369,0.00,12.00,0,0000000039,0.00,'2019-09-02','2019-09-04',0,'CAMILOA','2019-08-30 09:05:02','AMENESES','2019-09-10 08:54:22'),(0000000305,0000000145,0000000069,0000002278,0.00,16.00,0,0000000042,0.00,'2019-09-16','2019-09-18',0,'CAMILOA','2019-08-30 09:22:38','AMENESES','2019-09-04 10:43:52'),(0000000306,0000000145,0000000070,0000002369,0.00,15.00,0,0000000039,0.00,'2019-09-16','2019-09-18',0,'CAMILOA','2019-08-30 09:22:38','AMENESES','2019-09-04 10:43:52'),(0000000307,0000000146,0000000027,0000000839,0.00,4.00,0,0000000002,0.00,'2019-09-03','2019-09-03',0,'CAMILOA','2019-08-30 14:16:11','AMENESES','2019-08-30 19:11:03'),(0000000308,0000000146,0000000060,0000001986,0.00,4.50,0,0000000002,0.00,'2019-09-03','2019-09-03',0,'CAMILOA','2019-08-30 14:16:11','AMENESES','2019-08-30 19:11:03'),(0000000309,0000000147,0000000001,0000000022,8.50,0.00,0,0000000076,0.00,'2019-09-02','2019-08-09',0,'DAVID','2019-08-30 19:17:18','AMENESES','2019-08-30 19:29:21'),(0000000310,0000000148,0000000001,0000000022,8.50,0.00,0,0000000076,0.00,'2019-09-02','2019-09-06',0,'DAVID','2019-08-30 19:18:53','AMENESES','2019-08-30 19:29:35'),(0000000311,0000000149,0000000001,0000000022,8.50,0.00,0,0000000076,0.00,'2019-08-30','2019-09-06',0,'DAVID','2019-08-30 19:20:00','AMENESES','2019-08-30 19:29:50'),(0000000312,0000000150,0000000003,0000000082,0.00,0.00,0,0000000140,0.00,'2019-09-06','2019-09-06',0,'CAMILOA','2019-09-06 14:19:28','AMENESES','2019-09-10 08:55:02'),(0000000313,0000000150,0000000006,0000000164,0.00,0.00,0,0000000140,0.00,'2019-09-06','2019-09-06',0,'CAMILOA','2019-09-06 14:19:28','AMENESES','2019-09-10 08:55:02'),(0000000314,0000000151,0000000069,0000002278,0.00,8.00,0,0000000042,0.00,'2019-09-23','2019-09-24',0,'CAMILOA','2019-09-06 17:12:26','AMENESES','2019-09-11 17:39:45'),(0000000315,0000000151,0000000070,0000002369,0.00,4.50,0,0000000039,0.00,'2019-09-23','2019-09-24',0,'CAMILOA','2019-09-06 17:12:26','AMENESES','2019-09-11 17:39:45'),(0000000316,0000000152,0000000051,0000001628,17.00,0.00,3,0000000062,0.00,'2019-09-02','2019-09-10',0,'DAVID','2019-09-09 08:55:00','DAVID','2019-09-09 16:34:07'),(0000000317,0000000153,0000000069,0000002277,0.00,0.00,0,0000000140,0.00,'2019-09-11','2019-09-11',0,'CAMILOA','2019-09-09 15:53:56','AMENESES','2019-09-10 08:57:07'),(0000000318,0000000154,0000000051,0000001628,0.00,0.00,0,0000000024,0.00,'2019-09-02','2019-09-13',0,'DAVID','2019-09-09 16:50:21','DAVID','2019-09-09 16:50:33'),(0000000319,0000000155,0000000027,0000000839,0.00,4.00,0,0000000002,0.00,'2019-09-10','2019-09-10',0,'CAMILOA','2019-09-11 11:23:39','AMENESES','2019-09-11 13:39:51'),(0000000320,0000000155,0000000060,0000001986,0.00,4.50,0,0000000002,0.00,'2019-09-10','2019-09-17',0,'CAMILOA','2019-09-11 11:23:39','AMENESES','2019-09-11 13:39:51'),(0000000321,0000000156,0000000001,0000000001,85.00,0.00,7,0000000107,0.00,'2019-10-01','2019-10-17',0,'CAMILOA','2019-09-12 15:08:46',NULL,NULL),(0000000322,0000000157,0000000006,0000000164,0.00,6.00,0,0000000011,0.00,'2019-09-23','2019-09-24',0,'CAMILOA','2019-09-13 15:32:08','AMENESES','2019-09-26 18:40:20'),(0000000323,0000000157,0000000006,0000000180,0.00,6.00,0,0000000026,0.00,'2019-09-23','2019-09-24',0,'CAMILOA','2019-09-13 15:32:08','AMENESES','2019-09-26 18:40:20'),(0000000324,0000000158,0000000006,0000000181,0.00,0.00,0,0000000140,0.00,'2019-09-26','2019-09-26',0,'CAMILOA','2019-09-26 08:43:48','AMENESES','2019-09-26 18:39:49'),(0000000325,0000000159,0000000060,0000001977,0.00,10.00,1,0000000011,0.00,'2019-09-30','2019-09-30',0,'FGONZALEZ','2019-09-27 13:02:37','AMENESES','2019-09-27 14:56:35'),(0000000326,0000000160,0000000019,0000000568,8.50,0.00,1,0000000039,0.00,'2019-09-30','2019-09-30',0,'FGONZALEZ','2019-09-27 14:44:05','AMENESES','2019-09-27 14:56:06'),(0000000327,0000000161,0000000006,0000000167,0.00,0.00,0,0000000140,0.00,'2019-09-30','2019-09-30',0,'CAMILOA','2019-09-30 12:41:05','AMENESES','2019-09-30 13:28:55'),(0000000328,0000000162,0000000020,0000000601,27.00,0.00,0,0000000011,0.00,'2019-10-01','2019-10-07',0,'FGONZALEZ','2019-09-30 17:57:34','AMENESES','2019-10-01 10:51:57'),(0000000329,0000000162,0000000020,0000000601,17.00,0.00,0,0000000018,0.00,'2019-10-03','2019-10-04',0,'FGONZALEZ','2019-09-30 17:57:34','AMENESES','2019-10-01 10:51:57'),(0000000330,0000000163,0000000008,0000000238,0.00,18.00,0,0000000011,0.00,'2019-10-07','2019-10-14',0,'FGONZALEZ','2019-10-02 11:53:55','AMENESES','2019-10-03 10:54:24'),(0000000331,0000000164,0000000006,0000000168,0.00,0.00,0,0000000140,0.00,'2019-10-03','2019-10-04',0,'CAMILOA','2019-10-03 10:48:37','AMENESES','2019-10-03 10:49:22'),(0000000332,0000000165,0000000060,0000001974,8.50,0.00,1,0000000041,0.00,'2019-10-04','2019-10-04',0,'FGONZALEZ','2019-10-04 08:05:34','AMENESES','2019-10-04 09:13:54'),(0000000333,0000000166,0000000060,0000001974,8.50,0.00,1,0000000041,0.00,'2019-10-07','2019-10-08',0,'FGONZALEZ','2019-10-04 08:12:15','AMENESES','2019-10-04 17:05:55'),(0000000334,0000000167,0000000060,0000001974,0.00,8.50,1,0000000039,0.00,'2019-10-07','2019-10-11',0,'FGONZALEZ','2019-10-07 08:40:18','AMENESES','2019-10-07 10:58:18'),(0000000335,0000000168,0000000022,0000000666,34.00,0.00,4,0000000023,0.00,'2019-10-07','2019-10-28',0,'FGONZALEZ','2019-10-07 11:24:48','DAVID','2019-10-09 12:26:23'),(0000000336,0000000168,0000000022,0000000666,34.00,0.00,4,0000000023,0.00,'2019-10-07','2019-10-28',0,'FGONZALEZ','2019-10-07 11:24:48','DAVID','2019-10-09 12:26:23'),(0000000337,0000000168,0000000020,0000000594,34.00,0.00,4,0000000024,0.00,'2019-10-07','2019-10-28',0,'FGONZALEZ','2019-10-07 11:24:48','DAVID','2019-10-09 12:26:23'),(0000000338,0000000169,0000000022,0000000666,34.00,0.00,4,0000000023,0.00,'2019-10-07','2019-10-28',0,'FGONZALEZ','2019-10-07 12:55:53','AMENESES','2019-10-07 13:10:46'),(0000000339,0000000169,0000000022,0000000666,34.00,0.00,4,0000000023,0.00,'2019-10-07','2019-10-28',0,'FGONZALEZ','2019-10-07 12:55:53','AMENESES','2019-10-07 13:10:46'),(0000000340,0000000170,0000000060,0000001974,4.00,0.00,1,0000000173,0.00,'2019-10-07','2019-10-11',0,'FGONZALEZ','2019-10-07 16:53:09','AMENESES','2019-10-07 18:03:08'),(0000000341,0000000171,0000000060,0000001974,4.00,0.00,1,0000000173,0.00,'2019-10-07','2019-10-11',0,'FGONZALEZ','2019-10-07 16:54:55','AMENESES','2019-10-07 18:03:38'),(0000000342,0000000172,0000000022,0000000666,17.00,0.00,2,0000000012,0.00,'2019-10-09','2019-10-11',0,'FGONZALEZ','2019-10-09 17:47:09','AMENESES','2019-10-09 17:50:01'),(0000000343,0000000173,0000000060,0000001974,13.00,0.00,2,0000000031,0.00,'2019-10-11','2019-10-14',0,'FGONZALEZ','2019-10-11 09:46:01','AMENESES','2019-10-11 10:24:25'),(0000000344,0000000174,0000000060,0000001974,17.00,0.00,2,0000000039,0.00,'2019-10-11','2019-10-15',0,'FGONZALEZ','2019-10-11 16:58:35','AMENESES','2019-10-11 17:10:46'),(0000000345,0000000175,0000000060,0000001974,0.00,22.00,3,0000000024,0.00,'2019-10-14','2019-10-16',0,'FGONZALEZ','2019-10-12 13:07:15','AMENESES','2019-10-14 09:21:55'),(0000000346,0000000176,0000000060,0000001974,0.00,22.00,0,0000000024,0.00,'2019-10-16','2019-10-18',0,'FGONZALEZ','2019-10-12 13:11:45','AMENESES','2019-10-14 15:04:59'),(0000000347,0000000177,0000000038,0000001190,8.00,0.00,2,0000000041,0.00,'2019-10-14','2019-10-16',0,'DAVID','2019-10-14 11:35:19','AMENESES','2019-10-14 11:36:45'),(0000000348,0000000178,0000000038,0000001190,8.50,0.00,2,0000000041,0.00,'2019-10-14','2019-10-16',0,'DAVID','2019-10-14 12:46:06','AMENESES','2019-10-14 14:24:26'),(0000000349,0000000179,0000000038,0000001190,8.50,0.00,0,0000000041,0.00,'2019-10-14','2019-10-16',0,'DAVID','2019-10-14 16:26:58','AMENESES','2019-10-14 16:29:01'),(0000000350,0000000180,0000000060,0000001974,0.00,0.00,0,0000000024,0.00,'2019-10-16','2019-10-18',0,'DAVID','2019-10-16 11:46:55','AMENESES','2019-10-16 12:43:14'),(0000000351,0000000181,0000000060,0000001974,0.00,4.00,0,0000000024,0.00,'2019-10-16','2019-10-18',0,'FGONZALEZ','2019-10-16 16:50:13','AMENESES','2019-10-18 09:04:17'),(0000000352,0000000182,0000000060,0000001974,0.00,8.50,0,0000000031,0.00,'2019-10-16','2019-10-18',0,'FGONZALEZ','2019-10-17 14:09:38','AMENESES','2019-10-18 09:03:58'),(0000000353,0000000183,0000000069,0000002278,0.00,12.00,0,0000000043,0.00,'2019-10-21','2019-10-23',0,'FGONZALEZ','2019-10-18 10:10:41','AMENESES','2019-10-18 11:47:02'),(0000000354,0000000184,0000000069,0000002278,0.00,12.00,0,0000000043,0.00,'2019-10-21','2019-10-23',0,'FGONZALEZ','2019-10-18 10:39:13','DAVID','2019-10-18 11:54:12');
/*!40000 ALTER TABLE `co_cotizacion_sub_det` ENABLE KEYS */;
UNLOCK TABLES;
ALTER DATABASE `metalsig_heavy` CHARACTER SET latin1 COLLATE latin1_swedish_ci ;
/*!50003 SET @saved_cs_client      = @@character_set_client */ ;
/*!50003 SET @saved_cs_results     = @@character_set_results */ ;
/*!50003 SET @saved_col_connection = @@collation_connection */ ;
/*!50003 SET character_set_client  = utf8mb4 */ ;
/*!50003 SET character_set_results = utf8mb4 */ ;
/*!50003 SET collation_connection  = utf8mb4_general_ci */ ;
/*!50003 SET @saved_sql_mode       = @@sql_mode */ ;
/*!50003 SET sql_mode              = 'NO_AUTO_VALUE_ON_ZERO' */ ;
DELIMITER ;;
/*!50003 CREATE*/ /*!50017 DEFINER=`metalsigmauser`@`localhost`*/ /*!50003 TRIGGER `set_crea_co_cotizacion_sub_det` BEFORE INSERT ON `co_cotizacion_sub_det` FOR EACH ROW IF (NEW.crea_user IS NULL || NEW.crea_user='') THEN SET NEW.crea_user = UPPER(SUBSTR(USER(), 1,(LOCATE('@', USER())-1))); END IF */;;
DELIMITER ;
/*!50003 SET sql_mode              = @saved_sql_mode */ ;
/*!50003 SET character_set_client  = @saved_cs_client */ ;
/*!50003 SET character_set_results = @saved_cs_results */ ;
/*!50003 SET collation_connection  = @saved_col_connection */ ;
ALTER DATABASE `metalsig_heavy` CHARACTER SET utf8 COLLATE utf8_bin ;
ALTER DATABASE `metalsig_heavy` CHARACTER SET latin1 COLLATE latin1_swedish_ci ;
/*!50003 SET @saved_cs_client      = @@character_set_client */ ;
/*!50003 SET @saved_cs_results     = @@character_set_results */ ;
/*!50003 SET @saved_col_connection = @@collation_connection */ ;
/*!50003 SET character_set_client  = utf8mb4 */ ;
/*!50003 SET character_set_results = utf8mb4 */ ;
/*!50003 SET collation_connection  = utf8mb4_general_ci */ ;
/*!50003 SET @saved_sql_mode       = @@sql_mode */ ;
/*!50003 SET sql_mode              = 'NO_AUTO_VALUE_ON_ZERO' */ ;
DELIMITER ;;
/*!50003 CREATE*/ /*!50017 DEFINER=`metalsigmauser`@`localhost`*/ /*!50003 TRIGGER `set_mod_co_cotizacion_sub_det` BEFORE UPDATE ON `co_cotizacion_sub_det` FOR EACH ROW IF (NEW.mod_user IS NULL || NEW.mod_user='') THEN SET NEW.mod_user = UPPER(SUBSTR(USER(), 1,(LOCATE('@', USER())-1))); END IF */;;
DELIMITER ;
/*!50003 SET sql_mode              = @saved_sql_mode */ ;
/*!50003 SET character_set_client  = @saved_cs_client */ ;
/*!50003 SET character_set_results = @saved_cs_results */ ;
/*!50003 SET collation_connection  = @saved_col_connection */ ;
ALTER DATABASE `metalsig_heavy` CHARACTER SET utf8 COLLATE utf8_bin ;
ALTER DATABASE `metalsig_heavy` CHARACTER SET latin1 COLLATE latin1_swedish_ci ;
/*!50003 SET @saved_cs_client      = @@character_set_client */ ;
/*!50003 SET @saved_cs_results     = @@character_set_results */ ;
/*!50003 SET @saved_col_connection = @@collation_connection */ ;
/*!50003 SET character_set_client  = utf8mb4 */ ;
/*!50003 SET character_set_results = utf8mb4 */ ;
/*!50003 SET collation_connection  = utf8mb4_general_ci */ ;
/*!50003 SET @saved_sql_mode       = @@sql_mode */ ;
/*!50003 SET sql_mode              = 'NO_AUTO_VALUE_ON_ZERO' */ ;
DELIMITER ;;
/*!50003 CREATE*/ /*!50017 DEFINER=`metalsigmauser`@`localhost`*/ /*!50003 TRIGGER `history_update_cotizacion_sub_det` AFTER UPDATE ON `co_cotizacion_sub_det` FOR EACH ROW BEGIN
	DECLARE user_name VARCHAR(50);
    IF (NEW.mod_user IS NULL || NEW.mod_user='') THEN
        SET user_name = UPPER(SUBSTR(USER(), 1,(LOCATE('@', USER())-1)));
    ELSE
    	SET user_name = NEW.mod_user;
    END IF;
	IF NEW.mod_date != OLD.mod_date THEN
    	IF NEW.del=0 THEN
        	INSERT INTO hist_cotizacion_sub_det (ccotizaciondet,ccotizacion,cparte,cpieza,hh_taller,hh_terreno,dias_taller,cservicio,precio,finicio,ffin,acc,user) VALUES (OLD.ccotizaciondet,OLD.ccotizacion,OLD.cparte,OLD.cpieza,OLD.hh_taller,OLD.hh_terreno,OLD.dias_taller,OLD.cservicio,OLD.precio,OLD.finicio,OLD.ffin,1,user_name);
        END IF;    
    END IF;
END */;;
DELIMITER ;
/*!50003 SET sql_mode              = @saved_sql_mode */ ;
/*!50003 SET character_set_client  = @saved_cs_client */ ;
/*!50003 SET character_set_results = @saved_cs_results */ ;
/*!50003 SET collation_connection  = @saved_col_connection */ ;
ALTER DATABASE `metalsig_heavy` CHARACTER SET utf8 COLLATE utf8_bin ;

--
-- Table structure for table `co_cotizacion_sub_det_art`
--

DROP TABLE IF EXISTS `co_cotizacion_sub_det_art`;
/*!40101 SET @saved_cs_client     = @@character_set_client */;
/*!40101 SET character_set_client = utf8 */;
CREATE TABLE `co_cotizacion_sub_det_art` (
  `ccotizacionart` int(10) unsigned zerofill NOT NULL AUTO_INCREMENT,
  `ccotizacion` int(10) unsigned zerofill NOT NULL,
  `carticulo` int(10) unsigned zerofill NOT NULL,
  `cant` decimal(5,2) NOT NULL DEFAULT '0.00',
  `precio` decimal(12,2) NOT NULL DEFAULT '0.00',
  `del` int(1) NOT NULL DEFAULT '0',
  `crea_user` varchar(50) COLLATE utf8_bin DEFAULT NULL,
  `crea_date` datetime NOT NULL DEFAULT CURRENT_TIMESTAMP,
  `mod_user` varchar(50) COLLATE utf8_bin DEFAULT NULL,
  `mod_date` datetime DEFAULT NULL ON UPDATE CURRENT_TIMESTAMP,
  PRIMARY KEY (`ccotizacionart`),
  KEY `carticulo` (`carticulo`),
  KEY `ccotizacion` (`ccotizacion`),
  CONSTRAINT `fk_carticulo_co_cotizacion_sub_det_art` FOREIGN KEY (`carticulo`) REFERENCES `inv_articulos` (`carticulo`),
  CONSTRAINT `fk_ccotizacion_co_cotizacion_sub_det_art` FOREIGN KEY (`ccotizacion`) REFERENCES `co_cotizacion_sub` (`ccotizacion`)
) ENGINE=InnoDB AUTO_INCREMENT=537 DEFAULT CHARSET=utf8 COLLATE=utf8_bin;
/*!40101 SET character_set_client = @saved_cs_client */;

--
-- Dumping data for table `co_cotizacion_sub_det_art`
--

LOCK TABLES `co_cotizacion_sub_det_art` WRITE;
/*!40000 ALTER TABLE `co_cotizacion_sub_det_art` DISABLE KEYS */;
INSERT INTO `co_cotizacion_sub_det_art` VALUES (0000000001,0000000001,0000001166,1.00,14036.00,0,'CAMILOA','2019-03-13 16:24:40','ADMINISTRADOR','2019-03-13 18:34:22'),(0000000002,0000000001,0000001257,1.00,18983.00,0,'CAMILOA','2019-03-13 16:24:40','ADMINISTRADOR','2019-03-13 18:34:22'),(0000000003,0000000001,0000001258,1.00,67209.00,0,'CAMILOA','2019-03-13 16:24:40','ADMINISTRADOR','2019-03-13 18:34:22'),(0000000004,0000000001,0000000929,1.00,37866.00,0,'CAMILOA','2019-03-13 16:24:40','ADMINISTRADOR','2019-03-13 18:34:22'),(0000000005,0000000001,0000000971,1.00,31284.00,0,'CAMILOA','2019-03-13 16:24:40','ADMINISTRADOR','2019-03-13 18:34:22'),(0000000006,0000000001,0000001260,1.00,44363.00,0,'CAMILOA','2019-03-13 16:24:40','ADMINISTRADOR','2019-03-13 18:34:22'),(0000000007,0000000001,0000001261,1.00,31610.00,0,'CAMILOA','2019-03-13 16:24:40','ADMINISTRADOR','2019-03-13 18:34:22'),(0000000008,0000000003,0000001293,2.00,25900.00,0,'CAMILOA','2019-03-14 15:26:45','VZAMBRANO','2019-03-15 10:46:43'),(0000000009,0000000003,0000001294,2.00,5320.00,0,'CAMILOA','2019-03-14 15:26:45','VZAMBRANO','2019-03-15 10:46:43'),(0000000010,0000000003,0000001295,2.00,48533.80,0,'CAMILOA','2019-03-14 15:26:45','VZAMBRANO','2019-03-15 10:46:43'),(0000000011,0000000002,0000001317,0.20,418460.00,1,'CAMILOA','2019-03-14 16:22:03','CAMILOA','2019-03-15 11:49:19'),(0000000012,0000000004,0000001322,2.00,22024.80,0,'CAMILOA','2019-03-14 17:31:34','VZAMBRANO','2019-03-15 11:44:19'),(0000000013,0000000004,0000001319,3.00,25782.40,0,'CAMILOA','2019-03-14 17:31:34','VZAMBRANO','2019-03-15 11:44:19'),(0000000014,0000000004,0000001315,1.00,489860.00,0,'CAMILOA','2019-03-14 17:31:34','VZAMBRANO','2019-03-15 11:44:19'),(0000000015,0000000004,0000001323,4.00,17676.40,0,'CAMILOA','2019-03-14 17:31:34','VZAMBRANO','2019-03-15 11:44:19'),(0000000016,0000000004,0000001302,1.00,38735.20,0,'CAMILOA','2019-03-14 17:31:34','VZAMBRANO','2019-03-15 11:44:19'),(0000000017,0000000004,0000001303,1.00,50537.20,0,'CAMILOA','2019-03-14 17:31:34','VZAMBRANO','2019-03-15 11:44:19'),(0000000018,0000000004,0000001304,1.00,47177.20,0,'CAMILOA','2019-03-14 17:31:34','VZAMBRANO','2019-03-15 11:44:19'),(0000000019,0000000004,0000001305,1.00,63631.40,0,'CAMILOA','2019-03-14 17:31:34','VZAMBRANO','2019-03-15 11:44:19'),(0000000020,0000000004,0000001306,1.00,83529.60,0,'CAMILOA','2019-03-14 17:31:34','VZAMBRANO','2019-03-15 11:44:19'),(0000000021,0000000004,0000001307,1.00,118673.80,0,'CAMILOA','2019-03-14 17:31:34','VZAMBRANO','2019-03-15 11:44:19'),(0000000022,0000000004,0000001308,1.00,1636.60,0,'CAMILOA','2019-03-14 17:31:34','VZAMBRANO','2019-03-15 11:44:19'),(0000000023,0000000004,0000001226,1.00,35665.00,0,'CAMILOA','2019-03-14 17:31:34','VZAMBRANO','2019-03-15 11:44:19'),(0000000024,0000000004,0000001309,1.00,86287.60,0,'CAMILOA','2019-03-14 17:31:34','VZAMBRANO','2019-03-15 11:44:19'),(0000000025,0000000004,0000001310,1.00,3873.80,0,'CAMILOA','2019-03-14 17:31:34','VZAMBRANO','2019-03-15 11:44:19'),(0000000026,0000000004,0000001311,1.00,12405.40,0,'CAMILOA','2019-03-14 17:31:34','VZAMBRANO','2019-03-15 11:44:19'),(0000000027,0000000004,0000001312,1.00,1596.00,0,'CAMILOA','2019-03-14 17:31:34','VZAMBRANO','2019-03-15 11:44:19'),(0000000028,0000000004,0000001313,1.00,55266.40,0,'CAMILOA','2019-03-14 17:31:34','VZAMBRANO','2019-03-15 11:44:19'),(0000000029,0000000004,0000001296,1.00,138131.00,0,'CAMILOA','2019-03-14 17:31:34','VZAMBRANO','2019-03-15 11:44:19'),(0000000030,0000000004,0000001297,1.00,66605.00,0,'CAMILOA','2019-03-14 17:31:34','VZAMBRANO','2019-03-15 11:44:19'),(0000000031,0000000004,0000001298,1.00,42302.40,0,'CAMILOA','2019-03-14 17:31:34','VZAMBRANO','2019-03-15 11:44:19'),(0000000032,0000000004,0000001299,1.00,9961.00,0,'CAMILOA','2019-03-14 17:31:34','VZAMBRANO','2019-03-15 11:44:19'),(0000000033,0000000004,0000001300,1.00,22157.80,0,'CAMILOA','2019-03-14 17:31:34','VZAMBRANO','2019-03-15 11:44:19'),(0000000034,0000000004,0000001301,1.00,87647.00,0,'CAMILOA','2019-03-14 17:31:34','VZAMBRANO','2019-03-15 11:44:19'),(0000000035,0000000004,0000001324,1.00,825000.00,0,'CAMILOA','2019-03-15 11:41:24','VZAMBRANO','2019-03-15 11:44:19'),(0000000036,0000000004,0000001326,1.00,908100.00,0,'CAMILOA','2019-03-15 11:41:24','VZAMBRANO','2019-03-15 11:44:19'),(0000000037,0000000004,0000001327,1.00,413100.00,0,'CAMILOA','2019-03-15 11:41:24','VZAMBRANO','2019-03-15 11:44:19'),(0000000038,0000000004,0000001325,1.00,533100.00,0,'CAMILOA','2019-03-15 11:41:24','VZAMBRANO','2019-03-15 11:44:19'),(0000000039,0000000002,0000001322,4.00,22024.80,0,'CAMILOA','2019-03-15 11:49:19','VZAMBRANO','2019-03-18 10:56:23'),(0000000040,0000000002,0000001323,3.00,17676.40,0,'CAMILOA','2019-03-15 11:49:19','VZAMBRANO','2019-03-18 10:56:23'),(0000000041,0000000009,0000001331,4.00,115929.80,0,'DAVID','2019-03-28 11:54:53','VZAMBRANO','2019-04-04 09:26:25'),(0000000042,0000000009,0000001330,0.00,70205.80,0,'DAVID','2019-03-28 11:54:53','VZAMBRANO','2019-04-04 09:26:25'),(0000000043,0000000009,0000001332,4.00,102000.00,0,'DAVID','2019-03-28 13:03:59','VZAMBRANO','2019-04-04 09:26:25'),(0000000044,0000000009,0000001333,8.00,44200.00,0,'DAVID','2019-03-28 13:03:59','VZAMBRANO','2019-04-04 09:26:25'),(0000000045,0000000012,0000001336,1.00,330000.00,0,'CAMILOA','2019-03-28 15:46:15','VZAMBRANO','2019-03-28 16:02:11'),(0000000047,0000000014,0000001343,2.00,44248.40,0,'CAMILOA','2019-03-29 12:50:52','VZAMBRANO','2019-03-29 12:52:24'),(0000000048,0000000014,0000001338,1.00,14575.40,0,'CAMILOA','2019-03-29 12:50:52','VZAMBRANO','2019-03-29 12:52:24'),(0000000049,0000000014,0000001339,1.00,49331.80,0,'CAMILOA','2019-03-29 12:50:52','VZAMBRANO','2019-03-29 12:52:24'),(0000000050,0000000014,0000001340,1.00,63137.20,0,'CAMILOA','2019-03-29 12:50:52','VZAMBRANO','2019-03-29 12:52:24'),(0000000051,0000000014,0000001341,1.00,22674.40,0,'CAMILOA','2019-03-29 12:50:52','VZAMBRANO','2019-03-29 12:52:24'),(0000000052,0000000014,0000001342,1.00,10014.20,0,'CAMILOA','2019-03-29 12:50:52','VZAMBRANO','2019-03-29 12:52:24'),(0000000053,0000000015,0000001291,12.00,910.00,0,'CAMILOA','2019-04-01 16:47:38','VZAMBRANO','2019-04-01 17:30:52'),(0000000054,0000000015,0000001292,12.00,266.00,0,'CAMILOA','2019-04-01 16:47:38','VZAMBRANO','2019-04-01 17:30:52'),(0000000055,0000000016,0000001346,1.00,13521.20,0,'CAMILOA','2019-04-01 17:26:38','VZAMBRANO','2019-04-02 10:21:42'),(0000000056,0000000016,0000001263,2.00,233478.00,0,'CAMILOA','2019-04-01 17:26:38','VZAMBRANO','2019-04-02 10:21:42'),(0000000057,0000000016,0000001264,1.00,50460.20,0,'CAMILOA','2019-04-01 17:26:38','VZAMBRANO','2019-04-02 10:21:42'),(0000000058,0000000016,0000001265,2.00,129581.20,0,'CAMILOA','2019-04-01 17:26:38','VZAMBRANO','2019-04-02 10:21:42'),(0000000059,0000000016,0000001272,1.00,179937.80,0,'CAMILOA','2019-04-01 17:26:38','VZAMBRANO','2019-04-02 10:21:42'),(0000000060,0000000016,0000001273,1.00,328308.40,0,'CAMILOA','2019-04-01 17:26:38','VZAMBRANO','2019-04-02 10:21:42'),(0000000061,0000000016,0000001274,1.00,41697.60,0,'CAMILOA','2019-04-01 17:26:38','VZAMBRANO','2019-04-02 10:21:42'),(0000000062,0000000016,0000001275,1.00,8972.60,0,'CAMILOA','2019-04-01 17:26:38','VZAMBRANO','2019-04-02 10:21:42'),(0000000063,0000000016,0000001276,1.00,211600.20,0,'CAMILOA','2019-04-01 17:26:38','VZAMBRANO','2019-04-02 10:21:42'),(0000000064,0000000016,0000001277,1.00,136410.40,0,'CAMILOA','2019-04-01 17:26:38','VZAMBRANO','2019-04-02 10:21:42'),(0000000065,0000000016,0000001278,1.00,88904.20,0,'CAMILOA','2019-04-01 17:26:38','VZAMBRANO','2019-04-02 10:21:42'),(0000000066,0000000016,0000001279,1.00,26608.40,0,'CAMILOA','2019-04-01 17:26:38','VZAMBRANO','2019-04-02 10:21:42'),(0000000067,0000000016,0000001280,6.00,5357.80,0,'CAMILOA','2019-04-01 17:26:38','VZAMBRANO','2019-04-02 10:21:42'),(0000000068,0000000016,0000001281,4.00,9459.80,0,'CAMILOA','2019-04-01 17:26:38','VZAMBRANO','2019-04-02 10:21:42'),(0000000069,0000000016,0000001282,2.00,742.00,0,'CAMILOA','2019-04-01 17:26:38','VZAMBRANO','2019-04-02 10:21:42'),(0000000070,0000000016,0000001283,2.00,3190.60,0,'CAMILOA','2019-04-01 17:26:38','VZAMBRANO','2019-04-02 10:21:42'),(0000000071,0000000016,0000001284,2.00,18818.80,0,'CAMILOA','2019-04-01 17:26:38','VZAMBRANO','2019-04-02 10:21:42'),(0000000072,0000000016,0000001084,9.00,915.60,0,'CAMILOA','2019-04-01 17:26:38','VZAMBRANO','2019-04-02 10:21:42'),(0000000073,0000000016,0000001093,1.00,868.00,0,'CAMILOA','2019-04-01 17:26:38','VZAMBRANO','2019-04-02 10:21:42'),(0000000074,0000000016,0000001285,6.00,1374.80,0,'CAMILOA','2019-04-01 17:26:38','VZAMBRANO','2019-04-02 10:21:42'),(0000000075,0000000016,0000001286,3.00,1211.00,0,'CAMILOA','2019-04-01 17:26:38','VZAMBRANO','2019-04-02 10:21:42'),(0000000076,0000000016,0000001287,1.00,45049.20,0,'CAMILOA','2019-04-01 17:26:38','VZAMBRANO','2019-04-02 10:21:42'),(0000000077,0000000016,0000001288,5.00,4025.00,0,'CAMILOA','2019-04-01 17:26:38','VZAMBRANO','2019-04-02 10:21:42'),(0000000078,0000000016,0000001289,3.00,2426.20,0,'CAMILOA','2019-04-01 17:26:38','VZAMBRANO','2019-04-02 10:21:42'),(0000000079,0000000016,0000001349,1.00,1725000.00,0,'CAMILOA','2019-04-01 17:26:38','VZAMBRANO','2019-04-02 10:21:42'),(0000000080,0000000015,0000001348,2.00,270000.00,0,'CAMILOA','2019-04-01 17:28:52','VZAMBRANO','2019-04-01 17:30:52'),(0000000081,0000000017,0000001350,1.00,24122.00,0,'CAMILOA','2019-04-03 13:25:47','VZAMBRANO','2019-04-03 13:26:52'),(0000000082,0000000019,0000001323,2.00,17676.40,0,'CAMILOA','2019-04-03 17:32:37','VZAMBRANO','2019-04-10 16:43:31'),(0000000083,0000000018,0000001351,1.00,16430.40,0,'CAMILOA','2019-04-04 12:55:40','VZAMBRANO','2019-04-30 16:42:44'),(0000000084,0000000018,0000001352,1.00,55774.60,0,'CAMILOA','2019-04-04 12:55:40','VZAMBRANO','2019-04-30 16:42:44'),(0000000085,0000000018,0000001353,1.00,46936.40,0,'CAMILOA','2019-04-04 12:55:40','VZAMBRANO','2019-04-30 16:42:44'),(0000000086,0000000018,0000001354,1.00,87371.20,0,'CAMILOA','2019-04-04 12:55:40','VZAMBRANO','2019-04-30 16:42:44'),(0000000087,0000000018,0000001355,1.00,41668.20,0,'CAMILOA','2019-04-04 12:55:40','VZAMBRANO','2019-04-30 16:42:44'),(0000000088,0000000018,0000001356,1.00,33208.00,0,'CAMILOA','2019-04-04 12:55:40','VZAMBRANO','2019-04-30 16:42:44'),(0000000089,0000000018,0000001357,1.00,122253.60,0,'CAMILOA','2019-04-04 12:55:40','VZAMBRANO','2019-04-30 16:42:44'),(0000000090,0000000018,0000001358,1.00,28771.40,0,'CAMILOA','2019-04-04 12:55:40','VZAMBRANO','2019-04-30 16:42:44'),(0000000091,0000000018,0000001359,1.00,40938.80,0,'CAMILOA','2019-04-04 12:55:40','VZAMBRANO','2019-04-30 16:42:44'),(0000000092,0000000018,0000001360,1.00,33325.60,0,'CAMILOA','2019-04-04 12:55:40','VZAMBRANO','2019-04-30 16:42:44'),(0000000093,0000000020,0000001336,1.00,330000.00,0,'CAMILOA','2019-04-04 19:19:35','VZAMBRANO','2019-04-05 08:59:08'),(0000000094,0000000021,0000001361,6.00,695832.20,0,'CAMILOA','2019-04-12 16:38:18','VZAMBRANO','2019-04-12 16:39:08'),(0000000095,0000000023,0000001373,1.00,289245.00,0,'CAMILOA','2019-04-15 14:48:35','VZAMBRANO','2019-04-15 14:57:57'),(0000000096,0000000027,0000001387,376.00,1134.00,0,'CAMILOA','2019-04-24 23:23:38','VZAMBRANO','2019-05-10 09:29:21'),(0000000097,0000000027,0000001388,2.00,180600.00,0,'CAMILOA','2019-04-24 23:23:38','VZAMBRANO','2019-05-10 09:29:21'),(0000000098,0000000027,0000001385,18.00,184800.00,0,'CAMILOA','2019-04-24 23:23:38','VZAMBRANO','2019-05-10 09:29:21'),(0000000099,0000000027,0000001386,2.00,456400.00,0,'CAMILOA','2019-04-25 09:47:23','VZAMBRANO','2019-05-10 09:29:21'),(0000000100,0000000027,0000001423,2.00,660693.60,0,'CAMILOA','2019-04-25 11:51:19','VZAMBRANO','2019-05-10 09:29:21'),(0000000102,0000000030,0000001424,1.00,24115.00,0,'CAMILOA','2019-04-30 14:58:13','VZAMBRANO','2019-04-30 16:45:14'),(0000000103,0000000030,0000001260,1.00,57671.60,0,'CAMILOA','2019-04-30 14:58:13','VZAMBRANO','2019-04-30 16:45:14'),(0000000104,0000000030,0000001261,1.00,41092.80,0,'CAMILOA','2019-04-30 14:58:13','VZAMBRANO','2019-04-30 16:45:14'),(0000000105,0000000030,0000001258,1.00,87371.20,0,'CAMILOA','2019-04-30 14:58:13','VZAMBRANO','2019-04-30 16:45:14'),(0000000106,0000000030,0000000971,1.00,31283.00,0,'CAMILOA','2019-04-30 14:58:13','VZAMBRANO','2019-04-30 16:45:14'),(0000000107,0000000030,0000000864,1.00,5180.00,0,'CAMILOA','2019-04-30 14:58:13','VZAMBRANO','2019-04-30 16:45:14'),(0000000108,0000000030,0000001425,1.00,74912.60,0,'CAMILOA','2019-04-30 14:58:13','VZAMBRANO','2019-04-30 16:45:14'),(0000000109,0000000030,0000001426,1.00,28310.80,0,'CAMILOA','2019-04-30 14:58:13','VZAMBRANO','2019-04-30 16:45:15'),(0000000110,0000000030,0000001427,1.00,37629.20,0,'CAMILOA','2019-04-30 14:58:13','VZAMBRANO','2019-04-30 16:45:15'),(0000000111,0000000030,0000001428,1.00,44297.40,0,'CAMILOA','2019-04-30 14:58:13','VZAMBRANO','2019-04-30 16:45:15'),(0000000112,0000000030,0000001429,1.00,7952.00,0,'CAMILOA','2019-04-30 14:58:13','VZAMBRANO','2019-04-30 16:45:15'),(0000000113,0000000032,0000001431,1.00,1862000.00,0,'CAMILOA','2019-05-08 17:17:51','CAMILOA','2019-06-19 11:21:53'),(0000000114,0000000032,0000001433,1.00,418421.25,0,'CAMILOA','2019-05-08 17:17:51','CAMILOA','2019-06-19 11:21:53'),(0000000115,0000000032,0000001434,1.00,122422.50,0,'CAMILOA','2019-05-08 17:17:51','CAMILOA','2019-06-19 11:21:53'),(0000000116,0000000032,0000001436,1.00,39472.44,0,'CAMILOA','2019-05-09 13:05:22','CAMILOA','2019-06-19 11:21:53'),(0000000117,0000000032,0000001438,1.00,5439.00,0,'CAMILOA','2019-05-09 13:05:22','CAMILOA','2019-06-19 11:21:53'),(0000000118,0000000032,0000001437,1.00,44566.48,0,'CAMILOA','2019-05-09 13:05:22','CAMILOA','2019-06-19 11:21:53'),(0000000119,0000000032,0000001439,1.00,23906.12,0,'CAMILOA','2019-05-09 13:05:22','CAMILOA','2019-06-19 11:21:53'),(0000000120,0000000032,0000001322,2.00,53513.88,0,'CAMILOA','2019-05-10 15:01:18','METALSIGMAUSER','2019-06-19 11:21:53'),(0000000121,0000000032,0000001315,1.00,685804.00,0,'CAMILOA','2019-05-10 15:01:18','METALSIGMAUSER','2019-06-19 11:21:53'),(0000000122,0000000032,0000001319,3.00,66212.72,0,'CAMILOA','2019-05-10 15:01:18','METALSIGMAUSER','2019-06-19 11:21:53'),(0000000123,0000000032,0000001323,4.00,42937.72,0,'CAMILOA','2019-05-10 15:01:18','METALSIGMAUSER','2019-06-19 11:21:53'),(0000000124,0000000032,0000001478,1.00,1125000.00,0,'CAMILOA','2019-05-10 15:01:18','METALSIGMAUSER','2019-06-19 11:21:53'),(0000000125,0000000032,0000001479,1.00,1679625.00,0,'CAMILOA','2019-05-10 15:01:18','METALSIGMAUSER','2019-06-19 11:21:54'),(0000000126,0000000036,0000001322,3.00,38224.20,0,'CAMILOA','2019-05-16 23:32:52','VZAMBRANO','2019-05-27 12:22:45'),(0000000127,0000000036,0000001480,1.00,284580.80,0,'CAMILOA','2019-05-16 23:32:52','VZAMBRANO','2019-05-27 12:22:46'),(0000000128,0000000036,0000001481,3.00,4786.60,0,'CAMILOA','2019-05-16 23:32:52','VZAMBRANO','2019-05-27 12:22:46'),(0000000129,0000000036,0000001135,1.00,31201.80,0,'CAMILOA','2019-05-16 23:32:52','VZAMBRANO','2019-05-27 12:22:46'),(0000000130,0000000036,0000001482,6.00,9485.00,0,'CAMILOA','2019-05-16 23:32:52','VZAMBRANO','2019-05-27 12:22:46'),(0000000131,0000000036,0000001484,6.00,9219.00,0,'CAMILOA','2019-05-16 23:32:52','VZAMBRANO','2019-05-27 12:22:46'),(0000000132,0000000036,0000001486,6.00,11349.80,0,'CAMILOA','2019-05-16 23:32:52','VZAMBRANO','2019-05-27 12:22:46'),(0000000133,0000000036,0000001487,12.00,13788.60,0,'CAMILOA','2019-05-16 23:32:52','VZAMBRANO','2019-05-27 12:22:46'),(0000000134,0000000036,0000001488,1.00,19598.60,0,'CAMILOA','2019-05-16 23:32:52','VZAMBRANO','2019-05-27 12:22:46'),(0000000135,0000000036,0000001490,1.00,8442.00,0,'CAMILOA','2019-05-20 15:14:56','VZAMBRANO','2019-05-27 12:22:46'),(0000000136,0000000036,0000001489,1.00,75000.00,0,'CAMILOA','2019-05-20 15:14:56','VZAMBRANO','2019-05-27 12:22:46'),(0000000138,0000000043,0000001351,1.00,23002.56,0,'CAMILOA','2019-05-23 16:22:34','VZAMBRANO','2019-08-05 17:16:48'),(0000000139,0000000043,0000001352,1.00,78084.44,0,'CAMILOA','2019-05-23 16:22:34','VZAMBRANO','2019-08-05 17:16:48'),(0000000140,0000000043,0000001353,1.00,65710.96,0,'CAMILOA','2019-05-23 16:22:34','VZAMBRANO','2019-08-05 17:16:48'),(0000000141,0000000043,0000001258,1.00,87371.20,1,'CAMILOA','2019-05-23 16:22:34','CAMILOA','2019-05-24 15:22:58'),(0000000142,0000000043,0000001356,1.00,0.00,1,'CAMILOA','2019-05-23 16:22:34','CAMILOA','2019-05-24 15:22:58'),(0000000143,0000000043,0000001355,1.00,0.00,1,'CAMILOA','2019-05-23 16:22:34','CAMILOA','2019-05-24 15:22:58'),(0000000144,0000000043,0000001358,1.00,28359.80,1,'CAMILOA','2019-05-23 16:22:34','CAMILOA','2019-05-24 15:22:58'),(0000000145,0000000043,0000001359,1.00,0.00,1,'CAMILOA','2019-05-23 16:22:34','CAMILOA','2019-05-24 15:22:58'),(0000000146,0000000043,0000001360,1.00,33327.00,1,'CAMILOA','2019-05-23 16:22:34','CAMILOA','2019-05-24 15:22:58'),(0000000147,0000000043,0000001494,1.00,4965.80,1,'CAMILOA','2019-05-23 16:22:34','CAMILOA','2019-05-24 15:22:58'),(0000000148,0000000043,0000001419,1.00,0.00,1,'CAMILOA','2019-05-23 16:22:34','CAMILOA','2019-05-24 15:22:58'),(0000000149,0000000044,0000001350,2.00,33770.80,0,'CAMILOA','2019-05-23 16:39:58','CAMILOA','2019-06-19 11:21:53'),(0000000150,0000000044,0000001166,1.00,14036.40,1,'CAMILOA','2019-05-23 16:47:47','CAMILOA','2019-05-23 16:48:33'),(0000000151,0000000044,0000001257,1.00,24001.60,1,'CAMILOA','2019-05-23 16:47:47','CAMILOA','2019-05-23 16:48:33'),(0000000152,0000000044,0000001258,1.00,87371.20,1,'CAMILOA','2019-05-23 16:47:47','CAMILOA','2019-05-23 16:48:33'),(0000000153,0000000044,0000000929,1.00,37865.80,1,'CAMILOA','2019-05-23 16:47:47','CAMILOA','2019-05-23 16:48:33'),(0000000154,0000000044,0000000971,1.00,31283.00,1,'CAMILOA','2019-05-23 16:47:47','CAMILOA','2019-05-23 16:48:33'),(0000000155,0000000044,0000000864,1.00,5180.00,1,'CAMILOA','2019-05-23 16:47:47','CAMILOA','2019-05-23 16:48:33'),(0000000156,0000000044,0000001260,1.00,57673.00,1,'CAMILOA','2019-05-23 16:47:47','CAMILOA','2019-05-23 16:48:33'),(0000000157,0000000044,0000001261,1.00,41092.80,1,'CAMILOA','2019-05-23 16:47:47','CAMILOA','2019-05-23 16:48:33'),(0000000158,0000000044,0000001166,1.00,19650.96,0,'CAMILOA','2019-05-23 16:48:33','CAMILOA','2019-06-19 11:21:53'),(0000000159,0000000044,0000001257,1.00,33602.24,0,'CAMILOA','2019-05-23 16:48:33','CAMILOA','2019-06-19 11:21:53'),(0000000160,0000000044,0000001258,1.00,122319.68,0,'CAMILOA','2019-05-23 16:48:33','CAMILOA','2019-06-19 11:21:53'),(0000000161,0000000044,0000000929,1.00,53012.12,0,'CAMILOA','2019-05-23 16:48:33','CAMILOA','2019-06-19 11:21:53'),(0000000162,0000000044,0000000971,1.00,43796.20,0,'CAMILOA','2019-05-23 16:48:33','CAMILOA','2019-06-19 11:21:53'),(0000000163,0000000044,0000000864,1.00,7252.00,0,'CAMILOA','2019-05-23 16:48:33','CAMILOA','2019-06-19 11:21:53'),(0000000164,0000000044,0000001260,1.00,80742.20,0,'CAMILOA','2019-05-23 16:48:33','CAMILOA','2019-06-19 11:21:53'),(0000000165,0000000044,0000001261,1.00,57529.92,0,'CAMILOA','2019-05-23 16:48:33','CAMILOA','2019-06-19 11:21:53'),(0000000166,0000000045,0000001495,1.00,466515.00,0,'CAMILOA','2019-05-23 17:00:16','DAVID','2019-06-10 13:31:26'),(0000000167,0000000043,0000001350,2.00,33770.80,0,'CAMILOA','2019-05-24 15:22:58','VZAMBRANO','2019-08-05 17:16:48'),(0000000168,0000000043,0000001356,1.00,46491.20,0,'CAMILOA','2019-05-24 15:22:58','VZAMBRANO','2019-08-05 17:16:48'),(0000000169,0000000043,0000001355,1.00,58335.48,0,'CAMILOA','2019-05-24 15:22:58','VZAMBRANO','2019-08-05 17:16:48'),(0000000170,0000000046,0000001350,6.00,33770.80,0,'CAMILOA','2019-05-24 16:48:52','CAMILOA','2019-06-19 11:21:53'),(0000000171,0000000050,0000001350,1.00,33770.80,0,'CAMILOA','2019-05-28 12:40:54','METALSIGMAUSER','2019-06-19 11:21:53'),(0000000172,0000000052,0000001350,2.00,33770.80,0,'CAMILOA','2019-06-03 12:34:32','CAMILOA','2019-06-19 11:21:53'),(0000000173,0000000052,0000001351,1.00,23002.56,0,'CAMILOA','2019-06-03 12:34:32','CAMILOA','2019-06-19 11:21:53'),(0000000174,0000000052,0000001352,1.00,78084.44,0,'CAMILOA','2019-06-03 12:34:32','CAMILOA','2019-06-19 11:21:53'),(0000000175,0000000052,0000001353,1.00,65710.96,0,'CAMILOA','2019-06-03 12:34:32','CAMILOA','2019-06-19 11:21:53'),(0000000176,0000000052,0000001258,1.00,122319.68,0,'CAMILOA','2019-06-03 12:34:32','CAMILOA','2019-06-19 11:21:53'),(0000000177,0000000052,0000001493,1.00,17689.00,0,'CAMILOA','2019-06-03 12:34:32','CAMILOA','2019-06-19 11:21:53'),(0000000178,0000000052,0000001491,1.00,34780.20,0,'CAMILOA','2019-06-03 12:34:32','CAMILOA','2019-06-19 11:21:53'),(0000000179,0000000052,0000001492,1.00,109313.12,0,'CAMILOA','2019-06-03 12:34:32','CAMILOA','2019-06-19 11:21:53'),(0000000180,0000000052,0000001358,1.00,39703.72,0,'CAMILOA','2019-06-03 12:34:32','CAMILOA','2019-06-19 11:21:53'),(0000000181,0000000052,0000001360,1.00,46657.80,0,'CAMILOA','2019-06-03 12:34:32','CAMILOA','2019-06-19 11:21:53'),(0000000182,0000000052,0000001494,1.00,6952.12,0,'CAMILOA','2019-06-03 12:34:32','CAMILOA','2019-06-19 11:21:53'),(0000000183,0000000054,0000001350,1.00,24122.00,0,'CAMILOA','2019-06-05 16:16:20','VZAMBRANO','2019-06-12 15:03:11'),(0000000184,0000000056,0000001330,1.00,0.00,1,'DAVID','2019-06-07 16:42:09','DAVID','2019-06-10 12:01:43'),(0000000185,0000000056,0000001333,8.00,0.00,1,'DAVID','2019-06-07 16:42:09','DAVID','2019-06-10 12:01:43'),(0000000186,0000000056,0000001332,4.00,0.00,1,'DAVID','2019-06-07 16:42:09','DAVID','2019-06-10 12:01:43'),(0000000187,0000000058,0000001497,1.00,2647046.00,0,'CAMILOA','2019-06-10 12:01:42','VZAMBRANO','2019-06-11 16:33:33'),(0000000188,0000000056,0000001330,4.00,50145.00,1,'DAVID','2019-06-10 12:01:43','DAVID','2019-06-10 14:52:07'),(0000000189,0000000056,0000001331,4.00,82806.00,1,'DAVID','2019-06-10 12:01:43','DAVID','2019-06-10 14:52:07'),(0000000190,0000000056,0000001332,4.00,60000.00,1,'DAVID','2019-06-10 12:18:52','DAVID','2019-06-10 14:52:07'),(0000000191,0000000056,0000001333,8.00,26000.00,1,'DAVID','2019-06-10 12:18:52','DAVID','2019-06-10 14:52:07'),(0000000192,0000000059,0000001350,1.00,24122.00,0,'CAMILOA','2019-06-10 13:20:20','VZAMBRANO','2019-06-20 17:31:16'),(0000000193,0000000059,0000001523,1.00,90000.00,0,'ADMINISTRADOR','2019-06-10 14:27:57','VZAMBRANO','2019-06-20 17:31:16'),(0000000194,0000000056,0000001523,4.00,60000.00,1,'DAVID','2019-06-10 14:42:09','ADMINISTRADOR','2019-08-12 16:56:40'),(0000000195,0000000056,0000001524,8.00,26000.00,1,'DAVID','2019-06-10 14:42:09','ADMINISTRADOR','2019-08-12 16:56:40'),(0000000196,0000000056,0000001330,4.00,50145.00,0,'DAVID','2019-06-10 14:52:07','ADMINISTRADOR','2019-08-12 16:56:40'),(0000000197,0000000056,0000001331,4.00,82806.00,0,'DAVID','2019-06-10 14:52:07','ADMINISTRADOR','2019-08-12 16:56:40'),(0000000198,0000000056,0000001332,1.00,188800.00,0,'DAVID','2019-06-10 14:52:07','ADMINISTRADOR','2019-08-12 16:56:40'),(0000000199,0000000056,0000001334,1.00,23880.00,0,'DAVID','2019-06-10 14:52:07','ADMINISTRADOR','2019-08-12 16:56:40'),(0000000200,0000000060,0000001330,4.00,50145.00,0,'DAVID','2019-06-10 15:06:53','VZAMBRANO','2019-06-10 15:59:29'),(0000000201,0000000060,0000001331,4.00,82806.00,0,'DAVID','2019-06-10 15:06:53','VZAMBRANO','2019-06-10 15:59:30'),(0000000202,0000000060,0000001332,1.00,188800.00,0,'DAVID','2019-06-10 15:06:53','VZAMBRANO','2019-06-10 15:59:30'),(0000000203,0000000060,0000001334,1.00,23880.00,0,'DAVID','2019-06-10 15:06:53','VZAMBRANO','2019-06-10 15:59:30'),(0000000204,0000000060,0000001523,4.00,60000.00,0,'DAVID','2019-06-10 15:06:53','VZAMBRANO','2019-06-10 15:59:30'),(0000000205,0000000060,0000001524,8.00,26000.00,0,'DAVID','2019-06-10 15:06:53','VZAMBRANO','2019-06-10 15:59:30'),(0000000206,0000000061,0000001541,1.00,726364.80,0,'CAMILOA','2019-06-12 13:04:00','METALSIGMAUSER','2019-06-19 11:21:53'),(0000000207,0000000062,0000001543,6.00,9980.00,0,'CAMILOA','2019-06-13 16:36:59','VZAMBRANO','2019-06-17 13:23:05'),(0000000208,0000000062,0000001542,6.00,42000.00,0,'CAMILOA','2019-06-13 16:36:59','VZAMBRANO','2019-06-17 13:23:05'),(0000000209,0000000053,0000001546,1.00,22832.00,0,'CAMILOA','2019-06-14 12:15:35','VZAMBRANO','2019-06-17 13:22:24'),(0000000210,0000000053,0000001547,1.00,90990.00,0,'CAMILOA','2019-06-14 12:15:35','VZAMBRANO','2019-06-17 13:22:24'),(0000000211,0000000053,0000001540,392.00,320.00,0,'CAMILOA','2019-06-14 12:15:35','VZAMBRANO','2019-06-17 13:22:24'),(0000000212,0000000053,0000001539,392.00,450.00,0,'CAMILOA','2019-06-14 12:15:35','VZAMBRANO','2019-06-17 13:22:24'),(0000000213,0000000053,0000001544,2.00,202602.00,0,'CAMILOA','2019-06-14 12:15:35','VZAMBRANO','2019-06-17 13:22:24'),(0000000214,0000000053,0000001545,2.00,147398.00,0,'CAMILOA','2019-06-14 12:15:35','VZAMBRANO','2019-06-17 13:22:24'),(0000000215,0000000053,0000001548,1.00,150000.00,0,'CAMILOA','2019-06-14 12:15:35','VZAMBRANO','2019-06-17 13:22:24'),(0000000216,0000000064,0000001343,2.00,44248.40,0,'CAMILOA','2019-06-18 12:19:19','VZAMBRANO','2019-06-19 11:30:02'),(0000000217,0000000064,0000001338,1.00,8398.00,1,'CAMILOA','2019-06-18 12:19:19','CAMILOA','2019-06-18 12:46:37'),(0000000218,0000000064,0000001339,1.00,28423.00,1,'CAMILOA','2019-06-18 12:19:19','CAMILOA','2019-06-18 12:46:37'),(0000000219,0000000064,0000001340,1.00,36378.00,1,'CAMILOA','2019-06-18 12:23:22','CAMILOA','2019-06-18 12:46:37'),(0000000220,0000000064,0000001341,1.00,13064.00,1,'CAMILOA','2019-06-18 12:23:22','CAMILOA','2019-06-18 12:46:37'),(0000000221,0000000064,0000001342,1.00,5770.00,1,'CAMILOA','2019-06-18 12:23:22','CAMILOA','2019-06-18 12:46:37'),(0000000222,0000000064,0000001338,1.00,14617.40,0,'CAMILOA','2019-06-18 12:46:37','VZAMBRANO','2019-06-19 11:30:02'),(0000000223,0000000064,0000001339,1.00,49331.80,0,'CAMILOA','2019-06-18 12:46:37','VZAMBRANO','2019-06-19 11:30:02'),(0000000224,0000000064,0000001340,1.00,63137.20,0,'CAMILOA','2019-06-18 12:46:37','VZAMBRANO','2019-06-19 11:30:02'),(0000000225,0000000064,0000001341,1.00,22674.40,0,'CAMILOA','2019-06-18 12:46:37','VZAMBRANO','2019-06-19 11:30:02'),(0000000226,0000000064,0000001342,1.00,10014.20,0,'CAMILOA','2019-06-18 12:46:37','VZAMBRANO','2019-06-19 11:30:02'),(0000000227,0000000065,0000001343,2.00,44248.40,0,'CAMILOA','2019-06-18 13:10:55','VZAMBRANO','2019-06-20 17:30:23'),(0000000228,0000000065,0000001350,1.00,24122.00,0,'CAMILOA','2019-06-18 13:10:55','VZAMBRANO','2019-06-20 17:30:23'),(0000000229,0000000065,0000001549,1.00,1132324.20,0,'CAMILOA','2019-06-18 13:10:55','VZAMBRANO','2019-06-20 17:30:23'),(0000000230,0000000065,0000001550,1.00,26007.80,0,'CAMILOA','2019-06-18 13:10:55','VZAMBRANO','2019-06-20 17:30:23'),(0000000231,0000000066,0000001326,8.00,406000.00,0,'DAVID','2019-06-20 13:25:04','VZAMBRANO','2019-06-20 17:04:21'),(0000000232,0000000066,0000001333,3.00,162209.60,0,'DAVID','2019-06-20 13:25:04','VZAMBRANO','2019-06-20 17:04:21'),(0000000233,0000000066,0000001325,4.00,151074.00,0,'DAVID','2019-06-20 13:25:04','VZAMBRANO','2019-06-20 17:04:21'),(0000000234,0000000066,0000001330,2.00,70203.00,0,'DAVID','2019-06-20 13:25:04','VZAMBRANO','2019-06-20 17:04:21'),(0000000235,0000000066,0000001328,24.00,56252.00,0,'DAVID','2019-06-20 13:25:04','VZAMBRANO','2019-06-20 17:04:21'),(0000000236,0000000066,0000001332,1.00,264320.00,0,'DAVID','2019-06-20 13:25:04','VZAMBRANO','2019-06-20 17:04:21'),(0000000237,0000000066,0000001334,8.00,33432.00,0,'DAVID','2019-06-20 13:42:11','VZAMBRANO','2019-06-20 17:04:21'),(0000000238,0000000066,0000001335,8.00,56000.00,0,'DAVID','2019-06-20 14:20:09','VZAMBRANO','2019-06-20 17:04:21'),(0000000239,0000000066,0000001349,24.00,51703.40,0,'DAVID','2019-06-20 14:20:09','VZAMBRANO','2019-06-20 17:04:21'),(0000000240,0000000066,0000001551,1.00,1700000.00,0,'DAVID','2019-06-20 14:20:09','VZAMBRANO','2019-06-20 17:04:21'),(0000000241,0000000038,0000001320,2.00,44741.20,0,'CAMILOA','2019-07-02 15:19:46','VZAMBRANO','2019-07-03 09:21:31'),(0000000242,0000000074,0000001319,1.00,44746.80,0,'CAMILOA','2019-07-04 17:48:44','VZAMBRANO','2019-07-15 16:45:58'),(0000000243,0000000077,0000001331,4.00,115928.40,0,'DAVID','2019-07-09 18:31:24','VZAMBRANO','2019-07-15 16:43:55'),(0000000244,0000000077,0000001330,6.00,70203.00,0,'DAVID','2019-07-09 18:31:24','VZAMBRANO','2019-07-15 16:43:55'),(0000000245,0000000077,0000001332,1.00,264320.00,0,'DAVID','2019-07-09 18:31:24','VZAMBRANO','2019-07-15 16:43:55'),(0000000246,0000000077,0000001335,2.00,56000.00,0,'DAVID','2019-07-09 18:31:24','VZAMBRANO','2019-07-15 16:43:55'),(0000000247,0000000077,0000001334,2.00,33432.00,0,'DAVID','2019-07-09 18:31:24','VZAMBRANO','2019-07-15 16:43:55'),(0000000248,0000000078,0000001331,4.00,115928.40,0,'DAVID','2019-07-09 18:33:55','VZAMBRANO','2019-07-15 16:44:31'),(0000000249,0000000078,0000001330,6.00,70203.00,0,'DAVID','2019-07-09 18:33:55','VZAMBRANO','2019-07-15 16:44:31'),(0000000250,0000000078,0000001335,2.00,56000.00,0,'DAVID','2019-07-09 18:33:55','VZAMBRANO','2019-07-15 16:44:31'),(0000000251,0000000078,0000001334,2.00,33432.00,0,'DAVID','2019-07-09 18:33:55','VZAMBRANO','2019-07-15 16:44:31'),(0000000252,0000000078,0000001332,1.00,264320.00,0,'DAVID','2019-07-09 18:33:55','VZAMBRANO','2019-07-15 16:44:31'),(0000000253,0000000079,0000001331,4.00,115928.40,0,'DAVID','2019-07-09 18:36:08','VZAMBRANO','2019-07-15 16:44:09'),(0000000254,0000000079,0000001330,6.00,70203.00,0,'DAVID','2019-07-09 18:36:08','VZAMBRANO','2019-07-15 16:44:09'),(0000000255,0000000079,0000001332,1.00,264320.00,0,'DAVID','2019-07-09 18:36:08','VZAMBRANO','2019-07-15 16:44:09'),(0000000256,0000000079,0000001335,2.00,56000.00,0,'DAVID','2019-07-09 18:36:08','VZAMBRANO','2019-07-15 16:44:09'),(0000000257,0000000079,0000001334,2.00,33432.00,0,'DAVID','2019-07-09 18:36:08','VZAMBRANO','2019-07-15 16:44:09'),(0000000258,0000000075,0000001350,6.00,24122.00,0,'CAMILOA','2019-07-11 14:57:44','CAMILOA','2019-07-11 15:16:07'),(0000000259,0000000083,0000001350,6.00,24122.00,0,'CAMILOA','2019-07-15 16:10:18','VZAMBRANO','2019-07-15 16:45:40'),(0000000260,0000000085,0000001573,1.00,233555.00,0,'CAMILOA','2019-07-17 17:50:09','DAVID','2019-07-31 16:46:38'),(0000000261,0000000085,0000001574,1.00,92348.20,0,'CAMILOA','2019-07-17 17:50:09','DAVID','2019-07-31 16:46:38'),(0000000262,0000000085,0000001575,1.00,67531.80,0,'CAMILOA','2019-07-17 17:50:09','DAVID','2019-07-31 16:46:38'),(0000000263,0000000085,0000001576,1.00,501932.20,0,'CAMILOA','2019-07-17 17:50:09','DAVID','2019-07-31 16:46:38'),(0000000264,0000000085,0000001577,2.00,264545.40,0,'CAMILOA','2019-07-17 17:50:09','DAVID','2019-07-31 16:46:38'),(0000000265,0000000085,0000001579,1.00,116601.80,0,'CAMILOA','2019-07-17 17:50:09','DAVID','2019-07-31 16:46:38'),(0000000266,0000000085,0000001580,1.00,995400.00,0,'CAMILOA','2019-07-19 09:36:58','DAVID','2019-07-31 16:46:38'),(0000000267,0000000093,0000001320,2.00,44741.20,0,'CAMILOA','2019-07-25 18:40:41','VZAMBRANO','2019-07-26 09:36:24'),(0000000268,0000000095,0000001319,2.00,44746.80,0,'CAMILOA','2019-07-29 08:43:51','VZAMBRANO','2019-07-29 09:55:51'),(0000000269,0000000096,0000001319,1.00,44746.80,0,'CAMILOA','2019-07-29 09:01:01','VZAMBRANO','2019-07-29 09:48:46'),(0000000270,0000000096,0000001615,1.00,368403.00,0,'CAMILOA','2019-07-29 09:01:01','VZAMBRANO','2019-07-29 09:48:46'),(0000000271,0000000096,0000001609,1.00,877.80,0,'CAMILOA','2019-07-29 09:01:01','VZAMBRANO','2019-07-29 09:48:46'),(0000000272,0000000096,0000001610,1.00,1433.60,0,'CAMILOA','2019-07-29 09:01:01','VZAMBRANO','2019-07-29 09:48:46'),(0000000273,0000000096,0000001611,1.00,11457.60,0,'CAMILOA','2019-07-29 09:01:01','VZAMBRANO','2019-07-29 09:48:46'),(0000000274,0000000097,0000001020,1.00,22995.00,0,'CAMILOA','2019-07-30 11:54:56','VZAMBRANO','2019-08-02 16:54:58'),(0000000275,0000000097,0000001616,1.00,177055.20,0,'CAMILOA','2019-07-30 11:54:56','VZAMBRANO','2019-08-02 16:54:58'),(0000000276,0000000097,0000001620,1.00,126799.40,0,'CAMILOA','2019-07-30 11:54:56','VZAMBRANO','2019-08-02 16:54:58'),(0000000277,0000000097,0000001619,1.00,50988.00,0,'CAMILOA','2019-07-30 11:54:56','VZAMBRANO','2019-08-02 16:54:58'),(0000000278,0000000097,0000001617,12.00,17714.20,0,'CAMILOA','2019-07-30 11:54:56','VZAMBRANO','2019-08-02 16:54:58'),(0000000279,0000000097,0000001618,12.00,8603.00,0,'CAMILOA','2019-07-30 11:54:56','VZAMBRANO','2019-08-02 16:54:58'),(0000000280,0000000097,0000001612,1.00,254004.80,1,'CAMILOA','2019-07-30 11:54:56','CAMILOA','2019-08-02 16:05:56'),(0000000281,0000000097,0000001613,1.00,65070.60,1,'CAMILOA','2019-07-30 11:54:56','CAMILOA','2019-08-02 16:05:56'),(0000000282,0000000097,0000001614,1.00,787381.00,1,'CAMILOA','2019-07-30 11:54:56','CAMILOA','2019-08-02 16:05:56'),(0000000283,0000000099,0000001434,4.00,396494.00,0,'CAMILOA','2019-07-31 13:15:57','DAVID','2019-08-02 16:58:07'),(0000000284,0000000099,0000001435,2.00,336663.60,0,'CAMILOA','2019-07-31 13:15:57','DAVID','2019-08-02 16:58:07'),(0000000285,0000000099,0000001474,2.00,548738.40,0,'CAMILOA','2019-07-31 13:15:57','DAVID','2019-08-02 16:58:07'),(0000000286,0000000099,0000001475,4.00,439654.60,0,'CAMILOA','2019-07-31 13:15:57','DAVID','2019-08-02 16:58:07'),(0000000287,0000000104,0000001350,2.00,24122.00,0,'CAMILOA','2019-08-05 10:34:51','VZAMBRANO','2019-08-05 17:17:38'),(0000000288,0000000104,0000001166,1.00,14036.40,0,'CAMILOA','2019-08-05 10:34:51','VZAMBRANO','2019-08-05 17:17:38'),(0000000289,0000000104,0000001257,1.00,24001.60,0,'CAMILOA','2019-08-05 10:34:51','VZAMBRANO','2019-08-05 17:17:38'),(0000000290,0000000104,0000001258,1.00,87371.20,0,'CAMILOA','2019-08-05 10:34:51','VZAMBRANO','2019-08-05 17:17:38'),(0000000291,0000000104,0000000929,1.00,37865.80,0,'CAMILOA','2019-08-05 10:34:51','VZAMBRANO','2019-08-05 17:17:38'),(0000000292,0000000104,0000000971,1.00,31283.00,0,'CAMILOA','2019-08-05 10:34:51','VZAMBRANO','2019-08-05 17:17:38'),(0000000293,0000000104,0000001260,1.00,57673.00,0,'CAMILOA','2019-08-05 10:34:51','VZAMBRANO','2019-08-05 17:17:38'),(0000000294,0000000104,0000001261,1.00,41092.80,0,'CAMILOA','2019-08-05 10:34:51','VZAMBRANO','2019-08-05 17:17:38'),(0000000295,0000000105,0000001628,1.00,1470000.00,0,'CAMILOA','2019-08-05 14:29:02','VZAMBRANO','2019-08-05 17:18:03'),(0000000296,0000000112,0000001587,2.00,135492.00,0,'DAVID','2019-08-05 16:29:47','VZAMBRANO','2019-08-06 14:50:55'),(0000000297,0000000112,0000001588,2.00,158981.20,0,'DAVID','2019-08-05 16:29:47','VZAMBRANO','2019-08-06 14:50:55'),(0000000298,0000000112,0000001589,4.00,63464.80,0,'DAVID','2019-08-05 16:29:47','VZAMBRANO','2019-08-06 14:50:55'),(0000000299,0000000112,0000001590,4.00,59691.80,0,'DAVID','2019-08-05 16:29:47','VZAMBRANO','2019-08-06 14:50:55'),(0000000300,0000000112,0000001591,6.00,10105.20,0,'DAVID','2019-08-05 16:29:47','VZAMBRANO','2019-08-06 14:50:55'),(0000000301,0000000112,0000001592,6.00,5824.00,0,'DAVID','2019-08-05 16:29:47','VZAMBRANO','2019-08-06 14:50:55'),(0000000302,0000000112,0000001593,24.00,1622.60,0,'DAVID','2019-08-05 16:29:47','VZAMBRANO','2019-08-06 14:50:55'),(0000000303,0000000112,0000001600,3.00,726640.60,0,'DAVID','2019-08-05 16:29:47','VZAMBRANO','2019-08-06 14:50:55'),(0000000304,0000000112,0000001601,16.00,78940.40,0,'DAVID','2019-08-05 16:29:47','VZAMBRANO','2019-08-06 14:50:55'),(0000000305,0000000112,0000001602,136.00,17110.80,0,'DAVID','2019-08-05 16:29:47','VZAMBRANO','2019-08-06 14:50:55'),(0000000306,0000000112,0000001603,32.00,7765.80,0,'DAVID','2019-08-05 16:29:47','VZAMBRANO','2019-08-06 14:50:55'),(0000000307,0000000112,0000001222,1.00,710739.40,0,'DAVID','2019-08-05 16:29:47','VZAMBRANO','2019-08-06 14:50:55'),(0000000308,0000000112,0000001604,8.00,248833.20,0,'DAVID','2019-08-05 16:29:47','VZAMBRANO','2019-08-06 14:50:55'),(0000000309,0000000112,0000001605,4.00,210819.00,0,'DAVID','2019-08-05 16:29:47','VZAMBRANO','2019-08-06 14:50:55'),(0000000310,0000000112,0000001606,8.00,2091.60,0,'DAVID','2019-08-05 16:29:47','VZAMBRANO','2019-08-06 14:50:55'),(0000000311,0000000112,0000001607,9.00,5933.20,0,'DAVID','2019-08-05 16:29:47','VZAMBRANO','2019-08-06 14:50:55'),(0000000312,0000000112,0000001608,9.00,8092.00,0,'DAVID','2019-08-05 16:29:47','VZAMBRANO','2019-08-06 14:50:55'),(0000000313,0000000112,0000001582,1.00,19758.20,0,'DAVID','2019-08-05 16:29:47','VZAMBRANO','2019-08-06 14:50:55'),(0000000314,0000000112,0000001583,1.00,200377.80,0,'DAVID','2019-08-05 16:29:47','VZAMBRANO','2019-08-06 14:50:55'),(0000000315,0000000112,0000001098,2.00,1373.40,0,'DAVID','2019-08-05 16:29:47','VZAMBRANO','2019-08-06 14:50:55'),(0000000316,0000000112,0000001415,34.00,1234.80,0,'DAVID','2019-08-05 16:29:47','VZAMBRANO','2019-08-06 14:50:55'),(0000000317,0000000112,0000001584,2.00,257628.00,0,'DAVID','2019-08-05 16:29:47','VZAMBRANO','2019-08-06 14:50:55'),(0000000318,0000000112,0000001585,4.00,6272.00,0,'DAVID','2019-08-05 16:29:47','VZAMBRANO','2019-08-06 14:50:55'),(0000000319,0000000112,0000001087,4.00,1870.40,0,'DAVID','2019-08-05 16:29:47','VZAMBRANO','2019-08-06 14:50:55'),(0000000320,0000000112,0000001586,2.00,322155.40,0,'DAVID','2019-08-05 16:29:47','VZAMBRANO','2019-08-06 14:50:55'),(0000000321,0000000112,0000001007,4.00,18508.00,0,'DAVID','2019-08-05 16:29:47','VZAMBRANO','2019-08-06 14:50:55'),(0000000322,0000000112,0000000980,2.00,2443.00,0,'DAVID','2019-08-05 16:29:47','VZAMBRANO','2019-08-06 14:50:55'),(0000000323,0000000112,0000001594,4.00,62671.00,0,'DAVID','2019-08-05 16:34:46','VZAMBRANO','2019-08-06 14:50:55'),(0000000324,0000000112,0000001595,2.00,64065.40,0,'DAVID','2019-08-05 16:34:46','VZAMBRANO','2019-08-06 14:50:55'),(0000000325,0000000112,0000001165,2.00,64079.40,0,'DAVID','2019-08-05 16:34:46','VZAMBRANO','2019-08-06 14:50:55'),(0000000326,0000000112,0000001596,2.00,954633.40,0,'DAVID','2019-08-05 16:34:46','VZAMBRANO','2019-08-06 14:50:55'),(0000000327,0000000112,0000001597,2.00,361410.00,0,'DAVID','2019-08-05 16:34:46','VZAMBRANO','2019-08-06 14:50:55'),(0000000328,0000000112,0000001598,16.00,4218.20,0,'DAVID','2019-08-05 16:34:46','VZAMBRANO','2019-08-06 14:50:55'),(0000000329,0000000112,0000001599,2.00,935.20,0,'DAVID','2019-08-05 16:34:46','VZAMBRANO','2019-08-06 14:50:55'),(0000000330,0000000112,0000001001,16.00,1631.00,0,'DAVID','2019-08-05 16:34:46','VZAMBRANO','2019-08-06 14:50:55'),(0000000331,0000000112,0000001634,4.00,234246.60,0,'DAVID','2019-08-05 21:15:29','VZAMBRANO','2019-08-06 14:50:55'),(0000000332,0000000112,0000001330,2.00,70203.00,0,'DAVID','2019-08-05 21:21:58','VZAMBRANO','2019-08-06 14:50:55'),(0000000333,0000000113,0000001323,1.00,29659.00,0,'CAMILOA','2019-08-07 18:07:03','VZAMBRANO','2019-08-13 13:18:19'),(0000000334,0000000115,0000001635,2.00,535500.00,0,'CAMILOA','2019-08-09 14:02:10','VZAMBRANO','2019-08-09 15:00:19'),(0000000335,0000000120,0000001665,5.00,65997.40,0,'DAVID','2019-08-13 14:56:00','VZAMBRANO','2019-08-13 17:04:55'),(0000000336,0000000120,0000001666,1.00,24207.40,0,'DAVID','2019-08-13 14:56:00','VZAMBRANO','2019-08-13 17:04:55'),(0000000337,0000000120,0000001667,2.00,130762.80,0,'DAVID','2019-08-13 14:56:00','VZAMBRANO','2019-08-13 17:04:55'),(0000000338,0000000120,0000001668,1.00,12293.40,0,'DAVID','2019-08-13 14:56:00','VZAMBRANO','2019-08-13 17:04:55'),(0000000339,0000000120,0000001334,2.00,33432.00,0,'DAVID','2019-08-13 15:18:47','VZAMBRANO','2019-08-13 17:04:55'),(0000000340,0000000120,0000001335,2.00,56000.00,0,'DAVID','2019-08-13 15:18:47','VZAMBRANO','2019-08-13 17:04:55'),(0000000341,0000000123,0000001350,1.00,24122.00,0,'CAMILOA','2019-08-14 09:28:07','AMENESES','2019-08-27 09:29:30'),(0000000342,0000000123,0000001305,1.00,64159.20,0,'CAMILOA','2019-08-14 09:28:07','AMENESES','2019-08-27 09:29:30'),(0000000343,0000000123,0000001306,1.00,84221.20,0,'CAMILOA','2019-08-14 09:28:07','AMENESES','2019-08-27 09:29:30'),(0000000344,0000000123,0000001302,1.00,39057.20,0,'CAMILOA','2019-08-14 09:28:07','AMENESES','2019-08-27 09:29:30'),(0000000345,0000000123,0000001303,1.00,45801.00,0,'CAMILOA','2019-08-14 09:28:07','AMENESES','2019-08-27 09:29:30'),(0000000346,0000000123,0000001304,1.00,47567.80,0,'CAMILOA','2019-08-14 09:28:07','AMENESES','2019-08-27 09:29:30'),(0000000347,0000000123,0000001144,1.00,869.40,0,'CAMILOA','2019-08-16 08:59:29','AMENESES','2019-08-27 09:29:30'),(0000000348,0000000124,0000001350,5.00,24122.00,0,'CAMILOA','2019-08-16 09:02:02','AMENESES','2019-08-27 09:30:00'),(0000000349,0000000123,0000001322,2.00,46060.00,0,'CAMILOA','2019-08-16 09:02:40','AMENESES','2019-08-27 09:29:30'),(0000000350,0000000124,0000001322,2.00,46060.00,0,'CAMILOA','2019-08-16 09:28:29','AMENESES','2019-08-27 09:30:00'),(0000000351,0000000124,0000001305,1.00,64159.20,0,'CAMILOA','2019-08-16 09:28:29','AMENESES','2019-08-27 09:30:00'),(0000000352,0000000124,0000001306,1.00,84221.20,0,'CAMILOA','2019-08-16 09:28:29','AMENESES','2019-08-27 09:30:00'),(0000000353,0000000124,0000001302,1.00,39057.20,0,'CAMILOA','2019-08-16 09:28:29','AMENESES','2019-08-27 09:30:00'),(0000000354,0000000124,0000001303,1.00,45801.00,0,'CAMILOA','2019-08-16 09:28:29','AMENESES','2019-08-27 09:30:00'),(0000000355,0000000124,0000001144,1.00,869.40,0,'CAMILOA','2019-08-16 09:28:29','AMENESES','2019-08-27 09:30:00'),(0000000356,0000000124,0000001658,1.00,8645.00,0,'CAMILOA','2019-08-16 09:28:29','AMENESES','2019-08-27 09:30:00'),(0000000357,0000000124,0000001304,1.00,47567.80,0,'CAMILOA','2019-08-16 09:28:29','AMENESES','2019-08-27 09:30:00'),(0000000358,0000000124,0000001002,1.00,7904.40,0,'CAMILOA','2019-08-16 09:28:29','AMENESES','2019-08-27 09:30:00'),(0000000359,0000000125,0000001350,6.00,24122.00,1,'CAMILOA','2019-08-16 09:42:29','CAMILOA','2019-09-26 11:20:30'),(0000000360,0000000125,0000001315,1.00,489860.00,1,'CAMILOA','2019-08-16 09:42:29','CAMILOA','2019-08-20 12:49:13'),(0000000361,0000000125,0000001322,2.00,46060.00,0,'CAMILOA','2019-08-16 09:42:29','DAVID','2019-09-27 09:15:03'),(0000000362,0000000125,0000001305,1.00,64159.20,0,'CAMILOA','2019-08-16 09:42:29','DAVID','2019-09-27 09:15:03'),(0000000363,0000000125,0000001306,1.00,84221.20,0,'CAMILOA','2019-08-16 09:42:29','DAVID','2019-09-27 09:15:03'),(0000000364,0000000125,0000001302,1.00,39057.20,0,'CAMILOA','2019-08-16 09:42:29','DAVID','2019-09-27 09:15:03'),(0000000365,0000000125,0000001303,1.00,45801.00,0,'CAMILOA','2019-08-16 09:42:29','DAVID','2019-09-27 09:15:03'),(0000000366,0000000125,0000001144,1.00,869.40,0,'CAMILOA','2019-08-16 09:42:29','DAVID','2019-09-27 09:15:03'),(0000000367,0000000125,0000001658,1.00,8645.00,0,'CAMILOA','2019-08-16 09:42:29','DAVID','2019-09-27 09:15:03'),(0000000368,0000000125,0000001304,1.00,47567.80,0,'CAMILOA','2019-08-16 09:42:29','DAVID','2019-09-27 09:15:03'),(0000000369,0000000125,0000001002,1.00,7904.40,1,'CAMILOA','2019-08-16 09:42:29','CAMILOA','2019-09-26 15:42:30'),(0000000370,0000000125,0000001662,1.00,15978.20,0,'CAMILOA','2019-08-16 09:42:29','DAVID','2019-09-27 09:15:03'),(0000000371,0000000125,0000001663,1.00,15863.40,0,'CAMILOA','2019-08-16 09:42:29','DAVID','2019-09-27 09:15:03'),(0000000372,0000000125,0000001307,1.00,118543.60,0,'CAMILOA','2019-08-16 09:42:29','DAVID','2019-09-27 09:15:03'),(0000000373,0000000125,0000001308,1.00,1649.20,0,'CAMILOA','2019-08-16 09:42:29','DAVID','2019-09-27 09:15:03'),(0000000374,0000000125,0000001226,1.00,35963.20,0,'CAMILOA','2019-08-16 09:42:29','DAVID','2019-09-27 09:15:03'),(0000000375,0000000125,0000001311,1.00,12509.00,0,'CAMILOA','2019-08-16 09:42:29','DAVID','2019-09-27 09:15:03'),(0000000376,0000000125,0000001312,1.00,1608.60,0,'CAMILOA','2019-08-16 09:42:29','DAVID','2019-09-27 09:15:03'),(0000000377,0000000125,0000001313,1.00,55725.60,0,'CAMILOA','2019-08-16 09:42:29','DAVID','2019-09-27 09:15:03'),(0000000378,0000000125,0000001310,1.00,3904.60,1,'CAMILOA','2019-08-16 09:42:29','CAMILOA','2019-09-26 15:42:30'),(0000000379,0000000125,0000001664,1.00,87003.00,0,'CAMILOA','2019-08-16 09:42:29','DAVID','2019-09-27 09:15:03'),(0000000380,0000000126,0000001350,6.00,24122.00,0,'CAMILOA','2019-08-16 09:59:38','AMENESES','2019-08-23 12:44:20'),(0000000381,0000000126,0000001322,2.00,46060.00,0,'CAMILOA','2019-08-16 09:59:38','AMENESES','2019-08-23 12:44:20'),(0000000382,0000000126,0000001315,1.00,489860.00,1,'CAMILOA','2019-08-16 09:59:38','CAMILOA','2019-08-20 12:48:40'),(0000000383,0000000126,0000001319,3.00,44746.80,1,'CAMILOA','2019-08-16 09:59:38','CAMILOA','2019-08-20 12:48:40'),(0000000384,0000000126,0000001323,4.00,29659.00,0,'CAMILOA','2019-08-16 09:59:38','AMENESES','2019-08-23 12:44:20'),(0000000385,0000000126,0000001305,1.00,64159.20,0,'CAMILOA','2019-08-16 09:59:38','AMENESES','2019-08-23 12:44:20'),(0000000386,0000000126,0000001306,1.00,84221.20,0,'CAMILOA','2019-08-16 09:59:38','AMENESES','2019-08-23 12:44:20'),(0000000387,0000000126,0000001302,1.00,39057.20,0,'CAMILOA','2019-08-16 09:59:38','AMENESES','2019-08-23 12:44:20'),(0000000388,0000000126,0000001303,1.00,45801.00,0,'CAMILOA','2019-08-16 09:59:38','AMENESES','2019-08-23 12:44:20'),(0000000389,0000000126,0000001144,1.00,869.40,0,'CAMILOA','2019-08-16 09:59:38','AMENESES','2019-08-23 12:44:20'),(0000000390,0000000126,0000001658,1.00,8645.00,0,'CAMILOA','2019-08-16 09:59:38','AMENESES','2019-08-23 12:44:20'),(0000000391,0000000126,0000001304,1.00,47567.80,0,'CAMILOA','2019-08-16 09:59:38','AMENESES','2019-08-23 12:44:20'),(0000000392,0000000126,0000001002,1.00,7970.20,0,'CAMILOA','2019-08-16 09:59:38','AMENESES','2019-08-23 12:44:20'),(0000000393,0000000126,0000001662,1.00,15978.20,0,'CAMILOA','2019-08-16 09:59:38','AMENESES','2019-08-23 12:44:20'),(0000000394,0000000126,0000001663,1.00,15863.40,0,'CAMILOA','2019-08-16 09:59:38','AMENESES','2019-08-23 12:44:20'),(0000000395,0000000126,0000001307,1.00,118543.60,0,'CAMILOA','2019-08-16 09:59:38','AMENESES','2019-08-23 12:44:20'),(0000000396,0000000126,0000001670,1.00,3463.60,0,'CAMILOA','2019-08-16 09:59:38','AMENESES','2019-08-23 12:44:20'),(0000000397,0000000126,0000001308,1.00,1649.20,0,'CAMILOA','2019-08-16 09:59:38','AMENESES','2019-08-23 12:44:20'),(0000000398,0000000126,0000001226,1.00,35963.20,0,'CAMILOA','2019-08-16 09:59:38','AMENESES','2019-08-23 12:44:20'),(0000000399,0000000126,0000001311,1.00,12509.00,0,'CAMILOA','2019-08-16 09:59:38','AMENESES','2019-08-23 12:44:20'),(0000000400,0000000126,0000001312,1.00,1608.60,0,'CAMILOA','2019-08-16 09:59:38','AMENESES','2019-08-23 12:44:20'),(0000000401,0000000126,0000001313,1.00,55725.60,0,'CAMILOA','2019-08-16 09:59:38','AMENESES','2019-08-23 12:44:20'),(0000000402,0000000126,0000001310,1.00,3904.60,0,'CAMILOA','2019-08-16 09:59:38','AMENESES','2019-08-23 12:44:20'),(0000000403,0000000126,0000001664,1.00,87003.00,0,'CAMILOA','2019-08-16 09:59:38','AMENESES','2019-08-23 12:44:20'),(0000000404,0000000126,0000001673,1.00,455989.80,0,'CAMILOA','2019-08-20 12:48:40','AMENESES','2019-08-23 12:44:20'),(0000000405,0000000126,0000001345,3.00,38108.00,0,'CAMILOA','2019-08-20 12:48:40','AMENESES','2019-08-23 12:44:20'),(0000000406,0000000125,0000001673,1.00,455989.80,0,'CAMILOA','2019-08-20 12:49:13','DAVID','2019-09-27 09:15:03'),(0000000407,0000000126,0000001671,1.00,5927.60,0,'CAMILOA','2019-08-20 14:36:29','AMENESES','2019-08-23 12:44:20'),(0000000408,0000000123,0000001670,1.00,3463.60,0,'CAMILOA','2019-08-20 14:36:48','AMENESES','2019-08-27 09:29:30'),(0000000409,0000000124,0000001670,1.00,3463.60,0,'CAMILOA','2019-08-20 14:37:05','AMENESES','2019-08-27 09:30:00'),(0000000410,0000000125,0000001670,1.00,3463.60,1,'CAMILOA','2019-08-20 14:37:25','CAMILOA','2019-09-26 15:42:30'),(0000000411,0000000114,0000001345,1.00,38108.00,0,'CAMILOA','2019-08-21 09:14:02','VZAMBRANO','2019-08-21 13:06:56'),(0000000412,0000000114,0000001323,1.00,29659.00,0,'CAMILOA','2019-08-21 09:14:02','VZAMBRANO','2019-08-21 13:06:56'),(0000000413,0000000128,0000001785,1.00,11225.20,0,'CAMILOA','2019-08-22 17:50:18','VZAMBRANO','2019-08-23 08:54:43'),(0000000414,0000000128,0000001786,1.00,18107.60,0,'CAMILOA','2019-08-22 17:50:18','VZAMBRANO','2019-08-23 08:54:43'),(0000000415,0000000128,0000001323,2.00,29659.00,0,'CAMILOA','2019-08-22 17:50:39','VZAMBRANO','2019-08-23 08:54:43'),(0000000416,0000000131,0000001350,2.00,24122.00,0,'CAMILOA','2019-08-26 11:35:19','AMENESES','2019-08-27 09:31:20'),(0000000417,0000000131,0000001429,1.00,8019.20,0,'CAMILOA','2019-08-26 11:35:19','AMENESES','2019-08-27 09:31:20'),(0000000418,0000000131,0000001428,1.00,44665.60,0,'CAMILOA','2019-08-26 11:35:19','AMENESES','2019-08-27 09:31:20'),(0000000419,0000000131,0000001166,1.00,14036.40,0,'CAMILOA','2019-08-26 11:35:19','AMENESES','2019-08-27 09:31:20'),(0000000420,0000000131,0000001260,1.00,58150.40,0,'CAMILOA','2019-08-26 11:35:19','AMENESES','2019-08-27 09:31:20'),(0000000421,0000000131,0000001261,1.00,41092.80,0,'CAMILOA','2019-08-26 11:35:19','AMENESES','2019-08-27 09:31:20'),(0000000422,0000000131,0000001258,1.00,87278.80,0,'CAMILOA','2019-08-26 11:35:19','AMENESES','2019-08-27 09:31:20'),(0000000423,0000000131,0000000971,1.00,31283.00,0,'CAMILOA','2019-08-26 11:35:19','AMENESES','2019-08-27 09:31:20'),(0000000424,0000000131,0000001426,1.00,29303.40,0,'CAMILOA','2019-08-26 11:35:19','AMENESES','2019-08-27 09:31:20'),(0000000425,0000000131,0000001427,1.00,38949.40,0,'CAMILOA','2019-08-26 11:35:19','AMENESES','2019-08-27 09:31:20'),(0000000426,0000000133,0000001350,2.00,24122.00,0,'CAMILOA','2019-08-28 10:05:56','AMENESES','2019-08-30 19:12:11'),(0000000427,0000000136,0000001665,5.00,65997.40,0,'DAVID','2019-08-29 08:42:35','AMENESES','2019-08-29 09:51:17'),(0000000428,0000000136,0000001666,1.00,24207.40,0,'DAVID','2019-08-29 08:42:35','AMENESES','2019-08-29 09:51:17'),(0000000429,0000000136,0000001667,2.00,130762.80,0,'DAVID','2019-08-29 08:42:35','AMENESES','2019-08-29 09:51:17'),(0000000430,0000000136,0000001668,1.00,12293.40,0,'DAVID','2019-08-29 08:42:35','AMENESES','2019-08-29 09:51:17'),(0000000431,0000000136,0000001334,2.00,33432.00,0,'DAVID','2019-08-29 08:42:35','AMENESES','2019-08-29 09:51:17'),(0000000432,0000000136,0000001335,2.00,56000.00,0,'DAVID','2019-08-29 08:42:35','AMENESES','2019-08-29 09:51:17'),(0000000433,0000000137,0000001665,5.00,65997.40,0,'DAVID','2019-08-29 08:46:53','AMENESES','2019-08-29 09:51:45'),(0000000434,0000000137,0000001666,1.00,24207.40,0,'DAVID','2019-08-29 08:46:53','AMENESES','2019-08-29 09:51:45'),(0000000435,0000000137,0000001667,2.00,130762.80,0,'DAVID','2019-08-29 08:46:53','AMENESES','2019-08-29 09:51:45'),(0000000436,0000000137,0000001668,1.00,12293.40,0,'DAVID','2019-08-29 08:46:53','AMENESES','2019-08-29 09:51:45'),(0000000437,0000000137,0000001334,2.00,33432.00,0,'DAVID','2019-08-29 08:46:53','AMENESES','2019-08-29 09:51:45'),(0000000438,0000000137,0000001335,2.00,56000.00,0,'DAVID','2019-08-29 08:46:53','AMENESES','2019-08-29 09:51:45'),(0000000439,0000000133,0000001260,1.00,58150.40,0,'CAMILOA','2019-08-29 14:42:31','AMENESES','2019-08-30 19:12:11'),(0000000440,0000000133,0000001261,1.00,41092.80,0,'CAMILOA','2019-08-29 14:42:31','AMENESES','2019-08-30 19:12:11'),(0000000441,0000000133,0000000971,1.00,31283.00,0,'CAMILOA','2019-08-29 14:42:31','AMENESES','2019-08-30 19:12:11'),(0000000442,0000000139,0000001350,2.00,24122.00,0,'CAMILOA','2019-08-30 10:29:33','AMENESES','2019-08-30 19:11:46'),(0000000443,0000000141,0000001350,2.00,24122.00,0,'CAMILOA','2019-08-30 10:42:49','AMENESES','2019-08-30 11:19:28'),(0000000444,0000000141,0000001166,1.00,14036.40,0,'CAMILOA','2019-08-30 10:42:49','AMENESES','2019-08-30 11:19:28'),(0000000445,0000000141,0000001260,1.00,58150.40,0,'CAMILOA','2019-08-30 10:42:49','AMENESES','2019-08-30 11:19:28'),(0000000446,0000000141,0000001261,1.00,41092.80,0,'CAMILOA','2019-08-30 10:42:49','AMENESES','2019-08-30 11:19:28'),(0000000447,0000000141,0000000971,1.00,31283.00,0,'CAMILOA','2019-08-30 10:42:49','AMENESES','2019-08-30 11:19:28'),(0000000448,0000000141,0000000864,1.00,5180.00,0,'CAMILOA','2019-08-30 10:42:49','AMENESES','2019-08-30 11:19:28'),(0000000449,0000000141,0000001258,1.00,87278.80,0,'CAMILOA','2019-08-30 10:42:49','AMENESES','2019-08-30 11:19:28'),(0000000450,0000000133,0000001831,1.00,22923.60,0,'CAMILOA','2019-08-30 16:52:31','AMENESES','2019-08-30 19:12:11'),(0000000451,0000000139,0000001831,1.00,22923.60,0,'CAMILOA','2019-08-30 17:29:13','AMENESES','2019-08-30 19:11:46'),(0000000452,0000000139,0000001260,1.00,58150.40,0,'CAMILOA','2019-08-30 17:29:13','AMENESES','2019-08-30 19:11:46'),(0000000453,0000000139,0000001261,1.00,41434.40,0,'CAMILOA','2019-08-30 17:29:13','AMENESES','2019-08-30 19:11:46'),(0000000454,0000000139,0000001832,1.00,33196.80,0,'CAMILOA','2019-08-30 17:29:13','AMENESES','2019-08-30 19:11:46'),(0000000455,0000000139,0000001833,1.00,23041.20,0,'CAMILOA','2019-08-30 17:29:13','AMENESES','2019-08-30 19:11:46'),(0000000456,0000000139,0000001834,1.00,56733.60,0,'CAMILOA','2019-08-30 17:29:13','AMENESES','2019-08-30 19:11:46'),(0000000457,0000000140,0000001350,2.00,24122.00,0,'CAMILOA','2019-08-30 17:36:51','AMENESES','2019-08-30 19:11:27'),(0000000458,0000000140,0000001831,1.00,22923.60,0,'CAMILOA','2019-08-30 17:36:51','AMENESES','2019-08-30 19:11:27'),(0000000459,0000000140,0000001260,1.00,58150.40,0,'CAMILOA','2019-08-30 17:36:51','AMENESES','2019-08-30 19:11:27'),(0000000460,0000000140,0000001261,1.00,41434.40,0,'CAMILOA','2019-08-30 17:36:51','AMENESES','2019-08-30 19:11:27'),(0000000461,0000000140,0000001832,1.00,33196.80,0,'CAMILOA','2019-08-30 17:36:51','AMENESES','2019-08-30 19:11:27'),(0000000462,0000000140,0000001833,1.00,23041.20,0,'CAMILOA','2019-08-30 17:36:51','AMENESES','2019-08-30 19:11:27'),(0000000463,0000000140,0000001834,1.00,56733.60,0,'CAMILOA','2019-08-30 17:36:51','AMENESES','2019-08-30 19:11:27'),(0000000464,0000000144,0000001350,1.00,24122.00,0,'CAMILOA','2019-09-02 09:10:22','AMENESES','2019-09-10 08:54:22'),(0000000465,0000000144,0000001351,1.00,16566.20,0,'CAMILOA','2019-09-02 09:10:22','AMENESES','2019-09-10 08:54:22'),(0000000466,0000000144,0000001352,1.00,54688.20,0,'CAMILOA','2019-09-02 09:10:22','AMENESES','2019-09-10 08:54:22'),(0000000467,0000000144,0000001353,1.00,46018.00,0,'CAMILOA','2019-09-02 09:10:22','AMENESES','2019-09-10 08:54:22'),(0000000468,0000000144,0000000749,1.00,12740.00,1,'CAMILOA','2019-09-02 09:10:22','CAMILOA','2019-09-04 16:12:25'),(0000000469,0000000145,0000001350,2.00,24122.00,0,'CAMILOA','2019-09-02 09:12:23','AMENESES','2019-09-04 10:43:52'),(0000000470,0000000145,0000001351,1.00,16566.20,0,'CAMILOA','2019-09-02 09:32:30','AMENESES','2019-09-04 10:43:52'),(0000000471,0000000145,0000001352,1.00,54688.20,0,'CAMILOA','2019-09-02 09:32:30','AMENESES','2019-09-04 10:43:52'),(0000000472,0000000145,0000001353,1.00,46018.00,0,'CAMILOA','2019-09-02 09:32:30','AMENESES','2019-09-04 10:43:52'),(0000000473,0000000145,0000000749,1.00,12740.00,0,'CAMILOA','2019-09-02 09:32:30','AMENESES','2019-09-04 10:43:52'),(0000000474,0000000145,0000001491,1.00,25048.80,0,'CAMILOA','2019-09-02 09:32:30','AMENESES','2019-09-04 10:43:52'),(0000000475,0000000145,0000001258,1.00,87278.80,0,'CAMILOA','2019-09-02 09:32:30','AMENESES','2019-09-04 10:43:52'),(0000000476,0000000145,0000001494,1.00,4576.60,0,'CAMILOA','2019-09-02 09:32:30','AMENESES','2019-09-04 10:43:52'),(0000000477,0000000145,0000001492,1.00,78729.00,0,'CAMILOA','2019-09-02 09:32:30','AMENESES','2019-09-04 10:43:52'),(0000000478,0000000145,0000001358,1.00,31864.00,0,'CAMILOA','2019-09-02 09:32:30','AMENESES','2019-09-04 10:43:52'),(0000000479,0000000145,0000001360,1.00,33601.40,0,'CAMILOA','2019-09-02 09:32:30','AMENESES','2019-09-04 10:43:52'),(0000000480,0000000144,0000001356,1.00,33483.80,1,'CAMILOA','2019-09-04 16:12:25','CAMILOA','2019-09-05 07:54:54'),(0000000481,0000000144,0000001355,1.00,40857.60,1,'CAMILOA','2019-09-04 16:12:25','CAMILOA','2019-09-05 07:54:54'),(0000000482,0000000144,0000001491,1.00,25048.80,0,'CAMILOA','2019-09-05 07:54:54','AMENESES','2019-09-10 08:54:22'),(0000000483,0000000144,0000000749,1.00,12740.00,0,'CAMILOA','2019-09-05 07:54:54','AMENESES','2019-09-10 08:54:22'),(0000000484,0000000150,0000001616,1.00,177056.60,0,'CAMILOA','2019-09-06 14:19:28','AMENESES','2019-09-10 08:55:02'),(0000000485,0000000150,0000001676,1.00,4594.80,0,'CAMILOA','2019-09-06 14:19:28','AMENESES','2019-09-10 08:55:02'),(0000000486,0000000150,0000001835,3.00,164207.40,0,'CAMILOA','2019-09-06 14:19:28','AMENESES','2019-09-10 08:55:02'),(0000000487,0000000150,0000001837,1.00,410.20,0,'CAMILOA','2019-09-06 14:19:28','AMENESES','2019-09-10 08:55:02'),(0000000488,0000000150,0000001838,1.00,579.60,0,'CAMILOA','2019-09-06 14:19:28','AMENESES','2019-09-10 08:55:02'),(0000000489,0000000150,0000001839,2.00,540.40,0,'CAMILOA','2019-09-06 14:19:28','AMENESES','2019-09-10 08:55:02'),(0000000490,0000000150,0000001840,1.00,170360.40,0,'CAMILOA','2019-09-06 14:19:28','AMENESES','2019-09-10 08:55:02'),(0000000491,0000000150,0000001841,2.00,512.40,0,'CAMILOA','2019-09-06 14:32:51','AMENESES','2019-09-10 08:55:02'),(0000000492,0000000151,0000001343,2.00,44248.40,0,'CAMILOA','2019-09-06 17:12:26','AMENESES','2019-09-11 17:39:45'),(0000000493,0000000151,0000001673,1.00,455989.80,0,'CAMILOA','2019-09-06 17:12:26','AMENESES','2019-09-11 17:39:45'),(0000000494,0000000151,0000001345,8.00,38108.00,0,'CAMILOA','2019-09-06 17:12:26','AMENESES','2019-09-11 17:39:45'),(0000000495,0000000151,0000001323,3.00,29659.00,0,'CAMILOA','2019-09-06 17:12:26','AMENESES','2019-09-11 17:39:45'),(0000000496,0000000151,0000001350,6.00,24122.00,0,'CAMILOA','2019-09-06 17:12:26','AMENESES','2019-09-11 17:39:45'),(0000000497,0000000151,0000001674,1.00,111591.20,0,'CAMILOA','2019-09-06 17:12:26','AMENESES','2019-09-11 17:39:45'),(0000000498,0000000151,0000001675,1.00,98970.20,0,'CAMILOA','2019-09-06 17:12:26','AMENESES','2019-09-11 17:39:45'),(0000000499,0000000151,0000001302,1.00,39057.20,0,'CAMILOA','2019-09-06 17:12:26','AMENESES','2019-09-11 17:39:45'),(0000000500,0000000151,0000001303,1.00,50958.60,0,'CAMILOA','2019-09-06 17:12:26','AMENESES','2019-09-11 17:39:45'),(0000000501,0000000151,0000001676,1.00,4594.80,0,'CAMILOA','2019-09-06 17:12:26','AMENESES','2019-09-11 17:39:45'),(0000000502,0000000151,0000000883,1.00,36036.00,0,'CAMILOA','2019-09-06 17:12:26','AMENESES','2019-09-11 17:39:45'),(0000000503,0000000151,0000000835,1.00,8992.20,0,'CAMILOA','2019-09-06 17:12:26','AMENESES','2019-09-11 17:39:45'),(0000000504,0000000151,0000001677,1.00,28957.60,0,'CAMILOA','2019-09-06 17:12:26','AMENESES','2019-09-11 17:39:45'),(0000000505,0000000151,0000001678,1.00,7351.40,0,'CAMILOA','2019-09-06 17:12:26','AMENESES','2019-09-11 17:39:45'),(0000000506,0000000151,0000001679,2.00,25400.20,0,'CAMILOA','2019-09-06 17:12:26','AMENESES','2019-09-11 17:39:45'),(0000000507,0000000151,0000001258,1.00,87278.80,0,'CAMILOA','2019-09-06 17:12:26','AMENESES','2019-09-11 17:39:45'),(0000000508,0000000151,0000001680,2.00,53804.80,0,'CAMILOA','2019-09-06 17:12:26','AMENESES','2019-09-11 17:39:45'),(0000000509,0000000151,0000001310,1.00,3904.60,0,'CAMILOA','2019-09-06 17:12:26','AMENESES','2019-09-11 17:39:45'),(0000000510,0000000153,0000001343,2.00,44248.40,0,'CAMILOA','2019-09-09 15:53:56','AMENESES','2019-09-10 08:57:07'),(0000000511,0000000153,0000001842,1.00,102274.20,0,'CAMILOA','2019-09-09 15:53:56','AMENESES','2019-09-10 08:57:07'),(0000000512,0000000153,0000001844,1.00,62518.40,0,'CAMILOA','2019-09-09 15:53:56','AMENESES','2019-09-10 08:57:07'),(0000000513,0000000153,0000001843,1.00,65263.80,0,'CAMILOA','2019-09-09 15:53:56','AMENESES','2019-09-10 08:57:07'),(0000000514,0000000153,0000001338,1.00,14617.40,0,'CAMILOA','2019-09-09 16:20:40','AMENESES','2019-09-10 08:57:07'),(0000000515,0000000153,0000001339,1.00,49331.80,0,'CAMILOA','2019-09-09 16:20:40','AMENESES','2019-09-10 08:57:07'),(0000000516,0000000153,0000001340,1.00,63137.20,0,'CAMILOA','2019-09-09 16:20:40','AMENESES','2019-09-10 08:57:07'),(0000000517,0000000153,0000001341,1.00,22674.40,0,'CAMILOA','2019-09-09 16:20:40','AMENESES','2019-09-10 08:57:07'),(0000000518,0000000153,0000001342,1.00,10014.20,0,'CAMILOA','2019-09-09 16:20:40','AMENESES','2019-09-10 08:57:07'),(0000000519,0000000154,0000001845,2.00,23284.80,0,'DAVID','2019-09-09 16:50:21','DAVID','2019-09-09 16:50:33'),(0000000520,0000000154,0000001607,9.00,6097.00,0,'DAVID','2019-09-09 16:50:21','DAVID','2019-09-09 16:50:33'),(0000000521,0000000154,0000001608,9.00,8314.60,0,'DAVID','2019-09-09 16:50:21','DAVID','2019-09-09 16:50:33'),(0000000522,0000000158,0000001015,1.00,27088.60,1,'CAMILOA','2019-09-26 08:45:15','CAMILOA','2019-09-26 11:12:20'),(0000000523,0000000158,0000001865,1.00,141495.20,0,'CAMILOA','2019-09-26 11:12:20','AMENESES','2019-09-26 18:39:49'),(0000000524,0000000161,0000001894,1.00,190887.20,0,'CAMILOA','2019-09-30 13:01:39','AMENESES','2019-09-30 13:28:55'),(0000000525,0000000164,0000001491,1.00,25048.80,0,'CAMILOA','2019-10-03 10:48:37','AMENESES','2019-10-03 10:49:22'),(0000000526,0000000164,0000000749,1.00,12408.20,0,'CAMILOA','2019-10-03 10:48:37','AMENESES','2019-10-03 10:49:22'),(0000000527,0000000179,0000000876,8.00,1939.00,0,'DAVID','2019-10-14 16:26:58','AMENESES','2019-10-14 16:29:01'),(0000000528,0000000179,0000001233,8.00,2231.60,0,'DAVID','2019-10-14 16:26:58','AMENESES','2019-10-14 16:29:01'),(0000000529,0000000180,0000001908,2.00,247244.20,0,'DAVID','2019-10-16 11:46:55','AMENESES','2019-10-16 12:43:14'),(0000000530,0000000181,0000001909,1.00,101649.80,0,'FGONZALEZ','2019-10-16 16:50:13','AMENESES','2019-10-18 09:04:17'),(0000000531,0000000181,0000001750,1.00,5048.40,0,'FGONZALEZ','2019-10-16 16:50:13','AMENESES','2019-10-18 09:04:17'),(0000000532,0000000181,0000000756,1.00,87369.80,0,'FGONZALEZ','2019-10-16 16:50:13','AMENESES','2019-10-18 09:04:17'),(0000000533,0000000181,0000001910,1.00,4509.40,0,'FGONZALEZ','2019-10-16 16:50:13','AMENESES','2019-10-18 09:04:17'),(0000000534,0000000184,0000001315,1.00,500596.60,0,'FGONZALEZ','2019-10-18 10:39:13','DAVID','2019-10-18 11:54:12'),(0000000535,0000000184,0000001323,2.00,29659.00,0,'FGONZALEZ','2019-10-18 10:39:13','DAVID','2019-10-18 11:54:12'),(0000000536,0000000184,0000001314,1.00,517769.00,0,'FGONZALEZ','2019-10-18 10:39:13','DAVID','2019-10-18 11:54:12');
/*!40000 ALTER TABLE `co_cotizacion_sub_det_art` ENABLE KEYS */;
UNLOCK TABLES;
ALTER DATABASE `metalsig_heavy` CHARACTER SET latin1 COLLATE latin1_swedish_ci ;
/*!50003 SET @saved_cs_client      = @@character_set_client */ ;
/*!50003 SET @saved_cs_results     = @@character_set_results */ ;
/*!50003 SET @saved_col_connection = @@collation_connection */ ;
/*!50003 SET character_set_client  = utf8mb4 */ ;
/*!50003 SET character_set_results = utf8mb4 */ ;
/*!50003 SET collation_connection  = utf8mb4_general_ci */ ;
/*!50003 SET @saved_sql_mode       = @@sql_mode */ ;
/*!50003 SET sql_mode              = 'NO_AUTO_VALUE_ON_ZERO' */ ;
DELIMITER ;;
/*!50003 CREATE*/ /*!50017 DEFINER=`metalsigmauser`@`localhost`*/ /*!50003 TRIGGER `set_crea_co_cotizacion_sub_det_art` BEFORE INSERT ON `co_cotizacion_sub_det_art` FOR EACH ROW IF (NEW.crea_user IS NULL || NEW.crea_user='') THEN SET NEW.crea_user = UPPER(SUBSTR(USER(), 1,(LOCATE('@', USER())-1))); END IF */;;
DELIMITER ;
/*!50003 SET sql_mode              = @saved_sql_mode */ ;
/*!50003 SET character_set_client  = @saved_cs_client */ ;
/*!50003 SET character_set_results = @saved_cs_results */ ;
/*!50003 SET collation_connection  = @saved_col_connection */ ;
ALTER DATABASE `metalsig_heavy` CHARACTER SET utf8 COLLATE utf8_bin ;
ALTER DATABASE `metalsig_heavy` CHARACTER SET latin1 COLLATE latin1_swedish_ci ;
/*!50003 SET @saved_cs_client      = @@character_set_client */ ;
/*!50003 SET @saved_cs_results     = @@character_set_results */ ;
/*!50003 SET @saved_col_connection = @@collation_connection */ ;
/*!50003 SET character_set_client  = utf8mb4 */ ;
/*!50003 SET character_set_results = utf8mb4 */ ;
/*!50003 SET collation_connection  = utf8mb4_general_ci */ ;
/*!50003 SET @saved_sql_mode       = @@sql_mode */ ;
/*!50003 SET sql_mode              = 'NO_AUTO_VALUE_ON_ZERO' */ ;
DELIMITER ;;
/*!50003 CREATE*/ /*!50017 DEFINER=`metalsigmauser`@`localhost`*/ /*!50003 TRIGGER `set_mod_co_cotizacion_sub_det_art` BEFORE UPDATE ON `co_cotizacion_sub_det_art` FOR EACH ROW IF (NEW.mod_user IS NULL || NEW.mod_user='') THEN SET NEW.mod_user = UPPER(SUBSTR(USER(), 1,(LOCATE('@', USER())-1))); END IF */;;
DELIMITER ;
/*!50003 SET sql_mode              = @saved_sql_mode */ ;
/*!50003 SET character_set_client  = @saved_cs_client */ ;
/*!50003 SET character_set_results = @saved_cs_results */ ;
/*!50003 SET collation_connection  = @saved_col_connection */ ;
ALTER DATABASE `metalsig_heavy` CHARACTER SET utf8 COLLATE utf8_bin ;
ALTER DATABASE `metalsig_heavy` CHARACTER SET latin1 COLLATE latin1_swedish_ci ;
/*!50003 SET @saved_cs_client      = @@character_set_client */ ;
/*!50003 SET @saved_cs_results     = @@character_set_results */ ;
/*!50003 SET @saved_col_connection = @@collation_connection */ ;
/*!50003 SET character_set_client  = utf8mb4 */ ;
/*!50003 SET character_set_results = utf8mb4 */ ;
/*!50003 SET collation_connection  = utf8mb4_general_ci */ ;
/*!50003 SET @saved_sql_mode       = @@sql_mode */ ;
/*!50003 SET sql_mode              = 'NO_AUTO_VALUE_ON_ZERO' */ ;
DELIMITER ;;
/*!50003 CREATE*/ /*!50017 DEFINER=`metalsigmauser`@`localhost`*/ /*!50003 TRIGGER `history_update_cotizacion_sub_det_art` AFTER UPDATE ON `co_cotizacion_sub_det_art` FOR EACH ROW BEGIN
    DECLARE user_name VARCHAR(50);
    IF (NEW.mod_user IS NULL || NEW.mod_user='') THEN
        SET user_name = UPPER(SUBSTR(USER(), 1,(LOCATE('@', USER())-1)));
    ELSE
        SET user_name = NEW.mod_user;
    END IF;
    IF NEW.mod_date != OLD.mod_date THEN
        IF NEW.del=0 THEN
            INSERT INTO hist_cotizacion_sub_det_art (ccotizacionart,ccotizacion,carticulo,cant,precio,acc,user) VALUES (OLD.ccotizacionart,OLD.ccotizacion,OLD.carticulo,OLD.cant,OLD.precio,1,user_name);
        END IF;
    END IF;
END */;;
DELIMITER ;
/*!50003 SET sql_mode              = @saved_sql_mode */ ;
/*!50003 SET character_set_client  = @saved_cs_client */ ;
/*!50003 SET character_set_results = @saved_cs_results */ ;
/*!50003 SET collation_connection  = @saved_col_connection */ ;
ALTER DATABASE `metalsig_heavy` CHARACTER SET utf8 COLLATE utf8_bin ;

--
-- Table structure for table `co_planificacion`
--

DROP TABLE IF EXISTS `co_planificacion`;
/*!40101 SET @saved_cs_client     = @@character_set_client */;
/*!40101 SET character_set_client = utf8 */;
CREATE TABLE `co_planificacion` (
  `cplanificacion` int(10) unsigned zerofill NOT NULL AUTO_INCREMENT,
  `cordenservicio_sub` int(10) unsigned zerofill NOT NULL,
  `finicio` datetime NOT NULL,
  `ffin` datetime NOT NULL,
  `col` int(2) NOT NULL DEFAULT '0',
  `adi` int(1) NOT NULL DEFAULT '0',
  `notas` text COLLATE utf8_bin,
  `status` int(1) NOT NULL DEFAULT '1',
  `crea_user` varchar(50) COLLATE utf8_bin DEFAULT NULL,
  `crea_date` datetime NOT NULL DEFAULT CURRENT_TIMESTAMP,
  `mod_user` varchar(50) COLLATE utf8_bin DEFAULT NULL,
  `mod_date` datetime DEFAULT NULL ON UPDATE CURRENT_TIMESTAMP,
  PRIMARY KEY (`cplanificacion`),
  KEY `cordenservicio_sub` (`cordenservicio_sub`),
  CONSTRAINT `fk_cordenservicio_sub_co_planificacion` FOREIGN KEY (`cordenservicio_sub`) REFERENCES `co_cotizacion_sub` (`ccotizacion`)
) ENGINE=InnoDB AUTO_INCREMENT=288 DEFAULT CHARSET=utf8 COLLATE=utf8_bin;
/*!40101 SET character_set_client = @saved_cs_client */;

--
-- Dumping data for table `co_planificacion`
--

LOCK TABLES `co_planificacion` WRITE;
/*!40000 ALTER TABLE `co_planificacion` DISABLE KEYS */;
INSERT INTO `co_planificacion` VALUES (0000000001,0000000009,'2019-06-07 08:30:00','2019-06-07 17:30:00',30,0,NULL,1,'VZAMBRANO','2019-06-07 14:15:47',NULL,NULL),(0000000003,0000000060,'2019-06-11 13:30:00','2019-06-11 17:30:00',30,1,NULL,1,'VZAMBRANO','2019-06-11 09:08:23',NULL,NULL),(0000000004,0000000060,'2019-06-11 08:30:00','2019-06-11 12:30:00',30,0,NULL,1,'VZAMBRANO','2019-06-11 09:10:02','METALSIG_USUARIO','2019-06-11 15:42:47'),(0000000006,0000000057,'2019-06-11 08:30:00','2019-06-11 17:30:00',30,1,NULL,1,'VZAMBRANO','2019-06-11 16:36:00',NULL,NULL),(0000000007,0000000001,'2019-01-01 08:00:00','2019-01-02 10:30:00',0,0,'AGREGADO MASIVAMENTE',1,'METALSIGMAUSER','2019-06-12 11:13:00',NULL,NULL),(0000000008,0000000004,'2019-01-01 08:00:00','2019-01-02 13:00:00',30,0,'AGREGADO MASIVAMENTE',1,'METALSIGMAUSER','2019-06-12 11:13:00',NULL,NULL),(0000000009,0000000005,'2019-01-01 08:00:00','2019-01-01 16:30:00',30,0,'AGREGADO MASIVAMENTE',1,'METALSIGMAUSER','2019-06-12 11:13:00',NULL,NULL),(0000000010,0000000006,'2019-01-01 08:00:00','2019-01-01 17:00:00',30,0,'AGREGADO MASIVAMENTE',1,'METALSIGMAUSER','2019-06-12 11:13:00',NULL,NULL),(0000000011,0000000008,'2019-01-01 08:00:00','2019-01-01 22:30:00',30,0,'AGREGADO MASIVAMENTE',1,'METALSIGMAUSER','2019-06-12 11:13:00',NULL,NULL),(0000000012,0000000009,'2019-01-01 08:00:00','2019-01-03 10:30:00',0,0,'AGREGADO MASIVAMENTE',1,'METALSIGMAUSER','2019-06-12 11:13:00',NULL,NULL),(0000000013,0000000011,'2019-01-01 08:00:00','2019-01-01 17:00:00',30,0,'AGREGADO MASIVAMENTE',1,'METALSIGMAUSER','2019-06-12 11:13:01',NULL,NULL),(0000000014,0000000015,'2019-01-01 08:00:00','2019-01-01 17:00:00',30,0,'AGREGADO MASIVAMENTE',1,'METALSIGMAUSER','2019-06-12 11:13:01',NULL,NULL),(0000000015,0000000018,'2019-01-01 08:00:00','2019-01-02 04:42:00',0,0,'AGREGADO MASIVAMENTE',1,'METALSIGMAUSER','2019-06-12 11:13:01',NULL,NULL),(0000000016,0000000019,'2019-01-01 08:00:00','2019-01-02 06:30:00',0,0,'AGREGADO MASIVAMENTE',1,'METALSIGMAUSER','2019-06-12 11:13:01',NULL,NULL),(0000000017,0000000023,'2019-01-01 08:00:00','2019-01-01 21:00:00',30,0,'AGREGADO MASIVAMENTE',1,'METALSIGMAUSER','2019-06-12 11:13:01',NULL,NULL),(0000000018,0000000022,'2019-01-01 08:00:00','2019-01-02 18:00:00',0,0,'AGREGADO MASIVAMENTE',1,'METALSIGMAUSER','2019-06-12 11:13:01','METALSIGMAUSER','2019-06-18 18:05:47'),(0000000019,0000000030,'2019-01-01 08:00:00','2019-01-02 10:54:00',0,0,'AGREGADO MASIVAMENTE',1,'METALSIGMAUSER','2019-06-12 11:13:01',NULL,NULL),(0000000020,0000000036,'2019-01-01 08:00:00','2019-01-02 10:00:00',0,0,'AGREGADO MASIVAMENTE',1,'METALSIGMAUSER','2019-06-12 11:13:01',NULL,NULL),(0000000021,0000000041,'2019-01-01 08:00:00','2019-01-01 16:00:00',30,0,'AGREGADO MASIVAMENTE',1,'METALSIGMAUSER','2019-06-12 11:13:01',NULL,NULL),(0000000022,0000000051,'2019-01-01 08:00:00','2019-01-01 17:00:00',30,0,'AGREGADO MASIVAMENTE',1,'METALSIGMAUSER','2019-06-12 11:13:01',NULL,NULL),(0000000023,0000000057,'2019-06-12 08:30:00','2019-06-12 17:30:00',30,1,NULL,1,'VZAMBRANO','2019-06-12 15:06:07',NULL,NULL),(0000000024,0000000027,'2019-06-12 08:30:00','2019-06-12 17:30:00',30,1,NULL,1,'VZAMBRANO','2019-06-12 15:06:56',NULL,NULL),(0000000025,0000000060,'2019-06-12 08:30:00','2019-06-12 17:30:00',30,1,NULL,1,'VZAMBRANO','2019-06-12 15:07:44',NULL,NULL),(0000000026,0000000027,'2019-06-14 08:30:00','2019-06-14 17:30:00',30,1,NULL,1,'VZAMBRANO','2019-06-14 09:48:13',NULL,NULL),(0000000027,0000000036,'2019-06-14 08:30:00','2019-06-14 13:00:00',30,1,NULL,1,'VZAMBRANO','2019-06-14 09:54:14',NULL,NULL),(0000000028,0000000057,'2019-06-14 08:30:00','2019-06-14 12:30:00',30,0,NULL,1,'VZAMBRANO','2019-06-14 09:56:53','METALSIG_USUARIO','2019-06-14 09:58:16'),(0000000029,0000000057,'2019-06-17 08:30:00','2019-06-17 17:30:00',30,1,NULL,1,'VZAMBRANO','2019-06-17 17:46:12',NULL,NULL),(0000000030,0000000057,'2019-06-17 00:00:00','2019-06-17 00:00:00',0,0,NULL,1,'VZAMBRANO','2019-06-17 17:46:14','METALSIG_USUARIO','2019-06-17 17:47:13'),(0000000031,0000000057,'2019-06-18 08:30:00','2019-06-18 12:30:00',0,0,NULL,1,'VZAMBRANO','2019-06-18 11:57:30','METALSIG_USUARIO','2019-06-18 15:46:57'),(0000000032,0000000063,'2019-06-18 08:30:00','2019-06-18 17:30:00',0,0,NULL,1,'VZAMBRANO','2019-06-18 15:49:49',NULL,NULL),(0000000033,0000000036,'2019-06-18 08:30:00','2019-06-18 12:30:00',0,0,NULL,1,'VZAMBRANO','2019-06-18 17:18:41',NULL,NULL),(0000000035,0000000063,'2019-06-19 08:30:00','2019-06-19 17:30:00',0,0,NULL,1,'VZAMBRANO','2019-06-19 09:19:20',NULL,NULL),(0000000036,0000000057,'2019-06-19 08:30:00','2019-06-19 12:30:00',0,0,NULL,1,'VZAMBRANO','2019-06-19 09:20:43',NULL,NULL),(0000000037,0000000063,'2019-06-20 08:30:00','2019-06-20 17:30:00',0,0,NULL,1,'VZAMBRANO','2019-06-20 10:47:40',NULL,NULL),(0000000038,0000000066,'2019-06-21 08:30:00','2019-06-21 17:30:00',0,0,NULL,1,'VZAMBRANO','2019-06-21 09:34:51',NULL,NULL),(0000000039,0000000067,'2019-06-21 08:30:00','2019-06-21 12:30:00',0,0,NULL,1,'VZAMBRANO','2019-06-21 09:36:23',NULL,NULL),(0000000040,0000000068,'2019-06-21 12:30:00','2019-06-21 17:30:00',0,0,NULL,1,'ADMINISTRADOR','2019-06-21 09:48:10','METALSIG_USUARIO','2019-06-21 10:05:04'),(0000000041,0000000063,'2019-06-21 08:30:00','2019-06-21 12:30:00',0,0,NULL,1,'VZAMBRANO','2019-06-21 09:52:18',NULL,NULL),(0000000042,0000000066,'2019-06-24 08:30:00','2019-06-24 17:30:00',0,0,NULL,1,'VZAMBRANO','2019-06-24 15:21:19',NULL,NULL),(0000000043,0000000059,'2019-06-24 08:30:00','2019-06-24 17:30:00',0,0,NULL,1,'VZAMBRANO','2019-06-24 15:25:00',NULL,NULL),(0000000044,0000000069,'2019-06-24 08:30:00','2019-06-24 17:30:00',0,0,NULL,1,'VZAMBRANO','2019-06-24 15:34:20',NULL,NULL),(0000000045,0000000059,'2019-06-26 08:30:00','2019-06-26 17:30:00',0,0,NULL,1,'VZAMBRANO','2019-06-26 09:01:11',NULL,NULL),(0000000046,0000000057,'2019-06-26 08:30:00','2019-06-26 12:00:00',0,0,NULL,1,'VZAMBRANO','2019-06-26 09:02:18',NULL,NULL),(0000000047,0000000066,'2019-06-26 08:30:00','2019-06-26 17:30:00',0,0,NULL,1,'VZAMBRANO','2019-06-26 09:03:05',NULL,NULL),(0000000048,0000000063,'2019-06-26 12:00:00','2019-06-26 17:00:00',0,0,NULL,1,'VZAMBRANO','2019-06-26 16:58:24','METALSIG_USUARIO','2019-06-26 17:00:23'),(0000000049,0000000066,'2019-06-27 08:30:00','2019-06-27 17:30:00',0,0,NULL,1,'VZAMBRANO','2019-06-27 13:45:27',NULL,NULL),(0000000050,0000000070,'2019-06-27 08:30:00','2019-06-27 17:30:00',0,0,NULL,1,'VZAMBRANO','2019-06-28 09:42:41',NULL,NULL),(0000000051,0000000066,'2019-06-28 08:30:00','2019-06-28 15:30:00',0,0,NULL,1,'VZAMBRANO','2019-06-28 09:54:20','METALSIG_USUARIO','2019-06-28 15:37:35'),(0000000052,0000000066,'2019-06-28 08:30:00','2019-06-28 17:30:00',0,0,NULL,1,'VZAMBRANO','2019-06-28 09:56:40',NULL,NULL),(0000000053,0000000059,'2019-06-25 08:30:00','2019-06-25 17:30:00',0,0,NULL,1,'VZAMBRANO','2019-06-28 10:03:07',NULL,NULL),(0000000054,0000000066,'2019-06-25 08:30:00','2019-06-25 17:30:00',0,0,NULL,1,'VZAMBRANO','2019-06-28 10:28:58',NULL,NULL),(0000000055,0000000057,'2019-06-28 10:30:00','2019-06-28 17:30:00',0,0,NULL,1,'VZAMBRANO','2019-06-28 15:39:40',NULL,NULL),(0000000056,0000000063,'2019-06-28 15:30:00','2019-06-28 17:30:00',0,0,NULL,1,'VZAMBRANO','2019-06-28 15:40:29',NULL,NULL),(0000000057,0000000070,'2019-07-01 10:00:00','2019-07-01 15:00:00',0,1,NULL,1,'VZAMBRANO','2019-07-01 18:10:15',NULL,NULL),(0000000058,0000000053,'2019-07-01 15:30:00','2019-07-01 17:30:00',0,0,NULL,1,'VZAMBRANO','2019-07-01 18:12:06',NULL,NULL),(0000000059,0000000066,'2019-07-01 08:30:00','2019-07-01 12:30:00',0,0,NULL,1,'VZAMBRANO','2019-07-01 18:17:21',NULL,NULL),(0000000060,0000000049,'2019-07-02 14:00:00','2019-07-02 17:30:00',0,0,NULL,1,'VZAMBRANO','2019-07-03 09:23:26',NULL,NULL),(0000000061,0000000053,'2019-07-03 08:30:00','2019-07-03 17:30:00',0,0,NULL,1,'VZAMBRANO','2019-07-03 09:26:03',NULL,NULL),(0000000062,0000000070,'2019-07-03 08:30:00','2019-07-03 11:30:00',0,1,NULL,1,'VZAMBRANO','2019-07-03 17:40:57',NULL,NULL),(0000000063,0000000068,'2019-07-03 11:30:00','2019-07-03 14:30:00',0,0,NULL,1,'VZAMBRANO','2019-07-03 17:41:51',NULL,NULL),(0000000064,0000000067,'2019-07-03 14:30:00','2019-07-03 17:30:00',0,0,NULL,1,'VZAMBRANO','2019-07-03 17:42:57',NULL,NULL),(0000000065,0000000067,'2019-07-04 08:30:00','2019-07-04 11:30:00',0,0,NULL,1,'VZAMBRANO','2019-07-04 10:11:39',NULL,NULL),(0000000066,0000000068,'2019-07-04 11:30:00','2019-07-04 14:30:00',0,0,NULL,1,'VZAMBRANO','2019-07-04 10:12:45',NULL,NULL),(0000000067,0000000070,'2019-07-04 14:30:00','2019-07-04 17:30:00',0,1,NULL,1,'VZAMBRANO','2019-07-04 10:14:10',NULL,NULL),(0000000068,0000000070,'2019-07-04 08:30:00','2019-07-04 12:00:00',0,1,NULL,1,'VZAMBRANO','2019-07-04 10:16:56',NULL,NULL),(0000000069,0000000070,'2019-07-05 14:30:00','2019-07-05 17:30:00',0,1,NULL,1,'VZAMBRANO','2019-07-09 16:39:10',NULL,NULL),(0000000070,0000000068,'2019-07-05 13:30:00','2019-07-05 14:30:00',0,0,NULL,1,'VZAMBRANO','2019-07-09 16:41:10',NULL,NULL),(0000000071,0000000067,'2019-07-05 08:30:00','2019-07-05 12:30:00',0,0,NULL,1,'VZAMBRANO','2019-07-09 16:41:50',NULL,NULL),(0000000072,0000000057,'2019-07-05 08:30:00','2019-07-05 13:30:00',0,0,NULL,1,'VZAMBRANO','2019-07-09 16:42:48',NULL,NULL),(0000000073,0000000070,'2019-07-08 14:30:00','2019-07-08 17:30:00',0,1,NULL,1,'VZAMBRANO','2019-07-09 16:45:09',NULL,NULL),(0000000074,0000000068,'2019-07-08 14:00:00','2019-07-08 14:30:00',0,0,NULL,1,'VZAMBRANO','2019-07-09 16:46:11',NULL,NULL),(0000000075,0000000067,'2019-07-08 08:30:00','2019-07-08 14:00:00',0,1,NULL,1,'VZAMBRANO','2019-07-09 16:47:37',NULL,NULL),(0000000076,0000000057,'2019-07-08 08:30:00','2019-07-08 15:30:00',0,0,NULL,1,'VZAMBRANO','2019-07-09 16:48:46',NULL,NULL),(0000000077,0000000057,'2019-07-09 08:30:00','2019-07-09 16:30:00',0,0,NULL,1,'VZAMBRANO','2019-07-09 16:49:43',NULL,NULL),(0000000078,0000000070,'2019-07-10 14:30:00','2019-07-10 17:30:00',0,1,NULL,1,'VZAMBRANO','2019-07-10 13:06:24',NULL,NULL),(0000000079,0000000068,'2019-07-10 11:30:00','2019-07-10 14:30:00',0,1,NULL,1,'VZAMBRANO','2019-07-10 13:09:56',NULL,NULL),(0000000080,0000000067,'2019-07-10 08:30:00','2019-07-10 11:30:00',0,1,NULL,1,'VZAMBRANO','2019-07-10 13:11:07',NULL,NULL),(0000000081,0000000057,'2019-07-10 08:30:00','2019-07-10 17:30:00',0,0,NULL,1,'VZAMBRANO','2019-07-10 13:12:12',NULL,NULL),(0000000082,0000000057,'2019-07-10 08:30:00','2019-07-10 12:30:00',0,0,NULL,1,'VZAMBRANO','2019-07-10 13:13:00',NULL,NULL),(0000000083,0000000076,'2019-07-10 08:30:00','2019-07-10 17:30:00',0,0,NULL,1,'VZAMBRANO','2019-07-10 14:17:30',NULL,NULL),(0000000084,0000000057,'2019-07-11 08:30:00','2019-07-11 17:30:00',0,0,NULL,1,'VZAMBRANO','2019-07-11 10:03:52',NULL,NULL),(0000000085,0000000070,'2019-07-11 14:30:00','2019-07-11 17:30:00',0,1,NULL,1,'VZAMBRANO','2019-07-11 10:22:48',NULL,NULL),(0000000086,0000000068,'2019-07-11 11:30:00','2019-07-11 14:30:00',0,1,NULL,1,'VZAMBRANO','2019-07-11 10:38:23',NULL,NULL),(0000000087,0000000067,'2019-07-11 08:30:00','2019-07-11 11:30:00',0,1,NULL,1,'VZAMBRANO','2019-07-11 10:52:56',NULL,NULL),(0000000088,0000000067,'2019-07-11 08:30:00','2019-07-11 13:00:00',0,1,NULL,1,'VZAMBRANO','2019-07-11 11:30:29',NULL,NULL),(0000000089,0000000057,'2019-07-12 08:30:00','2019-07-12 17:30:00',0,0,NULL,1,'VZAMBRANO','2019-07-15 10:28:58',NULL,NULL),(0000000090,0000000057,'2019-07-15 08:30:00','2019-07-15 17:30:00',0,0,NULL,1,'VZAMBRANO','2019-07-15 10:29:31',NULL,NULL),(0000000091,0000000063,'2019-07-12 08:30:00','2019-07-12 17:30:00',0,0,NULL,1,'VZAMBRANO','2019-07-15 10:30:24',NULL,NULL),(0000000092,0000000063,'2019-07-15 08:30:00','2019-07-15 09:30:00',0,0,NULL,1,'VZAMBRANO','2019-07-15 10:31:41','METALSIG_USUARIO','2019-07-15 10:36:33'),(0000000093,0000000063,'2019-07-15 09:30:00','2019-07-15 09:45:00',0,0,NULL,1,'VZAMBRANO','2019-07-15 10:38:37',NULL,NULL),(0000000094,0000000063,'2019-07-15 09:45:00','2019-07-15 17:30:00',0,1,NULL,1,'VZAMBRANO','2019-07-15 10:39:38',NULL,NULL),(0000000095,0000000076,'2019-07-15 13:00:00','2019-07-15 17:30:00',0,0,NULL,1,'VZAMBRANO','2019-07-15 10:43:41',NULL,NULL),(0000000096,0000000076,'2019-07-12 08:30:00','2019-07-12 14:30:00',0,0,NULL,1,'VZAMBRANO','2019-07-15 10:44:50',NULL,NULL),(0000000097,0000000068,'2019-07-12 14:30:00','2019-07-12 17:30:00',0,1,NULL,1,'VZAMBRANO','2019-07-15 10:47:23',NULL,NULL),(0000000098,0000000067,'2019-07-15 08:30:00','2019-07-15 11:30:00',0,1,NULL,1,'VZAMBRANO','2019-07-15 10:51:06',NULL,NULL),(0000000099,0000000057,'2019-07-16 09:30:00','2019-07-16 19:00:00',0,0,NULL,1,'VZAMBRANO','2019-07-17 18:37:44',NULL,NULL),(0000000100,0000000057,'2019-07-17 08:30:00','2019-07-17 15:30:00',0,0,NULL,1,'VZAMBRANO','2019-07-17 18:39:05',NULL,NULL),(0000000101,0000000063,'2019-07-17 08:30:00','2019-07-17 15:30:00',0,1,NULL,1,'VZAMBRANO','2019-07-17 18:40:28',NULL,NULL),(0000000102,0000000070,'2019-07-17 08:30:00','2019-07-17 12:30:00',0,1,NULL,1,'VZAMBRANO','2019-07-17 18:41:33',NULL,NULL),(0000000103,0000000068,'2019-07-17 12:30:00','2019-07-17 17:30:00',0,1,NULL,1,'VZAMBRANO','2019-07-17 18:42:32',NULL,NULL),(0000000104,0000000067,'2019-07-18 10:00:00','2019-07-18 13:00:00',0,1,NULL,1,'VZAMBRANO','2019-07-18 14:32:13',NULL,NULL),(0000000105,0000000063,'2019-07-18 13:30:00','2019-07-18 17:30:00',0,1,NULL,1,'VZAMBRANO','2019-07-18 14:34:09',NULL,NULL),(0000000106,0000000057,'2019-07-18 10:00:00','2019-07-18 13:00:00',0,0,NULL,1,'VZAMBRANO','2019-07-18 14:35:09',NULL,NULL),(0000000107,0000000057,'2019-07-18 13:00:00','2019-07-18 17:30:00',0,0,NULL,1,'VZAMBRANO','2019-07-18 14:36:03',NULL,NULL),(0000000108,0000000057,'2019-07-18 10:00:00','2019-07-18 13:00:00',0,0,NULL,1,'VZAMBRANO','2019-07-18 15:28:26',NULL,NULL),(0000000109,0000000057,'2019-07-19 08:30:00','2019-07-19 17:30:00',0,0,NULL,1,'VZAMBRANO','2019-07-19 11:39:30',NULL,NULL),(0000000110,0000000067,'2019-07-19 08:30:00','2019-07-19 13:00:00',0,1,NULL,1,'VZAMBRANO','2019-07-19 11:53:30',NULL,NULL),(0000000111,0000000070,'2019-07-12 14:30:00','2019-07-12 17:30:00',0,1,NULL,1,'VZAMBRANO','2019-07-19 18:27:33',NULL,NULL),(0000000112,0000000068,'2019-07-12 11:30:00','2019-07-12 14:30:00',0,1,NULL,1,'VZAMBRANO','2019-07-19 18:28:24',NULL,NULL),(0000000113,0000000067,'2019-07-12 08:30:00','2019-07-12 11:30:00',0,1,NULL,1,'VZAMBRANO','2019-07-19 18:29:13',NULL,NULL),(0000000114,0000000070,'2019-07-15 14:30:00','2019-07-15 17:30:00',0,1,NULL,1,'VZAMBRANO','2019-07-19 18:29:58',NULL,NULL),(0000000115,0000000068,'2019-07-15 11:30:00','2019-07-15 14:30:00',0,1,NULL,1,'VZAMBRANO','2019-07-19 18:31:06',NULL,NULL),(0000000116,0000000067,'2019-07-15 08:30:00','2019-07-15 11:30:00',0,1,NULL,1,'VZAMBRANO','2019-07-19 18:31:40',NULL,NULL),(0000000117,0000000070,'2019-07-18 14:30:00','2019-07-18 17:30:00',0,1,NULL,1,'VZAMBRANO','2019-07-19 18:36:33',NULL,NULL),(0000000118,0000000068,'2019-07-18 11:30:00','2019-07-18 14:30:00',0,1,NULL,1,'VZAMBRANO','2019-07-19 18:37:51',NULL,NULL),(0000000119,0000000067,'2019-07-18 08:30:00','2019-07-18 11:30:00',0,1,NULL,1,'VZAMBRANO','2019-07-19 18:38:33',NULL,NULL),(0000000120,0000000070,'2019-07-19 14:30:00','2019-07-19 17:30:00',0,1,NULL,1,'VZAMBRANO','2019-07-19 18:39:17',NULL,NULL),(0000000121,0000000068,'2019-07-19 11:30:00','2019-07-19 14:30:00',0,1,NULL,1,'VZAMBRANO','2019-07-19 18:40:25',NULL,NULL),(0000000122,0000000067,'2019-07-19 08:30:00','2019-07-19 11:30:00',0,1,NULL,1,'VZAMBRANO','2019-07-19 18:44:18',NULL,NULL),(0000000123,0000000057,'2019-07-22 08:30:00','2019-07-22 17:30:00',0,0,NULL,1,'VZAMBRANO','2019-07-22 09:31:07',NULL,NULL),(0000000124,0000000057,'2019-07-22 08:30:00','2019-07-22 11:30:00',0,0,NULL,1,'VZAMBRANO','2019-07-22 09:31:49','METALSIG_USUARIO','2019-07-22 17:37:29'),(0000000125,0000000063,'2019-07-22 08:30:00','2019-07-22 17:30:00',0,1,NULL,1,'VZAMBRANO','2019-07-22 09:32:40',NULL,NULL),(0000000126,0000000070,'2019-07-22 13:30:00','2019-07-22 17:30:00',0,0,NULL,1,'VZAMBRANO','2019-07-22 09:36:09','METALSIG_USUARIO','2019-07-22 17:39:05'),(0000000127,0000000068,'2019-07-22 09:30:00','2019-07-22 13:30:00',0,1,NULL,1,'VZAMBRANO','2019-07-22 09:39:18',NULL,NULL),(0000000128,0000000067,'2019-07-22 08:30:00','2019-07-22 09:30:00',0,1,NULL,1,'VZAMBRANO','2019-07-22 09:39:54',NULL,NULL),(0000000129,0000000078,'2019-07-22 11:30:00','2019-07-22 13:30:00',0,0,NULL,1,'VZAMBRANO','2019-07-22 17:40:01',NULL,NULL),(0000000130,0000000078,'2019-07-23 09:30:00','2019-07-23 13:00:00',0,0,NULL,1,'VZAMBRANO','2019-07-23 12:28:25',NULL,NULL),(0000000131,0000000057,'2019-07-23 09:30:00','2019-07-23 13:00:00',0,0,NULL,1,'VZAMBRANO','2019-07-23 12:29:34',NULL,NULL),(0000000132,0000000073,'2019-07-23 09:30:00','2019-07-23 13:00:00',0,0,NULL,1,'VZAMBRANO','2019-07-23 12:32:49',NULL,NULL),(0000000133,0000000073,'2019-07-23 13:00:00','2019-07-23 17:30:00',0,0,NULL,1,'VZAMBRANO','2019-07-25 14:51:40',NULL,NULL),(0000000134,0000000089,'2019-07-23 14:30:00','2019-07-23 15:30:00',0,0,NULL,1,'VZAMBRANO','2019-07-25 14:53:03',NULL,NULL),(0000000135,0000000057,'2019-07-23 13:00:00','2019-07-23 17:30:00',0,0,NULL,1,'VZAMBRANO','2019-07-25 14:54:31',NULL,NULL),(0000000136,0000000077,'2019-07-23 13:00:00','2019-07-23 17:30:00',0,0,NULL,1,'VZAMBRANO','2019-07-25 14:55:35',NULL,NULL),(0000000137,0000000057,'2019-07-24 08:30:00','2019-07-24 22:00:00',0,0,NULL,1,'VZAMBRANO','2019-07-25 14:56:44',NULL,NULL),(0000000138,0000000073,'2019-07-24 08:30:00','2019-07-24 17:30:00',0,0,NULL,1,'VZAMBRANO','2019-07-25 14:57:31',NULL,NULL),(0000000139,0000000077,'2019-07-24 08:30:00','2019-07-24 13:30:00',0,0,NULL,1,'VZAMBRANO','2019-07-25 14:58:37',NULL,NULL),(0000000140,0000000073,'2019-07-25 08:30:00','2019-07-25 13:00:00',0,0,NULL,1,'VZAMBRANO','2019-07-25 14:59:57',NULL,NULL),(0000000141,0000000091,'2019-07-25 13:00:00','2019-07-25 16:00:00',0,0,NULL,1,'VZAMBRANO','2019-07-25 15:01:35',NULL,NULL),(0000000142,0000000092,'2019-07-25 16:00:00','2019-07-25 17:30:00',0,0,NULL,1,'VZAMBRANO','2019-07-25 15:02:42',NULL,NULL),(0000000143,0000000057,'2019-07-25 08:30:00','2019-07-25 17:30:00',0,0,NULL,1,'VZAMBRANO','2019-07-25 15:03:49',NULL,NULL),(0000000144,0000000057,'2019-07-26 08:30:00','2019-07-26 17:30:00',0,0,NULL,1,'VZAMBRANO','2019-07-26 12:29:16',NULL,NULL),(0000000145,0000000093,'2019-07-26 08:30:00','2019-07-26 17:30:00',0,0,NULL,1,'VZAMBRANO','2019-07-26 12:31:55',NULL,NULL),(0000000146,0000000073,'2019-07-26 08:30:00','2019-07-26 17:30:00',0,0,NULL,1,'VZAMBRANO','2019-07-26 12:32:31',NULL,NULL),(0000000147,0000000057,'2019-07-29 08:30:00','2019-07-29 17:30:00',0,0,NULL,1,'VZAMBRANO','2019-07-29 11:59:52',NULL,NULL),(0000000148,0000000073,'2019-07-29 08:30:00','2019-07-29 17:30:00',0,0,NULL,1,'VZAMBRANO','2019-07-29 12:00:44',NULL,NULL),(0000000149,0000000079,'2019-07-29 13:30:00','2019-07-29 17:30:00',0,0,NULL,1,'VZAMBRANO','2019-07-30 08:54:53',NULL,NULL),(0000000150,0000000073,'2019-07-30 08:30:00','2019-07-30 11:30:00',0,0,NULL,1,'VZAMBRANO','2019-07-30 08:56:18',NULL,NULL),(0000000151,0000000092,'2019-07-30 09:30:00','2019-07-30 14:00:00',0,0,NULL,1,'VZAMBRANO','2019-07-30 09:05:24',NULL,NULL),(0000000152,0000000092,'2019-07-30 14:00:00','2019-07-30 14:30:00',0,0,NULL,1,'VZAMBRANO','2019-07-31 09:58:24',NULL,NULL),(0000000153,0000000092,'2019-07-30 14:30:00','2019-07-30 17:30:00',0,1,NULL,1,'VZAMBRANO','2019-07-31 09:59:19',NULL,NULL),(0000000154,0000000079,'2019-07-30 11:30:00','2019-07-30 14:30:00',0,0,NULL,1,'VZAMBRANO','2019-07-31 10:06:29',NULL,NULL),(0000000155,0000000077,'2019-07-30 14:30:00','2019-07-30 17:30:00',0,0,NULL,1,'VZAMBRANO','2019-07-31 10:08:09',NULL,NULL),(0000000156,0000000079,'2019-07-31 09:00:00','2019-07-31 16:00:00',0,0,NULL,1,'VZAMBRANO','2019-07-31 16:34:00',NULL,NULL),(0000000157,0000000078,'2019-07-31 16:00:00','2019-07-31 17:30:00',0,0,NULL,1,'VZAMBRANO','2019-07-31 16:35:52',NULL,NULL),(0000000158,0000000092,'2019-07-31 13:00:00','2019-07-31 17:30:00',0,1,NULL,1,'VZAMBRANO','2019-07-31 16:37:51',NULL,NULL),(0000000159,0000000102,'2019-08-01 08:30:00','2019-08-01 17:30:00',0,0,NULL,1,'VZAMBRANO','2019-08-01 09:28:00',NULL,NULL),(0000000160,0000000078,'2019-08-01 13:00:00','2019-08-01 16:00:00',0,0,NULL,1,'VZAMBRANO','2019-08-01 15:49:12',NULL,NULL),(0000000161,0000000079,'2019-08-01 16:00:00','2019-08-01 17:30:00',0,0,NULL,1,'VZAMBRANO','2019-08-01 15:49:55',NULL,NULL),(0000000162,0000000103,'2019-08-01 08:30:00','2019-08-01 17:30:00',0,0,NULL,1,'VZAMBRANO','2019-08-02 11:00:26',NULL,NULL),(0000000163,0000000103,'2019-08-02 08:30:00','2019-08-02 17:30:00',0,0,NULL,1,'VZAMBRANO','2019-08-02 11:01:18',NULL,NULL),(0000000164,0000000100,'2019-08-02 08:30:00','2019-08-02 17:30:00',0,0,NULL,1,'VZAMBRANO','2019-08-02 11:02:22',NULL,NULL),(0000000165,0000000101,'2019-07-30 11:30:00','2019-07-30 17:30:00',0,0,NULL,1,'VZAMBRANO','2019-08-02 11:03:21',NULL,NULL),(0000000166,0000000101,'2019-08-07 08:30:00','2019-08-07 08:30:00',0,0,NULL,1,'VZAMBRANO','2019-08-02 11:05:30','VZAMBRANO','2019-08-02 11:06:14'),(0000000167,0000000101,'2019-07-31 08:30:00','2019-07-31 16:00:00',0,0,NULL,1,'VZAMBRANO','2019-08-02 11:06:51',NULL,NULL),(0000000168,0000000103,'2019-08-05 09:30:00','2019-08-05 16:30:00',0,0,NULL,1,'VZAMBRANO','2019-08-05 09:07:39',NULL,NULL),(0000000169,0000000096,'2019-08-07 09:30:00','2019-08-07 15:30:00',0,0,NULL,1,'VZAMBRANO','2019-08-07 10:04:14',NULL,NULL),(0000000170,0000000096,'2019-08-07 15:30:00','2019-08-07 16:00:00',0,0,NULL,1,'VZAMBRANO','2019-08-08 09:08:53',NULL,NULL),(0000000171,0000000096,'2019-08-08 08:30:00','2019-08-08 15:00:00',0,1,NULL,1,'VZAMBRANO','2019-08-08 09:11:48',NULL,NULL),(0000000172,0000000097,'2019-08-09 08:30:00','2019-08-09 17:30:00',0,0,NULL,1,'VZAMBRANO','2019-08-09 09:16:51',NULL,NULL),(0000000173,0000000116,'2019-08-09 08:30:00','2019-08-09 17:30:00',0,0,NULL,1,'VZAMBRANO','2019-08-13 10:43:16',NULL,NULL),(0000000174,0000000117,'2019-08-12 13:30:00','2019-08-12 17:30:00',0,0,NULL,1,'VZAMBRANO','2019-08-13 10:44:26',NULL,NULL),(0000000175,0000000117,'2019-08-13 08:30:00','2019-08-13 12:30:00',0,0,NULL,1,'VZAMBRANO','2019-08-13 10:45:16',NULL,NULL),(0000000176,0000000120,'2019-08-16 10:00:00','2019-08-16 17:00:00',0,0,NULL,1,'VZAMBRANO','2019-08-16 15:18:13',NULL,NULL),(0000000177,0000000113,'2019-08-19 08:30:00','2019-08-19 17:30:00',0,0,NULL,1,'AMENESES','2019-08-19 09:09:01',NULL,NULL),(0000000178,0000000120,'2019-08-19 08:30:00','2019-08-19 17:30:00',0,0,NULL,1,'AMENESES','2019-08-19 09:30:23',NULL,NULL),(0000000179,0000000113,'2019-08-20 08:30:00','2019-08-20 17:30:00',0,0,NULL,1,'VZAMBRANO','2019-08-20 09:03:57',NULL,NULL),(0000000180,0000000120,'2019-08-20 08:30:00','2019-08-20 17:30:00',0,0,NULL,1,'VZAMBRANO','2019-08-20 09:07:47',NULL,NULL),(0000000181,0000000120,'2019-08-21 08:30:00','2019-08-21 17:30:00',0,0,NULL,1,'VZAMBRANO','2019-08-21 08:48:45',NULL,NULL),(0000000182,0000000113,'2019-08-21 08:30:00','2019-08-21 09:30:00',0,0,NULL,1,'VZAMBRANO','2019-08-21 08:51:26',NULL,NULL),(0000000183,0000000120,'2019-08-22 08:30:00','2019-08-22 17:30:00',0,0,NULL,1,'AMENESES','2019-08-22 10:59:52',NULL,NULL),(0000000184,0000000076,'2019-08-20 08:30:00','2019-08-20 12:30:00',0,0,NULL,1,'AMENESES','2019-08-22 11:03:29',NULL,NULL),(0000000185,0000000120,'2019-08-20 12:30:00','2019-08-20 17:30:00',0,0,NULL,1,'AMENESES','2019-08-22 11:04:46',NULL,NULL),(0000000186,0000000114,'2019-08-21 09:30:00','2019-08-21 17:30:00',0,0,NULL,1,'AMENESES','2019-08-22 12:10:53',NULL,NULL),(0000000187,0000000114,'2019-08-22 08:30:00','2019-08-22 17:30:00',0,0,NULL,1,'AMENESES','2019-08-22 12:19:38',NULL,NULL),(0000000188,0000000112,'2019-08-22 13:00:00','2019-08-22 17:30:00',0,0,NULL,1,'AMENESES','2019-08-22 16:31:45',NULL,NULL),(0000000189,0000000118,'2019-08-23 08:30:00','2019-08-23 15:00:00',0,0,NULL,0,'VZAMBRANO','2019-08-23 08:56:49','ABOLIVAR','2019-09-25 12:16:28'),(0000000190,0000000120,'2019-08-23 08:30:00','2019-08-23 17:30:00',0,0,NULL,1,'VZAMBRANO','2019-08-23 08:57:55',NULL,NULL),(0000000191,0000000112,'2019-08-23 08:30:00','2019-08-23 17:30:00',0,0,NULL,1,'VZAMBRANO','2019-08-23 08:59:45',NULL,NULL),(0000000192,0000000112,'2019-08-26 08:30:00','2019-08-26 17:30:00',0,0,NULL,1,'AMENESES','2019-08-26 09:14:25',NULL,NULL),(0000000193,0000000120,'2019-08-26 08:30:00','2019-08-26 14:45:00',0,0,NULL,1,'AMENESES','2019-08-26 09:15:31',NULL,NULL),(0000000194,0000000129,'2019-08-26 08:30:00','2019-08-26 17:30:00',0,0,NULL,1,'AMENESES','2019-08-26 09:19:28',NULL,NULL),(0000000195,0000000120,'2019-08-27 08:30:00','2019-08-27 17:30:00',0,1,NULL,1,'AMENESES','2019-08-27 11:02:49','AMENESES','2019-08-27 16:51:25'),(0000000196,0000000112,'2019-08-27 08:30:00','2019-08-27 17:30:00',0,0,NULL,1,'AMENESES','2019-08-27 11:04:17',NULL,NULL),(0000000197,0000000130,'2019-08-27 08:30:00','2019-08-27 17:30:00',0,0,NULL,1,'AMENESES','2019-08-27 11:31:10',NULL,NULL),(0000000198,0000000076,'2019-08-28 08:30:00','2019-08-28 17:30:00',0,0,NULL,1,'AMENESES','2019-08-29 09:48:56',NULL,NULL),(0000000201,0000000112,'2019-08-28 08:30:00','2019-08-28 17:30:00',0,0,NULL,1,'AMENESES','2019-08-29 10:49:30',NULL,NULL),(0000000203,0000000136,'2019-08-28 08:30:00','2019-08-28 12:30:00',0,0,NULL,1,'AMENESES','2019-08-29 10:50:49',NULL,NULL),(0000000204,0000000112,'2019-08-29 08:30:00','2019-08-29 17:30:00',0,0,NULL,1,'AMENESES','2019-08-29 12:14:13',NULL,NULL),(0000000205,0000000076,'2019-08-29 08:30:00','2019-08-29 13:30:00',0,0,NULL,1,'AMENESES','2019-08-29 12:16:16',NULL,NULL),(0000000206,0000000112,'2019-08-30 08:30:00','2019-08-30 17:30:00',0,0,NULL,1,'AMENESES','2019-08-30 19:58:36',NULL,NULL),(0000000207,0000000147,'2019-08-29 08:30:00','2019-08-29 17:30:00',0,0,'EMBALAJE DE MOTOR Y RADIADOR',1,'AMENESES','2019-08-30 21:10:06','AMENESES','2019-09-04 17:03:11'),(0000000208,0000000146,'2019-09-03 08:30:00','2019-09-03 17:30:00',0,0,'GARANTIA:\r\nCAMBIO DE PERNOS DE SEGMENTOS\r\n',1,'AMENESES','2019-09-04 17:14:35',NULL,NULL),(0000000209,0000000112,'2019-09-02 08:30:00','2019-09-02 17:30:00',0,0,'',1,'AMENESES','2019-09-04 17:18:19',NULL,NULL),(0000000210,0000000136,'2019-09-03 08:30:00','2019-09-03 17:30:00',0,0,'',1,'AMENESES','2019-09-04 17:20:03',NULL,NULL),(0000000211,0000000112,'2019-09-04 08:30:00','2019-09-04 17:30:00',0,0,'',1,'AMENESES','2019-09-04 17:21:21',NULL,NULL),(0000000212,0000000136,'2019-09-05 08:30:00','2019-09-05 12:30:00',0,0,'MONTAJE DE ALTERNADOR PRINCIPAL EN BASE DE TRASLADO',1,'AMENESES','2019-09-05 09:23:06',NULL,NULL),(0000000213,0000000137,'2019-09-05 08:30:00','2019-09-05 17:30:00',0,0,'FABRICACIÓN DE BASES DE TRASLADO RADIADOR Y MOTOR DIÉSEL\r\nREALIZAR PERFORACIONES EN PLANCHAS',1,'AMENESES','2019-09-05 09:25:35',NULL,NULL),(0000000214,0000000112,'2019-09-05 08:30:00','2019-09-05 17:30:00',0,0,'',1,'AMENESES','2019-09-05 09:27:52',NULL,NULL),(0000000215,0000000112,'2019-09-06 08:30:00','2019-09-06 16:30:00',0,0,'',1,'AMENESES','2019-09-09 08:51:16',NULL,NULL),(0000000216,0000000137,'2019-09-06 08:30:00','2019-09-06 17:30:00',0,0,'',1,'AMENESES','2019-09-09 08:59:54',NULL,NULL),(0000000217,0000000136,'2019-09-09 08:30:00','2019-09-09 17:30:00',0,0,'',1,'AMENESES','2019-09-09 09:00:41',NULL,NULL),(0000000218,0000000043,'2019-09-09 08:30:00','2019-09-09 17:30:00',0,0,'VIAJE VALLENAR',1,'AMENESES','2019-09-09 09:03:06',NULL,NULL),(0000000219,0000000112,'2019-09-09 08:30:00','2019-09-09 17:30:00',0,0,'',1,'AMENESES','2019-09-10 09:05:11',NULL,NULL),(0000000220,0000000137,'2019-09-10 08:30:00','2019-09-10 17:30:00',0,0,'',1,'AMENESES','2019-09-10 09:06:31',NULL,NULL),(0000000221,0000000104,'2019-09-10 08:30:00','2019-09-10 17:30:00',0,0,'',1,'AMENESES','2019-09-10 09:07:54',NULL,NULL),(0000000222,0000000155,'2019-09-10 08:30:00','2019-09-10 17:30:00',0,0,'',1,'AMENESES','2019-09-11 17:44:21',NULL,NULL),(0000000223,0000000135,'2019-09-12 08:30:00','2019-09-12 17:30:00',0,0,'YORBI ZAMBRANO + ALEJANDRO MENESES, TESTEO DE MOTOR',1,'AMENESES','2019-09-11 17:45:50','AMENESES','2019-09-11 17:53:41'),(0000000224,0000000104,'2019-09-11 08:30:00','2019-09-11 17:30:00',0,0,'',1,'AMENESES','2019-09-11 17:47:47',NULL,NULL),(0000000225,0000000137,'2019-09-11 08:30:00','2019-09-11 17:30:00',0,0,'',1,'AMENESES','2019-09-11 17:50:16',NULL,NULL),(0000000226,0000000152,'2019-09-11 08:30:00','2019-09-11 17:30:00',0,0,'',1,'AMENESES','2019-09-11 17:52:08',NULL,NULL),(0000000228,0000000136,'2019-09-12 08:30:00','2019-09-12 17:30:00',0,0,'',1,'AMENESES','2019-09-11 17:56:55',NULL,NULL),(0000000229,0000000137,'2019-09-13 08:30:00','2019-09-13 17:30:00',0,0,'',1,'AMENESES','2019-09-13 17:04:11',NULL,NULL),(0000000230,0000000152,'2019-09-13 08:30:00','2019-09-13 17:30:00',0,0,'',1,'AMENESES','2019-09-13 17:04:59',NULL,NULL),(0000000231,0000000131,'2019-09-23 08:30:00','2019-09-23 17:30:00',0,0,'VIAJE VALLENAR',1,'AMENESES','2019-09-23 15:48:43','AMENESES','2019-09-23 15:52:15'),(0000000232,0000000136,'2019-09-23 08:30:00','2019-09-23 17:30:00',0,0,'',1,'AMENESES','2019-09-23 15:53:05',NULL,NULL),(0000000233,0000000137,'2019-09-23 08:30:00','2019-09-23 17:30:00',0,0,'',1,'AMENESES','2019-09-23 15:53:34',NULL,NULL),(0000000234,0000000137,'2019-09-24 08:30:00','2019-09-24 17:30:00',0,0,'',1,'AMENESES','2019-09-23 16:05:38',NULL,NULL),(0000000235,0000000136,'2019-09-24 08:30:00','2019-09-24 17:30:00',0,0,'',1,'AMENESES','2019-09-23 16:06:13',NULL,NULL),(0000000236,0000000131,'2019-09-24 08:30:00','2019-09-24 17:30:00',0,0,'',1,'AMENESES','2019-09-23 16:07:16',NULL,NULL),(0000000237,0000000114,'2019-08-23 08:30:00','2019-08-23 15:00:00',0,0,'SE REALIZO UN AJUSTE EN TÉCNICOS',0,'ADMINISTRADOR','2019-09-25 13:20:14','ADMINISTRADOR','2019-09-25 13:23:57'),(0000000238,0000000131,'2019-09-25 08:30:00','2019-09-25 17:30:00',0,0,'VIAJE DE REGRESO',1,'AMENESES','2019-09-25 14:13:35',NULL,NULL),(0000000240,0000000136,'2019-09-25 08:30:00','2019-09-25 17:30:00',0,0,'',1,'AMENESES','2019-09-25 14:14:37',NULL,NULL),(0000000241,0000000137,'2019-09-25 08:30:00','2019-09-25 17:30:00',0,0,'',1,'AMENESES','2019-09-25 14:15:12',NULL,NULL),(0000000242,0000000114,'2019-08-23 08:30:00','2019-08-23 15:00:00',0,0,'',1,'ABOLIVAR','2019-09-25 14:18:42',NULL,NULL),(0000000243,0000000131,'2019-09-26 08:30:00','2019-09-26 12:00:00',0,0,'INFORME',1,'AMENESES','2019-09-26 20:21:59',NULL,NULL),(0000000244,0000000136,'2019-09-26 08:30:00','2019-09-26 14:30:00',0,0,'',1,'AMENESES','2019-09-26 20:23:22',NULL,NULL),(0000000245,0000000137,'2019-09-26 08:30:00','2019-09-26 17:15:00',0,0,'',1,'AMENESES','2019-09-26 20:24:27',NULL,NULL),(0000000246,0000000136,'2019-09-26 12:00:00','2019-09-26 14:45:00',0,0,'',1,'AMENESES','2019-09-26 20:29:47',NULL,NULL),(0000000247,0000000136,'2019-09-26 14:45:00','2019-09-26 15:45:00',0,0,'',1,'AMENESES','2019-09-26 20:31:07','AMENESES','2019-09-26 20:34:11'),(0000000248,0000000148,'2019-09-27 08:30:00','2019-09-27 17:30:00',0,0,'',1,'AMENESES','2019-09-27 14:57:40',NULL,NULL),(0000000249,0000000149,'2019-09-27 08:30:00','2019-09-27 17:30:00',0,0,'',1,'AMENESES','2019-09-27 14:58:21',NULL,NULL),(0000000250,0000000160,'2019-09-30 08:30:00','2019-09-30 17:30:00',0,0,'',1,'AMENESES','2019-09-30 11:32:19',NULL,NULL),(0000000251,0000000157,'2019-10-02 06:30:00','2019-10-02 22:30:00',0,0,'',1,'AMENESES','2019-10-03 09:40:33',NULL,NULL),(0000000252,0000000162,'2019-10-02 08:30:00','2019-10-02 17:30:00',0,0,'REMOVER CABINA Y COMPÓNENTES PARA REMOVER TRANSMISIÓN',0,'AMENESES','2019-10-03 09:41:49','AMENESES','2019-10-18 14:10:37'),(0000000253,0000000162,'2019-10-03 08:30:00','2019-10-03 17:30:00',0,0,'REMOVER Y DESARMAS TRANSMISIÓN',0,'AMENESES','2019-10-03 09:42:34','AMENESES','2019-10-18 14:15:39'),(0000000254,0000000162,'2019-10-04 08:30:00','2019-10-04 17:30:00',0,0,'',0,'AMENESES','2019-10-04 16:59:22','AMENESES','2019-10-18 14:18:42'),(0000000255,0000000165,'2019-10-04 08:30:00','2019-10-04 17:30:00',0,0,'',1,'AMENESES','2019-10-04 17:08:25',NULL,NULL),(0000000256,0000000166,'2019-10-07 08:30:00','2019-10-07 17:30:00',0,0,'',1,'AMENESES','2019-10-07 18:06:27',NULL,NULL),(0000000257,0000000167,'2019-10-07 08:30:00','2019-10-07 17:30:00',0,0,'',1,'AMENESES','2019-10-07 18:09:47',NULL,NULL),(0000000258,0000000171,'2019-10-08 08:30:00','2019-10-08 13:00:00',0,0,'',1,'AMENESES','2019-10-09 12:30:39',NULL,NULL),(0000000259,0000000170,'2019-10-08 08:30:00','2019-10-08 13:00:00',0,0,'',1,'AMENESES','2019-10-09 13:00:16',NULL,NULL),(0000000260,0000000172,'2019-10-09 08:30:00','2019-10-09 17:30:00',0,0,'',1,'AMENESES','2019-10-09 17:53:03',NULL,NULL),(0000000261,0000000168,'2019-10-09 08:30:00','2019-10-09 17:30:00',0,0,'',1,'AMENESES','2019-10-09 17:53:41',NULL,NULL),(0000000262,0000000172,'2019-10-10 09:30:00','2019-10-10 16:30:00',0,0,'EMBANQUILLAR EQUIPO\r\nDESMONTAR RUEDAS DELANTERAS\r\nREMOVER EJE DELANTERO',1,'AMENESES','2019-10-11 13:32:30',NULL,NULL),(0000000263,0000000168,'2019-10-10 09:30:00','2019-10-10 16:30:00',0,0,'EMBANQUILLAR EQUIPO\r\nREMOVER RUEDAS TRASERAS\r\nREMOVER EJE TRASERO\r\nSEPARAR MANGAS DE DIFERENCIAL EN EJE\r\n',1,'AMENESES','2019-10-11 13:37:22',NULL,NULL),(0000000264,0000000172,'2019-10-11 08:30:00','2019-10-11 13:00:00',0,0,'DESARME DE EJE DELANTERO\r\nREMOVER MANGAS DE DIFERENCIAL',1,'AMENESES','2019-10-11 13:39:15','AMENESES','2019-10-11 18:49:34'),(0000000265,0000000168,'2019-10-11 08:30:00','2019-10-11 17:30:00',0,0,'EMBANQUILLAR EQUIPO\r\nREMOVER RUEDAS DELANTERAS\r\nLEVANTAR IMPLEMENTO (EQUIPO SIN PARTIDA)\r\nREMOVER EJE DELANTERO',1,'AMENESES','2019-10-11 13:41:20',NULL,NULL),(0000000266,0000000173,'2019-10-11 08:30:00','2019-10-11 14:30:00',0,0,'EVALUACIÓN COMPLETA',1,'AMENESES','2019-10-11 16:36:46','AMENESES','2019-10-11 18:48:00'),(0000000267,0000000174,'2019-10-11 15:30:00','2019-10-11 17:30:00',0,0,'',1,'AMENESES','2019-10-11 18:50:36',NULL,NULL),(0000000268,0000000175,'2019-10-14 08:30:00','2019-10-14 17:30:00',0,0,'',1,'AMENESES','2019-10-15 08:21:38',NULL,NULL),(0000000269,0000000174,'2019-10-14 08:30:00','2019-10-14 17:30:00',0,0,'',1,'AMENESES','2019-10-15 08:23:07',NULL,NULL),(0000000270,0000000178,'2019-10-14 08:30:00','2019-10-14 17:30:00',0,0,'',1,'AMENESES','2019-10-15 08:23:59',NULL,NULL),(0000000271,0000000179,'2019-10-15 08:30:00','2019-10-15 17:30:00',0,0,'',1,'AMENESES','2019-10-15 21:30:34',NULL,NULL),(0000000272,0000000175,'2019-10-15 08:30:00','2019-10-15 17:30:00',0,0,'EQUIPO EN COPIAPÓ',1,'AMENESES','2019-10-15 21:32:24',NULL,NULL),(0000000273,0000000174,'2019-10-15 08:30:00','2019-10-15 15:30:00',0,0,'',1,'AMENESES','2019-10-15 21:33:10',NULL,NULL),(0000000274,0000000173,'2019-10-15 08:30:00','2019-10-15 16:30:00',0,0,'',1,'AMENESES','2019-10-15 21:39:27',NULL,NULL),(0000000275,0000000175,'2019-10-16 08:30:00','2019-10-16 14:00:00',0,0,'',1,'AMENESES','2019-10-16 13:34:25',NULL,NULL),(0000000276,0000000176,'2019-10-16 14:00:00','2019-10-16 17:30:00',0,0,'',1,'AMENESES','2019-10-16 13:35:15',NULL,NULL),(0000000277,0000000168,'2019-10-16 08:30:00','2019-10-16 17:30:00',0,0,'',1,'AMENESES','2019-10-16 13:36:50',NULL,NULL),(0000000278,0000000176,'2019-10-17 08:30:00','2019-10-17 17:30:00',0,0,'',1,'AMENESES','2019-10-16 18:55:01',NULL,NULL),(0000000279,0000000168,'2019-10-17 08:30:00','2019-10-17 17:30:00',0,0,'INSTALAR DIFERENCIAL DELANTERO',1,'AMENESES','2019-10-17 09:27:46',NULL,NULL),(0000000280,0000000168,'2019-10-18 08:30:00','2019-10-18 17:30:00',0,0,'MAICO BRIONES, DESARMA TRANSMISIÓN JUNTO CON YORBI ZAMBRANO, EN EL DÍA SE LIMPIAN PARTES DE TRANSMISIÓN',1,'AMENESES','2019-10-18 09:07:57',NULL,NULL),(0000000281,0000000176,'2019-10-18 08:30:00','2019-10-18 17:30:00',0,0,'',1,'AMENESES','2019-10-18 09:09:07',NULL,NULL),(0000000282,0000000168,'2019-10-02 08:30:00','2019-10-02 17:30:00',0,0,'DESMONTAJE DE CABINA',1,'AMENESES','2019-10-18 14:11:31',NULL,NULL),(0000000283,0000000168,'2019-10-03 08:30:00','2019-10-03 17:30:00',0,0,'REMOVER Y DESARMAR TRANSMISIÓN (DESACOPLAR: CONVERTIDOR DE TORQUE, TRANSMISIÓN Y CAJA DE TRANSFERENCIA)',1,'AMENESES','2019-10-18 14:17:33',NULL,NULL),(0000000284,0000000168,'2019-10-04 08:30:00','2019-10-04 17:30:00',0,0,'',1,'AMENESES','2019-10-18 14:20:12',NULL,NULL),(0000000285,0000000184,'2019-10-21 08:30:00','2019-10-21 17:30:00',0,0,'',1,'AMENESES','2019-10-22 09:09:32',NULL,NULL),(0000000286,0000000181,'2019-10-21 08:30:00','2019-10-21 13:00:00',0,0,'GENERACIÓN DE INFORMES',1,'AMENESES','2019-10-22 09:11:18',NULL,NULL),(0000000287,0000000184,'2019-10-22 08:30:00','2019-10-22 12:00:00',0,0,'',1,'AMENESES','2019-10-22 09:12:29',NULL,NULL);
/*!40000 ALTER TABLE `co_planificacion` ENABLE KEYS */;
UNLOCK TABLES;
ALTER DATABASE `metalsig_heavy` CHARACTER SET latin1 COLLATE latin1_swedish_ci ;
/*!50003 SET @saved_cs_client      = @@character_set_client */ ;
/*!50003 SET @saved_cs_results     = @@character_set_results */ ;
/*!50003 SET @saved_col_connection = @@collation_connection */ ;
/*!50003 SET character_set_client  = utf8mb4 */ ;
/*!50003 SET character_set_results = utf8mb4 */ ;
/*!50003 SET collation_connection  = utf8mb4_unicode_ci */ ;
/*!50003 SET @saved_sql_mode       = @@sql_mode */ ;
/*!50003 SET sql_mode              = 'NO_ENGINE_SUBSTITUTION' */ ;
DELIMITER ;;
/*!50003 CREATE*/ /*!50017 DEFINER=`metalsigmauser`@`localhost`*/ /*!50003 TRIGGER `set_crea_co_planificacion` BEFORE INSERT ON `co_planificacion` FOR EACH ROW BEGIN
IF (NEW.crea_user IS NULL || NEW.crea_user='') THEN SET NEW.crea_user = UPPER(SUBSTR(USER(), 1,(LOCATE('@', USER())-1))); END IF;
END */;;
DELIMITER ;
/*!50003 SET sql_mode              = @saved_sql_mode */ ;
/*!50003 SET character_set_client  = @saved_cs_client */ ;
/*!50003 SET character_set_results = @saved_cs_results */ ;
/*!50003 SET collation_connection  = @saved_col_connection */ ;
ALTER DATABASE `metalsig_heavy` CHARACTER SET utf8 COLLATE utf8_bin ;
ALTER DATABASE `metalsig_heavy` CHARACTER SET latin1 COLLATE latin1_swedish_ci ;
/*!50003 SET @saved_cs_client      = @@character_set_client */ ;
/*!50003 SET @saved_cs_results     = @@character_set_results */ ;
/*!50003 SET @saved_col_connection = @@collation_connection */ ;
/*!50003 SET character_set_client  = utf8mb4 */ ;
/*!50003 SET character_set_results = utf8mb4 */ ;
/*!50003 SET collation_connection  = utf8mb4_unicode_ci */ ;
/*!50003 SET @saved_sql_mode       = @@sql_mode */ ;
/*!50003 SET sql_mode              = 'NO_ENGINE_SUBSTITUTION' */ ;
DELIMITER ;;
/*!50003 CREATE*/ /*!50017 DEFINER=`metalsigmauser`@`localhost`*/ /*!50003 TRIGGER `set_mod_co_planificacion` BEFORE UPDATE ON `co_planificacion` FOR EACH ROW BEGIN
IF (NEW.mod_user IS NULL || NEW.mod_user='') THEN SET NEW.mod_user = UPPER(SUBSTR(USER(), 1,(LOCATE('@', USER())-1))); END IF;
END */;;
DELIMITER ;
/*!50003 SET sql_mode              = @saved_sql_mode */ ;
/*!50003 SET character_set_client  = @saved_cs_client */ ;
/*!50003 SET character_set_results = @saved_cs_results */ ;
/*!50003 SET collation_connection  = @saved_col_connection */ ;
ALTER DATABASE `metalsig_heavy` CHARACTER SET utf8 COLLATE utf8_bin ;

--
-- Table structure for table `co_planificacion_det`
--

DROP TABLE IF EXISTS `co_planificacion_det`;
/*!40101 SET @saved_cs_client     = @@character_set_client */;
/*!40101 SET character_set_client = utf8 */;
CREATE TABLE `co_planificacion_det` (
  `cplanificacion_det` int(10) unsigned zerofill NOT NULL AUTO_INCREMENT,
  `cplanificacion` int(10) unsigned zerofill NOT NULL,
  `ctrabajador` int(10) unsigned zerofill NOT NULL,
  `col` int(32) NOT NULL DEFAULT '0',
  `crea_user` varchar(50) COLLATE utf8_bin DEFAULT NULL,
  `crea_date` datetime NOT NULL DEFAULT CURRENT_TIMESTAMP,
  `mod_user` varchar(50) COLLATE utf8_bin DEFAULT NULL,
  `mod_date` datetime DEFAULT NULL ON UPDATE CURRENT_TIMESTAMP,
  PRIMARY KEY (`cplanificacion_det`),
  KEY `cplanificacion` (`cplanificacion`),
  KEY `ctrabajador` (`ctrabajador`),
  CONSTRAINT `fk_cplanificacion_co_planificacion_det` FOREIGN KEY (`cplanificacion`) REFERENCES `co_planificacion` (`cplanificacion`),
  CONSTRAINT `fk_ctrabajador_co_planificacion_det` FOREIGN KEY (`ctrabajador`) REFERENCES `nom_trabajadores` (`ctrabajador`)
) ENGINE=InnoDB AUTO_INCREMENT=483 DEFAULT CHARSET=utf8 COLLATE=utf8_bin;
/*!40101 SET character_set_client = @saved_cs_client */;

--
-- Dumping data for table `co_planificacion_det`
--

LOCK TABLES `co_planificacion_det` WRITE;
/*!40000 ALTER TABLE `co_planificacion_det` DISABLE KEYS */;
INSERT INTO `co_planificacion_det` VALUES (0000000001,0000000001,0000000008,30,'VZAMBRANO','2019-06-07 14:15:47','METALSIGMAUSER','2019-06-17 19:35:02'),(0000000002,0000000001,0000000005,30,'VZAMBRANO','2019-06-07 14:15:47','METALSIGMAUSER','2019-06-17 19:35:02'),(0000000005,0000000003,0000000005,30,'VZAMBRANO','2019-06-11 09:08:23','METALSIGMAUSER','2019-06-17 19:35:02'),(0000000006,0000000003,0000000006,30,'VZAMBRANO','2019-06-11 09:08:23','METALSIGMAUSER','2019-06-17 19:35:02'),(0000000007,0000000004,0000000011,30,'VZAMBRANO','2019-06-11 09:10:02','METALSIGMAUSER','2019-06-17 19:35:02'),(0000000008,0000000004,0000000006,30,'VZAMBRANO','2019-06-11 09:10:02','METALSIGMAUSER','2019-06-17 19:35:02'),(0000000011,0000000006,0000000008,30,'VZAMBRANO','2019-06-11 16:36:00','METALSIGMAUSER','2019-06-17 19:35:02'),(0000000012,0000000006,0000000015,30,'VZAMBRANO','2019-06-11 16:36:00','METALSIGMAUSER','2019-06-17 19:35:02'),(0000000016,0000000007,0000000008,0,'METALSIGMAUSER','2019-06-12 11:30:28',NULL,NULL),(0000000017,0000000010,0000000008,30,'METALSIGMAUSER','2019-06-12 11:30:28','METALSIGMAUSER','2019-06-17 19:35:02'),(0000000018,0000000014,0000000008,30,'METALSIGMAUSER','2019-06-12 11:30:28','METALSIGMAUSER','2019-06-17 19:35:02'),(0000000019,0000000018,0000000008,0,'METALSIGMAUSER','2019-06-12 11:30:28',NULL,NULL),(0000000020,0000000017,0000000008,30,'METALSIGMAUSER','2019-06-12 11:30:28','METALSIGMAUSER','2019-06-17 19:35:02'),(0000000021,0000000009,0000000008,30,'METALSIGMAUSER','2019-06-12 11:30:28','METALSIGMAUSER','2019-06-17 19:35:02'),(0000000022,0000000011,0000000008,30,'METALSIGMAUSER','2019-06-12 11:30:28','METALSIGMAUSER','2019-06-17 19:35:02'),(0000000023,0000000012,0000000008,0,'METALSIGMAUSER','2019-06-12 11:30:28',NULL,NULL),(0000000024,0000000013,0000000008,30,'METALSIGMAUSER','2019-06-12 11:30:28','METALSIGMAUSER','2019-06-17 19:35:02'),(0000000025,0000000016,0000000008,0,'METALSIGMAUSER','2019-06-12 11:30:28',NULL,NULL),(0000000026,0000000015,0000000008,0,'METALSIGMAUSER','2019-06-12 11:30:28',NULL,NULL),(0000000027,0000000019,0000000008,0,'METALSIGMAUSER','2019-06-12 11:30:28',NULL,NULL),(0000000028,0000000008,0000000008,30,'METALSIGMAUSER','2019-06-12 11:30:28','METALSIGMAUSER','2019-06-17 19:35:02'),(0000000029,0000000020,0000000008,0,'METALSIGMAUSER','2019-06-12 11:30:28',NULL,NULL),(0000000030,0000000021,0000000008,30,'METALSIGMAUSER','2019-06-12 11:30:28','METALSIGMAUSER','2019-06-17 19:35:02'),(0000000031,0000000022,0000000008,30,'METALSIGMAUSER','2019-06-12 11:30:28','METALSIGMAUSER','2019-06-17 19:35:02'),(0000000032,0000000023,0000000008,30,'VZAMBRANO','2019-06-12 15:06:07','METALSIGMAUSER','2019-06-17 19:35:02'),(0000000033,0000000023,0000000015,30,'VZAMBRANO','2019-06-12 15:06:07','METALSIGMAUSER','2019-06-17 19:35:02'),(0000000034,0000000024,0000000005,30,'VZAMBRANO','2019-06-12 15:06:56','METALSIGMAUSER','2019-06-17 19:35:02'),(0000000035,0000000024,0000000014,30,'VZAMBRANO','2019-06-12 15:06:56','METALSIGMAUSER','2019-06-17 19:35:02'),(0000000036,0000000025,0000000011,30,'VZAMBRANO','2019-06-12 15:07:44','METALSIGMAUSER','2019-06-17 19:35:02'),(0000000037,0000000025,0000000006,30,'VZAMBRANO','2019-06-12 15:07:44','METALSIGMAUSER','2019-06-17 19:35:02'),(0000000038,0000000026,0000000004,30,'VZAMBRANO','2019-06-14 09:48:13','METALSIGMAUSER','2019-06-17 19:35:02'),(0000000039,0000000026,0000000006,30,'VZAMBRANO','2019-06-14 09:48:13','METALSIGMAUSER','2019-06-17 19:35:02'),(0000000040,0000000027,0000000008,30,'VZAMBRANO','2019-06-14 09:54:14','METALSIGMAUSER','2019-06-17 19:35:02'),(0000000041,0000000027,0000000011,30,'VZAMBRANO','2019-06-14 09:54:14','METALSIGMAUSER','2019-06-17 19:35:02'),(0000000042,0000000028,0000000015,30,'VZAMBRANO','2019-06-14 09:56:53','METALSIGMAUSER','2019-06-17 19:35:02'),(0000000043,0000000028,0000000015,30,'VZAMBRANO','2019-06-14 09:56:53','METALSIGMAUSER','2019-06-17 19:35:02'),(0000000044,0000000029,0000000008,30,'VZAMBRANO','2019-06-17 17:46:12','METALSIGMAUSER','2019-06-17 19:35:02'),(0000000045,0000000029,0000000015,30,'VZAMBRANO','2019-06-17 17:46:12','METALSIGMAUSER','2019-06-17 19:35:02'),(0000000046,0000000030,0000000008,0,'VZAMBRANO','2019-06-17 17:46:14',NULL,NULL),(0000000047,0000000030,0000000015,0,'VZAMBRANO','2019-06-17 17:46:14',NULL,NULL),(0000000048,0000000031,0000000015,30,'VZAMBRANO','2019-06-18 11:57:30',NULL,NULL),(0000000049,0000000031,0000000005,30,'VZAMBRANO','2019-06-18 11:57:30',NULL,NULL),(0000000050,0000000032,0000000011,30,'VZAMBRANO','2019-06-18 15:49:49',NULL,NULL),(0000000051,0000000032,0000000004,30,'VZAMBRANO','2019-06-18 15:49:49',NULL,NULL),(0000000052,0000000033,0000000019,30,'VZAMBRANO','2019-06-18 17:18:41',NULL,NULL),(0000000053,0000000033,0000000008,30,'VZAMBRANO','2019-06-18 17:18:41',NULL,NULL),(0000000055,0000000035,0000000015,30,'VZAMBRANO','2019-06-19 09:19:20',NULL,NULL),(0000000056,0000000035,0000000004,30,'VZAMBRANO','2019-06-19 09:19:20',NULL,NULL),(0000000057,0000000036,0000000005,30,'VZAMBRANO','2019-06-19 09:20:43',NULL,NULL),(0000000058,0000000036,0000000006,30,'VZAMBRANO','2019-06-19 09:20:43',NULL,NULL),(0000000059,0000000037,0000000008,30,'VZAMBRANO','2019-06-20 10:47:40',NULL,NULL),(0000000060,0000000037,0000000011,30,'VZAMBRANO','2019-06-20 10:47:40',NULL,NULL),(0000000061,0000000038,0000000014,30,'VZAMBRANO','2019-06-21 09:34:51',NULL,NULL),(0000000062,0000000038,0000000006,30,'VZAMBRANO','2019-06-21 09:34:51',NULL,NULL),(0000000063,0000000039,0000000008,30,'VZAMBRANO','2019-06-21 09:36:23',NULL,NULL),(0000000064,0000000039,0000000015,30,'VZAMBRANO','2019-06-21 09:36:23',NULL,NULL),(0000000065,0000000040,0000000015,0,'ADMINISTRADOR','2019-06-21 09:48:10',NULL,NULL),(0000000066,0000000040,0000000008,0,'ADMINISTRADOR','2019-06-21 09:48:10',NULL,NULL),(0000000067,0000000041,0000000004,30,'VZAMBRANO','2019-06-21 09:52:18',NULL,NULL),(0000000068,0000000041,0000000005,30,'VZAMBRANO','2019-06-21 09:52:18',NULL,NULL),(0000000069,0000000042,0000000014,30,'VZAMBRANO','2019-06-24 15:21:19',NULL,NULL),(0000000070,0000000042,0000000006,30,'VZAMBRANO','2019-06-24 15:21:19',NULL,NULL),(0000000071,0000000043,0000000004,30,'VZAMBRANO','2019-06-24 15:25:00',NULL,NULL),(0000000072,0000000043,0000000005,30,'VZAMBRANO','2019-06-24 15:25:00',NULL,NULL),(0000000073,0000000044,0000000019,30,'VZAMBRANO','2019-06-24 15:34:20',NULL,NULL),(0000000074,0000000045,0000000004,30,'VZAMBRANO','2019-06-26 09:01:11',NULL,NULL),(0000000075,0000000045,0000000005,30,'VZAMBRANO','2019-06-26 09:01:11',NULL,NULL),(0000000076,0000000046,0000000008,0,'VZAMBRANO','2019-06-26 09:02:18',NULL,NULL),(0000000077,0000000046,0000000015,0,'VZAMBRANO','2019-06-26 09:02:18',NULL,NULL),(0000000078,0000000047,0000000014,30,'VZAMBRANO','2019-06-26 09:03:05',NULL,NULL),(0000000079,0000000047,0000000006,30,'VZAMBRANO','2019-06-26 09:03:05',NULL,NULL),(0000000080,0000000048,0000000008,30,'VZAMBRANO','2019-06-26 16:58:24',NULL,NULL),(0000000081,0000000049,0000000014,30,'VZAMBRANO','2019-06-27 13:45:27',NULL,NULL),(0000000082,0000000049,0000000006,30,'VZAMBRANO','2019-06-27 13:45:27',NULL,NULL),(0000000083,0000000050,0000000008,30,'VZAMBRANO','2019-06-28 09:42:41',NULL,NULL),(0000000084,0000000050,0000000011,30,'VZAMBRANO','2019-06-28 09:42:41',NULL,NULL),(0000000085,0000000051,0000000008,30,'VZAMBRANO','2019-06-28 09:54:20',NULL,NULL),(0000000086,0000000051,0000000011,30,'VZAMBRANO','2019-06-28 09:54:20',NULL,NULL),(0000000087,0000000052,0000000014,30,'VZAMBRANO','2019-06-28 09:56:40',NULL,NULL),(0000000088,0000000052,0000000006,30,'VZAMBRANO','2019-06-28 09:56:40',NULL,NULL),(0000000089,0000000053,0000000005,30,'VZAMBRANO','2019-06-28 10:03:07',NULL,NULL),(0000000090,0000000053,0000000004,30,'VZAMBRANO','2019-06-28 10:03:07',NULL,NULL),(0000000091,0000000054,0000000014,30,'VZAMBRANO','2019-06-28 10:28:58',NULL,NULL),(0000000092,0000000055,0000000004,30,'VZAMBRANO','2019-06-28 15:39:40',NULL,NULL),(0000000093,0000000056,0000000008,0,'VZAMBRANO','2019-06-28 15:40:29',NULL,NULL),(0000000094,0000000056,0000000011,0,'VZAMBRANO','2019-06-28 15:40:29',NULL,NULL),(0000000095,0000000057,0000000008,30,'VZAMBRANO','2019-07-01 18:10:15',NULL,NULL),(0000000096,0000000057,0000000004,30,'VZAMBRANO','2019-07-01 18:10:15',NULL,NULL),(0000000097,0000000058,0000000008,0,'VZAMBRANO','2019-07-01 18:12:06',NULL,NULL),(0000000098,0000000058,0000000004,0,'VZAMBRANO','2019-07-01 18:12:06',NULL,NULL),(0000000099,0000000059,0000000014,30,'VZAMBRANO','2019-07-01 18:17:21',NULL,NULL),(0000000100,0000000059,0000000015,30,'VZAMBRANO','2019-07-01 18:17:21',NULL,NULL),(0000000101,0000000060,0000000004,30,'VZAMBRANO','2019-07-03 09:23:26',NULL,NULL),(0000000102,0000000060,0000000005,30,'VZAMBRANO','2019-07-03 09:23:26',NULL,NULL),(0000000103,0000000061,0000000004,30,'VZAMBRANO','2019-07-03 09:26:03',NULL,NULL),(0000000104,0000000061,0000000005,30,'VZAMBRANO','2019-07-03 09:26:03',NULL,NULL),(0000000105,0000000062,0000000014,0,'VZAMBRANO','2019-07-03 17:40:57',NULL,NULL),(0000000106,0000000063,0000000014,30,'VZAMBRANO','2019-07-03 17:41:51',NULL,NULL),(0000000107,0000000064,0000000014,0,'VZAMBRANO','2019-07-03 17:42:57',NULL,NULL),(0000000108,0000000065,0000000014,0,'VZAMBRANO','2019-07-04 10:11:39',NULL,NULL),(0000000109,0000000066,0000000014,30,'VZAMBRANO','2019-07-04 10:12:45',NULL,NULL),(0000000110,0000000067,0000000014,0,'VZAMBRANO','2019-07-04 10:14:10',NULL,NULL),(0000000111,0000000068,0000000015,0,'VZAMBRANO','2019-07-04 10:16:56',NULL,NULL),(0000000112,0000000068,0000000006,0,'VZAMBRANO','2019-07-04 10:16:56',NULL,NULL),(0000000113,0000000069,0000000014,30,'VZAMBRANO','2019-07-09 16:39:10',NULL,NULL),(0000000114,0000000070,0000000014,0,'VZAMBRANO','2019-07-09 16:41:10',NULL,NULL),(0000000115,0000000071,0000000014,0,'VZAMBRANO','2019-07-09 16:41:50',NULL,NULL),(0000000116,0000000072,0000000015,30,'VZAMBRANO','2019-07-09 16:42:48',NULL,NULL),(0000000117,0000000073,0000000014,30,'VZAMBRANO','2019-07-09 16:45:09',NULL,NULL),(0000000118,0000000073,0000000006,30,'VZAMBRANO','2019-07-09 16:45:09',NULL,NULL),(0000000119,0000000074,0000000014,0,'VZAMBRANO','2019-07-09 16:46:11',NULL,NULL),(0000000120,0000000074,0000000006,0,'VZAMBRANO','2019-07-09 16:46:11',NULL,NULL),(0000000121,0000000075,0000000014,0,'VZAMBRANO','2019-07-09 16:47:37',NULL,NULL),(0000000122,0000000075,0000000006,0,'VZAMBRANO','2019-07-09 16:47:37',NULL,NULL),(0000000123,0000000076,0000000008,30,'VZAMBRANO','2019-07-09 16:48:46',NULL,NULL),(0000000124,0000000076,0000000011,30,'VZAMBRANO','2019-07-09 16:48:46',NULL,NULL),(0000000125,0000000077,0000000011,30,'VZAMBRANO','2019-07-09 16:49:43',NULL,NULL),(0000000126,0000000077,0000000006,30,'VZAMBRANO','2019-07-09 16:49:43',NULL,NULL),(0000000127,0000000078,0000000014,30,'VZAMBRANO','2019-07-10 13:06:24',NULL,NULL),(0000000128,0000000079,0000000014,0,'VZAMBRANO','2019-07-10 13:09:56',NULL,NULL),(0000000129,0000000080,0000000014,0,'VZAMBRANO','2019-07-10 13:11:07',NULL,NULL),(0000000130,0000000081,0000000008,30,'VZAMBRANO','2019-07-10 13:12:12',NULL,NULL),(0000000131,0000000081,0000000005,30,'VZAMBRANO','2019-07-10 13:12:12',NULL,NULL),(0000000132,0000000082,0000000011,30,'VZAMBRANO','2019-07-10 13:13:00',NULL,NULL),(0000000133,0000000083,0000000006,30,'VZAMBRANO','2019-07-10 14:17:30',NULL,NULL),(0000000134,0000000084,0000000008,30,'VZAMBRANO','2019-07-11 10:03:52',NULL,NULL),(0000000135,0000000084,0000000011,30,'VZAMBRANO','2019-07-11 10:03:52',NULL,NULL),(0000000136,0000000085,0000000014,30,'VZAMBRANO','2019-07-11 10:22:48',NULL,NULL),(0000000137,0000000086,0000000014,0,'VZAMBRANO','2019-07-11 10:38:23',NULL,NULL),(0000000138,0000000087,0000000014,0,'VZAMBRANO','2019-07-11 10:52:56',NULL,NULL),(0000000139,0000000088,0000000015,30,'VZAMBRANO','2019-07-11 11:30:29',NULL,NULL),(0000000140,0000000088,0000000006,30,'VZAMBRANO','2019-07-11 11:30:29',NULL,NULL),(0000000141,0000000089,0000000015,30,'VZAMBRANO','2019-07-15 10:28:58',NULL,NULL),(0000000142,0000000089,0000000008,30,'VZAMBRANO','2019-07-15 10:28:58',NULL,NULL),(0000000143,0000000090,0000000015,30,'VZAMBRANO','2019-07-15 10:29:31',NULL,NULL),(0000000144,0000000090,0000000008,30,'VZAMBRANO','2019-07-15 10:29:31',NULL,NULL),(0000000145,0000000091,0000000004,30,'VZAMBRANO','2019-07-15 10:30:24',NULL,NULL),(0000000146,0000000091,0000000011,30,'VZAMBRANO','2019-07-15 10:30:24',NULL,NULL),(0000000147,0000000092,0000000004,0,'VZAMBRANO','2019-07-15 10:31:41',NULL,NULL),(0000000148,0000000092,0000000011,0,'VZAMBRANO','2019-07-15 10:31:41',NULL,NULL),(0000000149,0000000093,0000000004,0,'VZAMBRANO','2019-07-15 10:38:37',NULL,NULL),(0000000150,0000000093,0000000011,0,'VZAMBRANO','2019-07-15 10:38:37',NULL,NULL),(0000000151,0000000094,0000000004,30,'VZAMBRANO','2019-07-15 10:39:38',NULL,NULL),(0000000152,0000000094,0000000011,30,'VZAMBRANO','2019-07-15 10:39:38',NULL,NULL),(0000000153,0000000095,0000000005,30,'VZAMBRANO','2019-07-15 10:43:41',NULL,NULL),(0000000154,0000000095,0000000006,30,'VZAMBRANO','2019-07-15 10:43:41',NULL,NULL),(0000000155,0000000096,0000000005,30,'VZAMBRANO','2019-07-15 10:44:50',NULL,NULL),(0000000156,0000000096,0000000006,30,'VZAMBRANO','2019-07-15 10:44:50',NULL,NULL),(0000000157,0000000097,0000000005,0,'VZAMBRANO','2019-07-15 10:47:23',NULL,NULL),(0000000158,0000000097,0000000006,0,'VZAMBRANO','2019-07-15 10:47:23',NULL,NULL),(0000000159,0000000098,0000000005,0,'VZAMBRANO','2019-07-15 10:51:06',NULL,NULL),(0000000160,0000000098,0000000006,0,'VZAMBRANO','2019-07-15 10:51:06',NULL,NULL),(0000000161,0000000099,0000000008,30,'VZAMBRANO','2019-07-17 18:37:44',NULL,NULL),(0000000162,0000000099,0000000015,30,'VZAMBRANO','2019-07-17 18:37:44',NULL,NULL),(0000000163,0000000100,0000000008,30,'VZAMBRANO','2019-07-17 18:39:05',NULL,NULL),(0000000164,0000000100,0000000015,30,'VZAMBRANO','2019-07-17 18:39:05',NULL,NULL),(0000000165,0000000101,0000000011,30,'VZAMBRANO','2019-07-17 18:40:28',NULL,NULL),(0000000166,0000000101,0000000004,30,'VZAMBRANO','2019-07-17 18:40:28',NULL,NULL),(0000000167,0000000102,0000000014,30,'VZAMBRANO','2019-07-17 18:41:33',NULL,NULL),(0000000168,0000000102,0000000006,30,'VZAMBRANO','2019-07-17 18:41:33',NULL,NULL),(0000000169,0000000103,0000000014,0,'VZAMBRANO','2019-07-17 18:42:32',NULL,NULL),(0000000170,0000000103,0000000006,0,'VZAMBRANO','2019-07-17 18:42:32',NULL,NULL),(0000000171,0000000104,0000000015,30,'VZAMBRANO','2019-07-18 14:32:13',NULL,NULL),(0000000172,0000000104,0000000011,30,'VZAMBRANO','2019-07-18 14:32:13',NULL,NULL),(0000000173,0000000105,0000000015,0,'VZAMBRANO','2019-07-18 14:34:09',NULL,NULL),(0000000174,0000000105,0000000008,30,'VZAMBRANO','2019-07-18 14:34:09',NULL,NULL),(0000000175,0000000106,0000000008,0,'VZAMBRANO','2019-07-18 14:35:09',NULL,NULL),(0000000176,0000000106,0000000006,30,'VZAMBRANO','2019-07-18 14:35:09',NULL,NULL),(0000000177,0000000107,0000000004,30,'VZAMBRANO','2019-07-18 14:36:03',NULL,NULL),(0000000178,0000000107,0000000011,0,'VZAMBRANO','2019-07-18 14:36:03',NULL,NULL),(0000000179,0000000108,0000000004,0,'VZAMBRANO','2019-07-18 15:28:26',NULL,NULL),(0000000180,0000000109,0000000011,30,'VZAMBRANO','2019-07-19 11:39:30',NULL,NULL),(0000000181,0000000109,0000000004,30,'VZAMBRANO','2019-07-19 11:39:30',NULL,NULL),(0000000182,0000000110,0000000015,30,'VZAMBRANO','2019-07-19 11:53:30',NULL,NULL),(0000000183,0000000110,0000000006,30,'VZAMBRANO','2019-07-19 11:53:30',NULL,NULL),(0000000184,0000000111,0000000014,30,'VZAMBRANO','2019-07-19 18:27:33',NULL,NULL),(0000000185,0000000112,0000000014,0,'VZAMBRANO','2019-07-19 18:28:24',NULL,NULL),(0000000186,0000000113,0000000014,0,'VZAMBRANO','2019-07-19 18:29:13',NULL,NULL),(0000000187,0000000114,0000000014,30,'VZAMBRANO','2019-07-19 18:29:58',NULL,NULL),(0000000188,0000000115,0000000014,0,'VZAMBRANO','2019-07-19 18:31:06',NULL,NULL),(0000000189,0000000116,0000000014,0,'VZAMBRANO','2019-07-19 18:31:40',NULL,NULL),(0000000190,0000000117,0000000014,30,'VZAMBRANO','2019-07-19 18:36:33',NULL,NULL),(0000000191,0000000118,0000000014,0,'VZAMBRANO','2019-07-19 18:37:51',NULL,NULL),(0000000192,0000000119,0000000014,0,'VZAMBRANO','2019-07-19 18:38:33',NULL,NULL),(0000000193,0000000120,0000000014,30,'VZAMBRANO','2019-07-19 18:39:17',NULL,NULL),(0000000194,0000000121,0000000014,0,'VZAMBRANO','2019-07-19 18:40:25',NULL,NULL),(0000000195,0000000122,0000000014,0,'VZAMBRANO','2019-07-19 18:44:18',NULL,NULL),(0000000196,0000000123,0000000015,30,'VZAMBRANO','2019-07-22 09:31:07',NULL,NULL),(0000000197,0000000123,0000000011,30,'VZAMBRANO','2019-07-22 09:31:07',NULL,NULL),(0000000198,0000000124,0000000014,30,'VZAMBRANO','2019-07-22 09:31:49',NULL,NULL),(0000000199,0000000125,0000000008,30,'VZAMBRANO','2019-07-22 09:32:40',NULL,NULL),(0000000200,0000000125,0000000004,30,'VZAMBRANO','2019-07-22 09:32:40',NULL,NULL),(0000000201,0000000126,0000000006,30,'VZAMBRANO','2019-07-22 09:36:09',NULL,NULL),(0000000202,0000000127,0000000006,0,'VZAMBRANO','2019-07-22 09:39:18',NULL,NULL),(0000000203,0000000128,0000000006,0,'VZAMBRANO','2019-07-22 09:39:54',NULL,NULL),(0000000204,0000000129,0000000014,0,'VZAMBRANO','2019-07-22 17:40:01',NULL,NULL),(0000000205,0000000130,0000000014,30,'VZAMBRANO','2019-07-23 12:28:25',NULL,NULL),(0000000206,0000000131,0000000015,30,'VZAMBRANO','2019-07-23 12:29:34',NULL,NULL),(0000000207,0000000131,0000000011,30,'VZAMBRANO','2019-07-23 12:29:34',NULL,NULL),(0000000208,0000000132,0000000008,30,'VZAMBRANO','2019-07-23 12:32:49',NULL,NULL),(0000000209,0000000132,0000000004,30,'VZAMBRANO','2019-07-23 12:32:49',NULL,NULL),(0000000210,0000000133,0000000004,0,'VZAMBRANO','2019-07-25 14:51:40',NULL,NULL),(0000000211,0000000133,0000000006,30,'VZAMBRANO','2019-07-25 14:51:40',NULL,NULL),(0000000212,0000000134,0000000008,0,'VZAMBRANO','2019-07-25 14:53:03',NULL,NULL),(0000000213,0000000135,0000000015,0,'VZAMBRANO','2019-07-25 14:54:31',NULL,NULL),(0000000214,0000000135,0000000011,0,'VZAMBRANO','2019-07-25 14:54:31',NULL,NULL),(0000000215,0000000136,0000000014,0,'VZAMBRANO','2019-07-25 14:55:35',NULL,NULL),(0000000216,0000000137,0000000008,30,'VZAMBRANO','2019-07-25 14:56:44',NULL,NULL),(0000000217,0000000137,0000000011,30,'VZAMBRANO','2019-07-25 14:56:44',NULL,NULL),(0000000218,0000000138,0000000015,30,'VZAMBRANO','2019-07-25 14:57:31',NULL,NULL),(0000000219,0000000138,0000000006,30,'VZAMBRANO','2019-07-25 14:57:31',NULL,NULL),(0000000220,0000000139,0000000014,30,'VZAMBRANO','2019-07-25 14:58:37',NULL,NULL),(0000000221,0000000140,0000000004,30,'VZAMBRANO','2019-07-25 14:59:57',NULL,NULL),(0000000222,0000000140,0000000006,30,'VZAMBRANO','2019-07-25 14:59:57',NULL,NULL),(0000000223,0000000141,0000000004,0,'VZAMBRANO','2019-07-25 15:01:35',NULL,NULL),(0000000224,0000000141,0000000006,0,'VZAMBRANO','2019-07-25 15:01:35',NULL,NULL),(0000000225,0000000142,0000000004,0,'VZAMBRANO','2019-07-25 15:02:42',NULL,NULL),(0000000226,0000000142,0000000006,0,'VZAMBRANO','2019-07-25 15:02:42',NULL,NULL),(0000000227,0000000143,0000000015,30,'VZAMBRANO','2019-07-25 15:03:49',NULL,NULL),(0000000228,0000000143,0000000011,30,'VZAMBRANO','2019-07-25 15:03:49',NULL,NULL),(0000000229,0000000144,0000000015,30,'VZAMBRANO','2019-07-26 12:29:16',NULL,NULL),(0000000230,0000000145,0000000004,30,'VZAMBRANO','2019-07-26 12:31:55',NULL,NULL),(0000000231,0000000145,0000000006,30,'VZAMBRANO','2019-07-26 12:31:55',NULL,NULL),(0000000232,0000000146,0000000008,30,'VZAMBRANO','2019-07-26 12:32:31',NULL,NULL),(0000000233,0000000146,0000000011,30,'VZAMBRANO','2019-07-26 12:32:31',NULL,NULL),(0000000234,0000000147,0000000008,30,'VZAMBRANO','2019-07-29 11:59:52',NULL,NULL),(0000000235,0000000147,0000000004,30,'VZAMBRANO','2019-07-29 11:59:52',NULL,NULL),(0000000236,0000000148,0000000015,30,'VZAMBRANO','2019-07-29 12:00:44',NULL,NULL),(0000000237,0000000148,0000000006,30,'VZAMBRANO','2019-07-29 12:00:44',NULL,NULL),(0000000238,0000000149,0000000011,30,'VZAMBRANO','2019-07-30 08:54:53',NULL,NULL),(0000000239,0000000150,0000000015,0,'VZAMBRANO','2019-07-30 08:56:18',NULL,NULL),(0000000240,0000000150,0000000011,0,'VZAMBRANO','2019-07-30 08:56:18',NULL,NULL),(0000000241,0000000151,0000000008,30,'VZAMBRANO','2019-07-30 09:05:24',NULL,NULL),(0000000242,0000000151,0000000006,30,'VZAMBRANO','2019-07-30 09:05:24',NULL,NULL),(0000000243,0000000152,0000000008,0,'VZAMBRANO','2019-07-31 09:58:24',NULL,NULL),(0000000244,0000000152,0000000006,0,'VZAMBRANO','2019-07-31 09:58:24',NULL,NULL),(0000000245,0000000153,0000000008,0,'VZAMBRANO','2019-07-31 09:59:19',NULL,NULL),(0000000246,0000000153,0000000006,0,'VZAMBRANO','2019-07-31 09:59:19',NULL,NULL),(0000000247,0000000154,0000000011,30,'VZAMBRANO','2019-07-31 10:06:29',NULL,NULL),(0000000248,0000000155,0000000011,0,'VZAMBRANO','2019-07-31 10:08:09',NULL,NULL),(0000000249,0000000156,0000000006,30,'VZAMBRANO','2019-07-31 16:34:00',NULL,NULL),(0000000250,0000000157,0000000006,0,'VZAMBRANO','2019-07-31 16:35:52',NULL,NULL),(0000000251,0000000158,0000000008,30,'VZAMBRANO','2019-07-31 16:37:51',NULL,NULL),(0000000252,0000000158,0000000014,30,'VZAMBRANO','2019-07-31 16:37:51',NULL,NULL),(0000000253,0000000159,0000000015,30,'VZAMBRANO','2019-08-01 09:28:00',NULL,NULL),(0000000254,0000000159,0000000004,30,'VZAMBRANO','2019-08-01 09:28:00',NULL,NULL),(0000000255,0000000160,0000000006,30,'VZAMBRANO','2019-08-01 15:49:12',NULL,NULL),(0000000256,0000000161,0000000006,0,'VZAMBRANO','2019-08-01 15:49:55',NULL,NULL),(0000000257,0000000162,0000000008,30,'VZAMBRANO','2019-08-02 11:00:26',NULL,NULL),(0000000258,0000000162,0000000011,30,'VZAMBRANO','2019-08-02 11:00:26',NULL,NULL),(0000000259,0000000163,0000000008,30,'VZAMBRANO','2019-08-02 11:01:18',NULL,NULL),(0000000260,0000000163,0000000011,30,'VZAMBRANO','2019-08-02 11:01:18',NULL,NULL),(0000000261,0000000164,0000000015,30,'VZAMBRANO','2019-08-02 11:02:22',NULL,NULL),(0000000262,0000000164,0000000004,30,'VZAMBRANO','2019-08-02 11:02:22',NULL,NULL),(0000000263,0000000165,0000000015,30,'VZAMBRANO','2019-08-02 11:03:21',NULL,NULL),(0000000265,0000000166,0000000015,0,'VZAMBRANO','2019-08-02 11:06:15',NULL,NULL),(0000000266,0000000167,0000000015,30,'VZAMBRANO','2019-08-02 11:06:51',NULL,NULL),(0000000267,0000000168,0000000008,30,'VZAMBRANO','2019-08-05 09:07:39',NULL,NULL),(0000000268,0000000168,0000000015,30,'VZAMBRANO','2019-08-05 09:07:39',NULL,NULL),(0000000269,0000000169,0000000008,30,'VZAMBRANO','2019-08-07 10:04:14',NULL,NULL),(0000000270,0000000169,0000000015,30,'VZAMBRANO','2019-08-07 10:04:14',NULL,NULL),(0000000271,0000000170,0000000008,0,'VZAMBRANO','2019-08-08 09:08:53',NULL,NULL),(0000000272,0000000170,0000000015,0,'VZAMBRANO','2019-08-08 09:08:53',NULL,NULL),(0000000273,0000000171,0000000008,30,'VZAMBRANO','2019-08-08 09:11:48',NULL,NULL),(0000000274,0000000171,0000000019,30,'VZAMBRANO','2019-08-08 09:11:48',NULL,NULL),(0000000275,0000000172,0000000008,30,'VZAMBRANO','2019-08-09 09:16:51',NULL,NULL),(0000000276,0000000172,0000000004,30,'VZAMBRANO','2019-08-09 09:16:51',NULL,NULL),(0000000277,0000000173,0000000015,30,'VZAMBRANO','2019-08-13 10:43:16',NULL,NULL),(0000000278,0000000173,0000000006,30,'VZAMBRANO','2019-08-13 10:43:16',NULL,NULL),(0000000279,0000000174,0000000019,30,'VZAMBRANO','2019-08-13 10:44:26',NULL,NULL),(0000000280,0000000174,0000000008,30,'VZAMBRANO','2019-08-13 10:44:26',NULL,NULL),(0000000281,0000000175,0000000019,30,'VZAMBRANO','2019-08-13 10:45:16',NULL,NULL),(0000000282,0000000175,0000000008,30,'VZAMBRANO','2019-08-13 10:45:16',NULL,NULL),(0000000283,0000000176,0000000008,30,'VZAMBRANO','2019-08-16 15:18:13',NULL,NULL),(0000000284,0000000177,0000000008,30,'AMENESES','2019-08-19 09:09:01',NULL,NULL),(0000000285,0000000177,0000000004,30,'AMENESES','2019-08-19 09:09:01',NULL,NULL),(0000000286,0000000178,0000000014,30,'AMENESES','2019-08-19 09:30:23',NULL,NULL),(0000000287,0000000179,0000000008,30,'VZAMBRANO','2019-08-20 09:03:57',NULL,NULL),(0000000288,0000000179,0000000004,30,'VZAMBRANO','2019-08-20 09:03:57',NULL,NULL),(0000000289,0000000180,0000000014,30,'VZAMBRANO','2019-08-20 09:07:47',NULL,NULL),(0000000290,0000000181,0000000014,30,'VZAMBRANO','2019-08-21 08:48:45',NULL,NULL),(0000000291,0000000181,0000000006,30,'VZAMBRANO','2019-08-21 08:48:45',NULL,NULL),(0000000292,0000000182,0000000008,0,'VZAMBRANO','2019-08-21 08:51:26',NULL,NULL),(0000000293,0000000182,0000000004,0,'VZAMBRANO','2019-08-21 08:51:26',NULL,NULL),(0000000294,0000000183,0000000014,30,'AMENESES','2019-08-22 10:59:52',NULL,NULL),(0000000295,0000000183,0000000006,30,'AMENESES','2019-08-22 10:59:52',NULL,NULL),(0000000296,0000000184,0000000006,30,'AMENESES','2019-08-22 11:03:29',NULL,NULL),(0000000297,0000000185,0000000006,0,'AMENESES','2019-08-22 11:04:46',NULL,NULL),(0000000298,0000000186,0000000008,30,'AMENESES','2019-08-22 12:10:53',NULL,NULL),(0000000299,0000000186,0000000004,30,'AMENESES','2019-08-22 12:10:53',NULL,NULL),(0000000300,0000000187,0000000008,30,'AMENESES','2019-08-22 12:19:38',NULL,NULL),(0000000301,0000000187,0000000004,30,'AMENESES','2019-08-22 12:19:38',NULL,NULL),(0000000302,0000000188,0000000015,30,'AMENESES','2019-08-22 16:31:45',NULL,NULL),(0000000303,0000000189,0000000008,30,'VZAMBRANO','2019-08-23 08:56:49',NULL,NULL),(0000000304,0000000189,0000000004,30,'VZAMBRANO','2019-08-23 08:56:49',NULL,NULL),(0000000305,0000000190,0000000014,30,'VZAMBRANO','2019-08-23 08:57:55',NULL,NULL),(0000000306,0000000190,0000000006,30,'VZAMBRANO','2019-08-23 08:57:55',NULL,NULL),(0000000307,0000000191,0000000015,30,'VZAMBRANO','2019-08-23 08:59:45',NULL,NULL),(0000000308,0000000192,0000000015,30,'AMENESES','2019-08-26 09:14:25',NULL,NULL),(0000000309,0000000193,0000000014,30,'AMENESES','2019-08-26 09:15:31',NULL,NULL),(0000000310,0000000193,0000000006,30,'AMENESES','2019-08-26 09:15:31',NULL,NULL),(0000000311,0000000194,0000000008,30,'AMENESES','2019-08-26 09:19:28',NULL,NULL),(0000000312,0000000194,0000000004,30,'AMENESES','2019-08-26 09:19:28',NULL,NULL),(0000000315,0000000196,0000000015,30,'AMENESES','2019-08-27 11:04:17',NULL,NULL),(0000000316,0000000196,0000000008,30,'AMENESES','2019-08-27 11:04:17',NULL,NULL),(0000000317,0000000197,0000000004,30,'AMENESES','2019-08-27 11:31:10',NULL,NULL),(0000000318,0000000197,0000000007,30,'AMENESES','2019-08-27 11:31:10',NULL,NULL),(0000000319,0000000195,0000000014,30,'AMENESES','2019-08-27 16:51:25',NULL,NULL),(0000000320,0000000195,0000000006,30,'AMENESES','2019-08-27 16:51:25',NULL,NULL),(0000000321,0000000198,0000000007,30,'AMENESES','2019-08-29 09:48:56',NULL,NULL),(0000000322,0000000198,0000000004,30,'AMENESES','2019-08-29 09:48:56',NULL,NULL),(0000000325,0000000201,0000000008,30,'AMENESES','2019-08-29 10:49:30',NULL,NULL),(0000000326,0000000201,0000000006,30,'AMENESES','2019-08-29 10:49:30',NULL,NULL),(0000000328,0000000203,0000000014,30,'AMENESES','2019-08-29 10:50:49',NULL,NULL),(0000000329,0000000203,0000000015,30,'AMENESES','2019-08-29 10:50:49',NULL,NULL),(0000000330,0000000204,0000000014,30,'AMENESES','2019-08-29 12:14:13',NULL,NULL),(0000000331,0000000204,0000000007,30,'AMENESES','2019-08-29 12:14:13',NULL,NULL),(0000000332,0000000205,0000000004,30,'AMENESES','2019-08-29 12:16:16',NULL,NULL),(0000000333,0000000205,0000000015,30,'AMENESES','2019-08-29 12:16:16',NULL,NULL),(0000000334,0000000206,0000000015,30,'AMENESES','2019-08-30 19:58:36',NULL,NULL),(0000000335,0000000206,0000000008,30,'AMENESES','2019-08-30 19:58:36',NULL,NULL),(0000000338,0000000207,0000000008,30,'AMENESES','2019-09-04 17:03:11',NULL,NULL),(0000000339,0000000207,0000000006,30,'AMENESES','2019-09-04 17:03:11',NULL,NULL),(0000000340,0000000208,0000000004,30,'AMENESES','2019-09-04 17:14:35',NULL,NULL),(0000000341,0000000208,0000000008,30,'AMENESES','2019-09-04 17:14:35',NULL,NULL),(0000000342,0000000209,0000000015,30,'AMENESES','2019-09-04 17:18:19',NULL,NULL),(0000000343,0000000209,0000000006,30,'AMENESES','2019-09-04 17:18:19',NULL,NULL),(0000000344,0000000210,0000000014,30,'AMENESES','2019-09-04 17:20:03',NULL,NULL),(0000000345,0000000210,0000000006,30,'AMENESES','2019-09-04 17:20:03',NULL,NULL),(0000000346,0000000211,0000000015,30,'AMENESES','2019-09-04 17:21:21',NULL,NULL),(0000000347,0000000211,0000000014,30,'AMENESES','2019-09-04 17:21:21',NULL,NULL),(0000000348,0000000212,0000000008,30,'AMENESES','2019-09-05 09:23:06',NULL,NULL),(0000000349,0000000212,0000000004,30,'AMENESES','2019-09-05 09:23:06',NULL,NULL),(0000000350,0000000213,0000000006,30,'AMENESES','2019-09-05 09:25:35',NULL,NULL),(0000000351,0000000214,0000000015,30,'AMENESES','2019-09-05 09:27:52',NULL,NULL),(0000000352,0000000214,0000000014,30,'AMENESES','2019-09-05 09:27:52',NULL,NULL),(0000000353,0000000215,0000000015,30,'AMENESES','2019-09-09 08:51:16',NULL,NULL),(0000000354,0000000215,0000000008,30,'AMENESES','2019-09-09 08:51:16',NULL,NULL),(0000000355,0000000216,0000000006,30,'AMENESES','2019-09-09 08:59:54',NULL,NULL),(0000000356,0000000217,0000000006,30,'AMENESES','2019-09-09 09:00:41',NULL,NULL),(0000000357,0000000218,0000000008,30,'AMENESES','2019-09-09 09:03:06',NULL,NULL),(0000000358,0000000218,0000000004,30,'AMENESES','2019-09-09 09:03:06',NULL,NULL),(0000000359,0000000219,0000000015,30,'AMENESES','2019-09-10 09:05:11',NULL,NULL),(0000000360,0000000219,0000000014,30,'AMENESES','2019-09-10 09:05:11',NULL,NULL),(0000000361,0000000220,0000000014,30,'AMENESES','2019-09-10 09:06:31',NULL,NULL),(0000000362,0000000221,0000000004,30,'AMENESES','2019-09-10 09:07:54',NULL,NULL),(0000000363,0000000221,0000000008,30,'AMENESES','2019-09-10 09:07:54',NULL,NULL),(0000000364,0000000222,0000000015,30,'AMENESES','2019-09-11 17:44:21',NULL,NULL),(0000000365,0000000222,0000000006,30,'AMENESES','2019-09-11 17:44:21',NULL,NULL),(0000000367,0000000224,0000000004,30,'AMENESES','2019-09-11 17:47:48',NULL,NULL),(0000000368,0000000224,0000000008,30,'AMENESES','2019-09-11 17:47:48',NULL,NULL),(0000000369,0000000225,0000000006,30,'AMENESES','2019-09-11 17:50:16',NULL,NULL),(0000000370,0000000225,0000000014,30,'AMENESES','2019-09-11 17:50:16',NULL,NULL),(0000000371,0000000226,0000000015,30,'AMENESES','2019-09-11 17:52:08',NULL,NULL),(0000000374,0000000223,0000000015,30,'AMENESES','2019-09-11 17:54:46',NULL,NULL),(0000000375,0000000223,0000000004,30,'AMENESES','2019-09-11 17:54:46',NULL,NULL),(0000000377,0000000228,0000000014,30,'AMENESES','2019-09-11 17:56:55',NULL,NULL),(0000000378,0000000228,0000000006,30,'AMENESES','2019-09-11 17:56:55',NULL,NULL),(0000000379,0000000229,0000000006,30,'AMENESES','2019-09-13 17:04:11',NULL,NULL),(0000000380,0000000229,0000000014,30,'AMENESES','2019-09-13 17:04:11',NULL,NULL),(0000000381,0000000230,0000000008,30,'AMENESES','2019-09-13 17:04:59',NULL,NULL),(0000000382,0000000230,0000000015,30,'AMENESES','2019-09-13 17:04:59',NULL,NULL),(0000000385,0000000231,0000000015,30,'AMENESES','2019-09-23 15:52:15',NULL,NULL),(0000000386,0000000231,0000000004,30,'AMENESES','2019-09-23 15:52:15',NULL,NULL),(0000000387,0000000232,0000000014,30,'AMENESES','2019-09-23 15:53:05',NULL,NULL),(0000000388,0000000232,0000000006,30,'AMENESES','2019-09-23 15:53:05',NULL,NULL),(0000000389,0000000233,0000000008,30,'AMENESES','2019-09-23 15:53:34',NULL,NULL),(0000000390,0000000234,0000000014,30,'AMENESES','2019-09-23 16:05:38',NULL,NULL),(0000000391,0000000234,0000000006,30,'AMENESES','2019-09-23 16:05:38',NULL,NULL),(0000000392,0000000235,0000000008,30,'AMENESES','2019-09-23 16:06:13',NULL,NULL),(0000000393,0000000236,0000000015,30,'AMENESES','2019-09-23 16:07:16',NULL,NULL),(0000000394,0000000236,0000000004,30,'AMENESES','2019-09-23 16:07:16',NULL,NULL),(0000000395,0000000237,0000000008,0,'ADMINISTRADOR','2019-09-25 13:20:14',NULL,NULL),(0000000396,0000000237,0000000004,0,'ADMINISTRADOR','2019-09-25 13:20:14',NULL,NULL),(0000000397,0000000238,0000000015,30,'AMENESES','2019-09-25 14:13:35',NULL,NULL),(0000000398,0000000238,0000000004,30,'AMENESES','2019-09-25 14:13:35',NULL,NULL),(0000000400,0000000240,0000000014,30,'AMENESES','2019-09-25 14:14:37',NULL,NULL),(0000000401,0000000240,0000000006,30,'AMENESES','2019-09-25 14:14:37',NULL,NULL),(0000000402,0000000241,0000000008,30,'AMENESES','2019-09-25 14:15:12',NULL,NULL),(0000000403,0000000242,0000000008,0,'ABOLIVAR','2019-09-25 14:18:42',NULL,NULL),(0000000404,0000000242,0000000004,0,'ABOLIVAR','2019-09-25 14:18:42',NULL,NULL),(0000000405,0000000243,0000000004,0,'AMENESES','2019-09-26 20:21:59',NULL,NULL),(0000000406,0000000243,0000000015,0,'AMENESES','2019-09-26 20:21:59',NULL,NULL),(0000000407,0000000244,0000000006,30,'AMENESES','2019-09-26 20:23:22',NULL,NULL),(0000000408,0000000245,0000000014,30,'AMENESES','2019-09-26 20:24:27',NULL,NULL),(0000000409,0000000245,0000000008,30,'AMENESES','2019-09-26 20:24:27',NULL,NULL),(0000000410,0000000246,0000000015,30,'AMENESES','2019-09-26 20:29:47',NULL,NULL),(0000000411,0000000246,0000000004,30,'AMENESES','2019-09-26 20:29:47',NULL,NULL),(0000000415,0000000247,0000000015,0,'AMENESES','2019-09-26 20:34:11',NULL,NULL),(0000000416,0000000248,0000000014,30,'AMENESES','2019-09-27 14:57:40',NULL,NULL),(0000000417,0000000248,0000000006,30,'AMENESES','2019-09-27 14:57:40',NULL,NULL),(0000000418,0000000249,0000000008,30,'AMENESES','2019-09-27 14:58:21',NULL,NULL),(0000000419,0000000249,0000000004,30,'AMENESES','2019-09-27 14:58:21',NULL,NULL),(0000000420,0000000250,0000000015,30,'AMENESES','2019-09-30 11:32:19',NULL,NULL),(0000000421,0000000251,0000000015,30,'AMENESES','2019-10-03 09:40:33',NULL,NULL),(0000000422,0000000252,0000000004,30,'AMENESES','2019-10-03 09:41:49',NULL,NULL),(0000000423,0000000252,0000000008,30,'AMENESES','2019-10-03 09:41:49',NULL,NULL),(0000000424,0000000253,0000000004,30,'AMENESES','2019-10-03 09:42:34',NULL,NULL),(0000000425,0000000253,0000000008,30,'AMENESES','2019-10-03 09:42:34',NULL,NULL),(0000000426,0000000254,0000000008,30,'AMENESES','2019-10-04 16:59:22',NULL,NULL),(0000000427,0000000254,0000000015,30,'AMENESES','2019-10-04 16:59:22',NULL,NULL),(0000000428,0000000255,0000000004,30,'AMENESES','2019-10-04 17:08:25',NULL,NULL),(0000000429,0000000256,0000000008,30,'AMENESES','2019-10-07 18:06:27',NULL,NULL),(0000000430,0000000257,0000000015,30,'AMENESES','2019-10-07 18:09:47',NULL,NULL),(0000000431,0000000257,0000000004,30,'AMENESES','2019-10-07 18:09:47',NULL,NULL),(0000000432,0000000258,0000000004,30,'AMENESES','2019-10-09 12:30:39',NULL,NULL),(0000000433,0000000259,0000000008,30,'AMENESES','2019-10-09 13:00:16',NULL,NULL),(0000000434,0000000260,0000000004,30,'AMENESES','2019-10-09 17:53:03',NULL,NULL),(0000000435,0000000260,0000000008,30,'AMENESES','2019-10-09 17:53:03',NULL,NULL),(0000000436,0000000261,0000000015,30,'AMENESES','2019-10-09 17:53:41',NULL,NULL),(0000000437,0000000261,0000000006,30,'AMENESES','2019-10-09 17:53:41',NULL,NULL),(0000000438,0000000262,0000000008,30,'AMENESES','2019-10-11 13:32:30',NULL,NULL),(0000000439,0000000262,0000000004,30,'AMENESES','2019-10-11 13:32:31',NULL,NULL),(0000000440,0000000263,0000000015,30,'AMENESES','2019-10-11 13:37:22',NULL,NULL),(0000000441,0000000263,0000000006,30,'AMENESES','2019-10-11 13:37:22',NULL,NULL),(0000000443,0000000265,0000000015,30,'AMENESES','2019-10-11 13:41:20',NULL,NULL),(0000000444,0000000265,0000000006,30,'AMENESES','2019-10-11 13:41:20',NULL,NULL),(0000000446,0000000266,0000000004,30,'AMENESES','2019-10-11 18:48:00',NULL,NULL),(0000000447,0000000264,0000000008,30,'AMENESES','2019-10-11 18:49:34',NULL,NULL),(0000000448,0000000267,0000000008,0,'AMENESES','2019-10-11 18:50:36',NULL,NULL),(0000000449,0000000268,0000000004,30,'AMENESES','2019-10-15 08:21:38',NULL,NULL),(0000000450,0000000268,0000000008,30,'AMENESES','2019-10-15 08:21:38',NULL,NULL),(0000000451,0000000269,0000000015,30,'AMENESES','2019-10-15 08:23:07',NULL,NULL),(0000000452,0000000270,0000000006,30,'AMENESES','2019-10-15 08:23:59',NULL,NULL),(0000000453,0000000271,0000000006,30,'AMENESES','2019-10-15 21:30:34',NULL,NULL),(0000000454,0000000272,0000000004,30,'AMENESES','2019-10-15 21:32:24',NULL,NULL),(0000000455,0000000272,0000000008,30,'AMENESES','2019-10-15 21:32:24',NULL,NULL),(0000000456,0000000273,0000000015,30,'AMENESES','2019-10-15 21:33:10',NULL,NULL),(0000000457,0000000274,0000000007,30,'AMENESES','2019-10-15 21:39:27',NULL,NULL),(0000000458,0000000275,0000000004,30,'AMENESES','2019-10-16 13:34:25',NULL,NULL),(0000000459,0000000275,0000000008,30,'AMENESES','2019-10-16 13:34:25',NULL,NULL),(0000000460,0000000276,0000000004,0,'AMENESES','2019-10-16 13:35:15',NULL,NULL),(0000000461,0000000276,0000000008,0,'AMENESES','2019-10-16 13:35:15',NULL,NULL),(0000000462,0000000277,0000000015,30,'AMENESES','2019-10-16 13:36:50',NULL,NULL),(0000000463,0000000277,0000000006,30,'AMENESES','2019-10-16 13:36:50',NULL,NULL),(0000000464,0000000278,0000000004,30,'AMENESES','2019-10-16 18:55:01',NULL,NULL),(0000000465,0000000278,0000000008,30,'AMENESES','2019-10-16 18:55:01',NULL,NULL),(0000000466,0000000279,0000000007,30,'AMENESES','2019-10-17 09:27:46',NULL,NULL),(0000000467,0000000279,0000000015,30,'AMENESES','2019-10-17 09:27:46',NULL,NULL),(0000000468,0000000280,0000000007,30,'AMENESES','2019-10-18 09:07:57',NULL,NULL),(0000000469,0000000280,0000000015,30,'AMENESES','2019-10-18 09:07:57',NULL,NULL),(0000000470,0000000281,0000000004,30,'AMENESES','2019-10-18 09:09:07',NULL,NULL),(0000000471,0000000281,0000000008,30,'AMENESES','2019-10-18 09:09:07',NULL,NULL),(0000000472,0000000282,0000000004,0,'AMENESES','2019-10-18 14:11:31',NULL,NULL),(0000000473,0000000282,0000000008,0,'AMENESES','2019-10-18 14:11:31',NULL,NULL),(0000000474,0000000283,0000000004,0,'AMENESES','2019-10-18 14:17:33',NULL,NULL),(0000000475,0000000283,0000000008,0,'AMENESES','2019-10-18 14:17:33',NULL,NULL),(0000000476,0000000284,0000000008,0,'AMENESES','2019-10-18 14:20:12',NULL,NULL),(0000000477,0000000284,0000000015,0,'AMENESES','2019-10-18 14:20:12',NULL,NULL),(0000000478,0000000285,0000000007,30,'AMENESES','2019-10-22 09:09:32',NULL,NULL),(0000000479,0000000285,0000000008,30,'AMENESES','2019-10-22 09:09:32',NULL,NULL),(0000000480,0000000286,0000000004,30,'AMENESES','2019-10-22 09:11:18',NULL,NULL),(0000000481,0000000287,0000000007,0,'AMENESES','2019-10-22 09:12:29',NULL,NULL),(0000000482,0000000287,0000000008,0,'AMENESES','2019-10-22 09:12:29',NULL,NULL);
/*!40000 ALTER TABLE `co_planificacion_det` ENABLE KEYS */;
UNLOCK TABLES;
ALTER DATABASE `metalsig_heavy` CHARACTER SET latin1 COLLATE latin1_swedish_ci ;
/*!50003 SET @saved_cs_client      = @@character_set_client */ ;
/*!50003 SET @saved_cs_results     = @@character_set_results */ ;
/*!50003 SET @saved_col_connection = @@collation_connection */ ;
/*!50003 SET character_set_client  = utf8mb4 */ ;
/*!50003 SET character_set_results = utf8mb4 */ ;
/*!50003 SET collation_connection  = utf8mb4_unicode_ci */ ;
/*!50003 SET @saved_sql_mode       = @@sql_mode */ ;
/*!50003 SET sql_mode              = 'NO_ENGINE_SUBSTITUTION' */ ;
DELIMITER ;;
/*!50003 CREATE*/ /*!50017 DEFINER=`metalsigmauser`@`localhost`*/ /*!50003 TRIGGER `set_crea_co_planificacion_det` BEFORE INSERT ON `co_planificacion_det` FOR EACH ROW BEGIN

DECLARE inicio_ TIME;
DECLARE fin_ TIME;
DECLARE dia_ DATE;
DECLARE col_ INT(3);

SELECT DATE_FORMAT(finicio,'%H:%i:%s'), DATE_FORMAT(ffin,'%H:%i:%s'), DATE_FORMAT(finicio,'%Y-%m-%d') INTO inicio_, fin_, dia_ FROM co_planificacion WHERE cplanificacion = NEW.cplanificacion;

SELECT COUNT(*) AS cuenta INTO col_ FROM co_planificacion_det pd INNER JOIN co_planificacion p USING (cplanificacion) WHERE DATE_FORMAT(p.finicio,'%Y-%m-%d') = dia_ AND pd.ctrabajador = NEW.ctrabajador AND pd.col > 0;

IF (NEW.crea_user IS NULL || NEW.crea_user='') THEN SET NEW.crea_user = UPPER(SUBSTR(USER(), 1,(LOCATE('@', USER())-1))); END IF;

IF ( (inicio_ < '15:00:00') && (fin_ > '12:00:00') && col_=0 ) THEN
	SET NEW.col = (SELECT valor FROM adm_parametro WHERE cparametro = 20);
ELSE
	SET NEW.col = 0;
END IF;

END */;;
DELIMITER ;
/*!50003 SET sql_mode              = @saved_sql_mode */ ;
/*!50003 SET character_set_client  = @saved_cs_client */ ;
/*!50003 SET character_set_results = @saved_cs_results */ ;
/*!50003 SET collation_connection  = @saved_col_connection */ ;
ALTER DATABASE `metalsig_heavy` CHARACTER SET utf8 COLLATE utf8_bin ;
ALTER DATABASE `metalsig_heavy` CHARACTER SET latin1 COLLATE latin1_swedish_ci ;
/*!50003 SET @saved_cs_client      = @@character_set_client */ ;
/*!50003 SET @saved_cs_results     = @@character_set_results */ ;
/*!50003 SET @saved_col_connection = @@collation_connection */ ;
/*!50003 SET character_set_client  = utf8mb4 */ ;
/*!50003 SET character_set_results = utf8mb4 */ ;
/*!50003 SET collation_connection  = utf8mb4_unicode_ci */ ;
/*!50003 SET @saved_sql_mode       = @@sql_mode */ ;
/*!50003 SET sql_mode              = 'NO_ENGINE_SUBSTITUTION' */ ;
DELIMITER ;;
/*!50003 CREATE*/ /*!50017 DEFINER=`metalsigmauser`@`localhost`*/ /*!50003 TRIGGER `set_mod_co_planificacion_det` BEFORE UPDATE ON `co_planificacion_det` FOR EACH ROW BEGIN

DECLARE inicio_ TIME;
DECLARE fin_ TIME;
DECLARE dia_ DATE;
DECLARE col_ INT(3);

SELECT DATE_FORMAT(finicio,'%H:%i:%s'), DATE_FORMAT(ffin,'%H:%i:%s'), DATE_FORMAT(finicio,'%Y-%m-%d') INTO inicio_, fin_, dia_ FROM co_planificacion WHERE cplanificacion = NEW.cplanificacion;

SELECT COUNT(*) AS cuenta INTO col_ FROM co_planificacion_det pd INNER JOIN co_planificacion p USING (cplanificacion) WHERE DATE_FORMAT(p.finicio,'%Y-%m-%d') = dia_ AND pd.ctrabajador = NEW.ctrabajador AND pd.col > 0 AND pd.cplanificacion_det!=NEW.cplanificacion_det;

IF (NEW.mod_user IS NULL || NEW.mod_user='') THEN SET NEW.mod_user = UPPER(SUBSTR(USER(), 1,(LOCATE('@', USER())-1))); END IF;

IF ( (inicio_ < '15:00:00') && (fin_ > '12:00:00') && col_=0 ) THEN
	SET NEW.col = (SELECT valor FROM adm_parametro WHERE cparametro = 20);
ELSE
	SET NEW.col = 0;
END IF;
END */;;
DELIMITER ;
/*!50003 SET sql_mode              = @saved_sql_mode */ ;
/*!50003 SET character_set_client  = @saved_cs_client */ ;
/*!50003 SET character_set_results = @saved_cs_results */ ;
/*!50003 SET collation_connection  = @saved_col_connection */ ;
ALTER DATABASE `metalsig_heavy` CHARACTER SET utf8 COLLATE utf8_bin ;

--
-- Table structure for table `co_tipos`
--

DROP TABLE IF EXISTS `co_tipos`;
/*!40101 SET @saved_cs_client     = @@character_set_client */;
/*!40101 SET character_set_client = utf8 */;
CREATE TABLE `co_tipos` (
  `ctipo` int(10) unsigned zerofill NOT NULL AUTO_INCREMENT,
  `tipo` varchar(100) COLLATE utf8_bin NOT NULL,
  `crea_user` varchar(50) COLLATE utf8_bin DEFAULT NULL,
  `crea_date` datetime NOT NULL DEFAULT CURRENT_TIMESTAMP,
  `mod_user` varchar(50) COLLATE utf8_bin DEFAULT NULL,
  `mod_date` datetime DEFAULT NULL ON UPDATE CURRENT_TIMESTAMP,
  PRIMARY KEY (`ctipo`)
) ENGINE=InnoDB AUTO_INCREMENT=6 DEFAULT CHARSET=utf8 COLLATE=utf8_bin;
/*!40101 SET character_set_client = @saved_cs_client */;

--
-- Dumping data for table `co_tipos`
--

LOCK TABLES `co_tipos` WRITE;
/*!40000 ALTER TABLE `co_tipos` DISABLE KEYS */;
INSERT INTO `co_tipos` VALUES (0000000001,'DIAGNOSTICO','ADMINISTRADOR','2018-12-14 10:21:42','ADMINISTRADOR','2019-02-25 10:52:48'),(0000000002,'EVALUACION','ADMINISTRADOR','2018-12-14 10:21:52',NULL,NULL),(0000000003,'REPARACION O MANTENIMIENTO','ADMINISTRADOR','2018-12-14 10:22:06',NULL,NULL),(0000000004,'REPUESTOS E INSUMOS','METALSIGMAUSER','2019-06-05 16:35:42',NULL,NULL),(0000000005,'GARANTIA','ADMINISTRADOR','2019-08-30 11:57:43',NULL,NULL);
/*!40000 ALTER TABLE `co_tipos` ENABLE KEYS */;
UNLOCK TABLES;
ALTER DATABASE `metalsig_heavy` CHARACTER SET latin1 COLLATE latin1_swedish_ci ;
/*!50003 SET @saved_cs_client      = @@character_set_client */ ;
/*!50003 SET @saved_cs_results     = @@character_set_results */ ;
/*!50003 SET @saved_col_connection = @@collation_connection */ ;
/*!50003 SET character_set_client  = utf8mb4 */ ;
/*!50003 SET character_set_results = utf8mb4 */ ;
/*!50003 SET collation_connection  = utf8mb4_general_ci */ ;
/*!50003 SET @saved_sql_mode       = @@sql_mode */ ;
/*!50003 SET sql_mode              = 'NO_AUTO_VALUE_ON_ZERO' */ ;
DELIMITER ;;
/*!50003 CREATE*/ /*!50017 DEFINER=`metalsigmauser`@`localhost`*/ /*!50003 TRIGGER `set_crea_co_tipos` BEFORE INSERT ON `co_tipos` FOR EACH ROW IF (NEW.crea_user IS NULL || NEW.crea_user='') THEN SET NEW.crea_user = UPPER(SUBSTR(USER(), 1,(LOCATE('@', USER())-1))); END IF */;;
DELIMITER ;
/*!50003 SET sql_mode              = @saved_sql_mode */ ;
/*!50003 SET character_set_client  = @saved_cs_client */ ;
/*!50003 SET character_set_results = @saved_cs_results */ ;
/*!50003 SET collation_connection  = @saved_col_connection */ ;
ALTER DATABASE `metalsig_heavy` CHARACTER SET utf8 COLLATE utf8_bin ;
ALTER DATABASE `metalsig_heavy` CHARACTER SET latin1 COLLATE latin1_swedish_ci ;
/*!50003 SET @saved_cs_client      = @@character_set_client */ ;
/*!50003 SET @saved_cs_results     = @@character_set_results */ ;
/*!50003 SET @saved_col_connection = @@collation_connection */ ;
/*!50003 SET character_set_client  = utf8mb4 */ ;
/*!50003 SET character_set_results = utf8mb4 */ ;
/*!50003 SET collation_connection  = utf8mb4_general_ci */ ;
/*!50003 SET @saved_sql_mode       = @@sql_mode */ ;
/*!50003 SET sql_mode              = 'NO_AUTO_VALUE_ON_ZERO' */ ;
DELIMITER ;;
/*!50003 CREATE*/ /*!50017 DEFINER=`metalsigmauser`@`localhost`*/ /*!50003 TRIGGER `set_mod_co_tipos` BEFORE UPDATE ON `co_tipos` FOR EACH ROW IF (NEW.mod_user IS NULL || NEW.mod_user='') THEN SET NEW.mod_user = UPPER(SUBSTR(USER(), 1,(LOCATE('@', USER())-1))); END IF */;;
DELIMITER ;
/*!50003 SET sql_mode              = @saved_sql_mode */ ;
/*!50003 SET character_set_client  = @saved_cs_client */ ;
/*!50003 SET character_set_results = @saved_cs_results */ ;
/*!50003 SET collation_connection  = @saved_col_connection */ ;
ALTER DATABASE `metalsig_heavy` CHARACTER SET utf8 COLLATE utf8_bin ;

--
-- Table structure for table `com_cot_ser`
--

DROP TABLE IF EXISTS `com_cot_ser`;
/*!40101 SET @saved_cs_client     = @@character_set_client */;
/*!40101 SET character_set_client = utf8 */;
CREATE TABLE `com_cot_ser` (
  `ccotizacion` int(10) unsigned zerofill NOT NULL AUTO_INCREMENT,
  `cproveedor` int(10) unsigned zerofill NOT NULL,
  `fecha` date NOT NULL,
  `cods` int(10) unsigned zerofill NOT NULL DEFAULT '0000000000',
  `status` varchar(3) COLLATE utf8_bin NOT NULL DEFAULT 'PEN',
  `crea_user` varchar(50) COLLATE utf8_bin DEFAULT NULL,
  `crea_date` datetime NOT NULL DEFAULT CURRENT_TIMESTAMP,
  `mod_user` varchar(50) COLLATE utf8_bin DEFAULT NULL,
  `mod_date` datetime DEFAULT NULL ON UPDATE CURRENT_TIMESTAMP,
  PRIMARY KEY (`ccotizacion`),
  KEY `cproveedor` (`cproveedor`),
  CONSTRAINT `fk_cproveedor_com_cot_ser` FOREIGN KEY (`cproveedor`) REFERENCES `pro_proveedores` (`cproveedor`)
) ENGINE=InnoDB AUTO_INCREMENT=24 DEFAULT CHARSET=utf8 COLLATE=utf8_bin;
/*!40101 SET character_set_client = @saved_cs_client */;

--
-- Dumping data for table `com_cot_ser`
--

LOCK TABLES `com_cot_ser` WRITE;
/*!40000 ALTER TABLE `com_cot_ser` DISABLE KEYS */;
INSERT INTO `com_cot_ser` VALUES (0000000001,0000000005,'2019-07-10',0000000000,'PRO','ADMINISTRADOR','2019-07-10 11:15:47',NULL,NULL),(0000000002,0000000002,'2019-07-11',0000000000,'PRO','GPETIT','2019-07-11 17:01:04',NULL,NULL),(0000000003,0000000038,'2019-07-22',0000000088,'UTI','ABOLIVAR','2019-07-22 13:02:43','ADMINISTRADOR','2019-07-24 17:02:44'),(0000000004,0000000011,'2019-08-05',0000000106,'CAN','GPETIT','2019-08-05 15:49:58','VZAMBRANO','2019-10-18 11:52:40'),(0000000005,0000000005,'2019-08-05',0000000112,'UTI','GPETIT','2019-08-05 16:10:45','VZAMBRANO','2019-08-09 14:25:38'),(0000000006,0000000027,'2019-08-05',0000000000,'PRO','GPETIT','2019-08-05 16:50:47','DAVID','2019-08-05 21:28:19'),(0000000007,0000000027,'2019-08-05',0000000112,'UTI','DAVID','2019-08-05 21:27:01','VZAMBRANO','2019-08-09 14:25:38'),(0000000008,0000000036,'2019-08-08',0000000113,'UTI','GPETIT','2019-08-08 15:19:56','VZAMBRANO','2019-08-14 15:32:53'),(0000000009,0000000027,'2019-08-09',0000000116,'UTI','DAVID','2019-08-09 14:49:11','VZAMBRANO','2019-08-12 16:44:59'),(0000000010,0000000008,'2019-08-12',0000000000,'PRO','GPETIT','2019-08-12 10:31:51',NULL,NULL),(0000000011,0000000008,'2019-08-12',0000000000,'PRO','GPETIT','2019-08-12 11:03:43',NULL,NULL),(0000000012,0000000005,'2019-08-12',0000000000,'PRO','GPETIT','2019-08-12 11:37:24',NULL,NULL),(0000000013,0000000042,'2019-08-13',0000000120,'UTI','GPETIT','2019-08-13 15:09:34','VZAMBRANO','2019-08-13 17:17:22'),(0000000014,0000000027,'2019-08-13',0000000120,'UTI','GPETIT','2019-08-13 15:13:29','VZAMBRANO','2019-08-13 17:17:22'),(0000000015,0000000005,'2019-08-13',0000000121,'CAN','GPETIT','2019-08-13 16:43:42','VZAMBRANO','2019-10-18 11:53:20'),(0000000016,0000000005,'2019-08-13',0000000122,'CAN','GPETIT','2019-08-13 16:46:15','VZAMBRANO','2019-10-18 11:53:09'),(0000000017,0000000005,'2019-08-13',0000000121,'CAN','GPETIT','2019-08-13 16:48:31','VZAMBRANO','2019-10-18 11:53:20'),(0000000018,0000000002,'2019-08-22',0000000128,'UTI','GPETIT','2019-08-22 17:19:24','VZAMBRANO','2019-08-23 12:56:29'),(0000000019,0000000028,'2019-08-22',0000000128,'UTI','GPETIT','2019-08-22 17:47:10','VZAMBRANO','2019-08-23 12:56:29'),(0000000020,0000000027,'2019-08-29',0000000136,'UTI','GPETIT','2019-08-29 09:26:53','AMENESES','2019-08-29 09:52:18'),(0000000021,0000000027,'2019-08-29',0000000137,'UTI','GPETIT','2019-08-29 09:27:17','AMENESES','2019-08-29 09:52:32'),(0000000022,0000000005,'2019-09-04',0000000000,'PRO','GPETIT','2019-09-04 17:31:48',NULL,NULL),(0000000023,0000000008,'2019-09-09',0000000000,'PRO','GPETIT','2019-09-09 16:38:36',NULL,NULL);
/*!40000 ALTER TABLE `com_cot_ser` ENABLE KEYS */;
UNLOCK TABLES;
/*!50003 SET @saved_cs_client      = @@character_set_client */ ;
/*!50003 SET @saved_cs_results     = @@character_set_results */ ;
/*!50003 SET @saved_col_connection = @@collation_connection */ ;
/*!50003 SET character_set_client  = utf8mb4 */ ;
/*!50003 SET character_set_results = utf8mb4 */ ;
/*!50003 SET collation_connection  = utf8mb4_unicode_ci */ ;
/*!50003 SET @saved_sql_mode       = @@sql_mode */ ;
/*!50003 SET sql_mode              = 'NO_AUTO_VALUE_ON_ZERO' */ ;
DELIMITER ;;
/*!50003 CREATE*/ /*!50017 DEFINER=`metalsigmauser`@`localhost`*/ /*!50003 TRIGGER `set_crea_com_cot_ser` BEFORE INSERT ON `com_cot_ser` FOR EACH ROW IF (NEW.crea_user IS NULL || NEW.crea_user='') THEN SET NEW.crea_user = UPPER(SUBSTR(USER(), 1,(LOCATE('@', USER())-1))); END IF */;;
DELIMITER ;
/*!50003 SET sql_mode              = @saved_sql_mode */ ;
/*!50003 SET character_set_client  = @saved_cs_client */ ;
/*!50003 SET character_set_results = @saved_cs_results */ ;
/*!50003 SET collation_connection  = @saved_col_connection */ ;
/*!50003 SET @saved_cs_client      = @@character_set_client */ ;
/*!50003 SET @saved_cs_results     = @@character_set_results */ ;
/*!50003 SET @saved_col_connection = @@collation_connection */ ;
/*!50003 SET character_set_client  = utf8mb4 */ ;
/*!50003 SET character_set_results = utf8mb4 */ ;
/*!50003 SET collation_connection  = utf8mb4_unicode_ci */ ;
/*!50003 SET @saved_sql_mode       = @@sql_mode */ ;
/*!50003 SET sql_mode              = 'NO_AUTO_VALUE_ON_ZERO' */ ;
DELIMITER ;;
/*!50003 CREATE*/ /*!50017 DEFINER=`metalsigmauser`@`localhost`*/ /*!50003 TRIGGER `set_mod_com_cot_ser` BEFORE UPDATE ON `com_cot_ser` FOR EACH ROW BEGIN
	DECLARE done INT DEFAULT FALSE;
	DECLARE resto INT(3);
    DECLARE id_ INT(10);
    DECLARE carticulo_ INT(10);
    DECLARE cant_, costou_, imp_p_, imp_m_, costot_ DECIMAL(10,2);
    DECLARE cur CURSOR FOR SELECT carticulo,cant,costou,imp_p,imp_m,costot FROM com_cot_ser_det WHERE ccotizacion = NEW.ccotizacion;
    DECLARE CONTINUE HANDLER FOR NOT FOUND SET done = TRUE;
    
	IF (NEW.mod_user IS NULL || NEW.mod_user='') THEN
    	SET NEW.mod_user = UPPER(SUBSTR(USER(), 1,(LOCATE('@', USER())-1)));
    END IF;
	IF(NEW.status="UTI") THEN
    	SELECT COUNT(*) INTO resto FROM com_odc WHERE ccotizacion = NEW.ccotizacion;
        IF (resto<=0) THEN
        	INSERT INTO com_odc (cproveedor, fecha_orden, ccotizacion, status, crea_user) VALUES (NEW.cproveedor, NOW(), NEW.ccotizacion, "PEN", NEW.mod_user);
            SET id_ = LAST_INSERT_ID();
            OPEN cur;
            	ins_loop: LOOP
                	FETCH cur INTO carticulo_,cant_,costou_,imp_p_,imp_m_,costot_;
                    IF done THEN
                    	LEAVE ins_loop;
                    END IF;
                    INSERT INTO com_odc_det (corden,carticulo,cant,costou,imp_p,imp_m,costot,cant_rest,crea_user) VALUES (id_,carticulo_,cant_,costou_,imp_p_,imp_m_,costot_,cant_,NEW.mod_user);
                END LOOP;
            CLOSE cur;
        END IF;
	END IF;
END */;;
DELIMITER ;
/*!50003 SET sql_mode              = @saved_sql_mode */ ;
/*!50003 SET character_set_client  = @saved_cs_client */ ;
/*!50003 SET character_set_results = @saved_cs_results */ ;
/*!50003 SET collation_connection  = @saved_col_connection */ ;

--
-- Table structure for table `com_cot_ser_det`
--

DROP TABLE IF EXISTS `com_cot_ser_det`;
/*!40101 SET @saved_cs_client     = @@character_set_client */;
/*!40101 SET character_set_client = utf8 */;
CREATE TABLE `com_cot_ser_det` (
  `ccotizacion_det` int(10) unsigned zerofill NOT NULL AUTO_INCREMENT,
  `ccotizacion` int(10) unsigned zerofill NOT NULL,
  `carticulo` int(10) unsigned zerofill NOT NULL,
  `cant` decimal(10,2) NOT NULL DEFAULT '0.00',
  `costou` decimal(12,2) NOT NULL DEFAULT '0.00',
  `imp_p` decimal(5,2) NOT NULL DEFAULT '0.00',
  `imp_m` decimal(12,2) NOT NULL DEFAULT '0.00',
  `costot` decimal(12,2) NOT NULL DEFAULT '0.00',
  `crea_user` varchar(50) COLLATE utf8_bin DEFAULT NULL,
  `crea_date` datetime NOT NULL DEFAULT CURRENT_TIMESTAMP,
  `mod_user` varchar(50) COLLATE utf8_bin DEFAULT NULL,
  `mod_date` datetime DEFAULT NULL ON UPDATE CURRENT_TIMESTAMP,
  PRIMARY KEY (`ccotizacion_det`),
  KEY `ccotizacion` (`ccotizacion`),
  KEY `carticulo` (`carticulo`),
  KEY `ccotizacion_det` (`ccotizacion_det`),
  CONSTRAINT `fk_carticulo_com_cot_ser_det` FOREIGN KEY (`carticulo`) REFERENCES `inv_articulos` (`carticulo`),
  CONSTRAINT `fk_ccotizacion_com_cot_ser_det` FOREIGN KEY (`ccotizacion`) REFERENCES `com_cot_ser` (`ccotizacion`)
) ENGINE=InnoDB AUTO_INCREMENT=50 DEFAULT CHARSET=utf8 COLLATE=utf8_bin;
/*!40101 SET character_set_client = @saved_cs_client */;

--
-- Dumping data for table `com_cot_ser_det`
--

LOCK TABLES `com_cot_ser_det` WRITE;
/*!40000 ALTER TABLE `com_cot_ser_det` DISABLE KEYS */;
INSERT INTO `com_cot_ser_det` VALUES (0000000001,0000000001,0000001434,1.00,320000.00,19.00,60800.00,380800.00,'ADMINISTRADOR','2019-07-10 11:15:47',NULL,NULL),(0000000002,0000000002,0000001324,1.00,250000.00,19.00,47500.00,297500.00,'GPETIT','2019-07-11 17:01:04',NULL,NULL),(0000000003,0000000003,0000001581,1.00,1410000.00,19.00,267900.00,1677900.00,'ABOLIVAR','2019-07-22 13:02:43','ABOLIVAR','2019-07-22 15:11:04'),(0000000004,0000000004,0000001581,1.00,280000.00,19.00,53200.00,333200.00,'GPETIT','2019-08-05 15:49:58',NULL,NULL),(0000000005,0000000005,0000001633,1.00,14180000.00,19.00,2694200.00,16874200.00,'GPETIT','2019-08-05 16:10:45',NULL,NULL),(0000000006,0000000006,0000001525,1.00,21000.00,19.00,3990.00,24990.00,'GPETIT','2019-08-05 16:50:47',NULL,NULL),(0000000007,0000000007,0000001525,8.00,21000.00,19.00,31920.00,199920.00,'DAVID','2019-08-05 21:27:01','DAVID','2019-08-05 21:27:07'),(0000000008,0000000008,0000001636,1.00,186046.00,19.00,35348.74,221394.74,'GPETIT','2019-08-08 15:19:56',NULL,NULL),(0000000009,0000000009,0000001523,1.00,320000.00,19.00,60800.00,380800.00,'DAVID','2019-08-09 14:49:11',NULL,NULL),(0000000010,0000000010,0000001637,1.00,829688.00,19.00,157640.72,987328.72,'GPETIT','2019-08-12 10:31:51',NULL,NULL),(0000000011,0000000010,0000001638,1.00,159312.00,19.00,30269.28,189581.28,'GPETIT','2019-08-12 10:31:51',NULL,NULL),(0000000012,0000000010,0000001639,2.00,40857.00,19.00,15525.66,97239.66,'GPETIT','2019-08-12 10:31:51',NULL,NULL),(0000000013,0000000011,0000000980,2.00,1705.00,19.00,647.90,4057.90,'GPETIT','2019-08-12 11:03:43',NULL,NULL),(0000000014,0000000011,0000001098,4.00,1608.00,19.00,1222.08,7654.08,'GPETIT','2019-08-12 11:03:43',NULL,NULL),(0000000015,0000000011,0000001607,4.00,3328.00,19.00,2529.28,15841.28,'GPETIT','2019-08-12 11:03:43',NULL,NULL),(0000000016,0000000011,0000001640,8.00,19650.00,19.00,29868.00,187068.00,'GPETIT','2019-08-12 11:03:43',NULL,NULL),(0000000017,0000000011,0000001641,2.00,192482.00,19.00,73143.16,458107.16,'GPETIT','2019-08-12 11:03:43',NULL,NULL),(0000000018,0000000011,0000001642,2.00,2081.00,19.00,790.78,4952.78,'GPETIT','2019-08-12 11:03:43',NULL,NULL),(0000000019,0000000011,0000001643,5.00,20967.00,19.00,19918.65,124753.65,'GPETIT','2019-08-12 11:03:43',NULL,NULL),(0000000020,0000000011,0000001644,4.00,6483.00,19.00,4927.08,30859.08,'GPETIT','2019-08-12 11:03:43',NULL,NULL),(0000000021,0000000011,0000001645,6.00,12052.00,19.00,13739.28,86051.28,'GPETIT','2019-08-12 11:03:43',NULL,NULL),(0000000022,0000000011,0000001646,4.00,8399.00,19.00,6383.24,39979.24,'GPETIT','2019-08-12 11:03:43',NULL,NULL),(0000000023,0000000011,0000001647,4.00,18566.00,19.00,14110.16,88374.16,'GPETIT','2019-08-12 11:03:43',NULL,NULL),(0000000024,0000000011,0000001648,2.00,22702.00,19.00,8626.76,54030.76,'GPETIT','2019-08-12 11:03:43',NULL,NULL),(0000000025,0000000011,0000001649,2.00,3003.00,19.00,1141.14,7147.14,'GPETIT','2019-08-12 11:03:43',NULL,NULL),(0000000026,0000000011,0000001650,2.00,2385.00,19.00,906.30,5676.30,'GPETIT','2019-08-12 11:03:43',NULL,NULL),(0000000027,0000000011,0000001651,2.00,989.00,19.00,375.82,2353.82,'GPETIT','2019-08-12 11:03:43',NULL,NULL),(0000000028,0000000011,0000001652,5.00,4238.00,19.00,4026.10,25216.10,'GPETIT','2019-08-12 11:03:43',NULL,NULL),(0000000029,0000000011,0000001653,3.00,281310.00,19.00,160346.70,1004276.70,'GPETIT','2019-08-12 11:03:43',NULL,NULL),(0000000030,0000000011,0000001654,3.00,4688.00,19.00,2672.16,16736.16,'GPETIT','2019-08-12 11:03:43',NULL,NULL),(0000000031,0000000012,0000001655,1.00,3250000.00,19.00,617500.00,3867500.00,'GPETIT','2019-08-12 11:37:24',NULL,NULL),(0000000032,0000000012,0000001656,1.00,2643600.00,19.00,502284.00,3145884.00,'GPETIT','2019-08-12 11:37:24',NULL,NULL),(0000000033,0000000012,0000001657,1.00,280000.00,19.00,53200.00,333200.00,'GPETIT','2019-08-12 11:37:24',NULL,NULL),(0000000034,0000000013,0000001669,1.00,25000.00,19.00,4750.00,29750.00,'GPETIT','2019-08-13 15:09:34',NULL,NULL),(0000000035,0000000014,0000001525,12.00,21000.00,19.00,47880.00,299880.00,'GPETIT','2019-08-13 15:13:29',NULL,NULL),(0000000036,0000000015,0000001655,1.00,3250000.00,19.00,617500.00,3867500.00,'GPETIT','2019-08-13 16:43:42',NULL,NULL),(0000000037,0000000016,0000001656,1.00,2643600.00,19.00,502284.00,3145884.00,'GPETIT','2019-08-13 16:46:15',NULL,NULL),(0000000038,0000000017,0000001657,1.00,280000.00,19.00,53200.00,333200.00,'GPETIT','2019-08-13 16:48:31',NULL,NULL),(0000000039,0000000018,0000001783,1.00,55000.00,19.00,10450.00,65450.00,'GPETIT','2019-08-22 17:19:24','GPETIT','2019-08-22 17:48:23'),(0000000040,0000000018,0000001784,1.00,95000.00,19.00,18050.00,113050.00,'GPETIT','2019-08-22 17:19:24','GPETIT','2019-08-22 17:48:23'),(0000000041,0000000019,0000001787,1.00,48590.00,19.00,9232.10,57822.10,'GPETIT','2019-08-22 17:47:10',NULL,NULL),(0000000042,0000000020,0000001523,4.00,60000.00,19.00,45600.00,285600.00,'GPETIT','2019-08-29 09:26:53',NULL,NULL),(0000000043,0000000020,0000001525,8.00,21000.00,19.00,31920.00,199920.00,'GPETIT','2019-08-29 09:26:53',NULL,NULL),(0000000044,0000000021,0000001523,4.00,60000.00,19.00,45600.00,285600.00,'GPETIT','2019-08-29 09:27:17',NULL,NULL),(0000000045,0000000021,0000001525,8.00,21000.00,19.00,31920.00,199920.00,'GPETIT','2019-08-29 09:27:17',NULL,NULL),(0000000046,0000000022,0000001633,1.00,14180000.00,19.00,2694200.00,16874200.00,'GPETIT','2019-09-04 17:31:48',NULL,NULL),(0000000047,0000000023,0000001607,9.00,4355.00,19.00,7447.05,46642.05,'GPETIT','2019-09-09 16:38:36',NULL,NULL),(0000000048,0000000023,0000001608,9.00,5939.00,19.00,10155.69,63606.69,'GPETIT','2019-09-09 16:38:36',NULL,NULL),(0000000049,0000000023,0000001845,2.00,16632.00,19.00,6320.16,39584.16,'GPETIT','2019-09-09 16:38:36',NULL,NULL);
/*!40000 ALTER TABLE `com_cot_ser_det` ENABLE KEYS */;
UNLOCK TABLES;
/*!50003 SET @saved_cs_client      = @@character_set_client */ ;
/*!50003 SET @saved_cs_results     = @@character_set_results */ ;
/*!50003 SET @saved_col_connection = @@collation_connection */ ;
/*!50003 SET character_set_client  = utf8mb4 */ ;
/*!50003 SET character_set_results = utf8mb4 */ ;
/*!50003 SET collation_connection  = utf8mb4_unicode_ci */ ;
/*!50003 SET @saved_sql_mode       = @@sql_mode */ ;
/*!50003 SET sql_mode              = 'NO_AUTO_VALUE_ON_ZERO' */ ;
DELIMITER ;;
/*!50003 CREATE*/ /*!50017 DEFINER=`metalsigmauser`@`localhost`*/ /*!50003 TRIGGER `set_crea_com_cot_ser_det` BEFORE INSERT ON `com_cot_ser_det` FOR EACH ROW IF (NEW.crea_user IS NULL || NEW.crea_user='') THEN SET NEW.crea_user = UPPER(SUBSTR(USER(), 1,(LOCATE('@', USER())-1))); END IF */;;
DELIMITER ;
/*!50003 SET sql_mode              = @saved_sql_mode */ ;
/*!50003 SET character_set_client  = @saved_cs_client */ ;
/*!50003 SET character_set_results = @saved_cs_results */ ;
/*!50003 SET collation_connection  = @saved_col_connection */ ;
/*!50003 SET @saved_cs_client      = @@character_set_client */ ;
/*!50003 SET @saved_cs_results     = @@character_set_results */ ;
/*!50003 SET @saved_col_connection = @@collation_connection */ ;
/*!50003 SET character_set_client  = utf8mb4 */ ;
/*!50003 SET character_set_results = utf8mb4 */ ;
/*!50003 SET collation_connection  = utf8mb4_unicode_ci */ ;
/*!50003 SET @saved_sql_mode       = @@sql_mode */ ;
/*!50003 SET sql_mode              = 'NO_AUTO_VALUE_ON_ZERO' */ ;
DELIMITER ;;
/*!50003 CREATE*/ /*!50017 DEFINER=`metalsigmauser`@`localhost`*/ /*!50003 TRIGGER `set_mod_com_cot_ser_det` BEFORE UPDATE ON `com_cot_ser_det` FOR EACH ROW BEGIN
IF (NEW.mod_user IS NULL || NEW.mod_user='') THEN SET NEW.mod_user = UPPER(SUBSTR(USER(), 1,(LOCATE('@', USER())-1))); END IF;
END */;;
DELIMITER ;
/*!50003 SET sql_mode              = @saved_sql_mode */ ;
/*!50003 SET character_set_client  = @saved_cs_client */ ;
/*!50003 SET character_set_results = @saved_cs_results */ ;
/*!50003 SET collation_connection  = @saved_col_connection */ ;

--
-- Table structure for table `com_cotizacion`
--

DROP TABLE IF EXISTS `com_cotizacion`;
/*!40101 SET @saved_cs_client     = @@character_set_client */;
/*!40101 SET character_set_client = utf8 */;
CREATE TABLE `com_cotizacion` (
  `ccotizacion` int(10) unsigned zerofill NOT NULL AUTO_INCREMENT,
  `status` varchar(3) COLLATE utf8_bin NOT NULL DEFAULT 'PEN',
  `crea_user` varchar(50) COLLATE utf8_bin DEFAULT NULL,
  `crea_date` datetime NOT NULL DEFAULT CURRENT_TIMESTAMP,
  `mod_user` varchar(50) COLLATE utf8_bin DEFAULT NULL,
  `mod_date` datetime DEFAULT NULL ON UPDATE CURRENT_TIMESTAMP,
  PRIMARY KEY (`ccotizacion`)
) ENGINE=InnoDB AUTO_INCREMENT=2 DEFAULT CHARSET=utf8 COLLATE=utf8_bin;
/*!40101 SET character_set_client = @saved_cs_client */;

--
-- Dumping data for table `com_cotizacion`
--

LOCK TABLES `com_cotizacion` WRITE;
/*!40000 ALTER TABLE `com_cotizacion` DISABLE KEYS */;
INSERT INTO `com_cotizacion` VALUES (0000000001,'PRO','ADMINISTRADOR','2019-05-14 16:29:11',NULL,NULL);
/*!40000 ALTER TABLE `com_cotizacion` ENABLE KEYS */;
UNLOCK TABLES;
ALTER DATABASE `metalsig_heavy` CHARACTER SET latin1 COLLATE latin1_swedish_ci ;
/*!50003 SET @saved_cs_client      = @@character_set_client */ ;
/*!50003 SET @saved_cs_results     = @@character_set_results */ ;
/*!50003 SET @saved_col_connection = @@collation_connection */ ;
/*!50003 SET character_set_client  = utf8mb4 */ ;
/*!50003 SET character_set_results = utf8mb4 */ ;
/*!50003 SET collation_connection  = utf8mb4_general_ci */ ;
/*!50003 SET @saved_sql_mode       = @@sql_mode */ ;
/*!50003 SET sql_mode              = 'NO_AUTO_VALUE_ON_ZERO' */ ;
DELIMITER ;;
/*!50003 CREATE*/ /*!50017 DEFINER=`metalsigmauser`@`localhost`*/ /*!50003 TRIGGER `set_crea_com_cotizacion` BEFORE INSERT ON `com_cotizacion` FOR EACH ROW IF (NEW.crea_user IS NULL || NEW.crea_user='') THEN SET NEW.crea_user = UPPER(SUBSTR(USER(), 1,(LOCATE('@', USER())-1))); END IF */;;
DELIMITER ;
/*!50003 SET sql_mode              = @saved_sql_mode */ ;
/*!50003 SET character_set_client  = @saved_cs_client */ ;
/*!50003 SET character_set_results = @saved_cs_results */ ;
/*!50003 SET collation_connection  = @saved_col_connection */ ;
ALTER DATABASE `metalsig_heavy` CHARACTER SET utf8 COLLATE utf8_bin ;
ALTER DATABASE `metalsig_heavy` CHARACTER SET latin1 COLLATE latin1_swedish_ci ;
/*!50003 SET @saved_cs_client      = @@character_set_client */ ;
/*!50003 SET @saved_cs_results     = @@character_set_results */ ;
/*!50003 SET @saved_col_connection = @@collation_connection */ ;
/*!50003 SET character_set_client  = utf8mb4 */ ;
/*!50003 SET character_set_results = utf8mb4 */ ;
/*!50003 SET collation_connection  = utf8mb4_general_ci */ ;
/*!50003 SET @saved_sql_mode       = @@sql_mode */ ;
/*!50003 SET sql_mode              = 'NO_AUTO_VALUE_ON_ZERO' */ ;
DELIMITER ;;
/*!50003 CREATE*/ /*!50017 DEFINER=`metalsigmauser`@`localhost`*/ /*!50003 TRIGGER `set_mod_com_cotizacion` BEFORE UPDATE ON `com_cotizacion` FOR EACH ROW IF (NEW.mod_user IS NULL || NEW.mod_user='') THEN SET NEW.mod_user = UPPER(SUBSTR(USER(), 1,(LOCATE('@', USER())-1))); END IF */;;
DELIMITER ;
/*!50003 SET sql_mode              = @saved_sql_mode */ ;
/*!50003 SET character_set_client  = @saved_cs_client */ ;
/*!50003 SET character_set_results = @saved_cs_results */ ;
/*!50003 SET collation_connection  = @saved_col_connection */ ;
ALTER DATABASE `metalsig_heavy` CHARACTER SET utf8 COLLATE utf8_bin ;

--
-- Table structure for table `com_cotizacion_det`
--

DROP TABLE IF EXISTS `com_cotizacion_det`;
/*!40101 SET @saved_cs_client     = @@character_set_client */;
/*!40101 SET character_set_client = utf8 */;
CREATE TABLE `com_cotizacion_det` (
  `ccotizacion_det` int(10) unsigned zerofill NOT NULL AUTO_INCREMENT,
  `ccotizacion` int(10) unsigned zerofill NOT NULL,
  `carticulo` int(10) unsigned zerofill NOT NULL,
  `cant` decimal(10,2) NOT NULL,
  `cant_rest` decimal(10,2) NOT NULL DEFAULT '0.00',
  `corden` int(10) unsigned zerofill NOT NULL,
  `corden_det` int(10) unsigned zerofill NOT NULL,
  `crea_user` varchar(50) COLLATE utf8_bin DEFAULT NULL,
  `crea_date` datetime NOT NULL DEFAULT CURRENT_TIMESTAMP,
  `mod_user` varchar(50) COLLATE utf8_bin DEFAULT NULL,
  `mod_date` datetime DEFAULT NULL ON UPDATE CURRENT_TIMESTAMP,
  PRIMARY KEY (`ccotizacion_det`),
  KEY `ccotizacion` (`ccotizacion`),
  KEY `carticulo` (`carticulo`),
  KEY `odc` (`corden`),
  KEY `odc_det` (`corden_det`),
  CONSTRAINT `fk_carticulo_com_cotizacion_det` FOREIGN KEY (`carticulo`) REFERENCES `inv_articulos` (`carticulo`),
  CONSTRAINT `fk_ccotizacion_com_cotizacion_det` FOREIGN KEY (`ccotizacion`) REFERENCES `com_cotizacion` (`ccotizacion`) ON DELETE CASCADE
) ENGINE=InnoDB AUTO_INCREMENT=4 DEFAULT CHARSET=utf8 COLLATE=utf8_bin;
/*!40101 SET character_set_client = @saved_cs_client */;

--
-- Dumping data for table `com_cotizacion_det`
--

LOCK TABLES `com_cotizacion_det` WRITE;
/*!40000 ALTER TABLE `com_cotizacion_det` DISABLE KEYS */;
INSERT INTO `com_cotizacion_det` VALUES (0000000001,0000000001,0000001775,1.00,1.00,0000000000,0000000000,'ADMINISTRADOR','2019-05-14 16:29:11',NULL,NULL),(0000000002,0000000001,0000001776,2.00,2.00,0000000000,0000000000,'ADMINISTRADOR','2019-05-14 16:29:11',NULL,NULL),(0000000003,0000000001,0000001777,3.00,3.00,0000000000,0000000000,'ADMINISTRADOR','2019-05-14 16:29:11',NULL,NULL);
/*!40000 ALTER TABLE `com_cotizacion_det` ENABLE KEYS */;
UNLOCK TABLES;
ALTER DATABASE `metalsig_heavy` CHARACTER SET latin1 COLLATE latin1_swedish_ci ;
/*!50003 SET @saved_cs_client      = @@character_set_client */ ;
/*!50003 SET @saved_cs_results     = @@character_set_results */ ;
/*!50003 SET @saved_col_connection = @@collation_connection */ ;
/*!50003 SET character_set_client  = utf8mb4 */ ;
/*!50003 SET character_set_results = utf8mb4 */ ;
/*!50003 SET collation_connection  = utf8mb4_general_ci */ ;
/*!50003 SET @saved_sql_mode       = @@sql_mode */ ;
/*!50003 SET sql_mode              = 'NO_AUTO_VALUE_ON_ZERO' */ ;
DELIMITER ;;
/*!50003 CREATE*/ /*!50017 DEFINER=`metalsigmauser`@`localhost`*/ /*!50003 TRIGGER `set_crea_com_cotizacion_det` BEFORE INSERT ON `com_cotizacion_det` FOR EACH ROW IF (NEW.crea_user IS NULL || NEW.crea_user='') THEN SET NEW.crea_user = UPPER(SUBSTR(USER(), 1,(LOCATE('@', USER())-1))); END IF */;;
DELIMITER ;
/*!50003 SET sql_mode              = @saved_sql_mode */ ;
/*!50003 SET character_set_client  = @saved_cs_client */ ;
/*!50003 SET character_set_results = @saved_cs_results */ ;
/*!50003 SET collation_connection  = @saved_col_connection */ ;
ALTER DATABASE `metalsig_heavy` CHARACTER SET utf8 COLLATE utf8_bin ;
ALTER DATABASE `metalsig_heavy` CHARACTER SET latin1 COLLATE latin1_swedish_ci ;
/*!50003 SET @saved_cs_client      = @@character_set_client */ ;
/*!50003 SET @saved_cs_results     = @@character_set_results */ ;
/*!50003 SET @saved_col_connection = @@collation_connection */ ;
/*!50003 SET character_set_client  = utf8mb4 */ ;
/*!50003 SET character_set_results = utf8mb4 */ ;
/*!50003 SET collation_connection  = utf8mb4_general_ci */ ;
/*!50003 SET @saved_sql_mode       = @@sql_mode */ ;
/*!50003 SET sql_mode              = 'NO_AUTO_VALUE_ON_ZERO' */ ;
DELIMITER ;;
/*!50003 CREATE*/ /*!50017 DEFINER=`metalsigmauser`@`localhost`*/ /*!50003 TRIGGER `set_mod_com_cotizacion_det` BEFORE UPDATE ON `com_cotizacion_det` FOR EACH ROW IF (NEW.mod_user IS NULL || NEW.mod_user='') THEN SET NEW.mod_user = UPPER(SUBSTR(USER(), 1,(LOCATE('@', USER())-1))); END IF */;;
DELIMITER ;
/*!50003 SET sql_mode              = @saved_sql_mode */ ;
/*!50003 SET character_set_client  = @saved_cs_client */ ;
/*!50003 SET character_set_results = @saved_cs_results */ ;
/*!50003 SET collation_connection  = @saved_col_connection */ ;
ALTER DATABASE `metalsig_heavy` CHARACTER SET utf8 COLLATE utf8_bin ;

--
-- Table structure for table `com_odc`
--

DROP TABLE IF EXISTS `com_odc`;
/*!40101 SET @saved_cs_client     = @@character_set_client */;
/*!40101 SET character_set_client = utf8 */;
CREATE TABLE `com_odc` (
  `corden` int(10) unsigned zerofill NOT NULL AUTO_INCREMENT,
  `cproveedor` int(10) unsigned zerofill NOT NULL,
  `fecha_orden` date NOT NULL,
  `ods` int(10) unsigned zerofill NOT NULL DEFAULT '0000000000',
  `ccotizacion` int(10) unsigned zerofill NOT NULL DEFAULT '0000000000',
  `status` varchar(3) COLLATE utf8_bin NOT NULL DEFAULT 'PEN',
  `crea_user` varchar(50) COLLATE utf8_bin DEFAULT NULL,
  `crea_date` datetime NOT NULL DEFAULT CURRENT_TIMESTAMP,
  `mod_user` varchar(50) COLLATE utf8_bin DEFAULT NULL,
  `mod_date` datetime DEFAULT NULL ON UPDATE CURRENT_TIMESTAMP,
  PRIMARY KEY (`corden`),
  KEY `cproveedor` (`cproveedor`),
  CONSTRAINT `fk_cproveedor_com_odc` FOREIGN KEY (`cproveedor`) REFERENCES `pro_proveedores` (`cproveedor`)
) ENGINE=InnoDB AUTO_INCREMENT=42 DEFAULT CHARSET=utf8 COLLATE=utf8_bin;
/*!40101 SET character_set_client = @saved_cs_client */;

--
-- Dumping data for table `com_odc`
--

LOCK TABLES `com_odc` WRITE;
/*!40000 ALTER TABLE `com_odc` DISABLE KEYS */;
INSERT INTO `com_odc` VALUES (0000000001,0000000003,'2019-03-25',0000000000,0000000000,'PRO','ADMINISTRADOR','2019-03-25 11:48:01',NULL,NULL),(0000000002,0000000007,'2019-03-25',0000000000,0000000000,'PRO','GPETIT','2019-03-25 12:16:35',NULL,NULL),(0000000003,0000000011,'2019-06-11',0000000000,0000000000,'UTI','GPETIT','2019-06-11 10:22:09','GPETIT','2019-06-27 11:36:35'),(0000000004,0000000008,'2019-07-03',0000000000,0000000000,'PRO','GPETIT','2019-07-03 12:15:29',NULL,NULL),(0000000005,0000000043,'2019-07-03',0000000000,0000000000,'UTI','GPETIT','2019-07-03 12:21:45','GPETIT','2019-09-26 11:39:24'),(0000000006,0000000008,'2019-07-03',0000000000,0000000000,'UTI','GPETIT','2019-07-03 12:28:49','GPETIT','2019-07-03 12:34:58'),(0000000007,0000000008,'2019-07-08',0000000000,0000000000,'PRO','ABOLIVAR','2019-07-08 12:38:44',NULL,NULL),(0000000008,0000000008,'2019-07-08',0000000000,0000000000,'PRO','ABOLIVAR','2019-07-08 13:02:43',NULL,NULL),(0000000009,0000000011,'2019-07-09',0000000000,0000000000,'PRO','GPETIT','2019-07-09 09:19:00',NULL,NULL),(0000000010,0000000038,'2019-07-23',0000000000,0000000003,'PRO','VZAMBRANO','2019-07-23 17:06:28','ABOLIVAR','2019-07-23 17:11:10'),(0000000011,0000000044,'2019-07-31',0000000000,0000000000,'UTI','GPETIT','2019-07-31 15:07:41','GPETIT','2019-09-26 11:46:08'),(0000000012,0000000008,'2019-08-01',0000000000,0000000000,'PRO','GPETIT','2019-08-01 17:03:12',NULL,NULL),(0000000013,0000000045,'2019-08-05',0000000000,0000000000,'PRO','GPETIT','2019-08-05 13:22:46',NULL,NULL),(0000000014,0000000005,'2019-08-09',0000000000,0000000005,'PRO','VZAMBRANO','2019-08-09 14:25:38','GPETIT','2019-09-09 14:50:16'),(0000000015,0000000027,'2019-08-09',0000000000,0000000007,'PEN','VZAMBRANO','2019-08-09 14:25:38',NULL,NULL),(0000000016,0000000027,'2019-08-12',0000000000,0000000009,'PEN','VZAMBRANO','2019-08-12 16:44:59',NULL,NULL),(0000000017,0000000042,'2019-08-13',0000000000,0000000013,'PRO','VZAMBRANO','2019-08-13 17:17:22','GPETIT','2019-09-26 12:01:53'),(0000000018,0000000027,'2019-08-13',0000000000,0000000014,'PEN','VZAMBRANO','2019-08-13 17:17:22',NULL,NULL),(0000000019,0000000042,'2019-08-14',0000000120,0000000000,'PEN','GPETIT','2019-08-14 10:58:12',NULL,NULL),(0000000020,0000000036,'2019-08-14',0000000000,0000000008,'PRO','VZAMBRANO','2019-08-14 15:32:53','GPETIT','2019-09-26 12:01:33'),(0000000021,0000000002,'2019-08-23',0000000000,0000000018,'PEN','VZAMBRANO','2019-08-23 12:56:29',NULL,NULL),(0000000022,0000000028,'2019-08-23',0000000000,0000000019,'PEN','VZAMBRANO','2019-08-23 12:56:29',NULL,NULL),(0000000023,0000000027,'2019-08-29',0000000000,0000000020,'PEN','AMENESES','2019-08-29 09:52:18',NULL,NULL),(0000000024,0000000027,'2019-08-29',0000000000,0000000021,'PEN','AMENESES','2019-08-29 09:52:32',NULL,NULL),(0000000025,0000000044,'2019-08-30',0000000000,0000000000,'UTI','GPETIT','2019-08-30 10:01:41','GPETIT','2019-09-26 11:44:27'),(0000000026,0000000008,'2019-09-04',0000000043,0000000000,'UTI','GPETIT','2019-09-04 14:25:14','YVILLALOBOS','2019-10-22 09:31:21'),(0000000027,0000000008,'2019-09-04',0000000104,0000000000,'PRO','GPETIT','2019-09-04 14:42:35',NULL,NULL),(0000000028,0000000008,'2019-09-10',0000000153,0000000000,'UTI','GPETIT','2019-09-10 16:42:24','YVILLALOBOS','2019-10-22 09:29:26'),(0000000029,0000000046,'2019-09-11',0000000000,0000000000,'UTI','GPETIT','2019-09-11 10:17:34','GPETIT','2019-09-26 10:44:24'),(0000000030,0000000023,'2019-09-11',0000000153,0000000000,'PRO','GPETIT','2019-09-11 14:37:04',NULL,NULL),(0000000031,0000000008,'2019-09-16',0000000131,0000000000,'PRO','YVILLALOBOS','2019-09-16 11:13:19','YVILLALOBOS','2019-09-16 11:14:14'),(0000000032,0000000008,'2019-09-16',0000000131,0000000000,'UTI','YVILLALOBOS','2019-09-16 12:15:05','YVILLALOBOS','2019-10-22 09:25:49'),(0000000033,0000000008,'2019-09-17',0000000000,0000000000,'PRO','YVILLALOBOS','2019-09-17 09:40:28',NULL,NULL),(0000000034,0000000008,'2019-09-23',0000000131,0000000000,'PRO','YVILLALOBOS','2019-09-23 10:03:32',NULL,NULL),(0000000035,0000000033,'2019-09-23',0000000000,0000000000,'UTI','YVILLALOBOS','2019-09-23 11:39:39','GPETIT','2019-09-26 11:49:21'),(0000000036,0000000027,'2019-09-26',0000000000,0000000000,'PRO','YVILLALOBOS','2019-09-26 14:18:17',NULL,NULL),(0000000037,0000000039,'2019-09-30',0000000161,0000000000,'UTI','YVILLALOBOS','2019-09-30 14:07:13','YVILLALOBOS','2019-10-03 16:17:52'),(0000000038,0000000008,'2019-10-07',0000000164,0000000000,'UTI','YVILLALOBOS','2019-10-07 15:31:09','YVILLALOBOS','2019-10-08 15:27:20'),(0000000039,0000000008,'2019-10-14',0000000000,0000000000,'UTI','YVILLALOBOS','2019-10-14 16:31:52','YVILLALOBOS','2019-10-15 14:21:31'),(0000000040,0000000008,'2019-10-16',0000000180,0000000000,'PRO','YVILLALOBOS','2019-10-16 13:58:52',NULL,NULL),(0000000041,0000000008,'2019-10-21',0000000000,0000000000,'PRO','YVILLALOBOS','2019-10-21 12:11:17',NULL,NULL);
/*!40000 ALTER TABLE `com_odc` ENABLE KEYS */;
UNLOCK TABLES;
ALTER DATABASE `metalsig_heavy` CHARACTER SET latin1 COLLATE latin1_swedish_ci ;
/*!50003 SET @saved_cs_client      = @@character_set_client */ ;
/*!50003 SET @saved_cs_results     = @@character_set_results */ ;
/*!50003 SET @saved_col_connection = @@collation_connection */ ;
/*!50003 SET character_set_client  = utf8mb4 */ ;
/*!50003 SET character_set_results = utf8mb4 */ ;
/*!50003 SET collation_connection  = utf8mb4_general_ci */ ;
/*!50003 SET @saved_sql_mode       = @@sql_mode */ ;
/*!50003 SET sql_mode              = 'NO_AUTO_VALUE_ON_ZERO' */ ;
DELIMITER ;;
/*!50003 CREATE*/ /*!50017 DEFINER=`metalsigmauser`@`localhost`*/ /*!50003 TRIGGER `set_crea_com_odc` BEFORE INSERT ON `com_odc` FOR EACH ROW IF (NEW.crea_user IS NULL || NEW.crea_user='') THEN SET NEW.crea_user = UPPER(SUBSTR(USER(), 1,(LOCATE('@', USER())-1))); END IF */;;
DELIMITER ;
/*!50003 SET sql_mode              = @saved_sql_mode */ ;
/*!50003 SET character_set_client  = @saved_cs_client */ ;
/*!50003 SET character_set_results = @saved_cs_results */ ;
/*!50003 SET collation_connection  = @saved_col_connection */ ;
ALTER DATABASE `metalsig_heavy` CHARACTER SET utf8 COLLATE utf8_bin ;
ALTER DATABASE `metalsig_heavy` CHARACTER SET latin1 COLLATE latin1_swedish_ci ;
/*!50003 SET @saved_cs_client      = @@character_set_client */ ;
/*!50003 SET @saved_cs_results     = @@character_set_results */ ;
/*!50003 SET @saved_col_connection = @@collation_connection */ ;
/*!50003 SET character_set_client  = utf8mb4 */ ;
/*!50003 SET character_set_results = utf8mb4 */ ;
/*!50003 SET collation_connection  = utf8mb4_general_ci */ ;
/*!50003 SET @saved_sql_mode       = @@sql_mode */ ;
/*!50003 SET sql_mode              = 'NO_AUTO_VALUE_ON_ZERO' */ ;
DELIMITER ;;
/*!50003 CREATE*/ /*!50017 DEFINER=`metalsigmauser`@`localhost`*/ /*!50003 TRIGGER `set_mod_com_odc` BEFORE UPDATE ON `com_odc` FOR EACH ROW IF (NEW.mod_user IS NULL || NEW.mod_user='') THEN SET NEW.mod_user = UPPER(SUBSTR(USER(), 1,(LOCATE('@', USER())-1))); END IF */;;
DELIMITER ;
/*!50003 SET sql_mode              = @saved_sql_mode */ ;
/*!50003 SET character_set_client  = @saved_cs_client */ ;
/*!50003 SET character_set_results = @saved_cs_results */ ;
/*!50003 SET collation_connection  = @saved_col_connection */ ;
ALTER DATABASE `metalsig_heavy` CHARACTER SET utf8 COLLATE utf8_bin ;

--
-- Table structure for table `com_odc_det`
--

DROP TABLE IF EXISTS `com_odc_det`;
/*!40101 SET @saved_cs_client     = @@character_set_client */;
/*!40101 SET character_set_client = utf8 */;
CREATE TABLE `com_odc_det` (
  `corden_det` int(10) unsigned zerofill NOT NULL AUTO_INCREMENT,
  `corden` int(10) unsigned zerofill NOT NULL,
  `carticulo` int(10) unsigned zerofill NOT NULL,
  `cant` decimal(10,2) NOT NULL DEFAULT '0.00',
  `costou` decimal(12,2) NOT NULL DEFAULT '0.00',
  `imp_p` decimal(5,2) NOT NULL DEFAULT '0.00',
  `imp_m` decimal(12,2) NOT NULL DEFAULT '0.00',
  `costot` decimal(12,2) NOT NULL DEFAULT '0.00',
  `cant_rest` decimal(10,2) NOT NULL,
  `ccotizacion_det` int(10) unsigned zerofill NOT NULL,
  `crea_user` varchar(50) COLLATE utf8_bin DEFAULT NULL,
  `crea_date` datetime NOT NULL DEFAULT CURRENT_TIMESTAMP,
  `mod_user` varchar(50) COLLATE utf8_bin DEFAULT NULL,
  `mod_date` datetime DEFAULT NULL ON UPDATE CURRENT_TIMESTAMP,
  PRIMARY KEY (`corden_det`),
  KEY `corden` (`corden`),
  KEY `carticulo` (`carticulo`),
  KEY `ccotizacion_det` (`ccotizacion_det`),
  CONSTRAINT `fk_carticulo_com_odc_det` FOREIGN KEY (`carticulo`) REFERENCES `inv_articulos` (`carticulo`),
  CONSTRAINT `fk_corden_com_odc_det` FOREIGN KEY (`corden`) REFERENCES `com_odc` (`corden`)
) ENGINE=InnoDB AUTO_INCREMENT=93 DEFAULT CHARSET=utf8 COLLATE=utf8_bin;
/*!40101 SET character_set_client = @saved_cs_client */;

--
-- Dumping data for table `com_odc_det`
--

LOCK TABLES `com_odc_det` WRITE;
/*!40000 ALTER TABLE `com_odc_det` DISABLE KEYS */;
INSERT INTO `com_odc_det` VALUES (0000000001,0000000001,0000000738,1.00,1.00,19.00,0.19,1.19,1.00,0000000000,'ADMINISTRADOR','2019-03-25 11:48:01',NULL,NULL),(0000000002,0000000002,0000001166,1.00,10026.00,19.00,1904.94,11930.94,1.00,0000000000,'GPETIT','2019-03-25 12:16:35',NULL,NULL),(0000000003,0000000002,0000001257,1.00,17627.00,19.00,3349.13,20976.13,1.00,0000000000,'GPETIT','2019-03-25 12:16:35',NULL,NULL),(0000000004,0000000002,0000001258,1.00,62408.00,19.00,11857.52,74265.52,1.00,0000000000,'GPETIT','2019-03-25 12:16:35',NULL,NULL),(0000000005,0000000002,0000000929,1.00,27047.00,19.00,5138.93,32185.93,1.00,0000000000,'GPETIT','2019-03-25 12:16:35',NULL,NULL),(0000000006,0000000002,0000000971,1.00,22345.00,19.00,4245.55,26590.55,1.00,0000000000,'GPETIT','2019-03-25 12:16:35',NULL,NULL),(0000000007,0000000002,0000001260,1.00,41194.00,19.00,7826.86,49020.86,1.00,0000000000,'GPETIT','2019-03-25 12:16:35',NULL,NULL),(0000000008,0000000002,0000001261,1.00,29352.00,19.00,5576.88,34928.88,1.00,0000000000,'GPETIT','2019-03-25 12:16:35',NULL,NULL),(0000000009,0000000003,0000001539,392.00,450.00,19.00,33516.00,209916.00,0.00,0000000000,'GPETIT','2019-06-11 10:22:09','GPETIT','2019-06-27 11:36:35'),(0000000010,0000000003,0000001540,392.00,320.00,19.00,23833.60,149273.60,0.00,0000000000,'GPETIT','2019-06-11 10:22:09','GPETIT','2019-06-27 11:36:35'),(0000000011,0000000004,0000001373,1.00,100000.00,19.00,19000.00,119000.00,1.00,0000000000,'GPETIT','2019-07-03 12:15:29',NULL,NULL),(0000000012,0000000004,0000001432,1.00,100000.00,19.00,19000.00,119000.00,1.00,0000000000,'GPETIT','2019-07-03 12:15:29',NULL,NULL),(0000000013,0000000004,0000001433,2.00,75000.00,19.00,28500.00,178500.00,2.00,0000000000,'GPETIT','2019-07-03 12:15:29',NULL,NULL),(0000000014,0000000005,0000001373,1.00,100000.00,19.00,19000.00,119000.00,0.00,0000000000,'GPETIT','2019-07-03 12:21:45','GPETIT','2019-09-26 11:39:24'),(0000000015,0000000005,0000001432,1.00,100000.00,19.00,19000.00,119000.00,0.00,0000000000,'GPETIT','2019-07-03 12:21:45','GPETIT','2019-09-26 11:39:24'),(0000000016,0000000005,0000001433,2.00,75000.00,19.00,28500.00,178500.00,0.00,0000000000,'GPETIT','2019-07-03 12:21:45','GPETIT','2019-09-26 11:39:24'),(0000000017,0000000006,0000001350,10.00,17230.00,19.00,32737.00,205037.00,0.00,0000000000,'GPETIT','2019-07-03 12:28:49','GPETIT','2019-07-03 12:34:58'),(0000000018,0000000006,0000001343,2.00,31606.00,19.00,12010.28,75222.28,0.00,0000000000,'GPETIT','2019-07-03 12:28:50','GPETIT','2019-07-03 12:34:58'),(0000000019,0000000007,0000001566,10.00,6459.00,19.00,12272.10,76862.10,10.00,0000000000,'ABOLIVAR','2019-07-08 12:38:44',NULL,NULL),(0000000020,0000000008,0000001567,1.00,656.00,19.00,124.64,780.64,1.00,0000000000,'ABOLIVAR','2019-07-08 13:02:43',NULL,NULL),(0000000021,0000000008,0000001568,1.00,875897.00,19.00,166420.43,1042317.43,1.00,0000000000,'ABOLIVAR','2019-07-08 13:02:43',NULL,NULL),(0000000022,0000000008,0000001569,1.00,334871.00,19.00,63625.49,398496.49,1.00,0000000000,'ABOLIVAR','2019-07-08 13:02:43',NULL,NULL),(0000000023,0000000009,0000001570,10.00,11500.00,19.00,21850.00,136850.00,10.00,0000000000,'GPETIT','2019-07-09 09:19:00',NULL,NULL),(0000000024,0000000009,0000001571,1.00,27000.00,19.00,5130.00,32130.00,1.00,0000000000,'GPETIT','2019-07-09 09:19:00',NULL,NULL),(0000000025,0000000009,0000001572,1.00,16000.00,19.00,3040.00,19040.00,1.00,0000000000,'GPETIT','2019-07-09 09:19:00',NULL,NULL),(0000000026,0000000010,0000001581,1.00,1410000.00,19.00,267900.00,1677900.00,2.00,0000000000,'VZAMBRANO','2019-07-23 17:06:28','ABOLIVAR','2019-07-23 17:11:10'),(0000000027,0000000011,0000001478,1.00,42340.00,19.00,8044.60,50384.60,0.00,0000000000,'GPETIT','2019-07-31 15:07:41','GPETIT','2019-09-26 11:46:08'),(0000000028,0000000011,0000001479,1.00,47600.00,19.00,9044.00,56644.00,0.00,0000000000,'GPETIT','2019-07-31 15:07:41','GPETIT','2019-09-26 11:46:08'),(0000000029,0000000012,0000001625,1.00,136422.00,19.00,25920.18,162342.18,1.00,0000000000,'GPETIT','2019-08-01 17:03:12',NULL,NULL),(0000000030,0000000012,0000001626,1.00,18953.00,19.00,3601.07,22554.07,1.00,0000000000,'GPETIT','2019-08-01 17:03:12',NULL,NULL),(0000000031,0000000012,0000001627,1.00,3406.00,19.00,647.14,4053.14,1.00,0000000000,'GPETIT','2019-08-01 17:03:12',NULL,NULL),(0000000032,0000000013,0000001629,1.00,399280.00,19.00,75863.20,475143.20,1.00,0000000000,'GPETIT','2019-08-05 13:22:46',NULL,NULL),(0000000033,0000000013,0000001630,1.00,287339.00,19.00,54594.41,341933.41,1.00,0000000000,'GPETIT','2019-08-05 13:22:46',NULL,NULL),(0000000034,0000000013,0000001631,1.00,36990.00,19.00,7028.10,44018.10,1.00,0000000000,'GPETIT','2019-08-05 13:22:46',NULL,NULL),(0000000035,0000000013,0000001632,1.00,258565.00,19.00,49127.35,307692.35,1.00,0000000000,'GPETIT','2019-08-05 13:22:46',NULL,NULL),(0000000036,0000000014,0000001633,1.00,14180000.00,19.00,2694200.00,16874200.00,2.00,0000000000,'VZAMBRANO','2019-08-09 14:25:38','GPETIT','2019-09-09 14:50:16'),(0000000037,0000000015,0000001525,8.00,21000.00,19.00,31920.00,199920.00,8.00,0000000000,'VZAMBRANO','2019-08-09 14:25:38',NULL,NULL),(0000000038,0000000016,0000001523,1.00,320000.00,19.00,60800.00,380800.00,1.00,0000000000,'VZAMBRANO','2019-08-12 16:44:59',NULL,NULL),(0000000039,0000000017,0000001669,1.00,25000.00,19.00,4750.00,29750.00,2.00,0000000000,'VZAMBRANO','2019-08-13 17:17:22','GPETIT','2019-09-26 12:01:53'),(0000000040,0000000018,0000001525,12.00,21000.00,19.00,47880.00,299880.00,12.00,0000000000,'VZAMBRANO','2019-08-13 17:17:22',NULL,NULL),(0000000041,0000000019,0000001665,5.00,47141.00,19.00,44783.95,280488.95,5.00,0000000000,'GPETIT','2019-08-14 10:58:12',NULL,NULL),(0000000042,0000000019,0000001666,1.00,17291.00,19.00,3285.29,20576.29,1.00,0000000000,'GPETIT','2019-08-14 10:58:12',NULL,NULL),(0000000043,0000000019,0000001667,1.00,93402.00,19.00,17746.38,111148.38,1.00,0000000000,'GPETIT','2019-08-14 10:58:12',NULL,NULL),(0000000044,0000000019,0000001668,2.00,8781.00,19.00,3336.78,20898.78,2.00,0000000000,'GPETIT','2019-08-14 10:58:12',NULL,NULL),(0000000045,0000000019,0000001334,2.00,23880.00,19.00,9074.40,56834.40,2.00,0000000000,'GPETIT','2019-08-14 10:58:12',NULL,NULL),(0000000046,0000000019,0000001335,2.00,40000.00,19.00,15200.00,95200.00,2.00,0000000000,'GPETIT','2019-08-14 10:58:12',NULL,NULL),(0000000047,0000000020,0000001636,1.00,186046.00,19.00,35348.74,221394.74,2.00,0000000000,'VZAMBRANO','2019-08-14 15:32:53','GPETIT','2019-09-26 12:01:33'),(0000000048,0000000021,0000001783,1.00,55000.00,19.00,10450.00,65450.00,1.00,0000000000,'VZAMBRANO','2019-08-23 12:56:29',NULL,NULL),(0000000049,0000000021,0000001784,1.00,95000.00,19.00,18050.00,113050.00,1.00,0000000000,'VZAMBRANO','2019-08-23 12:56:29',NULL,NULL),(0000000050,0000000022,0000001787,1.00,48590.00,19.00,9232.10,57822.10,1.00,0000000000,'VZAMBRANO','2019-08-23 12:56:29',NULL,NULL),(0000000051,0000000023,0000001523,4.00,60000.00,19.00,45600.00,285600.00,4.00,0000000000,'AMENESES','2019-08-29 09:52:18',NULL,NULL),(0000000052,0000000023,0000001525,8.00,21000.00,19.00,31920.00,199920.00,8.00,0000000000,'AMENESES','2019-08-29 09:52:18',NULL,NULL),(0000000053,0000000024,0000001523,4.00,60000.00,19.00,45600.00,285600.00,4.00,0000000000,'AMENESES','2019-08-29 09:52:32',NULL,NULL),(0000000054,0000000024,0000001525,8.00,21000.00,19.00,31920.00,199920.00,8.00,0000000000,'AMENESES','2019-08-29 09:52:32',NULL,NULL),(0000000055,0000000025,0000001829,4.00,52404.00,19.00,39827.04,249443.04,0.00,0000000000,'GPETIT','2019-08-30 10:01:41','GPETIT','2019-09-26 11:44:27'),(0000000056,0000000025,0000001830,1.00,39270.00,19.00,7461.30,46731.30,0.00,0000000000,'GPETIT','2019-08-30 10:01:41','GPETIT','2019-09-26 11:44:27'),(0000000057,0000000026,0000001351,1.00,12157.00,19.00,2309.83,14466.83,0.00,0000000000,'GPETIT','2019-09-04 14:25:14','YVILLALOBOS','2019-10-22 09:31:21'),(0000000058,0000000026,0000001352,1.00,40133.00,19.00,7625.27,47758.27,0.00,0000000000,'GPETIT','2019-09-04 14:25:14','YVILLALOBOS','2019-10-22 09:31:21'),(0000000059,0000000026,0000001353,1.00,33770.00,19.00,6416.30,40186.30,0.00,0000000000,'GPETIT','2019-09-04 14:25:14','YVILLALOBOS','2019-10-22 09:31:21'),(0000000060,0000000027,0000001166,1.00,10387.00,19.00,1973.53,12360.53,1.00,0000000000,'GPETIT','2019-09-04 14:42:35',NULL,NULL),(0000000061,0000000027,0000001258,1.00,64049.00,19.00,12169.31,76218.31,1.00,0000000000,'GPETIT','2019-09-04 14:42:35',NULL,NULL),(0000000062,0000000027,0000000971,1.00,23148.00,19.00,4398.12,27546.12,1.00,0000000000,'GPETIT','2019-09-04 14:42:35',NULL,NULL),(0000000063,0000000027,0000001261,1.00,30406.00,19.00,5777.14,36183.14,1.00,0000000000,'GPETIT','2019-09-04 14:42:35',NULL,NULL),(0000000064,0000000028,0000001842,1.00,73053.00,19.00,13880.07,86933.07,0.00,0000000000,'GPETIT','2019-09-10 16:42:24','YVILLALOBOS','2019-10-22 09:29:26'),(0000000065,0000000028,0000001844,1.00,44656.00,19.00,8484.64,53140.64,0.00,0000000000,'GPETIT','2019-09-10 16:42:24','YVILLALOBOS','2019-10-22 09:29:26'),(0000000066,0000000028,0000001843,1.00,46617.00,19.00,8857.23,55474.23,0.00,0000000000,'GPETIT','2019-09-10 16:42:24','YVILLALOBOS','2019-10-22 09:29:26'),(0000000067,0000000028,0000001343,2.00,31606.00,19.00,12010.28,75222.28,0.00,0000000000,'GPETIT','2019-09-10 16:42:24','YVILLALOBOS','2019-10-22 09:29:26'),(0000000068,0000000029,0000001846,1.00,20600.00,19.00,3914.00,24514.00,0.00,0000000000,'GPETIT','2019-09-11 10:17:34','GPETIT','2019-09-26 10:44:24'),(0000000069,0000000030,0000001338,1.00,8628.00,19.00,1639.32,10267.32,1.00,0000000000,'GPETIT','2019-09-11 14:37:04',NULL,NULL),(0000000070,0000000030,0000001339,1.00,29202.00,19.00,5548.38,34750.38,1.00,0000000000,'GPETIT','2019-09-11 14:37:04',NULL,NULL),(0000000071,0000000030,0000001340,1.00,37374.00,19.00,7101.06,44475.06,1.00,0000000000,'GPETIT','2019-09-11 14:37:04',NULL,NULL),(0000000072,0000000030,0000001341,1.00,13422.00,19.00,2550.18,15972.18,1.00,0000000000,'GPETIT','2019-09-11 14:37:04',NULL,NULL),(0000000073,0000000030,0000001342,1.00,5928.00,19.00,1126.32,7054.32,1.00,0000000000,'GPETIT','2019-09-11 14:37:04',NULL,NULL),(0000000074,0000000031,0000001429,1.00,5885.00,19.00,1118.15,7003.15,2.00,0000000000,'YVILLALOBOS','2019-09-16 11:13:19','YVILLALOBOS','2019-09-16 11:14:14'),(0000000075,0000000031,0000001428,1.00,32777.00,19.00,6227.63,39004.63,2.00,0000000000,'YVILLALOBOS','2019-09-16 11:13:19','YVILLALOBOS','2019-09-16 11:14:14'),(0000000076,0000000031,0000001166,1.00,10387.00,19.00,1973.53,12360.53,2.00,0000000000,'YVILLALOBOS','2019-09-16 11:13:19','YVILLALOBOS','2019-09-16 11:14:14'),(0000000077,0000000031,0000001260,1.00,42674.00,19.00,8108.06,50782.06,2.00,0000000000,'YVILLALOBOS','2019-09-16 11:13:19','YVILLALOBOS','2019-09-16 11:14:14'),(0000000078,0000000031,0000001258,1.00,64049.00,19.00,12169.31,76218.31,2.00,0000000000,'YVILLALOBOS','2019-09-16 11:13:19','YVILLALOBOS','2019-09-16 11:14:14'),(0000000079,0000000031,0000001426,1.00,21505.00,19.00,4085.95,25590.95,2.00,0000000000,'YVILLALOBOS','2019-09-16 11:13:19','YVILLALOBOS','2019-09-16 11:14:14'),(0000000080,0000000031,0000001427,1.00,28584.00,19.00,5430.96,34014.96,2.00,0000000000,'YVILLALOBOS','2019-09-16 11:13:19','YVILLALOBOS','2019-09-16 11:14:14'),(0000000081,0000000032,0000001261,1.00,30406.00,19.00,5777.14,36183.14,0.00,0000000000,'YVILLALOBOS','2019-09-16 12:15:05','YVILLALOBOS','2019-10-22 09:25:49'),(0000000082,0000000032,0000000971,1.00,23148.00,19.00,4398.12,27546.12,0.00,0000000000,'YVILLALOBOS','2019-09-16 12:15:05','YVILLALOBOS','2019-10-22 09:25:49'),(0000000083,0000000033,0000001848,10.00,6044.00,19.00,11483.60,71923.60,10.00,0000000000,'YVILLALOBOS','2019-09-17 09:40:28',NULL,NULL),(0000000084,0000000034,0000001350,2.00,17230.00,19.00,6547.40,41007.40,2.00,0000000000,'YVILLALOBOS','2019-09-23 10:03:32',NULL,NULL),(0000000085,0000000035,0000001852,2.00,51040.00,19.00,19395.20,121475.20,0.00,0000000000,'YVILLALOBOS','2019-09-23 11:39:39','GPETIT','2019-09-26 11:49:21'),(0000000086,0000000036,0000001525,6.00,21000.00,19.00,23940.00,149940.00,6.00,0000000000,'YVILLALOBOS','2019-09-26 14:18:17',NULL,NULL),(0000000087,0000000037,0000001894,1.00,136348.00,19.00,25906.12,162254.12,0.00,0000000000,'YVILLALOBOS','2019-09-30 14:07:13','YVILLALOBOS','2019-10-03 16:17:52'),(0000000088,0000000038,0000001491,1.00,18382.00,19.00,3492.58,21874.58,0.00,0000000000,'YVILLALOBOS','2019-10-07 15:31:09','YVILLALOBOS','2019-10-08 15:27:20'),(0000000089,0000000039,0000000876,8.00,1385.00,19.00,2105.20,13185.20,0.00,0000000000,'YVILLALOBOS','2019-10-14 16:31:52','YVILLALOBOS','2019-10-15 14:21:30'),(0000000090,0000000039,0000001233,8.00,1594.00,19.00,2422.88,15174.88,0.00,0000000000,'YVILLALOBOS','2019-10-14 16:31:52','YVILLALOBOS','2019-10-15 14:21:31'),(0000000091,0000000040,0000001908,2.00,227061.00,19.00,86283.18,540405.18,2.00,0000000000,'YVILLALOBOS','2019-10-16 13:58:52',NULL,NULL),(0000000092,0000000041,0000001911,1.00,29191.00,19.00,5546.29,34737.29,1.00,0000000000,'YVILLALOBOS','2019-10-21 12:11:17',NULL,NULL);
/*!40000 ALTER TABLE `com_odc_det` ENABLE KEYS */;
UNLOCK TABLES;
ALTER DATABASE `metalsig_heavy` CHARACTER SET latin1 COLLATE latin1_swedish_ci ;
/*!50003 SET @saved_cs_client      = @@character_set_client */ ;
/*!50003 SET @saved_cs_results     = @@character_set_results */ ;
/*!50003 SET @saved_col_connection = @@collation_connection */ ;
/*!50003 SET character_set_client  = utf8mb4 */ ;
/*!50003 SET character_set_results = utf8mb4 */ ;
/*!50003 SET collation_connection  = utf8mb4_general_ci */ ;
/*!50003 SET @saved_sql_mode       = @@sql_mode */ ;
/*!50003 SET sql_mode              = 'NO_AUTO_VALUE_ON_ZERO' */ ;
DELIMITER ;;
/*!50003 CREATE*/ /*!50017 DEFINER=`metalsigmauser`@`localhost`*/ /*!50003 TRIGGER `set_crea_com_odc_det` BEFORE INSERT ON `com_odc_det` FOR EACH ROW IF (NEW.crea_user IS NULL || NEW.crea_user='') THEN SET NEW.crea_user = UPPER(SUBSTR(USER(), 1,(LOCATE('@', USER())-1))); END IF */;;
DELIMITER ;
/*!50003 SET sql_mode              = @saved_sql_mode */ ;
/*!50003 SET character_set_client  = @saved_cs_client */ ;
/*!50003 SET character_set_results = @saved_cs_results */ ;
/*!50003 SET collation_connection  = @saved_col_connection */ ;
ALTER DATABASE `metalsig_heavy` CHARACTER SET utf8 COLLATE utf8_bin ;
ALTER DATABASE `metalsig_heavy` CHARACTER SET latin1 COLLATE latin1_swedish_ci ;
/*!50003 SET @saved_cs_client      = @@character_set_client */ ;
/*!50003 SET @saved_cs_results     = @@character_set_results */ ;
/*!50003 SET @saved_col_connection = @@collation_connection */ ;
/*!50003 SET character_set_client  = utf8mb4 */ ;
/*!50003 SET character_set_results = utf8mb4 */ ;
/*!50003 SET collation_connection  = utf8mb4_general_ci */ ;
/*!50003 SET @saved_sql_mode       = @@sql_mode */ ;
/*!50003 SET sql_mode              = 'NO_AUTO_VALUE_ON_ZERO' */ ;
DELIMITER ;;
/*!50003 CREATE*/ /*!50017 DEFINER=`metalsigmauser`@`localhost`*/ /*!50003 TRIGGER `set_mod_com_odc_det` BEFORE UPDATE ON `com_odc_det` FOR EACH ROW BEGIN
IF (NEW.mod_user IS NULL || NEW.mod_user='') THEN SET NEW.mod_user = UPPER(SUBSTR(USER(), 1,(LOCATE('@', USER())-1))); END IF;
IF (SIGN(NEW.cant_rest) = 1) THEN SET NEW.cant_rest = OLD.cant_rest + NEW.cant_rest;
ELSEIF (SIGN(NEW.cant_rest) = -1) THEN SET NEW.cant_rest = OLD.cant_rest + NEW.cant_rest; END IF;
END */;;
DELIMITER ;
/*!50003 SET sql_mode              = @saved_sql_mode */ ;
/*!50003 SET character_set_client  = @saved_cs_client */ ;
/*!50003 SET character_set_results = @saved_cs_results */ ;
/*!50003 SET collation_connection  = @saved_col_connection */ ;
ALTER DATABASE `metalsig_heavy` CHARACTER SET utf8 COLLATE utf8_bin ;
ALTER DATABASE `metalsig_heavy` CHARACTER SET latin1 COLLATE latin1_swedish_ci ;
/*!50003 SET @saved_cs_client      = @@character_set_client */ ;
/*!50003 SET @saved_cs_results     = @@character_set_results */ ;
/*!50003 SET @saved_col_connection = @@collation_connection */ ;
/*!50003 SET character_set_client  = utf8mb4 */ ;
/*!50003 SET character_set_results = utf8mb4 */ ;
/*!50003 SET collation_connection  = utf8mb4_general_ci */ ;
/*!50003 SET @saved_sql_mode       = @@sql_mode */ ;
/*!50003 SET sql_mode              = 'NO_AUTO_VALUE_ON_ZERO' */ ;
DELIMITER ;;
/*!50003 CREATE*/ /*!50017 DEFINER=`metalsigmauser`@`localhost`*/ /*!50003 TRIGGER `set_status_odc` AFTER UPDATE ON `com_odc_det` FOR EACH ROW BEGIN
	DECLARE cant_restante INT(10);
    SELECT SUM(cant_rest) INTO cant_restante FROM com_odc_det WHERE corden=NEW.corden;
    IF cant_restante <=0 THEN
    	UPDATE com_odc SET status="UTI", mod_user=NEW.mod_user WHERE corden = NEW.corden;
    ELSEIF cant_restante > 0 THEN
    	UPDATE com_odc SET status="PRO", mod_user=NEW.mod_user WHERE corden = NEW.corden;
    END IF;
END */;;
DELIMITER ;
/*!50003 SET sql_mode              = @saved_sql_mode */ ;
/*!50003 SET character_set_client  = @saved_cs_client */ ;
/*!50003 SET character_set_results = @saved_cs_results */ ;
/*!50003 SET collation_connection  = @saved_col_connection */ ;
ALTER DATABASE `metalsig_heavy` CHARACTER SET utf8 COLLATE utf8_bin ;

--
-- Table structure for table `data_comuna`
--

DROP TABLE IF EXISTS `data_comuna`;
/*!40101 SET @saved_cs_client     = @@character_set_client */;
/*!40101 SET character_set_client = utf8 */;
CREATE TABLE `data_comuna` (
  `ccomuna` int(10) unsigned zerofill NOT NULL AUTO_INCREMENT,
  `comuna` varchar(50) COLLATE utf8_bin NOT NULL,
  `cprovincia` int(10) unsigned zerofill NOT NULL,
  `crea_user` varchar(50) COLLATE utf8_bin DEFAULT NULL,
  `crea_date` datetime NOT NULL DEFAULT CURRENT_TIMESTAMP,
  `mod_user` varchar(50) COLLATE utf8_bin DEFAULT NULL,
  `mod_date` datetime DEFAULT NULL ON UPDATE CURRENT_TIMESTAMP,
  PRIMARY KEY (`ccomuna`),
  KEY `cciudad` (`cprovincia`),
  CONSTRAINT `fk_cciudad_data_ciudad` FOREIGN KEY (`cprovincia`) REFERENCES `data_provincia` (`cprovincia`)
) ENGINE=InnoDB AUTO_INCREMENT=347 DEFAULT CHARSET=utf8 COLLATE=utf8_bin;
/*!40101 SET character_set_client = @saved_cs_client */;

--
-- Dumping data for table `data_comuna`
--

LOCK TABLES `data_comuna` WRITE;
/*!40000 ALTER TABLE `data_comuna` DISABLE KEYS */;
INSERT INTO `data_comuna` VALUES (0000000001,'IQUIQUE',0000000003,NULL,'2019-01-25 16:43:10',NULL,NULL),(0000000002,'ALTO HOSPICIO',0000000003,NULL,'2019-01-25 16:43:10',NULL,NULL),(0000000003,'POZO ALMONTE',0000000004,NULL,'2019-01-25 16:43:10',NULL,NULL),(0000000004,'CAMIÑA',0000000004,NULL,'2019-01-25 16:43:10',NULL,NULL),(0000000005,'COLCHANE',0000000004,NULL,'2019-01-25 16:43:10',NULL,NULL),(0000000006,'HUARA',0000000004,NULL,'2019-01-25 16:43:10',NULL,NULL),(0000000007,'PICA',0000000004,NULL,'2019-01-25 16:43:10',NULL,NULL),(0000000008,'ANTOFAGASTA',0000000005,NULL,'2019-01-25 16:43:10',NULL,NULL),(0000000009,'MEJILLONES',0000000005,NULL,'2019-01-25 16:43:10',NULL,NULL),(0000000010,'SIERRA GORDA',0000000005,NULL,'2019-01-25 16:43:10',NULL,NULL),(0000000011,'TALTAL',0000000005,NULL,'2019-01-25 16:43:10',NULL,NULL),(0000000012,'CALAMA',0000000006,NULL,'2019-01-25 16:43:10',NULL,NULL),(0000000013,'OLLAGÜE',0000000006,NULL,'2019-01-25 16:43:10',NULL,NULL),(0000000014,'SAN PEDRO DE ATACAMA',0000000006,NULL,'2019-01-25 16:43:10',NULL,NULL),(0000000015,'TOCOPILLA',0000000007,NULL,'2019-01-25 16:43:10',NULL,NULL),(0000000016,'MARIA ELENA',0000000007,NULL,'2019-01-25 16:43:10',NULL,NULL),(0000000017,'COPIAPO',0000000008,NULL,'2019-01-25 16:43:10',NULL,NULL),(0000000018,'CALDERA',0000000008,NULL,'2019-01-25 16:43:10',NULL,NULL),(0000000019,'TIERRA AMARILLA',0000000008,NULL,'2019-01-25 16:43:10',NULL,NULL),(0000000020,'CHAÑARAL',0000000009,NULL,'2019-01-25 16:43:10',NULL,NULL),(0000000021,'DIEGO DE ALMAGRO',0000000009,NULL,'2019-01-25 16:43:10',NULL,NULL),(0000000022,'VALLENAR',0000000010,NULL,'2019-01-25 16:43:10',NULL,NULL),(0000000023,'ALTO DEL CARMEN',0000000010,NULL,'2019-01-25 16:43:10',NULL,NULL),(0000000024,'FREIRINA',0000000010,NULL,'2019-01-25 16:43:10',NULL,NULL),(0000000025,'HUASCO',0000000010,NULL,'2019-01-25 16:43:10',NULL,NULL),(0000000026,'LA SERENA',0000000011,NULL,'2019-01-25 16:43:10',NULL,NULL),(0000000027,'COQUIMBO',0000000011,NULL,'2019-01-25 16:43:10',NULL,NULL),(0000000028,'ANDACOLLO',0000000011,NULL,'2019-01-25 16:43:10',NULL,NULL),(0000000029,'LA HIGUERA',0000000011,NULL,'2019-01-25 16:43:10',NULL,NULL),(0000000030,'PAIHUANO',0000000011,NULL,'2019-01-25 16:43:10',NULL,NULL),(0000000031,'VICUÑA',0000000011,NULL,'2019-01-25 16:43:10',NULL,NULL),(0000000032,'ILLAPEL',0000000012,NULL,'2019-01-25 16:43:10',NULL,NULL),(0000000033,'CANELA',0000000012,NULL,'2019-01-25 16:43:10',NULL,NULL),(0000000034,'LOS VILOS',0000000012,NULL,'2019-01-25 16:43:10',NULL,NULL),(0000000035,'SALAMANCA',0000000012,NULL,'2019-01-25 16:43:10',NULL,NULL),(0000000036,'OVALLE',0000000013,NULL,'2019-01-25 16:43:10',NULL,NULL),(0000000037,'COMBARBALA',0000000013,NULL,'2019-01-25 16:43:10',NULL,NULL),(0000000038,'MONTE PATRIA',0000000013,NULL,'2019-01-25 16:43:10',NULL,NULL),(0000000039,'PUNITAQUI',0000000013,NULL,'2019-01-25 16:43:10',NULL,NULL),(0000000040,'RIO HURTADO',0000000013,NULL,'2019-01-25 16:43:10',NULL,NULL),(0000000041,'VALPARAISO',0000000014,NULL,'2019-01-25 16:43:10',NULL,NULL),(0000000042,'CASABLANCA',0000000014,NULL,'2019-01-25 16:43:10',NULL,NULL),(0000000043,'CONCON',0000000014,NULL,'2019-01-25 16:43:10',NULL,NULL),(0000000044,'JUAN FERNANDEZ',0000000014,NULL,'2019-01-25 16:43:10',NULL,NULL),(0000000045,'PUCHUNCAVI',0000000014,NULL,'2019-01-25 16:43:10',NULL,NULL),(0000000046,'QUINTERO',0000000014,NULL,'2019-01-25 16:43:10',NULL,NULL),(0000000047,'VIÑA DEL MAR',0000000014,NULL,'2019-01-25 16:43:10',NULL,NULL),(0000000048,'ISLA DE PASCUA',0000000015,NULL,'2019-01-25 16:43:10',NULL,NULL),(0000000049,'LOS ANDES',0000000016,NULL,'2019-01-25 16:43:10',NULL,NULL),(0000000050,'CALLE LARGA',0000000016,NULL,'2019-01-25 16:43:10',NULL,NULL),(0000000051,'RINCONADA',0000000016,NULL,'2019-01-25 16:43:10',NULL,NULL),(0000000052,'SAN ESTEBAN',0000000016,NULL,'2019-01-25 16:43:10',NULL,NULL),(0000000053,'LA LIGUA',0000000017,NULL,'2019-01-25 16:43:10',NULL,NULL),(0000000054,'CABILDO',0000000017,NULL,'2019-01-25 16:43:10',NULL,NULL),(0000000055,'PAPUDO',0000000017,NULL,'2019-01-25 16:43:10',NULL,NULL),(0000000056,'PETORCA',0000000017,NULL,'2019-01-25 16:43:10',NULL,NULL),(0000000057,'ZAPALLAR',0000000017,NULL,'2019-01-25 16:43:10',NULL,NULL),(0000000058,'QUILLOTA',0000000018,NULL,'2019-01-25 16:43:10',NULL,NULL),(0000000059,'LA CALERA',0000000018,NULL,'2019-01-25 16:43:10',NULL,NULL),(0000000060,'HIJUELAS',0000000018,NULL,'2019-01-25 16:43:10',NULL,NULL),(0000000061,'LA CRUZ',0000000018,NULL,'2019-01-25 16:43:10',NULL,NULL),(0000000062,'NOGALES',0000000018,NULL,'2019-01-25 16:43:10',NULL,NULL),(0000000063,'SAN ANTONIO',0000000019,NULL,'2019-01-25 16:43:10',NULL,NULL),(0000000064,'ALGARROBO',0000000019,NULL,'2019-01-25 16:43:10',NULL,NULL),(0000000065,'CARTAGENA',0000000019,NULL,'2019-01-25 16:43:10',NULL,NULL),(0000000066,'EL QUISCO',0000000019,NULL,'2019-01-25 16:43:10',NULL,NULL),(0000000067,'EL TABO',0000000019,NULL,'2019-01-25 16:43:10',NULL,NULL),(0000000068,'SANTO DOMINGO',0000000019,NULL,'2019-01-25 16:43:10',NULL,NULL),(0000000069,'SAN FELIPE',0000000020,NULL,'2019-01-25 16:43:10',NULL,NULL),(0000000070,'CATEMU',0000000020,NULL,'2019-01-25 16:43:10',NULL,NULL),(0000000071,'LLAY LLAY',0000000020,NULL,'2019-01-25 16:43:10',NULL,NULL),(0000000072,'PANQUEHUE',0000000020,NULL,'2019-01-25 16:43:10',NULL,NULL),(0000000073,'PUTAENDO',0000000020,NULL,'2019-01-25 16:43:10',NULL,NULL),(0000000074,'SANTA MARIA',0000000020,NULL,'2019-01-25 16:43:10',NULL,NULL),(0000000075,'QUILPUE',0000000021,NULL,'2019-01-25 16:43:10',NULL,NULL),(0000000076,'LIMACHE',0000000021,NULL,'2019-01-25 16:43:10',NULL,NULL),(0000000077,'OLMUE',0000000021,NULL,'2019-01-25 16:43:10',NULL,NULL),(0000000078,'VILLA ALEMANA',0000000021,NULL,'2019-01-25 16:43:10',NULL,NULL),(0000000079,'RANCAGUA',0000000022,NULL,'2019-01-25 16:43:10',NULL,NULL),(0000000080,'CODEGUA',0000000022,NULL,'2019-01-25 16:43:10',NULL,NULL),(0000000081,'COINCO',0000000022,NULL,'2019-01-25 16:43:10',NULL,NULL),(0000000082,'COLTAUCO',0000000022,NULL,'2019-01-25 16:43:10',NULL,NULL),(0000000083,'DOÑIHUE',0000000022,NULL,'2019-01-25 16:43:10',NULL,NULL),(0000000084,'GRANEROS',0000000022,NULL,'2019-01-25 16:43:10',NULL,NULL),(0000000085,'LAS CABRAS',0000000022,NULL,'2019-01-25 16:43:10',NULL,NULL),(0000000086,'MACHALI',0000000022,NULL,'2019-01-25 16:43:10',NULL,NULL),(0000000087,'MALLOA',0000000022,NULL,'2019-01-25 16:43:10',NULL,NULL),(0000000088,'MOSTAZAL',0000000022,NULL,'2019-01-25 16:43:10',NULL,NULL),(0000000089,'OLIVAR',0000000022,NULL,'2019-01-25 16:43:10',NULL,NULL),(0000000090,'PEUMO',0000000022,NULL,'2019-01-25 16:43:10',NULL,NULL),(0000000091,'PICHIDEGUA',0000000022,NULL,'2019-01-25 16:43:10',NULL,NULL),(0000000092,'QUINTA DE TILCOCO',0000000022,NULL,'2019-01-25 16:43:10',NULL,NULL),(0000000093,'RENGO',0000000022,NULL,'2019-01-25 16:43:10',NULL,NULL),(0000000094,'REQUINOA',0000000022,NULL,'2019-01-25 16:43:10',NULL,NULL),(0000000095,'SAN VICENTE',0000000022,NULL,'2019-01-25 16:43:10',NULL,NULL),(0000000096,'PICHILEMU',0000000023,NULL,'2019-01-25 16:43:10',NULL,NULL),(0000000097,'LA ESTRELLA',0000000023,NULL,'2019-01-25 16:43:10',NULL,NULL),(0000000098,'LITUECHE',0000000023,NULL,'2019-01-25 16:43:10',NULL,NULL),(0000000099,'MARCHIHUE',0000000023,NULL,'2019-01-25 16:43:10',NULL,NULL),(0000000100,'NAVIDAD',0000000023,NULL,'2019-01-25 16:43:10',NULL,NULL),(0000000101,'PAREDONES',0000000023,NULL,'2019-01-25 16:43:10',NULL,NULL),(0000000102,'SAN FERNANDO',0000000024,NULL,'2019-01-25 16:43:10',NULL,NULL),(0000000103,'CHEPICA',0000000024,NULL,'2019-01-25 16:43:10',NULL,NULL),(0000000104,'CHIMBARONGO',0000000024,NULL,'2019-01-25 16:43:10',NULL,NULL),(0000000105,'LOLOL',0000000024,NULL,'2019-01-25 16:43:10',NULL,NULL),(0000000106,'NANCAGUA',0000000024,NULL,'2019-01-25 16:43:10',NULL,NULL),(0000000107,'PALMILLA',0000000024,NULL,'2019-01-25 16:43:10',NULL,NULL),(0000000108,'PERALILLO',0000000024,NULL,'2019-01-25 16:43:10',NULL,NULL),(0000000109,'PLACILLA',0000000024,NULL,'2019-01-25 16:43:10',NULL,NULL),(0000000110,'PUMANQUE',0000000024,NULL,'2019-01-25 16:43:10',NULL,NULL),(0000000111,'SANTA CRUZ',0000000024,NULL,'2019-01-25 16:43:10',NULL,NULL),(0000000112,'TALCA',0000000025,NULL,'2019-01-25 16:43:10',NULL,NULL),(0000000113,'CONSTITUCION',0000000025,NULL,'2019-01-25 16:43:10',NULL,NULL),(0000000114,'CUREPTO',0000000025,NULL,'2019-01-25 16:43:10',NULL,NULL),(0000000115,'EMPEDRADO',0000000025,NULL,'2019-01-25 16:43:10',NULL,NULL),(0000000116,'MAULE',0000000025,NULL,'2019-01-25 16:43:10',NULL,NULL),(0000000117,'PELARCO',0000000025,NULL,'2019-01-25 16:43:10',NULL,NULL),(0000000118,'PENCAHUE',0000000025,NULL,'2019-01-25 16:43:10',NULL,NULL),(0000000119,'RIO CLARO',0000000025,NULL,'2019-01-25 16:43:10',NULL,NULL),(0000000120,'SAN CLEMENTE',0000000025,NULL,'2019-01-25 16:43:10',NULL,NULL),(0000000121,'SAN RAFAEL',0000000025,NULL,'2019-01-25 16:43:10',NULL,NULL),(0000000122,'CAUQUENES',0000000026,NULL,'2019-01-25 16:43:10',NULL,NULL),(0000000123,'CHANCO',0000000026,NULL,'2019-01-25 16:43:10',NULL,NULL),(0000000124,'PELLUHUE',0000000026,NULL,'2019-01-25 16:43:10',NULL,NULL),(0000000125,'CURICO',0000000027,NULL,'2019-01-25 16:43:10',NULL,NULL),(0000000126,'HUALAÑE',0000000027,NULL,'2019-01-25 16:43:10',NULL,NULL),(0000000127,'LICANTEN',0000000027,NULL,'2019-01-25 16:43:10',NULL,NULL),(0000000128,'MOLINA',0000000027,NULL,'2019-01-25 16:43:10',NULL,NULL),(0000000129,'RAUCO',0000000027,NULL,'2019-01-25 16:43:10',NULL,NULL),(0000000130,'ROMERAL',0000000027,NULL,'2019-01-25 16:43:10',NULL,NULL),(0000000131,'SAGRADA FAMILIA',0000000027,NULL,'2019-01-25 16:43:10',NULL,NULL),(0000000132,'TENO',0000000027,NULL,'2019-01-25 16:43:10',NULL,NULL),(0000000133,'VICHUQUEN',0000000027,NULL,'2019-01-25 16:43:10',NULL,NULL),(0000000134,'LINARES',0000000028,NULL,'2019-01-25 16:43:10',NULL,NULL),(0000000135,'COLBÚN',0000000028,NULL,'2019-01-25 16:43:10',NULL,NULL),(0000000136,'LONGAVI',0000000028,NULL,'2019-01-25 16:43:10',NULL,NULL),(0000000137,'PARRAL',0000000028,NULL,'2019-01-25 16:43:10',NULL,NULL),(0000000138,'RETIRO',0000000028,NULL,'2019-01-25 16:43:10',NULL,NULL),(0000000139,'SAN JAVIER',0000000028,NULL,'2019-01-25 16:43:10',NULL,NULL),(0000000140,'VILLA ALEGRE',0000000028,NULL,'2019-01-25 16:43:10',NULL,NULL),(0000000141,'YERBAS BUENAS',0000000028,NULL,'2019-01-25 16:43:10',NULL,NULL),(0000000142,'CONCEPCION',0000000029,NULL,'2019-01-25 16:43:10',NULL,NULL),(0000000143,'CORONEL',0000000029,NULL,'2019-01-25 16:43:10',NULL,NULL),(0000000144,'CHIGUAYANTE',0000000029,NULL,'2019-01-25 16:43:10',NULL,NULL),(0000000145,'FLORIDA',0000000029,NULL,'2019-01-25 16:43:10',NULL,NULL),(0000000146,'HUALQUI',0000000029,NULL,'2019-01-25 16:43:10',NULL,NULL),(0000000147,'LOTA',0000000029,NULL,'2019-01-25 16:43:10',NULL,NULL),(0000000148,'PENCO',0000000029,NULL,'2019-01-25 16:43:10',NULL,NULL),(0000000149,'SAN PEDRO DE LA PAZ',0000000029,NULL,'2019-01-25 16:43:10',NULL,NULL),(0000000150,'SANTA JUANA',0000000029,NULL,'2019-01-25 16:43:10',NULL,NULL),(0000000151,'TALCAHUANO',0000000029,NULL,'2019-01-25 16:43:10',NULL,NULL),(0000000152,'TOME',0000000029,NULL,'2019-01-25 16:43:10',NULL,NULL),(0000000153,'HUALPEN',0000000029,NULL,'2019-01-25 16:43:10',NULL,NULL),(0000000154,'LEBU',0000000030,NULL,'2019-01-25 16:43:10',NULL,NULL),(0000000155,'ARAUCO',0000000030,NULL,'2019-01-25 16:43:10',NULL,NULL),(0000000156,'CAÑETE',0000000030,NULL,'2019-01-25 16:43:10',NULL,NULL),(0000000157,'CONTULMO',0000000030,NULL,'2019-01-25 16:43:10',NULL,NULL),(0000000158,'CURANILAHUE',0000000030,NULL,'2019-01-25 16:43:10',NULL,NULL),(0000000159,'LOS ALAMOS',0000000030,NULL,'2019-01-25 16:43:10',NULL,NULL),(0000000160,'TIRÚA',0000000030,NULL,'2019-01-25 16:43:10',NULL,NULL),(0000000161,'LOS ANGELES',0000000031,NULL,'2019-01-25 16:43:10',NULL,NULL),(0000000162,'ANTUCO',0000000031,NULL,'2019-01-25 16:43:10',NULL,NULL),(0000000163,'CABRERO',0000000031,NULL,'2019-01-25 16:43:10',NULL,NULL),(0000000164,'LAJA',0000000031,NULL,'2019-01-25 16:43:10',NULL,NULL),(0000000165,'MULCHEN',0000000031,NULL,'2019-01-25 16:43:10',NULL,NULL),(0000000166,'NACIMIENTO',0000000031,NULL,'2019-01-25 16:43:10',NULL,NULL),(0000000167,'NEGRETE',0000000031,NULL,'2019-01-25 16:43:10',NULL,NULL),(0000000168,'QUILACO',0000000031,NULL,'2019-01-25 16:43:10',NULL,NULL),(0000000169,'QUILLECO',0000000031,NULL,'2019-01-25 16:43:10',NULL,NULL),(0000000170,'SAN ROSENDO',0000000031,NULL,'2019-01-25 16:43:10',NULL,NULL),(0000000171,'SANTA BARBARA',0000000031,NULL,'2019-01-25 16:43:10',NULL,NULL),(0000000172,'TUCAPEL',0000000031,NULL,'2019-01-25 16:43:10',NULL,NULL),(0000000173,'YUMBEL',0000000031,NULL,'2019-01-25 16:43:10',NULL,NULL),(0000000174,'ALTO BIOBIO',0000000031,NULL,'2019-01-25 16:43:10',NULL,NULL),(0000000175,'CHILLAN',0000000032,NULL,'2019-01-25 16:43:10',NULL,NULL),(0000000176,'BULNES',0000000032,NULL,'2019-01-25 16:43:10',NULL,NULL),(0000000177,'COBQUECURA',0000000032,NULL,'2019-01-25 16:43:10',NULL,NULL),(0000000178,'COELEMU',0000000032,NULL,'2019-01-25 16:43:10',NULL,NULL),(0000000179,'COIHUECO',0000000032,NULL,'2019-01-25 16:43:10',NULL,NULL),(0000000180,'CHILLAN VIEJO',0000000032,NULL,'2019-01-25 16:43:10',NULL,NULL),(0000000181,'EL CARMEN',0000000032,NULL,'2019-01-25 16:43:10',NULL,NULL),(0000000182,'NINHUE',0000000032,NULL,'2019-01-25 16:43:10',NULL,NULL),(0000000183,'ÑIQUEN',0000000032,NULL,'2019-01-25 16:43:10',NULL,NULL),(0000000184,'PEMUCO',0000000032,NULL,'2019-01-25 16:43:10',NULL,NULL),(0000000185,'PINTO',0000000032,NULL,'2019-01-25 16:43:10',NULL,NULL),(0000000186,'PORTEZUELO',0000000032,NULL,'2019-01-25 16:43:10',NULL,NULL),(0000000187,'QUILLON',0000000032,NULL,'2019-01-25 16:43:10',NULL,NULL),(0000000188,'QUIRIHUE',0000000032,NULL,'2019-01-25 16:43:10',NULL,NULL),(0000000189,'RANQUIL',0000000032,NULL,'2019-01-25 16:43:10',NULL,NULL),(0000000190,'SAN CARLOS',0000000032,NULL,'2019-01-25 16:43:10',NULL,NULL),(0000000191,'SAN FABIAN',0000000032,NULL,'2019-01-25 16:43:10',NULL,NULL),(0000000192,'SAN IGNACIO',0000000032,NULL,'2019-01-25 16:43:10',NULL,NULL),(0000000193,'SAN NICOLAS',0000000032,NULL,'2019-01-25 16:43:10',NULL,NULL),(0000000194,'TREGUACO',0000000032,NULL,'2019-01-25 16:43:10',NULL,NULL),(0000000195,'YUNGAY',0000000032,NULL,'2019-01-25 16:43:10',NULL,NULL),(0000000196,'TEMUCO',0000000033,NULL,'2019-01-25 16:43:10',NULL,NULL),(0000000197,'CARAHUE',0000000033,NULL,'2019-01-25 16:43:10',NULL,NULL),(0000000198,'CUNCO',0000000033,NULL,'2019-01-25 16:43:10',NULL,NULL),(0000000199,'CURARREHUE',0000000033,NULL,'2019-01-25 16:43:10',NULL,NULL),(0000000200,'FREIRE',0000000033,NULL,'2019-01-25 16:43:10',NULL,NULL),(0000000201,'GALVARINO',0000000033,NULL,'2019-01-25 16:43:10',NULL,NULL),(0000000202,'GORBEA',0000000033,NULL,'2019-01-25 16:43:10',NULL,NULL),(0000000203,'LAUTARO',0000000033,NULL,'2019-01-25 16:43:10',NULL,NULL),(0000000204,'LONCOCHE',0000000033,NULL,'2019-01-25 16:43:10',NULL,NULL),(0000000205,'MELIPEUCO',0000000033,NULL,'2019-01-25 16:43:10',NULL,NULL),(0000000206,'NUEVA IMPERIAL',0000000033,NULL,'2019-01-25 16:43:10',NULL,NULL),(0000000207,'PADRE LAS CASAS',0000000033,NULL,'2019-01-25 16:43:10',NULL,NULL),(0000000208,'PERQUENCO',0000000033,NULL,'2019-01-25 16:43:10',NULL,NULL),(0000000209,'PITRUFQUEN',0000000033,NULL,'2019-01-25 16:43:10',NULL,NULL),(0000000210,'PUCON',0000000033,NULL,'2019-01-25 16:43:10',NULL,NULL),(0000000211,'SAAVEDRA',0000000033,NULL,'2019-01-25 16:43:10',NULL,NULL),(0000000212,'TEODORO SCHMIDT',0000000033,NULL,'2019-01-25 16:43:10',NULL,NULL),(0000000213,'TOLTEN',0000000033,NULL,'2019-01-25 16:43:10',NULL,NULL),(0000000214,'VILCÚN',0000000033,NULL,'2019-01-25 16:43:10',NULL,NULL),(0000000215,'VILLARRICA',0000000033,NULL,'2019-01-25 16:43:10',NULL,NULL),(0000000216,'CHOLCHOL',0000000033,NULL,'2019-01-25 16:43:10',NULL,NULL),(0000000217,'ANGOL',0000000034,NULL,'2019-01-25 16:43:10',NULL,NULL),(0000000218,'COLLIPULLI',0000000034,NULL,'2019-01-25 16:43:10',NULL,NULL),(0000000219,'CURACAUTIN',0000000034,NULL,'2019-01-25 16:43:10',NULL,NULL),(0000000220,'ERCILLA',0000000034,NULL,'2019-01-25 16:43:10',NULL,NULL),(0000000221,'LONQUIMAY',0000000034,NULL,'2019-01-25 16:43:10',NULL,NULL),(0000000222,'LOS SAUCES',0000000034,NULL,'2019-01-25 16:43:10',NULL,NULL),(0000000223,'LUMACO',0000000034,NULL,'2019-01-25 16:43:10',NULL,NULL),(0000000224,'PUREN',0000000034,NULL,'2019-01-25 16:43:10',NULL,NULL),(0000000225,'RENAICO',0000000034,NULL,'2019-01-25 16:43:10',NULL,NULL),(0000000226,'TRAIGUEN',0000000034,NULL,'2019-01-25 16:43:10',NULL,NULL),(0000000227,'VICTORIA',0000000034,NULL,'2019-01-25 16:43:10',NULL,NULL),(0000000228,'PUERTO MONTT',0000000037,NULL,'2019-01-25 16:43:10',NULL,NULL),(0000000229,'CALBUCO',0000000037,NULL,'2019-01-25 16:43:10',NULL,NULL),(0000000230,'COCHAMO',0000000037,NULL,'2019-01-25 16:43:10',NULL,NULL),(0000000231,'FRESIA',0000000037,NULL,'2019-01-25 16:43:10',NULL,NULL),(0000000232,'FRUTILLAR',0000000037,NULL,'2019-01-25 16:43:10',NULL,NULL),(0000000233,'LOS MUERMOS',0000000037,NULL,'2019-01-25 16:43:10',NULL,NULL),(0000000234,'LLANQUIHUE',0000000037,NULL,'2019-01-25 16:43:10',NULL,NULL),(0000000235,'MAULLIN',0000000037,NULL,'2019-01-25 16:43:10',NULL,NULL),(0000000236,'PUERTO VARAS',0000000037,NULL,'2019-01-25 16:43:10',NULL,NULL),(0000000237,'CASTRO',0000000038,NULL,'2019-01-25 16:43:10',NULL,NULL),(0000000238,'ANCUD',0000000038,NULL,'2019-01-25 16:43:10',NULL,NULL),(0000000239,'CHONCHI',0000000038,NULL,'2019-01-25 16:43:10',NULL,NULL),(0000000240,'CURACO DE VELEZ',0000000038,NULL,'2019-01-25 16:43:10',NULL,NULL),(0000000241,'DALCAHUE',0000000038,NULL,'2019-01-25 16:43:10',NULL,NULL),(0000000242,'PUQUELDON',0000000038,NULL,'2019-01-25 16:43:10',NULL,NULL),(0000000243,'QUEILEN',0000000038,NULL,'2019-01-25 16:43:10',NULL,NULL),(0000000244,'QUELLON',0000000038,NULL,'2019-01-25 16:43:10',NULL,NULL),(0000000245,'QUEMCHI',0000000038,NULL,'2019-01-25 16:43:10',NULL,NULL),(0000000246,'QUINCHAO',0000000038,NULL,'2019-01-25 16:43:10',NULL,NULL),(0000000247,'OSORNO',0000000039,NULL,'2019-01-25 16:43:10',NULL,NULL),(0000000248,'PUERTO OCTAY',0000000039,NULL,'2019-01-25 16:43:10',NULL,NULL),(0000000249,'PURRANQUE',0000000039,NULL,'2019-01-25 16:43:10',NULL,NULL),(0000000250,'PUYEHUE',0000000039,NULL,'2019-01-25 16:43:10',NULL,NULL),(0000000251,'RIO NEGRO',0000000039,NULL,'2019-01-25 16:43:10',NULL,NULL),(0000000252,'SAN JUAN DE LA COSTA',0000000039,NULL,'2019-01-25 16:43:10',NULL,NULL),(0000000253,'SAN PABLO',0000000039,NULL,'2019-01-25 16:43:10',NULL,NULL),(0000000254,'CHAITEN',0000000040,NULL,'2019-01-25 16:43:10',NULL,NULL),(0000000255,'FUTALEUFÚ',0000000040,NULL,'2019-01-25 16:43:10',NULL,NULL),(0000000256,'HUALAIHUE',0000000040,NULL,'2019-01-25 16:43:10',NULL,NULL),(0000000257,'PALENA',0000000040,NULL,'2019-01-25 16:43:10',NULL,NULL),(0000000258,'COYHAIQUE',0000000041,NULL,'2019-01-25 16:43:10',NULL,NULL),(0000000259,'LAGO VERDE',0000000041,NULL,'2019-01-25 16:43:10',NULL,NULL),(0000000260,'AYSEN',0000000042,NULL,'2019-01-25 16:43:10',NULL,NULL),(0000000261,'CISNES',0000000042,NULL,'2019-01-25 16:43:10',NULL,NULL),(0000000262,'GUAITECAS',0000000042,NULL,'2019-01-25 16:43:10',NULL,NULL),(0000000263,'COCHRANE',0000000043,NULL,'2019-01-25 16:43:10',NULL,NULL),(0000000264,'O\'HIGGINS',0000000043,NULL,'2019-01-25 16:43:10',NULL,NULL),(0000000265,'TORTEL',0000000043,NULL,'2019-01-25 16:43:10',NULL,NULL),(0000000266,'CHILE CHICO',0000000044,NULL,'2019-01-25 16:43:10',NULL,NULL),(0000000267,'RIO IBAÑEZ',0000000044,NULL,'2019-01-25 16:43:10',NULL,NULL),(0000000268,'PUNTA ARENAS',0000000045,NULL,'2019-01-25 16:43:10',NULL,NULL),(0000000269,'LAGUNA BLANCA',0000000045,NULL,'2019-01-25 16:43:10',NULL,NULL),(0000000270,'RIO VERDE',0000000045,NULL,'2019-01-25 16:43:10',NULL,NULL),(0000000271,'SAN GREGORIO',0000000045,NULL,'2019-01-25 16:43:10',NULL,NULL),(0000000272,'CABO DE HORNOS',0000000046,NULL,'2019-01-25 16:43:10',NULL,NULL),(0000000273,'ANTARTICA',0000000046,NULL,'2019-01-25 16:43:10',NULL,NULL),(0000000274,'PORVENIR',0000000047,NULL,'2019-01-25 16:43:10',NULL,NULL),(0000000275,'PRIMAVERA',0000000047,NULL,'2019-01-25 16:43:10',NULL,NULL),(0000000276,'TIMAUKEL',0000000047,NULL,'2019-01-25 16:43:10',NULL,NULL),(0000000277,'NATALES',0000000048,NULL,'2019-01-25 16:43:10',NULL,NULL),(0000000278,'TORRES DEL PAINE',0000000048,NULL,'2019-01-25 16:43:10',NULL,NULL),(0000000279,'SANTIAGO',0000000049,NULL,'2019-01-25 16:43:10',NULL,NULL),(0000000280,'CERRILLOS',0000000049,NULL,'2019-01-25 16:43:10',NULL,NULL),(0000000281,'CERRO NAVIA',0000000049,NULL,'2019-01-25 16:43:10',NULL,NULL),(0000000282,'CONCHALI',0000000049,NULL,'2019-01-25 16:43:10',NULL,NULL),(0000000283,'EL BOSQUE',0000000049,NULL,'2019-01-25 16:43:10',NULL,NULL),(0000000284,'ESTACION CENTRAL',0000000049,NULL,'2019-01-25 16:43:10',NULL,NULL),(0000000285,'HUECHURABA',0000000049,NULL,'2019-01-25 16:43:10',NULL,NULL),(0000000286,'INDEPENDENCIA',0000000049,NULL,'2019-01-25 16:43:10',NULL,NULL),(0000000287,'LA CISTERNA',0000000049,NULL,'2019-01-25 16:43:10',NULL,NULL),(0000000288,'LA FLORIDA',0000000049,NULL,'2019-01-25 16:43:10',NULL,NULL),(0000000289,'LA GRANJA',0000000049,NULL,'2019-01-25 16:43:10',NULL,NULL),(0000000290,'LA PINTANA',0000000049,NULL,'2019-01-25 16:43:10',NULL,NULL),(0000000291,'LA REINA',0000000049,NULL,'2019-01-25 16:43:10',NULL,NULL),(0000000292,'LAS CONDES',0000000049,NULL,'2019-01-25 16:43:10',NULL,NULL),(0000000293,'LO BARNECHEA',0000000049,NULL,'2019-01-25 16:43:10',NULL,NULL),(0000000294,'LO ESPEJO',0000000049,NULL,'2019-01-25 16:43:10',NULL,NULL),(0000000295,'LO PRADO',0000000049,NULL,'2019-01-25 16:43:10',NULL,NULL),(0000000296,'MACUL',0000000049,NULL,'2019-01-25 16:43:10',NULL,NULL),(0000000297,'MAIPÚ',0000000049,NULL,'2019-01-25 16:43:10',NULL,NULL),(0000000298,'ÑUÑOA',0000000049,NULL,'2019-01-25 16:43:10',NULL,NULL),(0000000299,'PEDRO AGUIRRE CERDA',0000000049,NULL,'2019-01-25 16:43:10',NULL,NULL),(0000000300,'PEÑALOLEN',0000000049,NULL,'2019-01-25 16:43:10',NULL,NULL),(0000000301,'PROVIDENCIA',0000000049,NULL,'2019-01-25 16:43:10',NULL,NULL),(0000000302,'PUDAHUEL',0000000049,NULL,'2019-01-25 16:43:10',NULL,NULL),(0000000303,'QUILICURA',0000000049,NULL,'2019-01-25 16:43:10',NULL,NULL),(0000000304,'QUINTA NORMAL',0000000049,NULL,'2019-01-25 16:43:10',NULL,NULL),(0000000305,'RECOLETA',0000000049,NULL,'2019-01-25 16:43:10',NULL,NULL),(0000000306,'RENCA',0000000049,NULL,'2019-01-25 16:43:10',NULL,NULL),(0000000307,'SAN JOAQUIN',0000000049,NULL,'2019-01-25 16:43:10',NULL,NULL),(0000000308,'SAN MIGUEL',0000000049,NULL,'2019-01-25 16:43:10',NULL,NULL),(0000000309,'SAN RAMON',0000000049,NULL,'2019-01-25 16:43:10',NULL,NULL),(0000000310,'VITACURA',0000000049,NULL,'2019-01-25 16:43:10',NULL,NULL),(0000000311,'PUENTE ALTO',0000000050,NULL,'2019-01-25 16:43:10',NULL,NULL),(0000000312,'PIRQUE',0000000050,NULL,'2019-01-25 16:43:10',NULL,NULL),(0000000313,'SAN JOSE DE MAIPO',0000000050,NULL,'2019-01-25 16:43:10',NULL,NULL),(0000000314,'COLINA',0000000051,NULL,'2019-01-25 16:43:10',NULL,NULL),(0000000315,'LAMPA',0000000051,NULL,'2019-01-25 16:43:10',NULL,NULL),(0000000316,'TILTIL',0000000051,NULL,'2019-01-25 16:43:10',NULL,NULL),(0000000317,'SAN BERNARDO',0000000052,NULL,'2019-01-25 16:43:10',NULL,NULL),(0000000318,'BUIN',0000000052,NULL,'2019-01-25 16:43:10',NULL,NULL),(0000000319,'CALERA DE TANGO',0000000052,NULL,'2019-01-25 16:43:10',NULL,NULL),(0000000320,'PAINE',0000000052,NULL,'2019-01-25 16:43:10',NULL,NULL),(0000000321,'MELIPILLA',0000000053,NULL,'2019-01-25 16:43:10',NULL,NULL),(0000000322,'ALHUE',0000000053,NULL,'2019-01-25 16:43:10',NULL,NULL),(0000000323,'CURACAVI',0000000053,NULL,'2019-01-25 16:43:10',NULL,NULL),(0000000324,'MARIA PINTO',0000000053,NULL,'2019-01-25 16:43:10',NULL,NULL),(0000000325,'SAN PEDRO',0000000053,NULL,'2019-01-25 16:43:10',NULL,NULL),(0000000326,'TALAGANTE',0000000054,NULL,'2019-01-25 16:43:10',NULL,NULL),(0000000327,'EL MONTE',0000000054,NULL,'2019-01-25 16:43:10',NULL,NULL),(0000000328,'ISLA DE MAIPO',0000000054,NULL,'2019-01-25 16:43:10',NULL,NULL),(0000000329,'PADRE HURTADO',0000000054,NULL,'2019-01-25 16:43:10',NULL,NULL),(0000000330,'PEÑAFLOR',0000000054,NULL,'2019-01-25 16:43:10',NULL,NULL),(0000000331,'VALDIVIA',0000000035,NULL,'2019-01-25 16:43:10',NULL,NULL),(0000000332,'CORRAL',0000000035,NULL,'2019-01-25 16:43:10',NULL,NULL),(0000000333,'LANCO',0000000035,NULL,'2019-01-25 16:43:10',NULL,NULL),(0000000334,'LOS LAGOS',0000000035,NULL,'2019-01-25 16:43:10',NULL,NULL),(0000000335,'MAFIL',0000000035,NULL,'2019-01-25 16:43:10',NULL,NULL),(0000000336,'MARIQUINA',0000000035,NULL,'2019-01-25 16:43:10',NULL,NULL),(0000000337,'PAILLACO',0000000035,NULL,'2019-01-25 16:43:10',NULL,NULL),(0000000338,'PANGUIPULLI',0000000035,NULL,'2019-01-25 16:43:10',NULL,NULL),(0000000339,'LA UNION',0000000036,NULL,'2019-01-25 16:43:10',NULL,NULL),(0000000340,'FUTRONO',0000000036,NULL,'2019-01-25 16:43:10',NULL,NULL),(0000000341,'LAGO RANCO',0000000036,NULL,'2019-01-25 16:43:10',NULL,NULL),(0000000342,'RIO BUENO',0000000036,NULL,'2019-01-25 16:43:10',NULL,NULL),(0000000343,'ARICA',0000000001,NULL,'2019-01-25 16:43:10',NULL,NULL),(0000000344,'CAMARONES',0000000001,NULL,'2019-01-25 16:43:10',NULL,NULL),(0000000345,'PUTRE',0000000002,NULL,'2019-01-25 16:43:10',NULL,NULL),(0000000346,'GENERAL LAGOS',0000000002,NULL,'2019-01-25 16:43:10',NULL,NULL);
/*!40000 ALTER TABLE `data_comuna` ENABLE KEYS */;
UNLOCK TABLES;
ALTER DATABASE `metalsig_heavy` CHARACTER SET latin1 COLLATE latin1_swedish_ci ;
/*!50003 SET @saved_cs_client      = @@character_set_client */ ;
/*!50003 SET @saved_cs_results     = @@character_set_results */ ;
/*!50003 SET @saved_col_connection = @@collation_connection */ ;
/*!50003 SET character_set_client  = utf8mb4 */ ;
/*!50003 SET character_set_results = utf8mb4 */ ;
/*!50003 SET collation_connection  = utf8mb4_general_ci */ ;
/*!50003 SET @saved_sql_mode       = @@sql_mode */ ;
/*!50003 SET sql_mode              = 'NO_AUTO_VALUE_ON_ZERO' */ ;
DELIMITER ;;
/*!50003 CREATE*/ /*!50017 DEFINER=`metalsigmauser`@`localhost`*/ /*!50003 TRIGGER `set_crea_data_comuna` BEFORE INSERT ON `data_comuna` FOR EACH ROW IF (NEW.crea_user IS NULL || NEW.crea_user='') THEN SET NEW.crea_user = UPPER(SUBSTR(USER(), 1,(LOCATE('@', USER())-1))); END IF */;;
DELIMITER ;
/*!50003 SET sql_mode              = @saved_sql_mode */ ;
/*!50003 SET character_set_client  = @saved_cs_client */ ;
/*!50003 SET character_set_results = @saved_cs_results */ ;
/*!50003 SET collation_connection  = @saved_col_connection */ ;
ALTER DATABASE `metalsig_heavy` CHARACTER SET utf8 COLLATE utf8_bin ;
ALTER DATABASE `metalsig_heavy` CHARACTER SET latin1 COLLATE latin1_swedish_ci ;
/*!50003 SET @saved_cs_client      = @@character_set_client */ ;
/*!50003 SET @saved_cs_results     = @@character_set_results */ ;
/*!50003 SET @saved_col_connection = @@collation_connection */ ;
/*!50003 SET character_set_client  = utf8mb4 */ ;
/*!50003 SET character_set_results = utf8mb4 */ ;
/*!50003 SET collation_connection  = utf8mb4_general_ci */ ;
/*!50003 SET @saved_sql_mode       = @@sql_mode */ ;
/*!50003 SET sql_mode              = 'NO_AUTO_VALUE_ON_ZERO' */ ;
DELIMITER ;;
/*!50003 CREATE*/ /*!50017 DEFINER=`metalsigmauser`@`localhost`*/ /*!50003 TRIGGER `set_mod_data_comuna` BEFORE UPDATE ON `data_comuna` FOR EACH ROW IF (NEW.mod_user IS NULL || NEW.mod_user='') THEN SET NEW.mod_user = UPPER(SUBSTR(USER(), 1,(LOCATE('@', USER())-1))); END IF */;;
DELIMITER ;
/*!50003 SET sql_mode              = @saved_sql_mode */ ;
/*!50003 SET character_set_client  = @saved_cs_client */ ;
/*!50003 SET character_set_results = @saved_cs_results */ ;
/*!50003 SET collation_connection  = @saved_col_connection */ ;
ALTER DATABASE `metalsig_heavy` CHARACTER SET utf8 COLLATE utf8_bin ;

--
-- Table structure for table `data_entes`
--

DROP TABLE IF EXISTS `data_entes`;
/*!40101 SET @saved_cs_client     = @@character_set_client */;
/*!40101 SET character_set_client = utf8 */;
CREATE TABLE `data_entes` (
  `cdata` int(10) unsigned zerofill NOT NULL AUTO_INCREMENT,
  `code` varchar(9) COLLATE utf8_bin DEFAULT NULL,
  `code2` varchar(9) COLLATE utf8_bin DEFAULT NULL,
  `data` varchar(100) COLLATE utf8_bin NOT NULL,
  `data2` varchar(100) COLLATE utf8_bin DEFAULT NULL,
  `nac` varchar(1) COLLATE utf8_bin NOT NULL DEFAULT 'N',
  `sexo` varchar(1) COLLATE utf8_bin NOT NULL DEFAULT 'M',
  `fecha` date DEFAULT NULL,
  `direccion` varchar(100) COLLATE utf8_bin DEFAULT NULL,
  `mail` varchar(100) COLLATE utf8_bin DEFAULT NULL,
  `tel_fijo` int(9) DEFAULT NULL,
  `tel_movil` int(9) DEFAULT NULL,
  `estado` varchar(1) COLLATE utf8_bin NOT NULL DEFAULT 'S',
  `ccomuna` int(10) unsigned zerofill DEFAULT NULL,
  `crea_user` varchar(50) COLLATE utf8_bin DEFAULT NULL,
  `crea_date` datetime NOT NULL DEFAULT CURRENT_TIMESTAMP,
  `mod_user` varchar(50) COLLATE utf8_bin DEFAULT NULL,
  `mod_date` datetime DEFAULT NULL ON UPDATE CURRENT_TIMESTAMP,
  PRIMARY KEY (`cdata`),
  UNIQUE KEY `uk_code_data_entes` (`code`),
  KEY `ik_ccomuna_data_entes` (`ccomuna`) USING BTREE,
  CONSTRAINT `fk_ccomuna_data_entes` FOREIGN KEY (`ccomuna`) REFERENCES `data_comuna` (`ccomuna`)
) ENGINE=InnoDB AUTO_INCREMENT=233 DEFAULT CHARSET=utf8 COLLATE=utf8_bin;
/*!40101 SET character_set_client = @saved_cs_client */;

--
-- Dumping data for table `data_entes`
--

LOCK TABLES `data_entes` WRITE;
/*!40000 ALTER TABLE `data_entes` DISABLE KEYS */;
INSERT INTO `data_entes` VALUES (0000000002,'17142089K',NULL,'ALEXIS SILVA','PRUEBA','','','0000-00-00','CATEDRAL 4245','ALEX.SIL.BARR@GMAIL.COM',26649860,942189497,'',0000000304,'METALSIGMAUSER','2019-02-27 10:28:17','ADMINISTRADOR','2019-06-05 17:48:54'),(0000000003,'76710166K',NULL,'EMPRESAS SC','SC','N','M',NULL,'MOSQUETO 459',NULL,0,0,'S',0000000279,'METALSIGMAUSER','2019-02-27 10:28:17',NULL,NULL),(0000000004,'256642174',NULL,'ARIENNI BOLIVAR','','','','0000-00-00','ARTURO PRAT 1237, APARTAMENTO 613','',0,987178634,'',0000000279,'METALSIGMAUSER','2019-02-27 10:28:17','ABOLIVAR','2019-06-18 15:51:56'),(0000000005,'172649807',NULL,'CAMILO ACUÑA ','','','','0000-00-00','NUESTRA SEÑORA DEL CARMEN SUR 623','',0,957899283,'',0000000330,'METALSIGMAUSER','2019-02-27 10:28:17','ABOLIVAR','2019-10-21 09:40:20'),(0000000006,'161725412',NULL,'FRANCISCO GONZALEZ','','N','M',NULL,'CAMINO LAS FLORES 6060',NULL,0,942723649,'S',0000000297,'METALSIGMAUSER','2019-02-27 10:28:17',NULL,NULL),(0000000007,'192395895',NULL,'DIEGO PALMA','','','','0000-00-00','SAN JORGE 241','',0,930562040,'',0000000284,'METALSIGMAUSER','2019-02-27 10:28:17','ABOLIVAR','2019-06-07 14:29:48'),(0000000008,'173394551',NULL,'MARIO CARREÑO','','','','0000-00-00','ALBERTO GONZALEZ 4760','',0,975565728,'',0000000282,'METALSIGMAUSER','2019-02-27 10:28:17','DAVID','2019-08-13 17:25:13'),(0000000009,'258626885',NULL,'DIMITRI TERMIDOR','','N','M',NULL,'EL PARRON 1845',NULL,0,968162137,'S',0000000309,'METALSIGMAUSER','2019-02-27 10:28:17',NULL,NULL),(0000000010,'250303912',NULL,'VICTOR ZAMBRANO','','','','0000-00-00','PINOT NOIR 104','',0,961378033,'',0000000303,'METALSIGMAUSER','2019-02-27 10:28:17','DAVID','2019-08-27 10:59:09'),(0000000011,'264600863',NULL,'ELIECER ATENCIO','','N','M',NULL,'NICASIO RETAMALES 54',NULL,0,949025354,'S',0000000284,'METALSIGMAUSER','2019-02-27 10:28:17',NULL,NULL),(0000000013,'331219134',NULL,'DANNY PEREZ','','','','0000-00-00','VALLE GRANDE','',0,949746993,'',0000000303,'METALSIGMAUSER','2019-02-27 10:28:17','ABOLIVAR','2019-06-07 11:05:28'),(0000000014,'331215473',NULL,'ANDRES BOZO','','','','0000-00-00','AV MATA ROBERTO ESP 1039','',0,966251929,'',0000000279,'METALSIGMAUSER','2019-02-27 10:28:17','DAVID','2019-08-13 17:25:31'),(0000000015,'265394574',NULL,'GERARDINE PETIT','','N','M',NULL,'PASAJE FUJIYAMA 3450',NULL,0,964554095,'S',0000000297,'METALSIGMAUSER','2019-02-27 10:28:17',NULL,NULL),(0000000016,'139794664',NULL,'DAVID BARRIOS BUSTAMANTE','','','','0000-00-00','AV. 21 DE MAYO 5392','',0,2147483647,'',0000000061,'METALSIGMAUSER','2019-02-27 10:28:17','DAVID','2019-08-13 17:24:52'),(0000000017,'878038002',NULL,'VEOLIA SU CHILE S.A.','VEOLIA','','','0000-00-00','APOQUINDO 5550, DEPTO 1301 A','',23361228,81298261,'',0000000292,'METALSIGMAUSER','2019-02-27 10:28:17','ABOLIVAR','2019-06-10 11:28:31'),(0000000018,'78465110K',NULL,'MELON ARIDOS LTDA.','MELON ARIDOS.','','','0000-00-00','ISIDORA GOYENECHEA 2800 PISO 13, LAS CONDES','',0,977495163,'',0000000317,'METALSIGMAUSER','2019-02-27 10:28:17','CAMILOA','2019-10-04 08:10:55'),(0000000019,'769575448',NULL,'DEPOT PARTS SPA','DEPOTPARTS','N','M',NULL,'SIERRA BELLA 2120',NULL,0,2147483647,'S',0000000279,'METALSIGMAUSER','2019-02-27 10:28:17',NULL,NULL),(0000000020,'760539406',NULL,'IKA SERVICIOS INDUSTRIALES SPA','IKA','','','0000-00-00','PANAM.NORTE 23300, SANTA GRACIELA LOTE, BLOQUE 5-B, LAMPA','',227336175,976523401,'',0000000315,'METALSIGMAUSER','2019-02-27 10:28:17','ABOLIVAR','2019-06-06 10:22:56'),(0000000021,'760614866',NULL,'ARRIENDO DE EQUIPOS Y MAQUINARIAS S.A.','IKA','N','M',NULL,'PANAM.NORTE 23300, CAMINO SANTA GRACIELA LOT.5B, LAMPA',NULL,227336175,976523401,'S',0000000315,'METALSIGMAUSER','2019-02-27 10:28:17','ABOLIVAR','2019-05-17 09:53:10'),(0000000022,'76061548K',NULL,'ARIDOS Y TRANSPORTES TABOLANGO LIMITADA','ARIDOS TABOLANGO','N','M',NULL,'PAR. SIETE LOTE CUATRO K 10 TABOLANGO, LIMACHE',NULL,322122109,973870204,'S',0000000076,'METALSIGMAUSER','2019-02-27 10:28:17','ADMINISTRADOR','2019-02-27 15:58:14'),(0000000023,'761351222',NULL,'TERMICA SOCIEDAD ANONIMA','TERMICA','N','M',NULL,'VOLCAN LASCAR ORIENTE 721, PUDAHUEL',NULL,226019882,953198615,'S',0000000302,'METALSIGMAUSER','2019-02-27 10:28:17',NULL,NULL),(0000000024,'76163321K',NULL,'MINERA MELON S.A.','MELON','N','M',NULL,'ISIDORA GOYENECHEA 2800, DEPTO  P. 13, LAS CONDES',NULL,222800000,977495163,'S',0000000292,'METALSIGMAUSER','2019-02-27 10:28:17',NULL,NULL),(0000000025,'762986604',NULL,'CONSTRUCTORA ASFALCURA S A','ASFALCURA','N','M',NULL,'LAS PARCELAS 7950, PEÑALOLEN ',NULL,22701370,995348541,'S',0000000300,'METALSIGMAUSER','2019-02-27 10:28:17',NULL,NULL),(0000000026,'77599780K',NULL,'ICAFAL MAQUINARIA LIMITADA','ICAFAL','','','0000-00-00','AUGUSTO LEGUIA SUR 160 22, LAS CONDES','',223519200,992244465,'',0000000292,'METALSIGMAUSER','2019-02-27 10:28:17','ABOLIVAR','2019-06-14 15:22:34'),(0000000027,'776646105',NULL,'TRANSPORTES MAQUINARIAS Y SERVICIOS B Y G LIMITADA','B Y G','N','M',NULL,'RIO CLARO 3972 LOS ACACIOS',NULL,222885592,992184153,'S',0000000146,'METALSIGMAUSER','2019-02-27 10:28:17',NULL,NULL),(0000000028,'777407708',NULL,'TRANSTAR MAQUINARIAS LIMITADA','TRANSTAR','N','M',NULL,'MANQUEHUE SUR 1404, LAS CONDES',NULL,226719921,993368620,'S',0000000292,'METALSIGMAUSER','2019-02-27 10:28:17',NULL,NULL),(0000000029,'777629409',NULL,'ANGLO AMERICAN SUR S.A.','ANGLO AMERICAN','N','M',NULL,'ISIDORA GOYENECHEA 2800, DEPTO  P.46, LAS CONDES',NULL,22055137,997487923,'S',0000000292,'METALSIGMAUSER','2019-02-27 10:28:17','DAVID','2019-03-27 18:26:02'),(0000000030,'777997807',NULL,'TRANSPORTES ZAMORA VASQUEZ Y COMPANIA LIMITADA','TRANSPORTES VASQUEZ','N','M',NULL,'LOS AROMOS LOTE 1-A PETORQUITA, HIJUELAS',NULL,33272634,991592484,'S',0000000060,'METALSIGMAUSER','2019-02-27 10:28:17',NULL,NULL),(0000000031,'778529807',NULL,'EMPRESA CONSTRUCTORA GONZALO ORELLANA E HIJO LIMITADA','GONZALO ORELLANA','N','M',NULL,'PENA 70, CURICO',NULL,0,992198178,'S',0000000125,'METALSIGMAUSER','2019-02-27 10:28:17',NULL,NULL),(0000000032,'782008307',NULL,'COMPANIA MINERA PULLALLI SPA.','MINERA PULLALLI','N','M',NULL,'MIRAFLORES 178, BLOQUE P, DEPTO  7, SANTIAGO',NULL,0,944302139,'S',0000000279,'METALSIGMAUSER','2019-02-27 10:28:17',NULL,NULL),(0000000034,'84542800K',NULL,'COMPAÑIA MINERA LA PATAGUA S.A.','MINERA LA PATAGUA','N','M',NULL,'AVDA. LAS CONDES 9460, DEPTO  806, LAS CONDES',NULL,0,992311125,'S',0000000292,'METALSIGMAUSER','2019-02-27 10:28:17',NULL,NULL),(0000000035,'876765004',NULL,'HARSCO METALS CHILE S.A.','HARSCO','N','M',NULL,'BARROS ARANA 162 63, CONCEPCION',NULL,412502579,945380940,'S',0000000142,'METALSIGMAUSER','2019-02-27 10:28:17',NULL,NULL),(0000000037,'954670007',NULL,'ORICA CHILE S.A.','ORICA CHILE','','','0000-00-00','AV COSTANERA SUR, LAS CONDES','',227153949,991383246,'',0000000292,'METALSIGMAUSER','2019-02-27 10:28:17','ABOLIVAR','2019-06-10 12:39:34'),(0000000038,'966079908',NULL,'HIDRONOR CHILE S A','HIDRONOR','','','0000-00-00','MIRAFLORES 383, DEPTO  2401, SANTIAGO','',225705706,998293240,'',0000000279,'METALSIGMAUSER','2019-02-27 10:28:17','ABOLIVAR','2019-07-08 16:22:25'),(0000000039,'967224405',NULL,'GESTION ECOLOGICA DE RESIDUOS S A','GERSA','N','M',NULL,'PORTEZUELO, CERRO LOS CONDORES 100, QUILICURA',NULL,2286027,977659511,'S',0000000303,'METALSIGMAUSER','2019-02-27 10:28:17',NULL,NULL),(0000000040,'967544507',NULL,'K D M S A','KDM','','','0000-00-00','ALCALDE GUZMAN 0180, QUILICURA','',223893237,994498237,'',0000000303,'METALSIGMAUSER','2019-02-27 10:28:17','CAMILOA','2019-10-04 08:09:32'),(0000000041,'967645605',NULL,'MASTER DRILLING CHILE S.A','MASTER DRILLING CHILE','N','M',NULL,'LAS ENCINAS 600, CERRILLOS',NULL,227991900,9922211,'S',0000000280,'METALSIGMAUSER','2019-02-27 10:28:17',NULL,NULL),(0000000042,'968090801',NULL,'MINERA RIO COLORADO S A','MINERA RIO COLORADO','N','M',NULL,'AVDA JOSE MASSOUD 230, MELIPILLA',NULL,0,986761968,'S',0000000321,'METALSIGMAUSER','2019-02-27 10:28:17',NULL,NULL),(0000000043,'968288105',NULL,'CONSORCIO SANTA MARTA S A','SANTA MARTA','N','M',NULL,'GRAL VELASQUEZ 8990,SAN BERNARDO',NULL,225921222,950958042,'S',0000000317,'METALSIGMAUSER','2019-02-27 10:28:17',NULL,NULL),(0000000044,'969743205',NULL,'THE RENTAL STORE CHILE S A','RENTAL ','','','0000-00-00','AV PDTE FREI MONTALVA 8771, QUILICURA','',229277682,962070012,'',0000000303,'METALSIGMAUSER','2019-02-27 10:28:17','CAMILOA','2019-10-08 15:34:11'),(0000000045,'99589100K',NULL,'BRUNDL CONSTRUCCIONES S A','BRUNDL','N','M',NULL,'AV MANUEL MONTT 037, DEPTO  406, PROVIDENCIA',NULL,222358288,963080598,'S',0000000301,'METALSIGMAUSER','2019-02-27 10:28:17',NULL,NULL),(0000000046,'3907995K',NULL,'SAMUEL OSORIO CABELLO','RADIADORES OSVEL','N','M',NULL,'LOS CLAVELES 499 CERRILLOS',NULL,225391520,0,'S',0000000280,'METALSIGMAUSER','2019-02-27 10:28:17',NULL,NULL),(0000000047,'128925775',NULL,'PATRICIA SOLEDAD BUSTAMANTE HERNANDEZ','PATRICIA BUSTAMANTE','N','M',NULL,'VILLA MILLAUQUEN, PASAJE NANCU 633 SANTIAGO CHILE',NULL,232241670,940869113,'S',0000000303,'METALSIGMAUSER','2019-02-27 10:28:17',NULL,NULL),(0000000048,'154615032',NULL,'ANDRES LEONARDO NAVARRETE GARRIDO','SR. CHULETA','N','M',NULL,'CARRERA 446 ',NULL,0,990022472,'S',0000000059,'METALSIGMAUSER','2019-02-27 10:28:17',NULL,NULL),(0000000049,'78133813',NULL,'LEONARDO ANDRES VALDAMBRINI VALENZUELA','VALDAMBRINI','N','M',NULL,'ASTABURUAGA 9249 ',NULL,0,949378187,'S',0000000294,'METALSIGMAUSER','2019-02-27 10:28:17',NULL,NULL),(0000000050,'702851009',NULL,'MUTUAL DE SEGURIDAD DE LA C.CH.C','LA MUTUAL','N','M',NULL,'AV.LIBERTADOR BERNARDO O´HIGGINS 194',NULL,2147483647,0,'S',0000000279,'METALSIGMAUSER','2019-02-27 10:28:17',NULL,NULL),(0000000051,'760556718',NULL,'RECTIFICADORA DE MOTORES CARLOS SERRANO LIMITADA','CARLOS SERRANO','N','M',NULL,'PADRE ORELLANA 1537',NULL,2251863,0,'S',0000000279,'METALSIGMAUSER','2019-02-27 10:28:17',NULL,NULL),(0000000052,'914890004',NULL,'FINNING CHILE S.A.','FINNING','N','M',NULL,'AV.EDUARDO FREI MONTALVA 8771',NULL,0,9279160,'S',0000000279,'METALSIGMAUSER','2019-02-27 10:28:17',NULL,NULL),(0000000053,'967985503',NULL,'MULTIACEROS S.A.','MULTIACEROS','N','M',NULL,'CAMINO A LA ALAMEDA 241',NULL,224983300,0,'S',0000000315,'METALSIGMAUSER','2019-02-27 10:28:17',NULL,NULL),(0000000054,'765543363',NULL,'EFFORT CHILE SPA','EFFORT','N','M',NULL,'PASAJE AQUELARRE 684',NULL,223211758,997105142,'S',0000000303,'METALSIGMAUSER','2019-02-27 10:28:17',NULL,NULL),(0000000055,'762137388',NULL,'LUCAS BLANDFORT MAQUINARIAS SPA','LUCASMAQ','N','M',NULL,'RUTA 5 NORTE KM.811,5 - LOCAL 9 PLAZA COMERCIO',NULL,225809000,963098763,'S',0000000279,'METALSIGMAUSER','2019-02-27 10:28:17',NULL,NULL),(0000000056,'52487641',NULL,'RAMON HERNAN MENESES VALENZUELA','RAMON MENESES','N','M',NULL,'AV.RICARDO CUMMINS 552',NULL,227708700,0,'S',0000000279,'METALSIGMAUSER','2019-02-27 10:28:17',NULL,NULL),(0000000057,'783342502',NULL,'SUMINISTRO DE REPUESTOS Y ACCESORIOS LM SPA','SURAC','N','M',NULL,'PANAMERICANA NORTE 5281',NULL,224146500,997003957,'S',0000000282,'METALSIGMAUSER','2019-02-27 10:28:17',NULL,NULL),(0000000058,'763458083',NULL,'COMERCIALIZADORA SAN MARTIN LIMITADA','PERNOS SAN MARTIN','N','M',NULL,'AV.SAN MARTIN N°425',NULL,226031233,0,'S',0000000303,'METALSIGMAUSER','2019-02-27 10:28:17',NULL,NULL),(0000000059,'969364700',NULL,'SEGURIDAD Y TELECOMUNICACIONES  S.A.','SISTEMA DE ALARMAS Y SEGURIDAD','N','M',NULL,'AV. LAS CONDES 7700',NULL,224121300,0,'S',0000000292,'METALSIGMAUSER','2019-02-27 10:28:17',NULL,NULL),(0000000060,'76579658K',NULL,'MAC-KAY & AGUILERA LIMITADA','HYDROMECH SEAL','N','M',NULL,'SAN AGUSTIN 2719',NULL,268455405,984498858,'S',0000000279,'METALSIGMAUSER','2019-02-27 10:28:17',NULL,NULL),(0000000061,'761075160',NULL,'FERRETERIA Y PERNERIA EL IMPERIO LIMITADA','FERRETERIA Y PERNERIA EL IMPERIO','N','M',NULL,'AV. INDEPENDENCIA 5237',NULL,226234439,0,'S',0000000282,'METALSIGMAUSER','2019-02-27 10:28:17',NULL,NULL),(0000000062,'781663905',NULL,'INVERSIONES KARHU LIMITADA','ARRIENDO KARHU','N','M',NULL,'PATRICIA VIÑUELA 476',NULL,227143818,0,'S',0000000315,'METALSIGMAUSER','2019-02-27 10:28:17',NULL,NULL),(0000000063,'161691852',NULL,'FELIPE ARCE INOSTROZA','FELIPE ARCE','N','M',NULL,'SAN JORGE 60 DPTO 307',NULL,0,995704414,'S',0000000298,'METALSIGMAUSER','2019-02-27 10:28:17',NULL,NULL),(0000000064,'995200007',NULL,'COMPAÑÍA DE PETROLEOS DE CHILE COPEC S.A.','COPEC','N','M',NULL,'EL BOSQUE NORTE 0211 / AV. ISIDORA GOYENECHEA 2915',NULL,978873014,0,'S',0000000292,'METALSIGMAUSER','2019-02-27 10:28:17',NULL,NULL),(0000000065,'764358295',NULL,'MADESAN SPA','MADESAN','N','M',NULL,'CERRO PORTEZUELO N°9816 ',NULL,225476400,0,'S',0000000303,'METALSIGMAUSER','2019-02-27 10:28:17',NULL,NULL),(0000000066,'775915501',NULL,'MOTORMAN S.A.','MOTORMAN','N','M',NULL,'AV.AMERICO VESPUCIO 1383, ENEA',NULL,224356666,0,'S',0000000302,'METALSIGMAUSER','2019-02-27 10:28:17',NULL,NULL),(0000000067,'966410006',NULL,'DISTRIBUIDORA PERKINS CHILENA S.A.C','DIPERK','N','M',NULL,'AV.COLORADO 641 ',NULL,226203835,0,'S',0000000303,'METALSIGMAUSER','2019-02-27 10:28:17',NULL,NULL),(0000000068,'760374652',NULL,'IMPORTADORA RIOS Y COMPAÑÍA LMTA','IMPORTADORA RIOS','N','M',NULL,'SAN MARTIN N° 569 ',NULL,229962615,0,'S',0000000303,'METALSIGMAUSER','2019-02-27 10:28:17',NULL,NULL),(0000000069,'968431307',NULL,'KOMATSU CHILE S.A.','KOMATSU','N','M',NULL,'AMERICO VESPUCIO 0631',NULL,226557777,0,'S',0000000001,'METALSIGMAUSER','2019-02-27 10:28:17',NULL,NULL),(0000000070,'817563007',NULL,'VILLAR HERMANOS S.A.','VILLAR HERMANOS','N','M',NULL,'AV.LIBERTADOR BERNARDO O\"HIGGINS 2259',NULL,223831000,0,'S',0000000279,'METALSIGMAUSER','2019-02-27 10:28:17',NULL,NULL),(0000000122,'84096644',NULL,'MARCOS SIMON ZAMBON BERLAGOSKY','GRUAS MARZAM','N','M',NULL,'PANAMERICANA NORTE 7000',NULL,224201278,0,'S',0000000303,'METALSIGMAUSER','2019-02-27 10:28:17',NULL,NULL),(0000000123,'798021605',NULL,'IMPORTSERVICE CASANOVA LIMITADA','CASANOVA','N','M',NULL,'MATUCANA 24A ESTACION CENTRAL',NULL,223522200,0,'S',0000000279,'METALSIGMAUSER','2019-02-27 10:28:17',NULL,NULL),(0000000124,'764511557',NULL,'IMPORTADORA Y COMERCIAL JOMIAL LIMITADA','JOMIAL','N','M',NULL,'ARTURO GORDON 095 ',NULL,232731900,0,'S',0000000317,'METALSIGMAUSER','2019-02-27 10:28:17',NULL,NULL),(0000000125,'843564003',NULL,'DEL RIO LIHN Y CIA LTDA','ECON','N','M',NULL,'AV.SENADOR JAIME GUZMAN #181',NULL,225944900,0,'S',0000000303,'METALSIGMAUSER','2019-02-27 10:28:17',NULL,NULL),(0000000126,'780235500',NULL,'CASA ROSSIER LIMITADA','ROSSIER','N','M',NULL,'ENRIQUE CONCHA Y TORO N°12',NULL,224126000,0,'S',0000000279,'METALSIGMAUSER','2019-02-27 10:28:17',NULL,NULL),(0000000127,'923790004',NULL,'UNION TECNICA AUTOMOTRIZ S.A.','U.T.A.','N','M',NULL,'PANAMERICANA NORTE 5011',NULL,224372500,944685264,'S',0000000282,'METALSIGMAUSER','2019-02-27 10:28:17',NULL,NULL),(0000000128,'761095560',NULL,'MARVELKLEEN CHEMICAL SPA','MARVELKLEEN','N','M',NULL,'AV.DON LUIS 536',NULL,227301200,0,'S',0000000315,'METALSIGMAUSER','2019-02-27 10:28:17',NULL,NULL),(0000000129,'787017401',NULL,'WHURT CHILE LIMITADA','WHURT','N','M',NULL,'CORONEL SANTIAGO BUERAS 1345',NULL,225772100,973785809,'S',0000000329,'METALSIGMAUSER','2019-02-27 10:28:17',NULL,NULL),(0000000130,'763386317',NULL,'SOCIEDAD COMERCIALIZADORA DE ARIDOS ECAVAL LIMITADA','TRANSLADOS ECAVAL','N','M',NULL,'LOTEO SANTA ISABEL LOTE 20 N° 1550',NULL,229156600,0,'S',0000000315,'METALSIGMAUSER','2019-02-27 10:28:17',NULL,NULL),(0000000131,'761734679',NULL,'SERVICIOS ELECTRICOS, CLIMATIZACION Y COMERCIALIZADORA DE REPUESTOS SERAUTO','SERAUTO','N','M',NULL,'TUCAPEL JIMENEZ 123 OF.3',NULL,225012971,0,'S',0000000279,'METALSIGMAUSER','2019-02-27 10:28:17',NULL,NULL),(0000000132,'799381605',NULL,'SOCIEDAD DE SERVICIOS COMERCIALES MULTISERVICE FL LIMITADA','GRUAS MULTISERVICE','N','M',NULL,'AV.JORGE ALESSANDRI N° 13059',NULL,225915215,0,'S',0000000317,'METALSIGMAUSER','2019-02-27 10:28:17',NULL,NULL),(0000000133,'773114900',NULL,'MECANIZADOS E HIDRAULICA SOCIEDAD LIMITADA','MECANIZADOS','N','M',NULL,'CAMINO INTERIOR 2040 - SITIO 10 C',NULL,224894900,0,'S',0000000303,'METALSIGMAUSER','2019-02-27 10:28:17',NULL,NULL),(0000000134,'995951002',NULL,'SERVICIO LUCAS DIESEL S.A.','LUCASDIESEL','N','M',NULL,'PANAMERICANA NORTE 5325',NULL,226516000,0,'S',0000000282,'METALSIGMAUSER','2019-02-27 10:28:17',NULL,NULL),(0000000135,'76670218K',NULL,'NEW FIRE SPA','NEW FIRE','N','M',NULL,'AV.SAN JOAQUIN PRIE 271 LOCAL 70 ',NULL,228242534,0,'S',0000000320,'METALSIGMAUSER','2019-02-27 10:28:17',NULL,NULL),(0000000201,'968822802',NULL,'IMPORTADORA TRANSAGRO S.A.','TRANSAGRO','N','M',NULL,'LIBERTADOR  BERNARDO O\'HIGGINS  1935',NULL,229285824,0,'S',0000000279,'METALSIGMAUSER','2019-02-27 10:28:17',NULL,NULL),(0000000202,'96557400K',NULL,'GEOVITA SA','GEOVITA','N','M',NULL,'AV. PRESIDENTE RIESCO 5335, PISO 11',NULL,228970279,952076789,'S',0000000292,'FGONZALEZ','2019-03-28 13:13:42','ABOLIVAR','2019-05-17 09:52:35'),(0000000203,'762590204',NULL,'FLESAN TRANSPORTE Y MAQUINARIA LTDA','FLESAN','','','0000-00-00','AV. APOQUINDO 6550','',0,990780608,'',0000000292,'ABOLIVAR','2019-05-22 12:41:19','FGONZALEZ','2019-10-07 10:54:04'),(0000000204,'764972341',NULL,'FULLEN INTERNATIONAL CHILE SPA','FULLEN','N','M',NULL,'CANAVERAL 099 MOD 2',NULL,0,49738600,'S',0000000303,'ABOLIVAR','2019-05-23 16:28:18','ABOLIVAR','2019-05-23 17:18:44'),(0000000205,'268183167',NULL,'JUAN','JUAN','N','M',NULL,'ALGO',NULL,123456789,931027560,'S',0000000279,'ADMINISTRADOR','2019-05-23 16:49:33',NULL,NULL),(0000000206,'18900706K',NULL,'ALEXIS SILVA','ALEXIS','N','M',NULL,'JUAN DE LA FUENTE',NULL,0,942189497,'S',0000000292,'ABOLIVAR','2019-05-23 17:05:54',NULL,NULL),(0000000207,'331655279',NULL,'OSCAR ENRIQUE URIBE TELLIX','','','','0000-00-00','VALLE GRANDE','URIBE40@HOTMAIL.COM',0,954751032,'',0000000303,'ABOLIVAR','2019-06-07 11:39:16','ABOLIVAR','2019-06-07 11:50:19'),(0000000208,'331662976',NULL,'YORBI ORLANDO ZAMBRANO PAEZ','','','','0000-00-00','CARRION 1670','YORBYZAMBRANOPAEZ@GMAIL.COM',0,935422670,'',0000000286,'ABOLIVAR','2019-06-07 11:44:56','ABOLIVAR','2019-06-07 11:50:50'),(0000000209,'784184706',NULL,'SOCIEDAD DE INVERSIONES ALIDA ULGINI LIMITADA','ULGINI','','','0000-00-00','AV. PRESIDENTE EDUARDO FREI MOLTALVA 9120','VENTA@ULGINI.CL',223284000,223284001,'',0000000303,'GPETIT','2019-06-10 10:49:42',NULL,NULL),(0000000210,'914810004',NULL,'FINNING CHILE S.A.','FINNING','','','0000-00-00','AVENIDA LOS JARDINES 924','',229277000,29277000,'',0000000285,'FGONZALEZ','2019-06-17 13:25:15',NULL,NULL),(0000000211,'176648198',NULL,'DANIELA CONSTANZA DONOSO SAAVEDRA','','','','0000-00-00','SAN MARCOS 2660','DONOSO.SAAVEDRA@GMAIL.COM',0,956883114,'',0000000311,'ABOLIVAR','2019-06-18 14:19:20',NULL,NULL),(0000000212,'40097781K',NULL,'VENETTE NAZAIRE','','','','0000-00-00','CALLE EL VOLCAN LLAIMA 025','',0,965298144,'',0000000303,'ABOLIVAR','2019-06-18 14:24:38','ABOLIVAR','2019-06-21 10:46:58'),(0000000213,'137978695',NULL,'DAVID ABELINO BOBADILLA LAGOS','','','','0000-00-00','VOLCAN VILLA RICA 489','',0,933554433,'',0000000303,'ABOLIVAR','2019-06-18 14:27:44','ABOLIVAR','2019-06-21 10:45:57'),(0000000214,'136788582',NULL,'ALEJANDRO MENESES BALMACEDA','','','','0000-00-00','VALLE GRANDE','AMENESESBALMACEDA@HOTMAIL.COM',0,954083602,'',0000000303,'ABOLIVAR','2019-06-18 14:35:48','DAVID','2019-08-13 17:05:06'),(0000000215,'765483565',NULL,'ARRIENDO DE MAQUINARIAS JCL LIMITADA','JCL','','','0000-00-00','AVENIDA VALPARAISO 1686','JCRUZ_LOPEZ@OUTLOOK.COM',0,978518790,'',0000000058,'ABOLIVAR','2019-06-28 11:48:57','ABOLIVAR','2019-06-28 11:49:57'),(0000000216,'787235700',NULL,'BARRON VIEYRA INTERNATIONAL SPA','BARRON VYEIRA','','','0000-00-00','COLINA KM 16.5 PANAMERICANA NORTE','APEREZ@BARRONVIEYRA.COM',23765210,975187706,'',0000000279,'GPETIT','2019-07-02 14:36:02',NULL,NULL),(0000000217,'761175122',NULL,'KDM INDUSTRIAL','KDM INDUSTRIAL','','','0000-00-00','	AV. DEL PARQUE 4160, TORRE A, OF. 601','G.BARRERA@KDMINDUSTRIAL.CL',0,991618352,'',0000000285,'DAVID','2019-07-15 09:57:09',NULL,NULL),(0000000218,'768480605',NULL,'CENTER CHEMICAL DETERGENTES INDUSTRIALES LIMITADA','DETERGENTES INDUSTRIALES','','','0000-00-00','URETA COX 335 SAN JOAQUIN','KANTICH@C-CHEM.CL',225521514,989022618,'',0000000307,'GPETIT','2019-07-31 15:03:39',NULL,NULL),(0000000219,'796579706',NULL,'SOCIEDAD MINERA ANTUCO SPA','MINERA ANTUCO','','','0000-00-00','CAMINO LONQUEN PARCELA 3','ARIDOSANTUCO@YAHOO.ES',0,965298815,'',0000000317,'ABOLIVAR','2019-07-31 17:06:18','ABOLIVAR','2019-07-31 17:07:46'),(0000000220,'783934205',NULL,'SERVICIOS AGRICOLAS ELISEO','AGRICOLA ELISEO','','','0000-00-00','PANAMERICANA SUR KM 41, PARCELA 137','EGARCIA@AGRICOLAELISEO.CL',228241644,992246204,'',0000000320,'FGONZALEZ','2019-08-01 09:40:58','CAMILOA','2019-10-04 08:13:49'),(0000000221,'768907757',NULL,'COOLNET SPA','COOLNET ','','','0000-00-00','MOSQUETO 459 OFICINA 301','INFO@COOLNET.CL',226649860,226649860,'',0000000279,'GPETIT','2019-08-05 13:18:46',NULL,NULL),(0000000222,'840606007',NULL,'BITUMIX S.A.','BITUMIX','','','0000-00-00','OBISPO ARTURO ESPINOZA CAMPOS 3172','CHRISTOFER.WINKLER@BITUMIX.CL',0,977642582,'',0000000296,'ABOLIVAR','2019-08-26 11:16:25',NULL,NULL),(0000000223,'332018248',NULL,'JOSUE ANTONIO TRINIDAD MONTOYA','','','','0000-00-00','CALLE YUNGAY 9951','JOSUETRINIDAD91@GMAIL.COM ',0,934449277,'',0000000058,'ABOLIVAR','2019-08-28 09:18:04','ABOLIVAR','2019-08-28 09:19:19'),(0000000224,'261183110',NULL,'SYLVIO PAUL','','','','0000-00-00','CALLE VOLCAN OLLAHUE 0354','PAULSYLVIO75@GMAIL.COM',0,932937923,'',0000000303,'ABOLIVAR','2019-08-28 09:27:36',NULL,NULL),(0000000225,'764237420',NULL,'SERVICIOS INDUSTRIALES E INVERSIONES EMBA CHILE SPA','EMBA','','','0000-00-00','BUZETA 2025','JRIVERA@EMBACHILEJR.CL',0,968702640,'',0000000284,'ABOLIVAR','2019-08-29 14:45:15',NULL,NULL),(0000000226,'76622315K',NULL,'HEAVYTECH SPA','HEAVYTECH SPA','','','0000-00-00','AV. APOQUINDO 4700 OFICINA 1102A','DAVID.BARRIOS@HEAVYTECH.CL',2,0,'',0000000292,'DAVID','2019-08-29 15:58:49',NULL,NULL),(0000000227,'590593400',NULL,'OBRASCON HUARTE LAIN AGENCIA EN CHILE','OHL','','','0000-00-00','CERRO EL PLOMO OF.1501','JOSEIGNACIO.ROMAN@OHL.CL',0,974745257,'',0000000292,'ABOLIVAR','2019-09-06 11:59:42',NULL,NULL),(0000000228,'770847303',NULL,'MARYUN SEGURIDAD INDUSTRIAL LIMITADA','MARUYN','','','0000-00-00','PRESIDENTE IBAÑEZ 332, PUERTO MONTT','VENTAS6@MARYUN.CL',228993650,228993650,'',0000000279,'GPETIT','2019-09-11 10:16:41',NULL,NULL),(0000000229,'262156788',NULL,'YESSICA NATALIA VILLALOBOS MUJICA','','','','0000-00-00','ARTURO PRAT 1237','YESICCAV@GMAIL.COM',0,975227167,'',0000000279,'ABOLIVAR','2019-09-11 11:43:02',NULL,NULL),(0000000230,'764833813',NULL,'UNITED CIRCLE','ATLANTIC CORP','','','0000-00-00','BANDERA 620, DPTO 504','MFLORES.R@ATLANTISCORP.CL',0,971533753,'',0000000279,'FGONZALEZ','2019-09-27 12:34:34',NULL,NULL),(0000000231,'76954898K',NULL,'ECAVAL LTDA.','ECAVAL','','','0000-00-00','CERRO SANTA LUCIA 9800 QUILICURA','INFO@ECAVAL.CL',229156600,99591763,'',0000000303,'FGONZALEZ','2019-09-27 13:14:19','CAMILOA','2019-10-04 08:05:27'),(0000000232,'18595613K',NULL,'BELEN CALDERON ','','','','0000-00-00','AVENIDA AMÉRICA 988','BELEN.CALDERON@HEAVYTECH.CL',0,942998491,'',0000000317,'ABOLIVAR','2019-10-21 09:45:33','ABOLIVAR','2019-10-21 09:45:58');
/*!40000 ALTER TABLE `data_entes` ENABLE KEYS */;
UNLOCK TABLES;
ALTER DATABASE `metalsig_heavy` CHARACTER SET latin1 COLLATE latin1_swedish_ci ;
/*!50003 SET @saved_cs_client      = @@character_set_client */ ;
/*!50003 SET @saved_cs_results     = @@character_set_results */ ;
/*!50003 SET @saved_col_connection = @@collation_connection */ ;
/*!50003 SET character_set_client  = utf8mb4 */ ;
/*!50003 SET character_set_results = utf8mb4 */ ;
/*!50003 SET collation_connection  = utf8mb4_general_ci */ ;
/*!50003 SET @saved_sql_mode       = @@sql_mode */ ;
/*!50003 SET sql_mode              = 'NO_AUTO_VALUE_ON_ZERO' */ ;
DELIMITER ;;
/*!50003 CREATE*/ /*!50017 DEFINER=`metalsigmauser`@`localhost`*/ /*!50003 TRIGGER `set_crea_data_entes` BEFORE INSERT ON `data_entes` FOR EACH ROW IF (NEW.crea_user IS NULL || NEW.crea_user='') THEN SET NEW.crea_user = UPPER(SUBSTR(USER(), 1,(LOCATE('@', USER())-1))); END IF */;;
DELIMITER ;
/*!50003 SET sql_mode              = @saved_sql_mode */ ;
/*!50003 SET character_set_client  = @saved_cs_client */ ;
/*!50003 SET character_set_results = @saved_cs_results */ ;
/*!50003 SET collation_connection  = @saved_col_connection */ ;
ALTER DATABASE `metalsig_heavy` CHARACTER SET utf8 COLLATE utf8_bin ;
ALTER DATABASE `metalsig_heavy` CHARACTER SET latin1 COLLATE latin1_swedish_ci ;
/*!50003 SET @saved_cs_client      = @@character_set_client */ ;
/*!50003 SET @saved_cs_results     = @@character_set_results */ ;
/*!50003 SET @saved_col_connection = @@collation_connection */ ;
/*!50003 SET character_set_client  = utf8mb4 */ ;
/*!50003 SET character_set_results = utf8mb4 */ ;
/*!50003 SET collation_connection  = utf8mb4_general_ci */ ;
/*!50003 SET @saved_sql_mode       = @@sql_mode */ ;
/*!50003 SET sql_mode              = 'NO_AUTO_VALUE_ON_ZERO' */ ;
DELIMITER ;;
/*!50003 CREATE*/ /*!50017 DEFINER=`metalsigmauser`@`localhost`*/ /*!50003 TRIGGER `set_mod_data_entes` BEFORE UPDATE ON `data_entes` FOR EACH ROW IF (NEW.mod_user IS NULL || NEW.mod_user='') THEN SET NEW.mod_user = UPPER(SUBSTR(USER(), 1,(LOCATE('@', USER())-1))); END IF */;;
DELIMITER ;
/*!50003 SET sql_mode              = @saved_sql_mode */ ;
/*!50003 SET character_set_client  = @saved_cs_client */ ;
/*!50003 SET character_set_results = @saved_cs_results */ ;
/*!50003 SET collation_connection  = @saved_col_connection */ ;
ALTER DATABASE `metalsig_heavy` CHARACTER SET utf8 COLLATE utf8_bin ;

--
-- Table structure for table `data_pais`
--

DROP TABLE IF EXISTS `data_pais`;
/*!40101 SET @saved_cs_client     = @@character_set_client */;
/*!40101 SET character_set_client = utf8 */;
CREATE TABLE `data_pais` (
  `cpais` int(10) unsigned zerofill NOT NULL AUTO_INCREMENT,
  `pais` varchar(50) COLLATE utf8_bin NOT NULL,
  `code` int(2) unsigned zerofill NOT NULL DEFAULT '00',
  `crea_user` varchar(50) COLLATE utf8_bin DEFAULT NULL,
  `crea_date` datetime NOT NULL DEFAULT CURRENT_TIMESTAMP,
  `mod_user` varchar(50) COLLATE utf8_bin DEFAULT NULL,
  `mod_date` datetime DEFAULT NULL ON UPDATE CURRENT_TIMESTAMP,
  PRIMARY KEY (`cpais`)
) ENGINE=InnoDB AUTO_INCREMENT=3 DEFAULT CHARSET=utf8 COLLATE=utf8_bin;
/*!40101 SET character_set_client = @saved_cs_client */;

--
-- Dumping data for table `data_pais`
--

LOCK TABLES `data_pais` WRITE;
/*!40000 ALTER TABLE `data_pais` DISABLE KEYS */;
INSERT INTO `data_pais` VALUES (0000000001,'CHILE',56,NULL,'2019-01-25 16:43:29','WELLFITUSER','2019-02-12 11:54:08'),(0000000002,'VENEZUELA',58,NULL,'2019-01-25 16:43:29','WELLFITUSER','2019-02-12 11:54:15');
/*!40000 ALTER TABLE `data_pais` ENABLE KEYS */;
UNLOCK TABLES;
ALTER DATABASE `metalsig_heavy` CHARACTER SET latin1 COLLATE latin1_swedish_ci ;
/*!50003 SET @saved_cs_client      = @@character_set_client */ ;
/*!50003 SET @saved_cs_results     = @@character_set_results */ ;
/*!50003 SET @saved_col_connection = @@collation_connection */ ;
/*!50003 SET character_set_client  = utf8mb4 */ ;
/*!50003 SET character_set_results = utf8mb4 */ ;
/*!50003 SET collation_connection  = utf8mb4_general_ci */ ;
/*!50003 SET @saved_sql_mode       = @@sql_mode */ ;
/*!50003 SET sql_mode              = 'NO_AUTO_VALUE_ON_ZERO' */ ;
DELIMITER ;;
/*!50003 CREATE*/ /*!50017 DEFINER=`metalsigmauser`@`localhost`*/ /*!50003 TRIGGER `set_crea_data_pais` BEFORE INSERT ON `data_pais` FOR EACH ROW IF (NEW.crea_user IS NULL || NEW.crea_user='') THEN SET NEW.crea_user = UPPER(SUBSTR(USER(), 1,(LOCATE('@', USER())-1))); END IF */;;
DELIMITER ;
/*!50003 SET sql_mode              = @saved_sql_mode */ ;
/*!50003 SET character_set_client  = @saved_cs_client */ ;
/*!50003 SET character_set_results = @saved_cs_results */ ;
/*!50003 SET collation_connection  = @saved_col_connection */ ;
ALTER DATABASE `metalsig_heavy` CHARACTER SET utf8 COLLATE utf8_bin ;
ALTER DATABASE `metalsig_heavy` CHARACTER SET latin1 COLLATE latin1_swedish_ci ;
/*!50003 SET @saved_cs_client      = @@character_set_client */ ;
/*!50003 SET @saved_cs_results     = @@character_set_results */ ;
/*!50003 SET @saved_col_connection = @@collation_connection */ ;
/*!50003 SET character_set_client  = utf8mb4 */ ;
/*!50003 SET character_set_results = utf8mb4 */ ;
/*!50003 SET collation_connection  = utf8mb4_general_ci */ ;
/*!50003 SET @saved_sql_mode       = @@sql_mode */ ;
/*!50003 SET sql_mode              = 'NO_AUTO_VALUE_ON_ZERO' */ ;
DELIMITER ;;
/*!50003 CREATE*/ /*!50017 DEFINER=`metalsigmauser`@`localhost`*/ /*!50003 TRIGGER `set_mod_data_pais` BEFORE UPDATE ON `data_pais` FOR EACH ROW IF (NEW.mod_user IS NULL || NEW.mod_user='') THEN SET NEW.mod_user = UPPER(SUBSTR(USER(), 1,(LOCATE('@', USER())-1))); END IF */;;
DELIMITER ;
/*!50003 SET sql_mode              = @saved_sql_mode */ ;
/*!50003 SET character_set_client  = @saved_cs_client */ ;
/*!50003 SET character_set_results = @saved_cs_results */ ;
/*!50003 SET collation_connection  = @saved_col_connection */ ;
ALTER DATABASE `metalsig_heavy` CHARACTER SET utf8 COLLATE utf8_bin ;

--
-- Table structure for table `data_provincia`
--

DROP TABLE IF EXISTS `data_provincia`;
/*!40101 SET @saved_cs_client     = @@character_set_client */;
/*!40101 SET character_set_client = utf8 */;
CREATE TABLE `data_provincia` (
  `cprovincia` int(10) unsigned zerofill NOT NULL AUTO_INCREMENT,
  `provincia` varchar(50) COLLATE utf8_bin NOT NULL,
  `cregion` int(10) unsigned zerofill NOT NULL,
  `crea_user` varchar(50) COLLATE utf8_bin DEFAULT NULL,
  `crea_date` datetime NOT NULL DEFAULT CURRENT_TIMESTAMP,
  `mod_user` varchar(50) COLLATE utf8_bin DEFAULT NULL,
  `mod_date` datetime DEFAULT NULL ON UPDATE CURRENT_TIMESTAMP,
  PRIMARY KEY (`cprovincia`),
  KEY `cregion` (`cregion`),
  CONSTRAINT `fk_cregion_data_region` FOREIGN KEY (`cregion`) REFERENCES `data_region` (`cregion`)
) ENGINE=InnoDB AUTO_INCREMENT=55 DEFAULT CHARSET=utf8 COLLATE=utf8_bin;
/*!40101 SET character_set_client = @saved_cs_client */;

--
-- Dumping data for table `data_provincia`
--

LOCK TABLES `data_provincia` WRITE;
/*!40000 ALTER TABLE `data_provincia` DISABLE KEYS */;
INSERT INTO `data_provincia` VALUES (0000000001,'ARICA',0000000015,NULL,'2019-01-25 16:43:45',NULL,NULL),(0000000002,'PARINACOTA',0000000015,NULL,'2019-01-25 16:43:45',NULL,NULL),(0000000003,'IQUIQUE',0000000001,NULL,'2019-01-25 16:43:45',NULL,NULL),(0000000004,'TAMARUGAL',0000000001,NULL,'2019-01-25 16:43:45',NULL,NULL),(0000000005,'ANTOFAGASTA',0000000002,NULL,'2019-01-25 16:43:45',NULL,NULL),(0000000006,'EL LOA',0000000002,NULL,'2019-01-25 16:43:45',NULL,NULL),(0000000007,'TOCOPILLA',0000000002,NULL,'2019-01-25 16:43:45',NULL,NULL),(0000000008,'COPIAPO',0000000003,NULL,'2019-01-25 16:43:45',NULL,NULL),(0000000009,'CHAÑARAL',0000000003,NULL,'2019-01-25 16:43:45',NULL,NULL),(0000000010,'HUASCO',0000000003,NULL,'2019-01-25 16:43:45',NULL,NULL),(0000000011,'ELQUI',0000000004,NULL,'2019-01-25 16:43:45',NULL,NULL),(0000000012,'CHOAPA',0000000004,NULL,'2019-01-25 16:43:45',NULL,NULL),(0000000013,'LIMARI',0000000004,NULL,'2019-01-25 16:43:45',NULL,NULL),(0000000014,'VALPARAISO',0000000005,NULL,'2019-01-25 16:43:45',NULL,NULL),(0000000015,'ISLA DE PASCUA',0000000005,NULL,'2019-01-25 16:43:45',NULL,NULL),(0000000016,'LOS ANDES',0000000005,NULL,'2019-01-25 16:43:45',NULL,NULL),(0000000017,'PETORCA',0000000005,NULL,'2019-01-25 16:43:45',NULL,NULL),(0000000018,'QUILLOTA',0000000005,NULL,'2019-01-25 16:43:45',NULL,NULL),(0000000019,'SAN ANTONIO',0000000005,NULL,'2019-01-25 16:43:45',NULL,NULL),(0000000020,'SAN FELIPE DE ACONCAGUA',0000000005,NULL,'2019-01-25 16:43:45',NULL,NULL),(0000000021,'MARGA MARGA',0000000005,NULL,'2019-01-25 16:43:45',NULL,NULL),(0000000022,'CACHAPOAL',0000000006,NULL,'2019-01-25 16:43:45',NULL,NULL),(0000000023,'CARDENAL CARO',0000000006,NULL,'2019-01-25 16:43:45',NULL,NULL),(0000000024,'COLCHAGUA',0000000006,NULL,'2019-01-25 16:43:45',NULL,NULL),(0000000025,'TALCA',0000000007,NULL,'2019-01-25 16:43:45',NULL,NULL),(0000000026,'CAUQUENES',0000000007,NULL,'2019-01-25 16:43:45',NULL,NULL),(0000000027,'CURICO',0000000007,NULL,'2019-01-25 16:43:45',NULL,NULL),(0000000028,'LINARES',0000000007,NULL,'2019-01-25 16:43:45',NULL,NULL),(0000000029,'CONCEPCION',0000000008,NULL,'2019-01-25 16:43:45',NULL,NULL),(0000000030,'ARAUCO',0000000008,NULL,'2019-01-25 16:43:45',NULL,NULL),(0000000031,'BIOBIO',0000000008,NULL,'2019-01-25 16:43:45',NULL,NULL),(0000000032,'ÑUBLE',0000000008,NULL,'2019-01-25 16:43:45',NULL,NULL),(0000000033,'CAUTIN',0000000009,NULL,'2019-01-25 16:43:45',NULL,NULL),(0000000034,'MALLECO',0000000009,NULL,'2019-01-25 16:43:45',NULL,NULL),(0000000035,'VALDIVIA',0000000014,NULL,'2019-01-25 16:43:45',NULL,NULL),(0000000036,'RANCO',0000000014,NULL,'2019-01-25 16:43:45',NULL,NULL),(0000000037,'LLANQUIHUE',0000000010,NULL,'2019-01-25 16:43:45',NULL,NULL),(0000000038,'CHILOE',0000000010,NULL,'2019-01-25 16:43:45',NULL,NULL),(0000000039,'OSORNO',0000000010,NULL,'2019-01-25 16:43:45',NULL,NULL),(0000000040,'PALENA',0000000010,NULL,'2019-01-25 16:43:45',NULL,NULL),(0000000041,'COIHAIQUE',0000000011,NULL,'2019-01-25 16:43:45',NULL,NULL),(0000000042,'AISEN',0000000011,NULL,'2019-01-25 16:43:45',NULL,NULL),(0000000043,'CAPITAN PRAT',0000000011,NULL,'2019-01-25 16:43:45',NULL,NULL),(0000000044,'GENERAL CARRERA',0000000011,NULL,'2019-01-25 16:43:45',NULL,NULL),(0000000045,'MAGALLANES',0000000012,NULL,'2019-01-25 16:43:45',NULL,NULL),(0000000046,'ANTARTICA CHILENA',0000000012,NULL,'2019-01-25 16:43:45',NULL,NULL),(0000000047,'TIERRA DEL FUEGO',0000000012,NULL,'2019-01-25 16:43:45',NULL,NULL),(0000000048,'ÚLTIMA ESPERANZA',0000000012,NULL,'2019-01-25 16:43:45',NULL,NULL),(0000000049,'SANTIAGO',0000000013,NULL,'2019-01-25 16:43:45',NULL,NULL),(0000000050,'CORDILLERA',0000000013,NULL,'2019-01-25 16:43:45',NULL,NULL),(0000000051,'CHACABUCO',0000000013,NULL,'2019-01-25 16:43:45',NULL,NULL),(0000000052,'MAIPO',0000000013,NULL,'2019-01-25 16:43:45',NULL,NULL),(0000000053,'MELIPILLA',0000000013,NULL,'2019-01-25 16:43:45',NULL,NULL),(0000000054,'TALAGANTE',0000000013,NULL,'2019-01-25 16:43:45',NULL,NULL);
/*!40000 ALTER TABLE `data_provincia` ENABLE KEYS */;
UNLOCK TABLES;
ALTER DATABASE `metalsig_heavy` CHARACTER SET latin1 COLLATE latin1_swedish_ci ;
/*!50003 SET @saved_cs_client      = @@character_set_client */ ;
/*!50003 SET @saved_cs_results     = @@character_set_results */ ;
/*!50003 SET @saved_col_connection = @@collation_connection */ ;
/*!50003 SET character_set_client  = utf8mb4 */ ;
/*!50003 SET character_set_results = utf8mb4 */ ;
/*!50003 SET collation_connection  = utf8mb4_general_ci */ ;
/*!50003 SET @saved_sql_mode       = @@sql_mode */ ;
/*!50003 SET sql_mode              = 'NO_AUTO_VALUE_ON_ZERO' */ ;
DELIMITER ;;
/*!50003 CREATE*/ /*!50017 DEFINER=`metalsigmauser`@`localhost`*/ /*!50003 TRIGGER `set_crea_data_provincia` BEFORE INSERT ON `data_provincia` FOR EACH ROW IF (NEW.crea_user IS NULL || NEW.crea_user='') THEN SET NEW.crea_user = UPPER(SUBSTR(USER(), 1,(LOCATE('@', USER())-1))); END IF */;;
DELIMITER ;
/*!50003 SET sql_mode              = @saved_sql_mode */ ;
/*!50003 SET character_set_client  = @saved_cs_client */ ;
/*!50003 SET character_set_results = @saved_cs_results */ ;
/*!50003 SET collation_connection  = @saved_col_connection */ ;
ALTER DATABASE `metalsig_heavy` CHARACTER SET utf8 COLLATE utf8_bin ;
ALTER DATABASE `metalsig_heavy` CHARACTER SET latin1 COLLATE latin1_swedish_ci ;
/*!50003 SET @saved_cs_client      = @@character_set_client */ ;
/*!50003 SET @saved_cs_results     = @@character_set_results */ ;
/*!50003 SET @saved_col_connection = @@collation_connection */ ;
/*!50003 SET character_set_client  = utf8mb4 */ ;
/*!50003 SET character_set_results = utf8mb4 */ ;
/*!50003 SET collation_connection  = utf8mb4_general_ci */ ;
/*!50003 SET @saved_sql_mode       = @@sql_mode */ ;
/*!50003 SET sql_mode              = 'NO_AUTO_VALUE_ON_ZERO' */ ;
DELIMITER ;;
/*!50003 CREATE*/ /*!50017 DEFINER=`metalsigmauser`@`localhost`*/ /*!50003 TRIGGER `set_mod_data_provincia` BEFORE UPDATE ON `data_provincia` FOR EACH ROW IF (NEW.mod_user IS NULL || NEW.mod_user='') THEN SET NEW.mod_user = UPPER(SUBSTR(USER(), 1,(LOCATE('@', USER())-1))); END IF */;;
DELIMITER ;
/*!50003 SET sql_mode              = @saved_sql_mode */ ;
/*!50003 SET character_set_client  = @saved_cs_client */ ;
/*!50003 SET character_set_results = @saved_cs_results */ ;
/*!50003 SET collation_connection  = @saved_col_connection */ ;
ALTER DATABASE `metalsig_heavy` CHARACTER SET utf8 COLLATE utf8_bin ;

--
-- Table structure for table `data_region`
--

DROP TABLE IF EXISTS `data_region`;
/*!40101 SET @saved_cs_client     = @@character_set_client */;
/*!40101 SET character_set_client = utf8 */;
CREATE TABLE `data_region` (
  `cregion` int(10) unsigned zerofill NOT NULL AUTO_INCREMENT,
  `region` varchar(50) COLLATE utf8_bin NOT NULL,
  `cpais` int(10) unsigned zerofill NOT NULL,
  `crea_user` varchar(50) COLLATE utf8_bin DEFAULT NULL,
  `crea_date` datetime NOT NULL DEFAULT CURRENT_TIMESTAMP,
  `mod_user` varchar(50) COLLATE utf8_bin DEFAULT NULL,
  `mod_date` datetime DEFAULT NULL ON UPDATE CURRENT_TIMESTAMP,
  PRIMARY KEY (`cregion`),
  KEY `cpais` (`cpais`),
  CONSTRAINT `fk_cpais_data_pais` FOREIGN KEY (`cpais`) REFERENCES `data_pais` (`cpais`)
) ENGINE=InnoDB AUTO_INCREMENT=16 DEFAULT CHARSET=utf8 COLLATE=utf8_bin;
/*!40101 SET character_set_client = @saved_cs_client */;

--
-- Dumping data for table `data_region`
--

LOCK TABLES `data_region` WRITE;
/*!40000 ALTER TABLE `data_region` DISABLE KEYS */;
INSERT INTO `data_region` VALUES (0000000001,'TARAPACA',0000000001,NULL,'2019-01-25 16:44:03',NULL,NULL),(0000000002,'ANTOFAGASTA',0000000001,NULL,'2019-01-25 16:44:03',NULL,NULL),(0000000003,'ATACAMA',0000000001,NULL,'2019-01-25 16:44:03',NULL,NULL),(0000000004,'COQUIMBO',0000000001,NULL,'2019-01-25 16:44:03',NULL,NULL),(0000000005,'VALPARAISO',0000000001,NULL,'2019-01-25 16:44:03',NULL,NULL),(0000000006,'REGION DEL LIBERTADOR GRAL. BERNARDO O’HIGGINS',0000000001,NULL,'2019-01-25 16:44:03',NULL,NULL),(0000000007,'REGION DEL MAULE',0000000001,NULL,'2019-01-25 16:44:03',NULL,NULL),(0000000008,'REGION DEL BIOBIO',0000000001,NULL,'2019-01-25 16:44:03',NULL,NULL),(0000000009,'REGION DE LA ARAUCANIA',0000000001,NULL,'2019-01-25 16:44:03',NULL,NULL),(0000000010,'REGION DE LOS LAGOS',0000000001,NULL,'2019-01-25 16:44:03',NULL,NULL),(0000000011,'REGION AISÉN DEL GRAL. CARLOS IBAÑEZ DEL CAMPO',0000000001,NULL,'2019-01-25 16:44:03',NULL,NULL),(0000000012,'REGION DE MAGALLANES Y DE LA ANTARTICA CHILENA',0000000001,NULL,'2019-01-25 16:44:03',NULL,NULL),(0000000013,'REGION METROPOLITANA DE SANTIAGO',0000000001,NULL,'2019-01-25 16:44:03',NULL,NULL),(0000000014,'REGION DE LOS RIOS',0000000001,NULL,'2019-01-25 16:44:03',NULL,NULL),(0000000015,'ARICA Y PARINACOTA',0000000001,NULL,'2019-01-25 16:44:03',NULL,NULL);
/*!40000 ALTER TABLE `data_region` ENABLE KEYS */;
UNLOCK TABLES;
ALTER DATABASE `metalsig_heavy` CHARACTER SET latin1 COLLATE latin1_swedish_ci ;
/*!50003 SET @saved_cs_client      = @@character_set_client */ ;
/*!50003 SET @saved_cs_results     = @@character_set_results */ ;
/*!50003 SET @saved_col_connection = @@collation_connection */ ;
/*!50003 SET character_set_client  = utf8mb4 */ ;
/*!50003 SET character_set_results = utf8mb4 */ ;
/*!50003 SET collation_connection  = utf8mb4_general_ci */ ;
/*!50003 SET @saved_sql_mode       = @@sql_mode */ ;
/*!50003 SET sql_mode              = 'NO_AUTO_VALUE_ON_ZERO' */ ;
DELIMITER ;;
/*!50003 CREATE*/ /*!50017 DEFINER=`metalsigmauser`@`localhost`*/ /*!50003 TRIGGER `set_crea_data_region` BEFORE INSERT ON `data_region` FOR EACH ROW IF (NEW.crea_user IS NULL || NEW.crea_user='') THEN SET NEW.crea_user = UPPER(SUBSTR(USER(), 1,(LOCATE('@', USER())-1))); END IF */;;
DELIMITER ;
/*!50003 SET sql_mode              = @saved_sql_mode */ ;
/*!50003 SET character_set_client  = @saved_cs_client */ ;
/*!50003 SET character_set_results = @saved_cs_results */ ;
/*!50003 SET collation_connection  = @saved_col_connection */ ;
ALTER DATABASE `metalsig_heavy` CHARACTER SET utf8 COLLATE utf8_bin ;
ALTER DATABASE `metalsig_heavy` CHARACTER SET latin1 COLLATE latin1_swedish_ci ;
/*!50003 SET @saved_cs_client      = @@character_set_client */ ;
/*!50003 SET @saved_cs_results     = @@character_set_results */ ;
/*!50003 SET @saved_col_connection = @@collation_connection */ ;
/*!50003 SET character_set_client  = utf8mb4 */ ;
/*!50003 SET character_set_results = utf8mb4 */ ;
/*!50003 SET collation_connection  = utf8mb4_general_ci */ ;
/*!50003 SET @saved_sql_mode       = @@sql_mode */ ;
/*!50003 SET sql_mode              = 'NO_AUTO_VALUE_ON_ZERO' */ ;
DELIMITER ;;
/*!50003 CREATE*/ /*!50017 DEFINER=`metalsigmauser`@`localhost`*/ /*!50003 TRIGGER `set_mod_data_region` BEFORE UPDATE ON `data_region` FOR EACH ROW IF (NEW.mod_user IS NULL || NEW.mod_user='') THEN SET NEW.mod_user = UPPER(SUBSTR(USER(), 1,(LOCATE('@', USER())-1))); END IF */;;
DELIMITER ;
/*!50003 SET sql_mode              = @saved_sql_mode */ ;
/*!50003 SET character_set_client  = @saved_cs_client */ ;
/*!50003 SET character_set_results = @saved_cs_results */ ;
/*!50003 SET collation_connection  = @saved_col_connection */ ;
ALTER DATABASE `metalsig_heavy` CHARACTER SET utf8 COLLATE utf8_bin ;

--
-- Table structure for table `eq_equipos`
--

DROP TABLE IF EXISTS `eq_equipos`;
/*!40101 SET @saved_cs_client     = @@character_set_client */;
/*!40101 SET character_set_client = utf8 */;
CREATE TABLE `eq_equipos` (
  `cequipo` int(10) unsigned zerofill NOT NULL AUTO_INCREMENT,
  `equipo` varchar(100) COLLATE utf8_bin NOT NULL,
  `cmarca` int(10) unsigned zerofill NOT NULL,
  `modelo` varchar(80) COLLATE utf8_bin NOT NULL,
  `csegmento` int(10) unsigned zerofill NOT NULL,
  `crea_user` varchar(50) COLLATE utf8_bin DEFAULT NULL,
  `crea_date` datetime NOT NULL DEFAULT CURRENT_TIMESTAMP,
  `mod_user` varchar(50) COLLATE utf8_bin DEFAULT NULL,
  `mod_date` datetime DEFAULT NULL ON UPDATE CURRENT_TIMESTAMP,
  PRIMARY KEY (`cequipo`),
  KEY `ik_cmarca_eq_equipos` (`cmarca`) USING BTREE,
  KEY `ik_csegmento_eq_equipos` (`csegmento`) USING BTREE,
  CONSTRAINT `fk_cmarca_eq_equipos` FOREIGN KEY (`cmarca`) REFERENCES `eq_marcas` (`cmarca`),
  CONSTRAINT `fk_csegmento_eq_equipos` FOREIGN KEY (`csegmento`) REFERENCES `eq_segmentos` (`csegmento`)
) ENGINE=InnoDB AUTO_INCREMENT=114 DEFAULT CHARSET=utf8 COLLATE=utf8_bin;
/*!40101 SET character_set_client = @saved_cs_client */;

--
-- Dumping data for table `eq_equipos`
--

LOCK TABLES `eq_equipos` WRITE;
/*!40000 ALTER TABLE `eq_equipos` DISABLE KEYS */;
INSERT INTO `eq_equipos` VALUES (0000000007,'BULLDOZER',0000000003,'D10',0000000001,'ADMINISTRADOR','0000-00-00 00:00:00','ADMINISTRADOR','2019-02-25 09:42:23'),(0000000008,'BULLDOZER',0000000003,'D11',0000000001,'ADMINISTRADOR','0000-00-00 00:00:00',NULL,NULL),(0000000009,'BULLDOZER',0000000003,'D4',0000000002,'ADMINISTRADOR','0000-00-00 00:00:00',NULL,NULL),(0000000010,'BULLDOZER',0000000003,'D6',0000000002,'ADMINISTRADOR','0000-00-00 00:00:00',NULL,NULL),(0000000011,'BULLDOZER',0000000003,'D7',0000000003,'ADMINISTRADOR','0000-00-00 00:00:00',NULL,NULL),(0000000012,'BULLDOZER',0000000003,'D8',0000000003,'ADMINISTRADOR','0000-00-00 00:00:00',NULL,NULL),(0000000013,'BULLDOZER',0000000003,'D9',0000000003,'ADMINISTRADOR','0000-00-00 00:00:00',NULL,NULL),(0000000014,'CAMIÓN',0000000003,'720',0000000003,'ADMINISTRADOR','0000-00-00 00:00:00',NULL,NULL),(0000000015,'CAMIÓN',0000000003,'725',0000000003,'ADMINISTRADOR','0000-00-00 00:00:00',NULL,NULL),(0000000016,'CAMIÓN',0000000003,'730',0000000003,'ADMINISTRADOR','0000-00-00 00:00:00',NULL,NULL),(0000000017,'CAMIÓN',0000000003,'740',0000000003,'ADMINISTRADOR','0000-00-00 00:00:00',NULL,NULL),(0000000018,'CAMIÓN',0000000003,'745',0000000003,'ADMINISTRADOR','0000-00-00 00:00:00',NULL,NULL),(0000000019,'CAMIÓN',0000000003,'777',0000000001,'ADMINISTRADOR','0000-00-00 00:00:00',NULL,NULL),(0000000020,'CAMIÓN',0000000003,'785',0000000001,'ADMINISTRADOR','0000-00-00 00:00:00',NULL,NULL),(0000000021,'CAMIÓN',0000000003,'793',0000000001,'ADMINISTRADOR','0000-00-00 00:00:00',NULL,NULL),(0000000022,'CAMIÓN',0000000003,'795',0000000001,'ADMINISTRADOR','0000-00-00 00:00:00',NULL,NULL),(0000000023,'CAMIÓN',0000000003,'797',0000000001,'ADMINISTRADOR','0000-00-00 00:00:00',NULL,NULL),(0000000024,'CAMIÓN UNDERGROUND',0000000003,'AD30',0000000001,'ADMINISTRADOR','0000-00-00 00:00:00',NULL,NULL),(0000000025,'CAMIÓN UNDERGROUND',0000000003,'AD40',0000000001,'ADMINISTRADOR','0000-00-00 00:00:00',NULL,NULL),(0000000026,'CAMIÓN UNDERGROUND',0000000003,'AD45',0000000001,'ADMINISTRADOR','0000-00-00 00:00:00',NULL,NULL),(0000000027,'CAMIÓN UNDERGROUND',0000000003,'AD60',0000000001,'ADMINISTRADOR','0000-00-00 00:00:00',NULL,NULL),(0000000028,'CARGADOR FRONTAL',0000000003,'906',0000000002,'ADMINISTRADOR','0000-00-00 00:00:00',NULL,NULL),(0000000029,'CARGADOR FRONTAL',0000000003,'908',0000000002,'ADMINISTRADOR','0000-00-00 00:00:00',NULL,NULL),(0000000030,'CARGADOR FRONTAL',0000000003,'924',0000000002,'ADMINISTRADOR','0000-00-00 00:00:00',NULL,NULL),(0000000031,'CARGADOR FRONTAL',0000000003,'938',0000000002,'ADMINISTRADOR','0000-00-00 00:00:00',NULL,NULL),(0000000032,'CARGADOR FRONTAL',0000000003,'950',0000000002,'ADMINISTRADOR','0000-00-00 00:00:00',NULL,NULL),(0000000033,'CARGADOR FRONTAL',0000000003,'962',0000000002,'ADMINISTRADOR','0000-00-00 00:00:00',NULL,NULL),(0000000034,'CARGADOR FRONTAL',0000000003,'966',0000000003,'ADMINISTRADOR','0000-00-00 00:00:00',NULL,NULL),(0000000035,'CARGADOR FRONTAL',0000000003,'972',0000000003,'ADMINISTRADOR','0000-00-00 00:00:00',NULL,NULL),(0000000036,'CARGADOR FRONTAL',0000000003,'980',0000000001,'ADMINISTRADOR','0000-00-00 00:00:00',NULL,NULL),(0000000037,'CARGADOR FRONTAL',0000000003,'992',0000000001,'ADMINISTRADOR','0000-00-00 00:00:00',NULL,NULL),(0000000038,'CARGADOR FRONTAL',0000000003,'994',0000000001,'ADMINISTRADOR','0000-00-00 00:00:00',NULL,NULL),(0000000039,'CARGADOR UNDERGROUND',0000000003,'R1300',0000000001,'ADMINISTRADOR','0000-00-00 00:00:00',NULL,NULL),(0000000040,'CARGADOR UNDERGROUND',0000000003,'R1600',0000000001,'ADMINISTRADOR','0000-00-00 00:00:00',NULL,NULL),(0000000041,'CARGADOR UNDERGROUND',0000000003,'R1700',0000000001,'ADMINISTRADOR','0000-00-00 00:00:00',NULL,NULL),(0000000042,'CARGADOR UNDERGROUND',0000000003,'R2009',0000000001,'ADMINISTRADOR','0000-00-00 00:00:00',NULL,NULL),(0000000043,'CARGADOR UNDERGROUND',0000000003,'R3000',0000000001,'ADMINISTRADOR','0000-00-00 00:00:00',NULL,NULL),(0000000044,'EXCAVADORA',0000000003,'302',0000000002,'ADMINISTRADOR','0000-00-00 00:00:00',NULL,NULL),(0000000045,'EXCAVADORA',0000000003,'303',0000000002,'ADMINISTRADOR','0000-00-00 00:00:00',NULL,NULL),(0000000046,'EXCAVADORA',0000000003,'304',0000000002,'ADMINISTRADOR','0000-00-00 00:00:00',NULL,NULL),(0000000047,'EXCAVADORA',0000000003,'305',0000000002,'ADMINISTRADOR','0000-00-00 00:00:00',NULL,NULL),(0000000048,'EXCAVADORA',0000000003,'308',0000000002,'ADMINISTRADOR','0000-00-00 00:00:00',NULL,NULL),(0000000049,'EXCAVADORA',0000000003,'311',0000000002,'ADMINISTRADOR','0000-00-00 00:00:00',NULL,NULL),(0000000050,'EXCAVADORA',0000000003,'312',0000000002,'ADMINISTRADOR','0000-00-00 00:00:00',NULL,NULL),(0000000051,'EXCAVADORA',0000000003,'315',0000000002,'ADMINISTRADOR','0000-00-00 00:00:00',NULL,NULL),(0000000052,'EXCAVADORA',0000000003,'318',0000000002,'ADMINISTRADOR','0000-00-00 00:00:00',NULL,NULL),(0000000053,'EXCAVADORA',0000000003,'320',0000000002,'ADMINISTRADOR','0000-00-00 00:00:00',NULL,NULL),(0000000054,'EXCAVADORA',0000000003,'322',0000000002,'ADMINISTRADOR','0000-00-00 00:00:00',NULL,NULL),(0000000055,'EXCAVADORA',0000000003,'324',0000000002,'ADMINISTRADOR','0000-00-00 00:00:00',NULL,NULL),(0000000056,'EXCAVADORA',0000000003,'323',0000000003,'ADMINISTRADOR','0000-00-00 00:00:00',NULL,NULL),(0000000057,'EXCAVADORA',0000000003,'324',0000000003,'ADMINISTRADOR','0000-00-00 00:00:00',NULL,NULL),(0000000058,'EXCAVADORA',0000000003,'325',0000000003,'ADMINISTRADOR','0000-00-00 00:00:00',NULL,NULL),(0000000059,'EXCAVADORA',0000000003,'329',0000000003,'ADMINISTRADOR','0000-00-00 00:00:00',NULL,NULL),(0000000060,'EXCAVADORA',0000000003,'330',0000000003,'ADMINISTRADOR','0000-00-00 00:00:00',NULL,NULL),(0000000061,'EXCAVADORA',0000000003,'336',0000000003,'ADMINISTRADOR','0000-00-00 00:00:00',NULL,NULL),(0000000062,'EXCAVADORA',0000000003,'345',0000000001,'ADMINISTRADOR','0000-00-00 00:00:00',NULL,NULL),(0000000063,'EXCAVADORA',0000000003,'350',0000000001,'ADMINISTRADOR','0000-00-00 00:00:00',NULL,NULL),(0000000064,'EXCAVADORA',0000000003,'360',0000000001,'ADMINISTRADOR','0000-00-00 00:00:00',NULL,NULL),(0000000065,'EXCAVADORA',0000000003,'365',0000000001,'ADMINISTRADOR','0000-00-00 00:00:00',NULL,NULL),(0000000066,'EXCAVADORA',0000000003,'374',0000000001,'ADMINISTRADOR','0000-00-00 00:00:00',NULL,NULL),(0000000067,'EXCAVADORA',0000000003,'385',0000000001,'ADMINISTRADOR','0000-00-00 00:00:00',NULL,NULL),(0000000068,'EXCAVADORA',0000000003,'390',0000000001,'ADMINISTRADOR','0000-00-00 00:00:00',NULL,NULL),(0000000069,'RETROEXCAVADORAS',0000000003,'416',0000000002,'ADMINISTRADOR','0000-00-00 00:00:00',NULL,NULL),(0000000070,'RETROEXCAVADORAS',0000000003,'420',0000000002,'ADMINISTRADOR','0000-00-00 00:00:00',NULL,NULL),(0000000071,'RETROEXCAVADORAS',0000000003,'428',0000000002,'ADMINISTRADOR','0000-00-00 00:00:00',NULL,NULL),(0000000072,'RETROEXCAVADORAS',0000000003,'430',0000000002,'ADMINISTRADOR','0000-00-00 00:00:00',NULL,NULL),(0000000073,'GENERADOR ELÉCTRICO',0000000004,'Todos',0000000004,'ADMINISTRADOR','0000-00-00 00:00:00',NULL,NULL),(0000000074,'MINICARGADOR',0000000003,'216',0000000005,'ADMINISTRADOR','0000-00-00 00:00:00',NULL,NULL),(0000000075,'MINICARGADOR',0000000003,'218',0000000005,'ADMINISTRADOR','0000-00-00 00:00:00',NULL,NULL),(0000000076,'MINICARGADOR',0000000003,'222',0000000005,'ADMINISTRADOR','0000-00-00 00:00:00',NULL,NULL),(0000000077,'MINICARGADOR',0000000003,'223',0000000005,'ADMINISTRADOR','0000-00-00 00:00:00',NULL,NULL),(0000000078,'MINICARGADOR',0000000003,'224',0000000005,'ADMINISTRADOR','0000-00-00 00:00:00',NULL,NULL),(0000000079,'MINICARGADOR',0000000003,'226',0000000005,'ADMINISTRADOR','0000-00-00 00:00:00',NULL,NULL),(0000000080,'MINICARGADOR',0000000003,'232',0000000005,'ADMINISTRADOR','0000-00-00 00:00:00',NULL,NULL),(0000000081,'MINICARGADOR',0000000003,'236',0000000005,'ADMINISTRADOR','0000-00-00 00:00:00',NULL,NULL),(0000000082,'MINICARGADOR',0000000003,'242',0000000005,'ADMINISTRADOR','0000-00-00 00:00:00',NULL,NULL),(0000000083,'MINICARGADOR',0000000003,'246',0000000005,'ADMINISTRADOR','0000-00-00 00:00:00',NULL,NULL),(0000000084,'MINICARGADOR',0000000003,'252',0000000005,'ADMINISTRADOR','0000-00-00 00:00:00',NULL,NULL),(0000000085,'MINICARGADOR',0000000003,'262',0000000005,'ADMINISTRADOR','0000-00-00 00:00:00',NULL,NULL),(0000000086,'MINICARGADOR',0000000003,'267',0000000005,'ADMINISTRADOR','0000-00-00 00:00:00',NULL,NULL),(0000000087,'MOTONIVELADORA',0000000003,'12',0000000003,'ADMINISTRADOR','0000-00-00 00:00:00',NULL,NULL),(0000000088,'MOTONIVELADORA',0000000003,'14',0000000003,'ADMINISTRADOR','0000-00-00 00:00:00',NULL,NULL),(0000000089,'MOTONIVELADORA',0000000003,'120',0000000002,'ADMINISTRADOR','0000-00-00 00:00:00',NULL,NULL),(0000000090,'MOTONIVELADORA',0000000003,'130',0000000002,'ADMINISTRADOR','0000-00-00 00:00:00',NULL,NULL),(0000000091,'MOTONIVELADORA',0000000003,'140',0000000002,'ADMINISTRADOR','0000-00-00 00:00:00',NULL,NULL),(0000000092,'MOTONIVELADORA',0000000003,'160',0000000002,'ADMINISTRADOR','0000-00-00 00:00:00',NULL,NULL),(0000000093,'MOTONIVELADORA',0000000003,'20',0000000001,'ADMINISTRADOR','0000-00-00 00:00:00',NULL,NULL),(0000000094,'MOTONIVELADORA',0000000003,'24',0000000001,'ADMINISTRADOR','0000-00-00 00:00:00',NULL,NULL),(0000000095,'COMPACTADORES ',0000000003,'815',0000000002,'ADMINISTRADOR','0000-00-00 00:00:00',NULL,NULL),(0000000096,'COMPACTADORES ',0000000003,'816',0000000002,'ADMINISTRADOR','0000-00-00 00:00:00',NULL,NULL),(0000000097,'COMPACTADORES ',0000000003,'825',0000000002,'ADMINISTRADOR','0000-00-00 00:00:00',NULL,NULL),(0000000098,'COMPACTADORES ',0000000003,'826',0000000001,'ADMINISTRADOR','0000-00-00 00:00:00',NULL,NULL),(0000000099,'COMPACTADORES ',0000000003,'836',0000000001,'ADMINISTRADOR','0000-00-00 00:00:00',NULL,NULL),(0000000100,'RODILLO COMPACTADOR',0000000003,'CS-533',0000000002,'ADMINISTRADOR','0000-00-00 00:00:00',NULL,NULL),(0000000101,'TELEHANDLER',0000000003,'TH408',0000000002,'ADMINISTRADOR','0000-00-00 00:00:00',NULL,NULL),(0000000102,'TELEHANDLER',0000000003,'TH414',0000000002,'ADMINISTRADOR','0000-00-00 00:00:00',NULL,NULL),(0000000103,'TELEHANDLER',0000000003,'TH417',0000000002,'ADMINISTRADOR','0000-00-00 00:00:00',NULL,NULL),(0000000104,'TELEHANDLER',0000000003,'TH357',0000000002,'ADMINISTRADOR','0000-00-00 00:00:00',NULL,NULL),(0000000105,'TELEHANDLER',0000000003,'TH3510',0000000002,'ADMINISTRADOR','0000-00-00 00:00:00',NULL,NULL),(0000000106,'CARAGADOR FRONTAL',0000000005,'WA380',0000000002,'ADMINISTRADOR','0000-00-00 00:00:00',NULL,NULL),(0000000107,'EXCAVADORA',0000000005,'PC200',0000000002,'ADMINISTRADOR','0000-00-00 00:00:00',NULL,NULL),(0000000110,'CAMION',0000000005,'930E',0000000001,'DAVID','2019-03-27 18:35:39','METALSIGMAUSER','2019-06-05 15:50:29'),(0000000111,'C4.4',0000000003,'C4.4',0000000002,'FGONZALEZ','2019-03-28 13:30:37',NULL,NULL),(0000000112,'TELEHANDLER',0000000003,'TH407',0000000002,'ABOLIVAR','2019-04-03 16:50:04',NULL,NULL),(0000000113,'K99',0000000003,'K99',0000000001,'ADMINISTRADOR','2019-06-05 17:53:54',NULL,NULL);
/*!40000 ALTER TABLE `eq_equipos` ENABLE KEYS */;
UNLOCK TABLES;
ALTER DATABASE `metalsig_heavy` CHARACTER SET latin1 COLLATE latin1_swedish_ci ;
/*!50003 SET @saved_cs_client      = @@character_set_client */ ;
/*!50003 SET @saved_cs_results     = @@character_set_results */ ;
/*!50003 SET @saved_col_connection = @@collation_connection */ ;
/*!50003 SET character_set_client  = utf8mb4 */ ;
/*!50003 SET character_set_results = utf8mb4 */ ;
/*!50003 SET collation_connection  = utf8mb4_general_ci */ ;
/*!50003 SET @saved_sql_mode       = @@sql_mode */ ;
/*!50003 SET sql_mode              = 'NO_AUTO_VALUE_ON_ZERO' */ ;
DELIMITER ;;
/*!50003 CREATE*/ /*!50017 DEFINER=`metalsigmauser`@`localhost`*/ /*!50003 TRIGGER `set_crea_eq_equipos` BEFORE INSERT ON `eq_equipos` FOR EACH ROW IF (NEW.crea_user IS NULL || NEW.crea_user='') THEN SET NEW.crea_user = UPPER(SUBSTR(USER(), 1,(LOCATE('@', USER())-1))); END IF */;;
DELIMITER ;
/*!50003 SET sql_mode              = @saved_sql_mode */ ;
/*!50003 SET character_set_client  = @saved_cs_client */ ;
/*!50003 SET character_set_results = @saved_cs_results */ ;
/*!50003 SET collation_connection  = @saved_col_connection */ ;
ALTER DATABASE `metalsig_heavy` CHARACTER SET utf8 COLLATE utf8_bin ;
ALTER DATABASE `metalsig_heavy` CHARACTER SET latin1 COLLATE latin1_swedish_ci ;
/*!50003 SET @saved_cs_client      = @@character_set_client */ ;
/*!50003 SET @saved_cs_results     = @@character_set_results */ ;
/*!50003 SET @saved_col_connection = @@collation_connection */ ;
/*!50003 SET character_set_client  = utf8mb4 */ ;
/*!50003 SET character_set_results = utf8mb4 */ ;
/*!50003 SET collation_connection  = utf8mb4_general_ci */ ;
/*!50003 SET @saved_sql_mode       = @@sql_mode */ ;
/*!50003 SET sql_mode              = 'NO_AUTO_VALUE_ON_ZERO' */ ;
DELIMITER ;;
/*!50003 CREATE*/ /*!50017 DEFINER=`metalsigmauser`@`localhost`*/ /*!50003 TRIGGER `set_mod_eq_equipos` BEFORE UPDATE ON `eq_equipos` FOR EACH ROW IF (NEW.mod_user IS NULL || NEW.mod_user='') THEN SET NEW.mod_user = UPPER(SUBSTR(USER(), 1,(LOCATE('@', USER())-1))); END IF */;;
DELIMITER ;
/*!50003 SET sql_mode              = @saved_sql_mode */ ;
/*!50003 SET character_set_client  = @saved_cs_client */ ;
/*!50003 SET character_set_results = @saved_cs_results */ ;
/*!50003 SET collation_connection  = @saved_col_connection */ ;
ALTER DATABASE `metalsig_heavy` CHARACTER SET utf8 COLLATE utf8_bin ;

--
-- Table structure for table `eq_marcas`
--

DROP TABLE IF EXISTS `eq_marcas`;
/*!40101 SET @saved_cs_client     = @@character_set_client */;
/*!40101 SET character_set_client = utf8 */;
CREATE TABLE `eq_marcas` (
  `cmarca` int(10) unsigned zerofill NOT NULL AUTO_INCREMENT,
  `marca` varchar(50) COLLATE utf8_bin NOT NULL,
  `crea_user` varchar(50) COLLATE utf8_bin DEFAULT NULL,
  `crea_date` datetime NOT NULL DEFAULT CURRENT_TIMESTAMP,
  `mod_user` varchar(50) COLLATE utf8_bin DEFAULT NULL,
  `mod_date` datetime DEFAULT NULL ON UPDATE CURRENT_TIMESTAMP,
  PRIMARY KEY (`cmarca`)
) ENGINE=InnoDB AUTO_INCREMENT=6 DEFAULT CHARSET=utf8 COLLATE=utf8_bin;
/*!40101 SET character_set_client = @saved_cs_client */;

--
-- Dumping data for table `eq_marcas`
--

LOCK TABLES `eq_marcas` WRITE;
/*!40000 ALTER TABLE `eq_marcas` DISABLE KEYS */;
INSERT INTO `eq_marcas` VALUES (0000000003,'CATERPILLAR',NULL,'2019-01-25 16:44:39','METALSIG_USUARIO','2019-02-25 10:47:33'),(0000000004,'CATERPILLAR OLYMPIAN',NULL,'2019-01-25 16:44:39',NULL,NULL),(0000000005,'KOMATSU',NULL,'2019-01-25 16:44:39','METALSIG_USUARIO','2019-07-23 11:34:12');
/*!40000 ALTER TABLE `eq_marcas` ENABLE KEYS */;
UNLOCK TABLES;
ALTER DATABASE `metalsig_heavy` CHARACTER SET latin1 COLLATE latin1_swedish_ci ;
/*!50003 SET @saved_cs_client      = @@character_set_client */ ;
/*!50003 SET @saved_cs_results     = @@character_set_results */ ;
/*!50003 SET @saved_col_connection = @@collation_connection */ ;
/*!50003 SET character_set_client  = utf8mb4 */ ;
/*!50003 SET character_set_results = utf8mb4 */ ;
/*!50003 SET collation_connection  = utf8mb4_general_ci */ ;
/*!50003 SET @saved_sql_mode       = @@sql_mode */ ;
/*!50003 SET sql_mode              = 'NO_AUTO_VALUE_ON_ZERO' */ ;
DELIMITER ;;
/*!50003 CREATE*/ /*!50017 DEFINER=`metalsigmauser`@`localhost`*/ /*!50003 TRIGGER `set_crea_eq_marcas` BEFORE INSERT ON `eq_marcas` FOR EACH ROW IF (NEW.crea_user IS NULL || NEW.crea_user='') THEN SET NEW.crea_user = UPPER(SUBSTR(USER(), 1,(LOCATE('@', USER())-1))); END IF */;;
DELIMITER ;
/*!50003 SET sql_mode              = @saved_sql_mode */ ;
/*!50003 SET character_set_client  = @saved_cs_client */ ;
/*!50003 SET character_set_results = @saved_cs_results */ ;
/*!50003 SET collation_connection  = @saved_col_connection */ ;
ALTER DATABASE `metalsig_heavy` CHARACTER SET utf8 COLLATE utf8_bin ;
ALTER DATABASE `metalsig_heavy` CHARACTER SET latin1 COLLATE latin1_swedish_ci ;
/*!50003 SET @saved_cs_client      = @@character_set_client */ ;
/*!50003 SET @saved_cs_results     = @@character_set_results */ ;
/*!50003 SET @saved_col_connection = @@collation_connection */ ;
/*!50003 SET character_set_client  = utf8mb4 */ ;
/*!50003 SET character_set_results = utf8mb4 */ ;
/*!50003 SET collation_connection  = utf8mb4_general_ci */ ;
/*!50003 SET @saved_sql_mode       = @@sql_mode */ ;
/*!50003 SET sql_mode              = 'NO_AUTO_VALUE_ON_ZERO' */ ;
DELIMITER ;;
/*!50003 CREATE*/ /*!50017 DEFINER=`metalsigmauser`@`localhost`*/ /*!50003 TRIGGER `set_mod_eq_marcas` BEFORE UPDATE ON `eq_marcas` FOR EACH ROW IF (NEW.mod_user IS NULL || NEW.mod_user='') THEN SET NEW.mod_user = UPPER(SUBSTR(USER(), 1,(LOCATE('@', USER())-1))); END IF */;;
DELIMITER ;
/*!50003 SET sql_mode              = @saved_sql_mode */ ;
/*!50003 SET character_set_client  = @saved_cs_client */ ;
/*!50003 SET character_set_results = @saved_cs_results */ ;
/*!50003 SET collation_connection  = @saved_col_connection */ ;
ALTER DATABASE `metalsig_heavy` CHARACTER SET utf8 COLLATE utf8_bin ;

--
-- Table structure for table `eq_partes`
--

DROP TABLE IF EXISTS `eq_partes`;
/*!40101 SET @saved_cs_client     = @@character_set_client */;
/*!40101 SET character_set_client = utf8 */;
CREATE TABLE `eq_partes` (
  `cparte` int(10) unsigned zerofill NOT NULL AUTO_INCREMENT,
  `code` varchar(10) COLLATE utf8_bin NOT NULL,
  `parte` varchar(100) COLLATE utf8_bin NOT NULL,
  `crea_user` varchar(50) COLLATE utf8_bin DEFAULT NULL,
  `crea_date` datetime NOT NULL DEFAULT CURRENT_TIMESTAMP,
  `mod_user` varchar(50) COLLATE utf8_bin DEFAULT NULL,
  `mod_date` datetime DEFAULT NULL ON UPDATE CURRENT_TIMESTAMP,
  PRIMARY KEY (`cparte`)
) ENGINE=InnoDB AUTO_INCREMENT=73 DEFAULT CHARSET=utf8 COLLATE=utf8_bin;
/*!40101 SET character_set_client = @saved_cs_client */;

--
-- Dumping data for table `eq_partes`
--

LOCK TABLES `eq_partes` WRITE;
/*!40000 ALTER TABLE `eq_partes` DISABLE KEYS */;
INSERT INTO `eq_partes` VALUES (0000000001,'1000-1030','ENGINE - ENGINE','METALSIGMAUSER','2019-02-21 14:43:26','ADMINISTRADOR','2019-02-25 10:12:12'),(0000000002,'1050-1097','ENGINE - AIR INDUCTION & EXHAUST SYSTEM','METALSIGMAUSER','2019-02-21 14:43:26',NULL,NULL),(0000000003,'1100-1130','ENGINE - CYLINDER HEAD ASSEMBLY','METALSIGMAUSER','2019-02-21 14:43:26',NULL,NULL),(0000000004,'1150-1167','ENGINE - FRONT & REAR COVERS','METALSIGMAUSER','2019-02-21 14:43:26',NULL,NULL),(0000000005,'1200-1242','ENGINE - SHORT BLOCK','METALSIGMAUSER','2019-02-21 14:43:26',NULL,NULL),(0000000006,'1250-1299','ENGINE - FUEL SYSTEM','METALSIGMAUSER','2019-02-21 14:43:26',NULL,NULL),(0000000007,'1300-1349','ENGINE - LUBRICATION SYSTEM','METALSIGMAUSER','2019-02-21 14:43:26',NULL,NULL),(0000000008,'1350-1397','ENGINE - ENGINE COOLING SYSTEM','METALSIGMAUSER','2019-02-21 14:43:26',NULL,NULL),(0000000009,'1400-1442','ENGINE - ELECTRIC SYSTEM','METALSIGMAUSER','2019-02-21 14:43:26',NULL,NULL),(0000000010,'1450-1471','ENGINE - STARTING SYSTEM','METALSIGMAUSER','2019-02-21 14:43:26',NULL,NULL),(0000000011,'1500-1530','ENGINE - GASOLINE STARTING/AUXILIARY ENGINE','METALSIGMAUSER','2019-02-21 14:43:26',NULL,NULL),(0000000012,'1550-1567','ENGINE - IGNITION SYSTEM','METALSIGMAUSER','2019-02-21 14:43:26',NULL,NULL),(0000000013,'1600-1640','ENGINE - ELECTRIC DRIVE & CONTROL','METALSIGMAUSER','2019-02-21 14:43:26',NULL,NULL),(0000000014,'1702-1743','ENGINE - FUEL SYSTEM','METALSIGMAUSER','2019-02-21 14:43:26',NULL,NULL),(0000000015,'1800-1816','ENGINE - OTHER ENGINE COMPONENTS','METALSIGMAUSER','2019-02-21 14:43:26',NULL,NULL),(0000000016,'1900-1948','ENGINE - ENGINE ELECTRONIC CONTROL SYSTEM','METALSIGMAUSER','2019-02-21 14:43:26',NULL,NULL),(0000000017,'3000-3034','TRANSMISSION & DRIVE LINE - TRANSMISSION & DRIVE LINE','METALSIGMAUSER','2019-02-21 14:43:26',NULL,NULL),(0000000018,'3050-3083','TRANSMISSION & DRIVE LINE - CLUTCH & TRANSMISSION','METALSIGMAUSER','2019-02-21 14:43:26',NULL,NULL),(0000000019,'3100-3143','TRANSMISSION & DRIVE LINE - TORQUE CONVERTER, TORQUE DIVIDER, RETARDER','METALSIGMAUSER','2019-02-21 14:43:26',NULL,NULL),(0000000020,'3150-3194','TRANSMISSION & DRIVE LINE - POWERSHIFT TRANSMISSION','METALSIGMAUSER','2019-02-21 14:43:26',NULL,NULL),(0000000021,'3200-3226','TRANSMISSION & DRIVE LINE - HYDROSTATIC TRANSMISSION','METALSIGMAUSER','2019-02-21 14:43:26',NULL,NULL),(0000000022,'3250-3297','TRANSMISSION & DRIVE LINE - DRIVE LINE/DRIVE AXLE','METALSIGMAUSER','2019-02-21 14:43:26',NULL,NULL),(0000000023,'3300-3418','TRANSMISSION & DRIVE LINE - MARINE GEAR','METALSIGMAUSER','2019-02-21 14:43:26',NULL,NULL),(0000000024,'4000-4019','DRIVE TRAIN - DRIVE TRAIN','METALSIGMAUSER','2019-02-21 14:43:26',NULL,NULL),(0000000025,'4050-4095','DRIVE TRAIN - FINAL DRIVE','METALSIGMAUSER','2019-02-21 14:43:26',NULL,NULL),(0000000026,'4100-4136','DRIVE TRAIN - STEERING CLUTCH & BRAKE','METALSIGMAUSER','2019-02-21 14:43:26',NULL,NULL),(0000000027,'4150-4199','DRIVE TRAIN - UNDERCARRIAGE','METALSIGMAUSER','2019-02-21 14:43:26',NULL,NULL),(0000000028,'4200-4238','DRIVE TRAIN - WHEEL & TIRE','METALSIGMAUSER','2019-02-21 14:43:26',NULL,NULL),(0000000029,'4250-4296','DRIVE TRAIN - BRAKING SYSTEM','METALSIGMAUSER','2019-02-21 14:43:26',NULL,NULL),(0000000030,'4300-4349','DRIVE TRAIN - STEERING SYSTEM','METALSIGMAUSER','2019-02-21 14:43:26',NULL,NULL),(0000000031,'4350-4356','DRIVE TRAIN - HYDROSTATIC DRIVE','METALSIGMAUSER','2019-02-21 14:43:26',NULL,NULL),(0000000032,'4450-4494','DRIVE TRAIN - ELECTRIC POWER GENERATOR','METALSIGMAUSER','2019-02-21 14:43:26',NULL,NULL),(0000000033,'4800-4825','DRIVE TRAIN - DRIVETRAIN ELECTRONIC CONTROL','METALSIGMAUSER','2019-02-21 14:43:26',NULL,NULL),(0000000034,'5000-5005','IMPLEMENT CONTROLS - IMPLEMENT CONTROLS','METALSIGMAUSER','2019-02-21 14:43:26',NULL,NULL),(0000000035,'5050-5097','IMPLEMENT CONTROLS - HYDRAULIC SYSTEM','METALSIGMAUSER','2019-02-21 14:43:26',NULL,NULL),(0000000036,'5100-5149','IMPLEMENT CONTROLS - LIFT, TILT, TIP & OTHER CONTROLS','METALSIGMAUSER','2019-02-21 14:43:26',NULL,NULL),(0000000037,'5150-5182','IMPLEMENT CONTROLS - CABLE & WINCH CONTROLS','METALSIGMAUSER','2019-02-21 14:43:26',NULL,NULL),(0000000038,'5200-5267','IMPLEMENT CONTROLS - MOTOR GRADER & OTHER IMPLEMENT CONTROLS','METALSIGMAUSER','2019-02-21 14:43:26',NULL,NULL),(0000000039,'5300-5325','IMPLEMENT CONTROLS - SCRAPER & OTHER CONTROLS','METALSIGMAUSER','2019-02-21 14:43:26',NULL,NULL),(0000000040,'5350-5363','IMPLEMENT CONTROLS - RIPPER, TOOL BAR & OTHER CONTROLS','METALSIGMAUSER','2019-02-21 14:43:26',NULL,NULL),(0000000041,'5400-5420','IMPLEMENT CONTROLS - PIPELAYER, COUNTERWEIGHT & OTHER CONTROLS','METALSIGMAUSER','2019-02-21 14:43:26',NULL,NULL),(0000000042,'5450-5499','IMPLEMENT CONTROLS - EXCAVATOR/BACKHOE/FRONT SHOVEL/SURFACE EXTRACTION & OTHER CONTROLS','METALSIGMAUSER','2019-02-21 14:43:26',NULL,NULL),(0000000043,'5500-5513','IMPLEMENT CONTROLS - AIR CONTROL SYSTEM','METALSIGMAUSER','2019-02-21 14:43:26',NULL,NULL),(0000000044,'5550-5577','IMPLEMENT CONTROLS - LOGGER & SKIDDER CONTROLS','METALSIGMAUSER','2019-02-21 14:43:26',NULL,NULL),(0000000045,'5600-5660','IMPLEMENT CONTROLS - PAVING EQUIPMENT CONTROLS','METALSIGMAUSER','2019-02-21 14:43:26',NULL,NULL),(0000000046,'5700-5741','IMPLEMENT CONTROLS - IMPLEMENT ELECTRONIC CONTROLS','METALSIGMAUSER','2019-02-21 14:43:26',NULL,NULL),(0000000047,'5800-5824','IMPLEMENT CONTROLS - OTHER CONTROLS','METALSIGMAUSER','2019-02-21 14:43:26',NULL,NULL),(0000000048,'5900-5953','IMPLEMENT CONTROLS - COMBINE CONTROLS','METALSIGMAUSER','2019-02-21 14:43:26',NULL,NULL),(0000000049,'6000-6088','IMPLEMENTS - IMPLEMENTS','METALSIGMAUSER','2019-02-21 14:43:26',NULL,NULL),(0000000050,'6100-6140','IMPLEMENTS - LOADING IMPLEMENTS','METALSIGMAUSER','2019-02-21 14:43:26',NULL,NULL),(0000000051,'6150-6174','IMPLEMENTS - MOTOR GRADER IMPLEMENTS','METALSIGMAUSER','2019-02-21 14:43:26',NULL,NULL),(0000000052,'6200-6282','IMPLEMENTS - SCRAPER','METALSIGMAUSER','2019-02-21 14:43:26',NULL,NULL),(0000000053,'6300-6394','IMPLEMENTS - OTHER IMPLEMENTS','METALSIGMAUSER','2019-02-21 14:43:26',NULL,NULL),(0000000054,'6400-6461','IMPLEMENTS - MATERIAL HANDLING ATTACHMENTS','METALSIGMAUSER','2019-02-21 14:43:26',NULL,NULL),(0000000055,'6500-6551','IMPLEMENTS - EXCAVATOR/BACKHOE/FRONT SHOVEL/SURFACE EXTRACTION IMPLEMENTS','METALSIGMAUSER','2019-02-21 14:43:26',NULL,NULL),(0000000056,'6600-6660','IMPLEMENTS - PAVING IMPLEMENTS','METALSIGMAUSER','2019-02-21 14:43:26',NULL,NULL),(0000000057,'6700-6717','IMPLEMENTS - WORK TOOL','METALSIGMAUSER','2019-02-21 14:43:26',NULL,NULL),(0000000058,'6800-6832','IMPLEMENTS - GROUND ENGAGING TOOLS (GET)','METALSIGMAUSER','2019-02-21 14:43:26',NULL,NULL),(0000000059,'6900-6941','IMPLEMENTS - COMBINE','METALSIGMAUSER','2019-02-21 14:43:26',NULL,NULL),(0000000060,'7000-7012','MACHINE - MACHINE','METALSIGMAUSER','2019-02-21 14:43:26',NULL,NULL),(0000000061,'7050-7080','MACHINE - FRAME','METALSIGMAUSER','2019-02-21 14:43:26',NULL,NULL),(0000000062,'7100-7123','MACHINE - HITCH','METALSIGMAUSER','2019-02-21 14:43:26',NULL,NULL),(0000000063,'7150-7192','MACHINE - GUARD','METALSIGMAUSER','2019-02-21 14:43:26',NULL,NULL),(0000000064,'7200-7232','MACHINE - SUSPENSION','METALSIGMAUSER','2019-02-21 14:43:26',NULL,NULL),(0000000065,'7250-7280','MACHINE - BODY','METALSIGMAUSER','2019-02-21 14:43:26',NULL,NULL),(0000000066,'7300-7349','MACHINE - OPERATOR STATION','METALSIGMAUSER','2019-02-21 14:43:26',NULL,NULL),(0000000067,'7400-7433','MACHINE - PROTECTION DEVICES, ALARMS & INDICATORS','METALSIGMAUSER','2019-02-21 14:43:26',NULL,NULL),(0000000068,'7450-7499','MACHINE - GAUGES & INDICATORS','METALSIGMAUSER','2019-02-21 14:43:26',NULL,NULL),(0000000069,'7500-7598','MACHINE - MAINTENANCE','METALSIGMAUSER','2019-02-21 14:43:26',NULL,NULL),(0000000070,'7600-7636','MACHINE - MACHINE ELECTRONIC CONTROLS & DATA MANAGEMENT SYSTEMS','METALSIGMAUSER','2019-02-21 14:43:26',NULL,NULL),(0000000071,'7700-7789','MACHINE - SERVICE CLAIM CATEGORIES','METALSIGMAUSER','2019-02-21 14:43:26',NULL,NULL),(0000000072,'7851-7863','MACHINE - GAUGES & INDICATORS','METALSIGMAUSER','2019-02-21 14:43:26',NULL,NULL);
/*!40000 ALTER TABLE `eq_partes` ENABLE KEYS */;
UNLOCK TABLES;
ALTER DATABASE `metalsig_heavy` CHARACTER SET latin1 COLLATE latin1_swedish_ci ;
/*!50003 SET @saved_cs_client      = @@character_set_client */ ;
/*!50003 SET @saved_cs_results     = @@character_set_results */ ;
/*!50003 SET @saved_col_connection = @@collation_connection */ ;
/*!50003 SET character_set_client  = utf8mb4 */ ;
/*!50003 SET character_set_results = utf8mb4 */ ;
/*!50003 SET collation_connection  = utf8mb4_general_ci */ ;
/*!50003 SET @saved_sql_mode       = @@sql_mode */ ;
/*!50003 SET sql_mode              = 'NO_AUTO_VALUE_ON_ZERO' */ ;
DELIMITER ;;
/*!50003 CREATE*/ /*!50017 DEFINER=`metalsigmauser`@`localhost`*/ /*!50003 TRIGGER `set_crea_eq_partes` BEFORE INSERT ON `eq_partes` FOR EACH ROW IF (NEW.crea_user IS NULL || NEW.crea_user='') THEN SET NEW.crea_user = UPPER(SUBSTR(USER(), 1,(LOCATE('@', USER())-1))); END IF */;;
DELIMITER ;
/*!50003 SET sql_mode              = @saved_sql_mode */ ;
/*!50003 SET character_set_client  = @saved_cs_client */ ;
/*!50003 SET character_set_results = @saved_cs_results */ ;
/*!50003 SET collation_connection  = @saved_col_connection */ ;
ALTER DATABASE `metalsig_heavy` CHARACTER SET utf8 COLLATE utf8_bin ;
ALTER DATABASE `metalsig_heavy` CHARACTER SET latin1 COLLATE latin1_swedish_ci ;
/*!50003 SET @saved_cs_client      = @@character_set_client */ ;
/*!50003 SET @saved_cs_results     = @@character_set_results */ ;
/*!50003 SET @saved_col_connection = @@collation_connection */ ;
/*!50003 SET character_set_client  = utf8mb4 */ ;
/*!50003 SET character_set_results = utf8mb4 */ ;
/*!50003 SET collation_connection  = utf8mb4_general_ci */ ;
/*!50003 SET @saved_sql_mode       = @@sql_mode */ ;
/*!50003 SET sql_mode              = 'NO_AUTO_VALUE_ON_ZERO' */ ;
DELIMITER ;;
/*!50003 CREATE*/ /*!50017 DEFINER=`metalsigmauser`@`localhost`*/ /*!50003 TRIGGER `set_mod_eq_partes` BEFORE UPDATE ON `eq_partes` FOR EACH ROW IF (NEW.mod_user IS NULL || NEW.mod_user='') THEN SET NEW.mod_user = UPPER(SUBSTR(USER(), 1,(LOCATE('@', USER())-1))); END IF */;;
DELIMITER ;
/*!50003 SET sql_mode              = @saved_sql_mode */ ;
/*!50003 SET character_set_client  = @saved_cs_client */ ;
/*!50003 SET character_set_results = @saved_cs_results */ ;
/*!50003 SET collation_connection  = @saved_col_connection */ ;
ALTER DATABASE `metalsig_heavy` CHARACTER SET utf8 COLLATE utf8_bin ;

--
-- Table structure for table `eq_piezas`
--

DROP TABLE IF EXISTS `eq_piezas`;
/*!40101 SET @saved_cs_client     = @@character_set_client */;
/*!40101 SET character_set_client = utf8 */;
CREATE TABLE `eq_piezas` (
  `cpieza` int(10) unsigned zerofill NOT NULL AUTO_INCREMENT,
  `code` varchar(10) COLLATE utf8_bin NOT NULL,
  `pieza` varchar(100) COLLATE utf8_bin NOT NULL,
  `cparte` int(10) unsigned zerofill NOT NULL,
  `crea_user` varchar(50) COLLATE utf8_bin DEFAULT NULL,
  `crea_date` datetime NOT NULL DEFAULT CURRENT_TIMESTAMP,
  `mod_user` varchar(50) COLLATE utf8_bin DEFAULT NULL,
  `mod_date` datetime DEFAULT NULL ON UPDATE CURRENT_TIMESTAMP,
  PRIMARY KEY (`cpieza`),
  KEY `ik_cparte_eq_piezas` (`cparte`) USING BTREE,
  CONSTRAINT `fk_cparte_eq_piezas` FOREIGN KEY (`cparte`) REFERENCES `eq_partes` (`cparte`)
) ENGINE=InnoDB AUTO_INCREMENT=2432 DEFAULT CHARSET=utf8 COLLATE=utf8_bin;
/*!40101 SET character_set_client = @saved_cs_client */;

--
-- Dumping data for table `eq_piezas`
--

LOCK TABLES `eq_piezas` WRITE;
/*!40000 ALTER TABLE `eq_piezas` DISABLE KEYS */;
INSERT INTO `eq_piezas` VALUES (0000000001,'1000','ENGINE - ENGINE',0000000001,'METALSIGMAUSER','2019-02-21 14:47:05','ADMINISTRADOR','2019-06-05 17:58:27'),(0000000002,'1001','ENGINE & TRANSMISSION',0000000001,'METALSIGMAUSER','2019-02-21 14:47:05',NULL,NULL),(0000000003,'1002','POWER PACK ENG',0000000001,'METALSIGMAUSER','2019-02-21 14:47:05',NULL,NULL),(0000000004,'1003','ENGINE & TORQUE CONVERTER/TORQUE DIVIDER',0000000001,'METALSIGMAUSER','2019-02-21 14:47:05',NULL,NULL),(0000000005,'1004','ENGINE, TORQUE CONVERTER & TRANSMISSION',0000000001,'METALSIGMAUSER','2019-02-21 14:47:05',NULL,NULL),(0000000006,'1005','ENGINE, TRANSMISSION & TANDEM DRIVE',0000000001,'METALSIGMAUSER','2019-02-21 14:47:05',NULL,NULL),(0000000007,'1006','ENGINE, TORQUE CONVERTER, TRANSMISSION & TRANSFER GEARS',0000000001,'METALSIGMAUSER','2019-02-21 14:47:05',NULL,NULL),(0000000008,'1007','ENGINE & FLYWHEEL CLUTCH',0000000001,'METALSIGMAUSER','2019-02-21 14:47:05',NULL,NULL),(0000000009,'1008','ENGINE & TRANSFER GEARS',0000000001,'METALSIGMAUSER','2019-02-21 14:47:05',NULL,NULL),(0000000010,'1009','ENGINE, TORQUE CONVERTER, TRANSFER GEARS & RETARDER',0000000001,'METALSIGMAUSER','2019-02-21 14:47:05',NULL,NULL),(0000000011,'1010','ENGINE, TRANSMISSION, TRANSFER GEARS & RETARDER',0000000001,'METALSIGMAUSER','2019-02-21 14:47:05',NULL,NULL),(0000000012,'1011','ENGINE, CLUTCH & TRANSMISSION',0000000001,'METALSIGMAUSER','2019-02-21 14:47:05',NULL,NULL),(0000000013,'1012','ENGINE & HYDROSTATIC TRANSMISSION',0000000001,'METALSIGMAUSER','2019-02-21 14:47:05',NULL,NULL),(0000000014,'1013','ENGINE & AUTOMATIC TRANSMISSION',0000000001,'METALSIGMAUSER','2019-02-21 14:47:05',NULL,NULL),(0000000015,'1014','ENGINE & OUTPUT DRIVE ASSEMBLY',0000000001,'METALSIGMAUSER','2019-02-21 14:47:05',NULL,NULL),(0000000016,'1015','ENGINE, TRANSFER GEARS & RETARDER',0000000001,'METALSIGMAUSER','2019-02-21 14:47:05',NULL,NULL),(0000000017,'1016','ENGINE, TRANSMISSION & RETARDER',0000000001,'METALSIGMAUSER','2019-02-21 14:47:05',NULL,NULL),(0000000018,'1017','ENGINE & PUMP DRIVE',0000000001,'METALSIGMAUSER','2019-02-21 14:47:05',NULL,NULL),(0000000019,'1018','ENGINE & RETARDER',0000000001,'METALSIGMAUSER','2019-02-21 14:47:05',NULL,NULL),(0000000020,'1019','ENGINE, RETARDER & TORQUE CONVERTER',0000000001,'METALSIGMAUSER','2019-02-21 14:47:05',NULL,NULL),(0000000021,'1020','LONG BLOCK',0000000001,'METALSIGMAUSER','2019-02-21 14:47:05',NULL,NULL),(0000000022,'1021','ENGINE & GENERATOR',0000000001,'METALSIGMAUSER','2019-02-21 14:47:05',NULL,NULL),(0000000023,'1022','ENGINE & MARINE GEAR',0000000001,'METALSIGMAUSER','2019-02-21 14:47:05',NULL,NULL),(0000000024,'1023','ENGINE & TRANSAXLE',0000000001,'METALSIGMAUSER','2019-02-21 14:47:05',NULL,NULL),(0000000025,'1024','ENGINE & ATTACHED PUMPS',0000000001,'METALSIGMAUSER','2019-02-21 14:47:05',NULL,NULL),(0000000026,'1030','IMPLEMENT ENGINE',0000000001,'METALSIGMAUSER','2019-02-21 14:47:05',NULL,NULL),(0000000027,'1050','AIR INDUCTION & EXHAUST SYSTEM',0000000002,'METALSIGMAUSER','2019-02-21 14:47:05',NULL,NULL),(0000000028,'1051','AIR CLEANER',0000000002,'METALSIGMAUSER','2019-02-21 14:47:05',NULL,NULL),(0000000029,'1052','TURBOCHARGER',0000000002,'METALSIGMAUSER','2019-02-21 14:47:05',NULL,NULL),(0000000030,'1053','TURBOCHARGER CARTRIDGE',0000000002,'METALSIGMAUSER','2019-02-21 14:47:05',NULL,NULL),(0000000031,'1054','SECONDARY AIR FILTER ELEMENT',0000000002,'METALSIGMAUSER','2019-02-21 14:47:05',NULL,NULL),(0000000032,'1055','PRECLEANER',0000000002,'METALSIGMAUSER','2019-02-21 14:47:05',NULL,NULL),(0000000033,'1056','TURBOCHARGER CARTRIDGE HOUSING',0000000002,'METALSIGMAUSER','2019-02-21 14:47:05',NULL,NULL),(0000000034,'1057','EXHAUST BYPASS VALVE',0000000002,'METALSIGMAUSER','2019-02-21 14:47:05',NULL,NULL),(0000000035,'1058','INLET MANIFOLD',0000000002,'METALSIGMAUSER','2019-02-21 14:47:05',NULL,NULL),(0000000036,'1059','EXHAUST MANIFOLD',0000000002,'METALSIGMAUSER','2019-02-21 14:47:05',NULL,NULL),(0000000037,'1060','TURBOCHARGER COMPRESSOR HOUSING',0000000002,'METALSIGMAUSER','2019-02-21 14:47:05',NULL,NULL),(0000000038,'1061','EXHAUST PIPE',0000000002,'METALSIGMAUSER','2019-02-21 14:47:05',NULL,NULL),(0000000039,'1062','MUFFLER',0000000002,'METALSIGMAUSER','2019-02-21 14:47:05',NULL,NULL),(0000000040,'1063','AFTERCOOLER',0000000002,'METALSIGMAUSER','2019-02-21 14:47:05',NULL,NULL),(0000000041,'1064','AFTERCOOLER CORE',0000000002,'METALSIGMAUSER','2019-02-21 14:47:05',NULL,NULL),(0000000042,'1065','TURBOCHARGER TURBINE HOUSING',0000000002,'METALSIGMAUSER','2019-02-21 14:47:05',NULL,NULL),(0000000043,'1066','TURBOCHARGER THRUST PLATE ASSEMBLY',0000000002,'METALSIGMAUSER','2019-02-21 14:47:05',NULL,NULL),(0000000044,'1067','EXHAUST HEAT SHIELD',0000000002,'METALSIGMAUSER','2019-02-21 14:47:05',NULL,NULL),(0000000045,'1068','DUST EJECTOR',0000000002,'METALSIGMAUSER','2019-02-21 14:47:05',NULL,NULL),(0000000046,'1069','ROOTS BLOWER',0000000002,'METALSIGMAUSER','2019-02-21 14:47:05',NULL,NULL),(0000000047,'1070','WATER-COOLED TURBOCHARGER',0000000002,'METALSIGMAUSER','2019-02-21 14:47:05',NULL,NULL),(0000000048,'1071','AIR LINE/PIPE',0000000002,'METALSIGMAUSER','2019-02-21 14:47:05',NULL,NULL),(0000000049,'1072','RAIN CAP',0000000002,'METALSIGMAUSER','2019-02-21 14:47:05',NULL,NULL),(0000000050,'1073','TURBOCHARGER HEAT SHIELD',0000000002,'METALSIGMAUSER','2019-02-21 14:47:05',NULL,NULL),(0000000051,'1074','POSITIVE CRANKCASE VENTILATION VALVE',0000000002,'METALSIGMAUSER','2019-02-21 14:47:05',NULL,NULL),(0000000052,'1075','DIESEL OXIDATION CATALYST',0000000002,'METALSIGMAUSER','2019-02-21 14:47:05',NULL,NULL),(0000000053,'1076','DIFFERENTIAL PRESSURE REGULATOR',0000000002,'METALSIGMAUSER','2019-02-21 14:47:05',NULL,NULL),(0000000054,'1077','TURBOCHARGER SHAFT & WHEEL ASSEMBLY',0000000002,'METALSIGMAUSER','2019-02-21 14:47:05',NULL,NULL),(0000000055,'1078','AIR INLET SHUTOFF',0000000002,'METALSIGMAUSER','2019-02-21 14:47:05',NULL,NULL),(0000000056,'1079','AFTERCOOLER INLET MANIFOLD',0000000002,'METALSIGMAUSER','2019-02-21 14:47:05',NULL,NULL),(0000000057,'1080','EXHAUST GAS RECIRCULATION  (EGR) SYSTEM',0000000002,'METALSIGMAUSER','2019-02-21 14:47:05',NULL,NULL),(0000000058,'1081','BOOST CONTROL VALVE',0000000002,'METALSIGMAUSER','2019-02-21 14:47:05',NULL,NULL),(0000000059,'1082','EXHAUST GAS RECIRCULATION ACTUATOR',0000000002,'METALSIGMAUSER','2019-02-21 14:47:05',NULL,NULL),(0000000060,'1083','EXHAUST GAS RECIRCULATION SWITCH COVER',0000000002,'METALSIGMAUSER','2019-02-21 14:47:05',NULL,NULL),(0000000061,'1084','EXHAUST GAS RECIRCULATION SWITCH',0000000002,'METALSIGMAUSER','2019-02-21 14:47:05',NULL,NULL),(0000000062,'1085','HYDRA-MECHANICAL SHUTOFF CONTROL',0000000002,'METALSIGMAUSER','2019-02-21 14:47:05',NULL,NULL),(0000000063,'1086','HYDRA-MECHANICAL SHUTOFF DRIVE',0000000002,'METALSIGMAUSER','2019-02-21 14:47:05',NULL,NULL),(0000000064,'1087','AIR INLET',0000000002,'METALSIGMAUSER','2019-02-21 14:47:05',NULL,NULL),(0000000065,'1088','EXHAUST GAS',0000000002,'METALSIGMAUSER','2019-02-21 14:47:05',NULL,NULL),(0000000066,'1089','EXHAUST SCRUBBER',0000000002,'METALSIGMAUSER','2019-02-21 14:47:05',NULL,NULL),(0000000067,'1090','AIR INLET HEATER',0000000002,'METALSIGMAUSER','2019-02-21 14:47:05',NULL,NULL),(0000000068,'1091','CATALYTIC CONVERTER',0000000002,'METALSIGMAUSER','2019-02-21 14:47:05',NULL,NULL),(0000000069,'1092','FLAME ARRESTOR',0000000002,'METALSIGMAUSER','2019-02-21 14:47:05',NULL,NULL),(0000000070,'1093','EXHAUST BRAKE',0000000002,'METALSIGMAUSER','2019-02-21 14:47:05',NULL,NULL),(0000000071,'1094','PLENUM',0000000002,'METALSIGMAUSER','2019-02-21 14:47:05',NULL,NULL),(0000000072,'1095','AFTERCOOLER THERMOSTAT',0000000002,'METALSIGMAUSER','2019-02-21 14:47:05',NULL,NULL),(0000000073,'1096','OXYGEN SENSOR',0000000002,'METALSIGMAUSER','2019-02-21 14:47:05',NULL,NULL),(0000000074,'1097','MASS AIR FLOW SENSOR',0000000002,'METALSIGMAUSER','2019-02-21 14:47:05',NULL,NULL),(0000000075,'1100','CYLINDER HEAD ASSEMBLY',0000000003,'METALSIGMAUSER','2019-02-21 14:47:05',NULL,NULL),(0000000076,'1101','CYLINDER HEAD (BARE)',0000000003,'METALSIGMAUSER','2019-02-21 14:47:05',NULL,NULL),(0000000077,'1102','ROCKER SHAFT ASSEMBLY',0000000003,'METALSIGMAUSER','2019-02-21 14:47:05',NULL,NULL),(0000000078,'1103','VALVE SEAT/INSERT',0000000003,'METALSIGMAUSER','2019-02-21 14:47:05',NULL,NULL),(0000000079,'1104','VALVE GUIDE',0000000003,'METALSIGMAUSER','2019-02-21 14:47:05',NULL,NULL),(0000000080,'1105','INLET/EXHAUST VALVE',0000000003,'METALSIGMAUSER','2019-02-21 14:47:05',NULL,NULL),(0000000081,'1106','PRECHAMBER/NOZZLE ADAPTER',0000000003,'METALSIGMAUSER','2019-02-21 14:47:05',NULL,NULL),(0000000082,'1107','VALVE COVER',0000000003,'METALSIGMAUSER','2019-02-21 14:47:05',NULL,NULL),(0000000083,'1108','VALVE SPRING',0000000003,'METALSIGMAUSER','2019-02-21 14:47:05',NULL,NULL),(0000000084,'1109','VALVE ROTATOR',0000000003,'METALSIGMAUSER','2019-02-21 14:47:05',NULL,NULL),(0000000085,'1113','CAMSHAFT HOUSING ASSEMBLY',0000000003,'METALSIGMAUSER','2019-02-21 14:47:05',NULL,NULL),(0000000086,'1114','SPARK PLUG ADAPTER',0000000003,'METALSIGMAUSER','2019-02-21 14:47:05',NULL,NULL),(0000000087,'1115','WATER DIRECTOR',0000000003,'METALSIGMAUSER','2019-02-21 14:47:05',NULL,NULL),(0000000088,'1117','THREADED INSERT',0000000003,'METALSIGMAUSER','2019-02-21 14:47:05',NULL,NULL),(0000000089,'1118','COMPRESSION RELEASE',0000000003,'METALSIGMAUSER','2019-02-21 14:47:05',NULL,NULL),(0000000090,'1119','JAKE BRAKE',0000000003,'METALSIGMAUSER','2019-02-21 14:47:06',NULL,NULL),(0000000091,'1120','VALVE COVER BASE',0000000003,'METALSIGMAUSER','2019-02-21 14:47:06',NULL,NULL),(0000000092,'1121','VALVE BRIDGE',0000000003,'METALSIGMAUSER','2019-02-21 14:47:06',NULL,NULL),(0000000093,'1122','LIFTING EYE/BRACKET',0000000003,'METALSIGMAUSER','2019-02-21 14:47:06',NULL,NULL),(0000000094,'1123','ROCKER ARM',0000000003,'METALSIGMAUSER','2019-02-21 14:47:06',NULL,NULL),(0000000095,'1124','CYLINDER HEAD GASKET',0000000003,'METALSIGMAUSER','2019-02-21 14:47:06',NULL,NULL),(0000000096,'1125','INJECTOR SLEEVE',0000000003,'METALSIGMAUSER','2019-02-21 14:47:06',NULL,NULL),(0000000097,'1126','HEUI FLUID MANIFOLD',0000000003,'METALSIGMAUSER','2019-02-21 14:47:06',NULL,NULL),(0000000098,'1129','ENGINE BRAKE',0000000003,'METALSIGMAUSER','2019-02-21 14:47:06',NULL,NULL),(0000000099,'1130','VALVE ACTUATOR',0000000003,'METALSIGMAUSER','2019-02-21 14:47:06',NULL,NULL),(0000000100,'1150','FRONT & REAR COVERS',0000000004,'METALSIGMAUSER','2019-02-21 14:47:06',NULL,NULL),(0000000101,'1151','FRONT COVER/HOUSING',0000000004,'METALSIGMAUSER','2019-02-21 14:47:06',NULL,NULL),(0000000102,'1152','ENGINE MOUNT',0000000004,'METALSIGMAUSER','2019-02-21 14:47:06',NULL,NULL),(0000000103,'1153','ENGINE FRONT SUPPORT',0000000004,'METALSIGMAUSER','2019-02-21 14:47:06',NULL,NULL),(0000000104,'1154','ENGINE SUPPORT/BRACKET',0000000004,'METALSIGMAUSER','2019-02-21 14:47:06',NULL,NULL),(0000000105,'1155','BRAKESAVER',0000000004,'METALSIGMAUSER','2019-02-21 14:47:06',NULL,NULL),(0000000106,'1156','FLYWHEEL',0000000004,'METALSIGMAUSER','2019-02-21 14:47:06',NULL,NULL),(0000000107,'1157','FLYWHEEL HOUSING',0000000004,'METALSIGMAUSER','2019-02-21 14:47:06',NULL,NULL),(0000000108,'1158','FLYWHEEL RING GEAR',0000000004,'METALSIGMAUSER','2019-02-21 14:47:06',NULL,NULL),(0000000109,'1159','BRAKESAVER CONTROL VALVE',0000000004,'METALSIGMAUSER','2019-02-21 14:47:06',NULL,NULL),(0000000110,'1160','CRANKSHAFT FRONT SEAL',0000000004,'METALSIGMAUSER','2019-02-21 14:47:06',NULL,NULL),(0000000111,'1161','CRANKSHAFT REAR SEAL',0000000004,'METALSIGMAUSER','2019-02-21 14:47:06',NULL,NULL),(0000000112,'1162','TIMING GEAR HOUSING',0000000004,'METALSIGMAUSER','2019-02-21 14:47:06',NULL,NULL),(0000000113,'1163','TIMING GEAR HOUSING PLATE',0000000004,'METALSIGMAUSER','2019-02-21 14:47:06',NULL,NULL),(0000000114,'1164','ENGINE OUTPUT TRANSFER GEARS',0000000004,'METALSIGMAUSER','2019-02-21 14:47:06',NULL,NULL),(0000000115,'1165','ENGINE POWER TAKEOFF DRIVE',0000000004,'METALSIGMAUSER','2019-02-21 14:47:06',NULL,NULL),(0000000116,'1166','TIMING GEAR HOUSING COVER',0000000004,'METALSIGMAUSER','2019-02-21 14:47:06',NULL,NULL),(0000000117,'1167','FLYWHEEL HOUSING SCAVENGE PUMP',0000000004,'METALSIGMAUSER','2019-02-21 14:47:06',NULL,NULL),(0000000118,'1200','SHORT BLOCK',0000000005,'METALSIGMAUSER','2019-02-21 14:47:06',NULL,NULL),(0000000119,'1201','CYLINDER BLOCK',0000000005,'METALSIGMAUSER','2019-02-21 14:47:06',NULL,NULL),(0000000120,'1202','CRANKSHAFT',0000000005,'METALSIGMAUSER','2019-02-21 14:47:06',NULL,NULL),(0000000121,'1203','CRANKSHAFT MAIN BEARING',0000000005,'METALSIGMAUSER','2019-02-21 14:47:06',NULL,NULL),(0000000122,'1204','CRANKSHAFT GEAR',0000000005,'METALSIGMAUSER','2019-02-21 14:47:06',NULL,NULL),(0000000123,'1205','CRANKSHAFT DAMPER/PULLEY',0000000005,'METALSIGMAUSER','2019-02-21 14:47:06',NULL,NULL),(0000000124,'1206','TIMING/ACCESSORY GEARS',0000000005,'METALSIGMAUSER','2019-02-21 14:47:06',NULL,NULL),(0000000125,'1207','ACCESSORY DRIVE',0000000005,'METALSIGMAUSER','2019-02-21 14:47:06',NULL,NULL),(0000000126,'1208','PUSH ROD',0000000005,'METALSIGMAUSER','2019-02-21 14:47:06',NULL,NULL),(0000000127,'1209','CAMSHAFT ROLLER FOLLOWER/VALVE LIFTER',0000000005,'METALSIGMAUSER','2019-02-21 14:47:06',NULL,NULL),(0000000128,'1210','CAMSHAFT',0000000005,'METALSIGMAUSER','2019-02-21 14:47:06',NULL,NULL),(0000000129,'1211','CAMSHAFT BEARING',0000000005,'METALSIGMAUSER','2019-02-21 14:47:06',NULL,NULL),(0000000130,'1212','CAMSHAFT GEAR',0000000005,'METALSIGMAUSER','2019-02-21 14:47:06',NULL,NULL),(0000000131,'1213','PISTON & LINER',0000000005,'METALSIGMAUSER','2019-02-21 14:47:06',NULL,NULL),(0000000132,'1214','PISTON',0000000005,'METALSIGMAUSER','2019-02-21 14:47:06',NULL,NULL),(0000000133,'1215','PISTON RINGS',0000000005,'METALSIGMAUSER','2019-02-21 14:47:06',NULL,NULL),(0000000134,'1216','CYLINDER LINER',0000000005,'METALSIGMAUSER','2019-02-21 14:47:06',NULL,NULL),(0000000135,'1217','LINER SEAT/INSERT',0000000005,'METALSIGMAUSER','2019-02-21 14:47:06',NULL,NULL),(0000000136,'1218','CONNECTING ROD',0000000005,'METALSIGMAUSER','2019-02-21 14:47:06',NULL,NULL),(0000000137,'1219','CONNECTING ROD BEARING',0000000005,'METALSIGMAUSER','2019-02-21 14:47:06',NULL,NULL),(0000000138,'1220','BALANCER',0000000005,'METALSIGMAUSER','2019-02-21 14:47:06',NULL,NULL),(0000000139,'1221','SPACER PLATE/BLOCK',0000000005,'METALSIGMAUSER','2019-02-21 14:47:06',NULL,NULL),(0000000140,'1222','CYLINDER BLOCK SLEEVE',0000000005,'METALSIGMAUSER','2019-02-21 14:47:06',NULL,NULL),(0000000141,'1223','CYLINDER BLOCK CYLINDER',0000000005,'METALSIGMAUSER','2019-02-21 14:47:06',NULL,NULL),(0000000142,'1224','CYLINDER BLOCK MAIN BEARING BORES',0000000005,'METALSIGMAUSER','2019-02-21 14:47:06',NULL,NULL),(0000000143,'1225','PISTON & CONNECTING ROD',0000000005,'METALSIGMAUSER','2019-02-21 14:47:06',NULL,NULL),(0000000144,'1226','PISTON & MAIN BEARING',0000000005,'METALSIGMAUSER','2019-02-21 14:47:06',NULL,NULL),(0000000145,'1227','PISTON, LINER & MAIN BEARING',0000000005,'METALSIGMAUSER','2019-02-21 14:47:06',NULL,NULL),(0000000146,'1230','CRANKSHAFT MAIN & ROD BEARING',0000000005,'METALSIGMAUSER','2019-02-21 14:47:06',NULL,NULL),(0000000147,'1231','CRANKSHAFT COUNTERWEIGHT',0000000005,'METALSIGMAUSER','2019-02-21 14:47:06',NULL,NULL),(0000000148,'1232','CRANKSHAFT THRUST PLATE',0000000005,'METALSIGMAUSER','2019-02-21 14:47:06',NULL,NULL),(0000000149,'1233','CRANKCASE EXPLOSION RELIEF VALVE',0000000005,'METALSIGMAUSER','2019-02-21 14:47:06',NULL,NULL),(0000000150,'1234','IDLER GEAR',0000000005,'METALSIGMAUSER','2019-02-21 14:47:06',NULL,NULL),(0000000151,'1235','BARRING GROUP',0000000005,'METALSIGMAUSER','2019-02-21 14:47:06',NULL,NULL),(0000000152,'1237','ENGINE STUB SHAFT',0000000005,'METALSIGMAUSER','2019-02-21 14:47:06',NULL,NULL),(0000000153,'1238','CYLINDER PACK & MAIN BEARING',0000000005,'METALSIGMAUSER','2019-02-21 14:47:06',NULL,NULL),(0000000154,'1239','CYLINDER PACK',0000000005,'METALSIGMAUSER','2019-02-21 14:47:06',NULL,NULL),(0000000155,'1240','BLOCK UNDERFRAME',0000000005,'METALSIGMAUSER','2019-02-21 14:47:06',NULL,NULL),(0000000156,'1241','TIMING CHAIN/BELT',0000000005,'METALSIGMAUSER','2019-02-21 14:47:06',NULL,NULL),(0000000157,'1242','PUMP DRIVE, DRIVE GEAR',0000000005,'METALSIGMAUSER','2019-02-21 14:47:06',NULL,NULL),(0000000158,'1250','FUEL SYSTEM',0000000006,'METALSIGMAUSER','2019-02-21 14:47:06',NULL,NULL),(0000000159,'1251','FUEL INJECTION PUMP',0000000006,'METALSIGMAUSER','2019-02-21 14:47:06',NULL,NULL),(0000000160,'1252','FUEL INJECTION LINES',0000000006,'METALSIGMAUSER','2019-02-21 14:47:06',NULL,NULL),(0000000161,'1253','FUEL INJECTION PUMP HOUSING',0000000006,'METALSIGMAUSER','2019-02-21 14:47:06',NULL,NULL),(0000000162,'1254','FUEL INJECTION VALVE/NOZZLE',0000000006,'METALSIGMAUSER','2019-02-21 14:47:06',NULL,NULL),(0000000163,'1255','FUEL TRANSFER PUMP HOUSING',0000000006,'METALSIGMAUSER','2019-02-21 14:47:06',NULL,NULL),(0000000164,'1256','FUEL TRANSFER PUMP',0000000006,'METALSIGMAUSER','2019-02-21 14:47:06',NULL,NULL),(0000000165,'1257','TORQUE CONTROL/FUEL RACK',0000000006,'METALSIGMAUSER','2019-02-21 14:47:06',NULL,NULL),(0000000166,'1258','FUEL PRIMING PUMP',0000000006,'METALSIGMAUSER','2019-02-21 14:47:06',NULL,NULL),(0000000167,'1259','FUEL SHUTOFF SOLENOID',0000000006,'METALSIGMAUSER','2019-02-21 14:47:06',NULL,NULL),(0000000168,'1260','PRIMARY FUEL FILTER',0000000006,'METALSIGMAUSER','2019-02-21 14:47:06',NULL,NULL),(0000000169,'1261','SECONDARY FUEL FILTER',0000000006,'METALSIGMAUSER','2019-02-21 14:47:06',NULL,NULL),(0000000170,'1262','FUEL FILTER HOUSING/BASE',0000000006,'METALSIGMAUSER','2019-02-21 14:47:06',NULL,NULL),(0000000171,'1263','WATER SEPARATOR',0000000006,'METALSIGMAUSER','2019-02-21 14:47:06',NULL,NULL),(0000000172,'1264','GOVERNOR',0000000006,'METALSIGMAUSER','2019-02-21 14:47:06',NULL,NULL),(0000000173,'1265','GOVERNOR CONTROL LINKAGE',0000000006,'METALSIGMAUSER','2019-02-21 14:47:06',NULL,NULL),(0000000174,'1266','CARBURETOR',0000000006,'METALSIGMAUSER','2019-02-21 14:47:06',NULL,NULL),(0000000175,'1267','LPG CONVERSION',0000000006,'METALSIGMAUSER','2019-02-21 14:47:06',NULL,NULL),(0000000176,'1268','SPEED/HORSEPOWER LIMITER',0000000006,'METALSIGMAUSER','2019-02-21 14:47:06',NULL,NULL),(0000000177,'1269','THROTTLE',0000000006,'METALSIGMAUSER','2019-02-21 14:47:06',NULL,NULL),(0000000178,'1270','GAS PRESSURE REGULATOR',0000000006,'METALSIGMAUSER','2019-02-21 14:47:06',NULL,NULL),(0000000179,'1271','LPG VAPORIZER',0000000006,'METALSIGMAUSER','2019-02-21 14:47:06',NULL,NULL),(0000000180,'1272','TIMING ADVANCE',0000000006,'METALSIGMAUSER','2019-02-21 14:47:06',NULL,NULL),(0000000181,'1273','FUEL TANK',0000000006,'METALSIGMAUSER','2019-02-21 14:47:06',NULL,NULL),(0000000182,'1274','FUEL SUPPLY/RETURN LINES',0000000006,'METALSIGMAUSER','2019-02-21 14:47:06',NULL,NULL),(0000000183,'1275','GOVERNOR AIR CONTROL VALVE',0000000006,'METALSIGMAUSER','2019-02-21 14:47:06',NULL,NULL),(0000000184,'1276','DECELERATOR/ACCELERATOR',0000000006,'METALSIGMAUSER','2019-02-21 14:47:06',NULL,NULL),(0000000185,'1277','LINE PRESSURE REGULATOR (B)',0000000006,'METALSIGMAUSER','2019-02-21 14:47:06',NULL,NULL),(0000000186,'1278','FUEL RATIO CONTROL',0000000006,'METALSIGMAUSER','2019-02-21 14:47:06',NULL,NULL),(0000000187,'1279','FUEL TANK VALVE',0000000006,'METALSIGMAUSER','2019-02-21 14:47:06',NULL,NULL),(0000000188,'1280','FUEL',0000000006,'METALSIGMAUSER','2019-02-21 14:47:06',NULL,NULL),(0000000189,'1281','FUEL INJECTION PUMP LIFTER',0000000006,'METALSIGMAUSER','2019-02-21 14:47:06',NULL,NULL),(0000000190,'1282','LPG FUELOCK VALVE',0000000006,'METALSIGMAUSER','2019-02-21 14:47:06',NULL,NULL),(0000000191,'1283','LPG CONVERTER/REGULATOR',0000000006,'METALSIGMAUSER','2019-02-21 14:47:06',NULL,NULL),(0000000192,'1284','LPG TANK',0000000006,'METALSIGMAUSER','2019-02-21 14:47:06',NULL,NULL),(0000000193,'1285','LPG LINES/HOSES',0000000006,'METALSIGMAUSER','2019-02-21 14:47:06',NULL,NULL),(0000000194,'1286','GOVERNOR & FUEL INJECTION PUMP',0000000006,'METALSIGMAUSER','2019-02-21 14:47:06',NULL,NULL),(0000000195,'1287','GOVERNOR HOUSING',0000000006,'METALSIGMAUSER','2019-02-21 14:47:06',NULL,NULL),(0000000196,'1288','FUEL PUMP/GOVERNOR DRIVE',0000000006,'METALSIGMAUSER','2019-02-21 14:47:06',NULL,NULL),(0000000197,'1289','HYDRAULIC/HYDRA-MECHANICAL GOVERNOR',0000000006,'METALSIGMAUSER','2019-02-21 14:47:06',NULL,NULL),(0000000198,'1290','UNIT INJECTOR',0000000006,'METALSIGMAUSER','2019-02-21 14:47:06',NULL,NULL),(0000000199,'1292','CAMSHAFT (FUEL SYSTEM)',0000000006,'METALSIGMAUSER','2019-02-21 14:47:06',NULL,NULL),(0000000200,'1293','DUAL FUEL SYSTEM',0000000006,'METALSIGMAUSER','2019-02-21 14:47:06',NULL,NULL),(0000000201,'1294','CHOKE CABLE',0000000006,'METALSIGMAUSER','2019-02-21 14:47:06',NULL,NULL),(0000000202,'1295','AUXILIARY FUEL TRANSFER PUMP',0000000006,'METALSIGMAUSER','2019-02-21 14:47:06',NULL,NULL),(0000000203,'1296','FUEL HEATER',0000000006,'METALSIGMAUSER','2019-02-21 14:47:06',NULL,NULL),(0000000204,'1298','UNIT INJECTOR CONTROL LINKAGE',0000000006,'METALSIGMAUSER','2019-02-21 14:47:06',NULL,NULL),(0000000205,'1299','HYDRAULIC TIMING ADVANCE',0000000006,'METALSIGMAUSER','2019-02-21 14:47:06',NULL,NULL),(0000000206,'1300','LUBRICATION SYSTEM',0000000007,'METALSIGMAUSER','2019-02-21 14:47:06',NULL,NULL),(0000000207,'1302','ENGINE OIL PAN',0000000007,'METALSIGMAUSER','2019-02-21 14:47:06',NULL,NULL),(0000000208,'1304','ENGINE OIL PUMP',0000000007,'METALSIGMAUSER','2019-02-21 14:47:06',NULL,NULL),(0000000209,'1306','ENGINE OIL FILTER HOUSING/BASE',0000000007,'METALSIGMAUSER','2019-02-21 14:47:06',NULL,NULL),(0000000210,'1307','ENGINE OIL LINES',0000000007,'METALSIGMAUSER','2019-02-21 14:47:06',NULL,NULL),(0000000211,'1308','ENGINE OIL FILTER',0000000007,'METALSIGMAUSER','2019-02-21 14:47:06',NULL,NULL),(0000000212,'1309','TURBOCHARGER LUBRICATION VALVE',0000000007,'METALSIGMAUSER','2019-02-21 14:47:06',NULL,NULL),(0000000213,'1312','ENGINE OIL SCAVENGE PUMP',0000000007,'METALSIGMAUSER','2019-02-21 14:47:06',NULL,NULL),(0000000214,'1313','ENGINE OIL PUMP DRIVE',0000000007,'METALSIGMAUSER','2019-02-21 14:47:06',NULL,NULL),(0000000215,'1314','ENGINE OIL COOLER BYPASS VALVE',0000000007,'METALSIGMAUSER','2019-02-21 14:47:06',NULL,NULL),(0000000216,'1315','ENGINE OIL PRESSURE RELIEF VALVE',0000000007,'METALSIGMAUSER','2019-02-21 14:47:06',NULL,NULL),(0000000217,'1316','ENGINE OIL FILLER',0000000007,'METALSIGMAUSER','2019-02-21 14:47:06',NULL,NULL),(0000000218,'1317','CRANKCASE BREATHER',0000000007,'METALSIGMAUSER','2019-02-21 14:47:06',NULL,NULL),(0000000219,'1318','ENGINE OIL & FILTER',0000000007,'METALSIGMAUSER','2019-02-21 14:47:06',NULL,NULL),(0000000220,'1319','PRELUBRICATION PUMP',0000000007,'METALSIGMAUSER','2019-02-21 14:47:06',NULL,NULL),(0000000221,'1320','TURBOCHARGER OIL ACCUMULATOR',0000000007,'METALSIGMAUSER','2019-02-21 14:47:06',NULL,NULL),(0000000222,'1324','ENGINE OIL SUMP PUMP',0000000007,'METALSIGMAUSER','2019-02-21 14:47:06',NULL,NULL),(0000000223,'1325','HIGH-SPEED OIL CHANGE GROUP',0000000007,'METALSIGMAUSER','2019-02-21 14:47:06',NULL,NULL),(0000000224,'1326','ENGINE OIL LEVEL GAUGE/DIPSTICK',0000000007,'METALSIGMAUSER','2019-02-21 14:47:06',NULL,NULL),(0000000225,'1327','ENGINE PRIORITY VALVE',0000000007,'METALSIGMAUSER','2019-02-21 14:47:06',NULL,NULL),(0000000226,'1328','CENTRIFUGAL OIL FILTER',0000000007,'METALSIGMAUSER','2019-02-21 14:47:06',NULL,NULL),(0000000227,'1329','SHUTOFF VALVE',0000000007,'METALSIGMAUSER','2019-02-21 14:47:06',NULL,NULL),(0000000228,'1330','ENGINE OIL TEMPERATURE REGULATOR',0000000007,'METALSIGMAUSER','2019-02-21 14:47:06',NULL,NULL),(0000000229,'1331','PISTON COOLING JET',0000000007,'METALSIGMAUSER','2019-02-21 14:47:06',NULL,NULL),(0000000230,'1332','ENGINE OIL SEQUENCE VALVE',0000000007,'METALSIGMAUSER','2019-02-21 14:47:06',NULL,NULL),(0000000231,'1333','LUBE OIL HEATER',0000000007,'METALSIGMAUSER','2019-02-21 14:47:06',NULL,NULL),(0000000232,'1334','ENGINE OIL LEVEL REGULATOR',0000000007,'METALSIGMAUSER','2019-02-21 14:47:06',NULL,NULL),(0000000233,'1335','PARTICLE SENSOR',0000000007,'METALSIGMAUSER','2019-02-21 14:47:06',NULL,NULL),(0000000234,'1336','OIL MIST DETECTOR',0000000007,'METALSIGMAUSER','2019-02-21 14:47:06',NULL,NULL),(0000000235,'1348','ENGINE OIL',0000000007,'METALSIGMAUSER','2019-02-21 14:47:06',NULL,NULL),(0000000236,'1349','OIL RENEWAL SYSTEM',0000000007,'METALSIGMAUSER','2019-02-21 14:47:06',NULL,NULL),(0000000237,'1350','ENGINE COOLING SYSTEM',0000000008,'METALSIGMAUSER','2019-02-21 14:47:06',NULL,NULL),(0000000238,'1351','RADIATOR & OIL COOLER',0000000008,'METALSIGMAUSER','2019-02-21 14:47:06',NULL,NULL),(0000000239,'1352','COOLANT CONDITIONER',0000000008,'METALSIGMAUSER','2019-02-21 14:47:06',NULL,NULL),(0000000240,'1353','RADIATOR',0000000008,'METALSIGMAUSER','2019-02-21 14:47:06',NULL,NULL),(0000000241,'1354','EXPANSION TANK',0000000008,'METALSIGMAUSER','2019-02-21 14:47:06',NULL,NULL),(0000000242,'1355','THERMOSTAT/WATER TEMPERATURE REGULATOR',0000000008,'METALSIGMAUSER','2019-02-21 14:47:06',NULL,NULL),(0000000243,'1356','FAN',0000000008,'METALSIGMAUSER','2019-02-21 14:47:06',NULL,NULL),(0000000244,'1357','V-BELT(S)',0000000008,'METALSIGMAUSER','2019-02-21 14:47:06',NULL,NULL),(0000000245,'1358','BELT TENSIONER',0000000008,'METALSIGMAUSER','2019-02-21 14:47:06',NULL,NULL),(0000000246,'1359','FAN DRIVE',0000000008,'METALSIGMAUSER','2019-02-21 14:47:06',NULL,NULL),(0000000247,'1360','FAN GUARD',0000000008,'METALSIGMAUSER','2019-02-21 14:47:06',NULL,NULL),(0000000248,'1361','WATER PUMP',0000000008,'METALSIGMAUSER','2019-02-21 14:47:06',NULL,NULL),(0000000249,'1362','WATER MANIFOLD',0000000008,'METALSIGMAUSER','2019-02-21 14:47:06',NULL,NULL),(0000000250,'1363','AFTERCOOLER WATER PUMP',0000000008,'METALSIGMAUSER','2019-02-21 14:47:06',NULL,NULL),(0000000251,'1364','WATER PUMP IMPELLER',0000000008,'METALSIGMAUSER','2019-02-21 14:47:06',NULL,NULL),(0000000252,'1365','BRAKE/AXLE OIL COOLER',0000000008,'METALSIGMAUSER','2019-02-21 14:47:06',NULL,NULL),(0000000253,'1366','BRAKE & TORQUE CONVERTER OIL COOLER',0000000008,'METALSIGMAUSER','2019-02-21 14:47:06',NULL,NULL),(0000000254,'1367','HEAT EXCHANGER RELIEF VALVE',0000000008,'METALSIGMAUSER','2019-02-21 14:47:06',NULL,NULL),(0000000255,'1368','RETARDER OIL COOLER',0000000008,'METALSIGMAUSER','2019-02-21 14:47:06',NULL,NULL),(0000000256,'1370','COOLING SYSTEM RELIEF VALVE',0000000008,'METALSIGMAUSER','2019-02-21 14:47:06',NULL,NULL),(0000000257,'1371','AUXILIARY/RAW WATER PUMP',0000000008,'METALSIGMAUSER','2019-02-21 14:47:06',NULL,NULL),(0000000258,'1372','DRAIN VALVE',0000000008,'METALSIGMAUSER','2019-02-21 14:47:06',NULL,NULL),(0000000259,'1373','WATER PUMP HOUSING',0000000008,'METALSIGMAUSER','2019-02-21 14:47:06',NULL,NULL),(0000000260,'1374','HYDRAULIC OIL COOLER',0000000008,'METALSIGMAUSER','2019-02-21 14:47:06',NULL,NULL),(0000000261,'1375','TORQUE CONVERTER/TRANSMISSION OIL COOLER',0000000008,'METALSIGMAUSER','2019-02-21 14:47:06',NULL,NULL),(0000000262,'1376','TORQUE CONVERTER, TRANSMISSION & HYDRAULIC OIL COOLER',0000000008,'METALSIGMAUSER','2019-02-21 14:47:06',NULL,NULL),(0000000263,'1377','RADIATOR TANK',0000000008,'METALSIGMAUSER','2019-02-21 14:47:06',NULL,NULL),(0000000264,'1378','ENGINE OIL COOLER',0000000008,'METALSIGMAUSER','2019-02-21 14:47:06',NULL,NULL),(0000000265,'1379','HEAT EXCHANGER',0000000008,'METALSIGMAUSER','2019-02-21 14:47:06',NULL,NULL),(0000000266,'1380','COOLANT HOSE/LINES',0000000008,'METALSIGMAUSER','2019-02-21 14:47:06',NULL,NULL),(0000000267,'1381','RADIATOR & GUARD',0000000008,'METALSIGMAUSER','2019-02-21 14:47:06',NULL,NULL),(0000000268,'1382','RADIATOR CAP',0000000008,'METALSIGMAUSER','2019-02-21 14:47:06',NULL,NULL),(0000000269,'1383','ENGINE COOLANT HEATER',0000000008,'METALSIGMAUSER','2019-02-21 14:47:06',NULL,NULL),(0000000270,'1384','WATER PUMP PULLEY',0000000008,'METALSIGMAUSER','2019-02-21 14:47:06',NULL,NULL),(0000000271,'1385','RAW WATER PUMP DRIVE',0000000008,'METALSIGMAUSER','2019-02-21 14:47:06',NULL,NULL),(0000000272,'1386','HYDRAULIC FAN MOTOR',0000000008,'METALSIGMAUSER','2019-02-21 14:47:06',NULL,NULL),(0000000273,'1387','HYDRAULIC FAN PUMP',0000000008,'METALSIGMAUSER','2019-02-21 14:47:06',NULL,NULL),(0000000274,'1388','ZINC PLUG',0000000008,'METALSIGMAUSER','2019-02-21 14:47:06',NULL,NULL),(0000000275,'1389','WATER PUMP SHAFT',0000000008,'METALSIGMAUSER','2019-02-21 14:47:06',NULL,NULL),(0000000276,'1390','AUXILIARY FAN DRIVE',0000000008,'METALSIGMAUSER','2019-02-21 14:47:06',NULL,NULL),(0000000277,'1391','WATER MIXER HOUSING',0000000008,'METALSIGMAUSER','2019-02-21 14:47:06',NULL,NULL),(0000000278,'1392','EXPANSION TANK CAP',0000000008,'METALSIGMAUSER','2019-02-21 14:47:06',NULL,NULL),(0000000279,'1393','WATER TEMPERATURE REGULATOR HOUSING',0000000008,'METALSIGMAUSER','2019-02-21 14:47:06',NULL,NULL),(0000000280,'1394','RAW WATER',0000000008,'METALSIGMAUSER','2019-02-21 14:47:06',NULL,NULL),(0000000281,'1395','ENGINE COOLANT',0000000008,'METALSIGMAUSER','2019-02-21 14:47:06',NULL,NULL),(0000000282,'1396','RADIATOR SHUTTER',0000000008,'METALSIGMAUSER','2019-02-21 14:47:06',NULL,NULL),(0000000283,'1397','SERPENTINE BELT',0000000008,'METALSIGMAUSER','2019-02-21 14:47:06',NULL,NULL),(0000000284,'1400','ELECTRIC SYSTEM',0000000009,'METALSIGMAUSER','2019-02-21 14:47:06',NULL,NULL),(0000000285,'1401','BATTERY',0000000009,'METALSIGMAUSER','2019-02-21 14:47:06',NULL,NULL),(0000000286,'1402','BATTERY CABLE',0000000009,'METALSIGMAUSER','2019-02-21 14:47:06',NULL,NULL),(0000000287,'1403','ENGINE WIRING HARNESS',0000000009,'METALSIGMAUSER','2019-02-21 14:47:06',NULL,NULL),(0000000288,'1404','GENERATOR',0000000009,'METALSIGMAUSER','2019-02-21 14:47:06',NULL,NULL),(0000000289,'1405','ALTERNATOR',0000000009,'METALSIGMAUSER','2019-02-21 14:47:06',NULL,NULL),(0000000290,'1406','CHARGING SYSTEM',0000000009,'METALSIGMAUSER','2019-02-21 14:47:06',NULL,NULL),(0000000291,'1408','WIRING HARNESS',0000000009,'METALSIGMAUSER','2019-02-21 14:47:06',NULL,NULL),(0000000292,'1409','TRANSFORMER',0000000009,'METALSIGMAUSER','2019-02-21 14:47:06',NULL,NULL),(0000000293,'1410','VOLTAGE REGULATOR',0000000009,'METALSIGMAUSER','2019-02-21 14:47:06',NULL,NULL),(0000000294,'1411','DISCONNECT SWITCH',0000000009,'METALSIGMAUSER','2019-02-21 14:47:06',NULL,NULL),(0000000295,'1412','GLOW PLUG',0000000009,'METALSIGMAUSER','2019-02-21 14:47:06',NULL,NULL),(0000000296,'1416','START SWITCH',0000000009,'METALSIGMAUSER','2019-02-21 14:47:06',NULL,NULL),(0000000297,'1417','FUSE/CIRCUIT BREAKER PANEL',0000000009,'METALSIGMAUSER','2019-02-21 14:47:06',NULL,NULL),(0000000298,'1418','CIRCUIT BOARD',0000000009,'METALSIGMAUSER','2019-02-21 14:47:06',NULL,NULL),(0000000299,'1419','SERIES-PARALLEL SWITCH',0000000009,'METALSIGMAUSER','2019-02-21 14:47:06',NULL,NULL),(0000000300,'1420','CIRCUIT BREAKER',0000000009,'METALSIGMAUSER','2019-02-21 14:47:06',NULL,NULL),(0000000301,'1421','DC TO DC CONVERTER',0000000009,'METALSIGMAUSER','2019-02-21 14:47:06',NULL,NULL),(0000000302,'1422','RELAY PANEL',0000000009,'METALSIGMAUSER','2019-02-21 14:47:06',NULL,NULL),(0000000303,'1423','MAIN POWER RELAY',0000000009,'METALSIGMAUSER','2019-02-21 14:47:06',NULL,NULL),(0000000304,'1424','NEUTRAL START SWITCH',0000000009,'METALSIGMAUSER','2019-02-21 14:47:06',NULL,NULL),(0000000305,'1425','ALTERNATOR PULLEY',0000000009,'METALSIGMAUSER','2019-02-21 14:47:06',NULL,NULL),(0000000306,'1426','START RELAY',0000000009,'METALSIGMAUSER','2019-02-21 14:47:06',NULL,NULL),(0000000307,'1427','POWER ACTUATOR',0000000009,'METALSIGMAUSER','2019-02-21 14:47:06',NULL,NULL),(0000000308,'1428','BACKUP LIGHT(S)',0000000009,'METALSIGMAUSER','2019-02-21 14:47:06',NULL,NULL),(0000000309,'1429','LIGHT(S)',0000000009,'METALSIGMAUSER','2019-02-21 14:47:06',NULL,NULL),(0000000310,'1430','DIRECTION SIGNAL',0000000009,'METALSIGMAUSER','2019-02-21 14:47:06',NULL,NULL),(0000000311,'1431','BEACON/STROBE LIGHT',0000000009,'METALSIGMAUSER','2019-02-21 14:47:06',NULL,NULL),(0000000312,'1432','STOPLIGHT/TAILLIGHT',0000000009,'METALSIGMAUSER','2019-02-21 14:47:06',NULL,NULL),(0000000313,'1433','CAB LIGHT',0000000009,'METALSIGMAUSER','2019-02-21 14:47:06',NULL,NULL),(0000000314,'1434','FLOODLIGHT',0000000009,'METALSIGMAUSER','2019-02-21 14:47:06',NULL,NULL),(0000000315,'1435','CONTROL SWITCH',0000000009,'METALSIGMAUSER','2019-02-21 14:47:06',NULL,NULL),(0000000316,'1436','LIGHTER',0000000009,'METALSIGMAUSER','2019-02-21 14:47:06',NULL,NULL),(0000000317,'1437','ELECTRICAL SYSTEM RESISTOR',0000000009,'METALSIGMAUSER','2019-02-21 14:47:06',NULL,NULL),(0000000318,'1438','FLOW SWITCH',0000000009,'METALSIGMAUSER','2019-02-21 14:47:06',NULL,NULL),(0000000319,'1439','SENSOR',0000000009,'METALSIGMAUSER','2019-02-21 14:47:06',NULL,NULL),(0000000320,'1440','WORK LIGHT(S)',0000000009,'METALSIGMAUSER','2019-02-21 14:47:06',NULL,NULL),(0000000321,'1441','LIGHT BAR',0000000009,'METALSIGMAUSER','2019-02-21 14:47:06',NULL,NULL),(0000000322,'1442','ROOF LIGHT(S)',0000000009,'METALSIGMAUSER','2019-02-21 14:47:06',NULL,NULL),(0000000323,'1450','STARTING SYSTEM',0000000010,'METALSIGMAUSER','2019-02-21 14:47:06',NULL,NULL),(0000000324,'1451','AIR STARTING MOTOR',0000000010,'METALSIGMAUSER','2019-02-21 14:47:06',NULL,NULL),(0000000325,'1452','HYDRAULIC STARTER',0000000010,'METALSIGMAUSER','2019-02-21 14:47:06',NULL,NULL),(0000000326,'1453','ELECTRIC STARTING MOTOR',0000000010,'METALSIGMAUSER','2019-02-21 14:47:06',NULL,NULL),(0000000327,'1454','STARTER PINION',0000000010,'METALSIGMAUSER','2019-02-21 14:47:06',NULL,NULL),(0000000328,'1455','HYDRAULIC STARTER ACCUMULATOR',0000000010,'METALSIGMAUSER','2019-02-21 14:47:06',NULL,NULL),(0000000329,'1456','ETHER STARTING AID',0000000010,'METALSIGMAUSER','2019-02-21 14:47:06',NULL,NULL),(0000000330,'1457','HYDRAULIC STARTER VALVE',0000000010,'METALSIGMAUSER','2019-02-21 14:47:06',NULL,NULL),(0000000331,'1458','RECHARGING PUMP',0000000010,'METALSIGMAUSER','2019-02-21 14:47:06',NULL,NULL),(0000000332,'1459','RECHARGING PUMP (MANUAL)',0000000010,'METALSIGMAUSER','2019-02-21 14:47:06',NULL,NULL),(0000000333,'1460','HYDRAULIC RESERVOIR',0000000010,'METALSIGMAUSER','2019-02-21 14:47:06',NULL,NULL),(0000000334,'1462','AIR START VALVE',0000000010,'METALSIGMAUSER','2019-02-21 14:47:06',NULL,NULL),(0000000335,'1463','STARTING RECEPTACLE',0000000010,'METALSIGMAUSER','2019-02-21 14:47:06',NULL,NULL),(0000000336,'1465','STARTING MOTOR ARMATURE',0000000010,'METALSIGMAUSER','2019-02-21 14:47:06',NULL,NULL),(0000000337,'1466','AIR START TANK',0000000010,'METALSIGMAUSER','2019-02-21 14:47:06',NULL,NULL),(0000000338,'1467','STARTER SOLENOID',0000000010,'METALSIGMAUSER','2019-02-21 14:47:06',NULL,NULL),(0000000339,'1468','AIR START SILENCER',0000000010,'METALSIGMAUSER','2019-02-21 14:47:06',NULL,NULL),(0000000340,'1469','PRELUBRICATION MOTOR',0000000010,'METALSIGMAUSER','2019-02-21 14:47:06',NULL,NULL),(0000000341,'1470','CYCLE CRANKING MODULE',0000000010,'METALSIGMAUSER','2019-02-21 14:47:06',NULL,NULL),(0000000342,'1471','PHOTOVOLTAIC',0000000010,'METALSIGMAUSER','2019-02-21 14:47:06',NULL,NULL),(0000000343,'1500','GASOLINE STARTING/AUXILIARY ENGINE',0000000011,'METALSIGMAUSER','2019-02-21 14:47:06',NULL,NULL),(0000000344,'1501','STARTING/AUXILIARY ENGINE BASIC BLOCK',0000000011,'METALSIGMAUSER','2019-02-21 14:47:06',NULL,NULL),(0000000345,'1502','STARTING/AUXILIARY ENGINE CYLINDER HEAD',0000000011,'METALSIGMAUSER','2019-02-21 14:47:06',NULL,NULL),(0000000346,'1503','STARTING/AUXILIARY ENGINE VALVE',0000000011,'METALSIGMAUSER','2019-02-21 14:47:06',NULL,NULL),(0000000347,'1504','STARTING/AUXILIARY ENGINE AIR CLEANER ELEMENT',0000000011,'METALSIGMAUSER','2019-02-21 14:47:06',NULL,NULL),(0000000348,'1505','STARTING/AUXILIARY ENGINE CAMSHAFT',0000000011,'METALSIGMAUSER','2019-02-21 14:47:06',NULL,NULL),(0000000349,'1507','STARTING/AUXILIARY ENGINE CRANKSHAFT',0000000011,'METALSIGMAUSER','2019-02-21 14:47:06',NULL,NULL),(0000000350,'1509','STARTING/AUXILIARY ENGINE CONNECTION ROD',0000000011,'METALSIGMAUSER','2019-02-21 14:47:06',NULL,NULL),(0000000351,'1510','STARTING/AUXILIARY ENGINE RECOIL STARTING MECHANISM',0000000011,'METALSIGMAUSER','2019-02-21 14:47:06',NULL,NULL),(0000000352,'1511','STARTING/AUXILIARY ENGINE OIL PUMP',0000000011,'METALSIGMAUSER','2019-02-21 14:47:06',NULL,NULL),(0000000353,'1512','STARTING/AUXILIARY ENGINE CARBURETOR',0000000011,'METALSIGMAUSER','2019-02-21 14:47:06',NULL,NULL),(0000000354,'1513','STARTING/AUXILIARY ENGINE GOVERNOR',0000000011,'METALSIGMAUSER','2019-02-21 14:47:06',NULL,NULL),(0000000355,'1514','STARTING/AUXILIARY ENGINE PINION',0000000011,'METALSIGMAUSER','2019-02-21 14:47:06',NULL,NULL),(0000000356,'1515','STARTING/AUXILIARY ENGINE TRANSMISSION',0000000011,'METALSIGMAUSER','2019-02-21 14:47:06',NULL,NULL),(0000000357,'1516','STARTING/AUXILIARY ENGINE CLUTCH',0000000011,'METALSIGMAUSER','2019-02-21 14:47:06',NULL,NULL),(0000000358,'1517','STARTING/AUXILIARY ENGINE OVER-RUNNING CLUTCH',0000000011,'METALSIGMAUSER','2019-02-21 14:47:06',NULL,NULL),(0000000359,'1518','STARTING/AUXILIARY ENGINE ELECTRIC STARTER',0000000011,'METALSIGMAUSER','2019-02-21 14:47:06',NULL,NULL),(0000000360,'1519','STARTING/AUXILIARY ENGINE AIR CLEANER',0000000011,'METALSIGMAUSER','2019-02-21 14:47:06',NULL,NULL),(0000000361,'1520','STARTING/AUXILIARY ENGINE EXHAUST TUBE',0000000011,'METALSIGMAUSER','2019-02-21 14:47:06',NULL,NULL),(0000000362,'1521','STARTING/AUXILIARY ENGINE TIMING COVER',0000000011,'METALSIGMAUSER','2019-02-21 14:47:06',NULL,NULL),(0000000363,'1522','STARTING/AUXILIARY ENGINE FLYWHEEL',0000000011,'METALSIGMAUSER','2019-02-21 14:47:06',NULL,NULL),(0000000364,'1523','STARTING/AUXILIARY ENGINE PISTON',0000000011,'METALSIGMAUSER','2019-02-21 14:47:06',NULL,NULL),(0000000365,'1525','STARTING/AUXILIARY ENGINE OIL/FILTER',0000000011,'METALSIGMAUSER','2019-02-21 14:47:06',NULL,NULL),(0000000366,'1526','STARTING/AUXILIARY ENGINE FUEL TANK',0000000011,'METALSIGMAUSER','2019-02-21 14:47:06',NULL,NULL),(0000000367,'1528','STARTING/AUXILIARY ENGINE CLUTCH, TRANSMISSION & PINION',0000000011,'METALSIGMAUSER','2019-02-21 14:47:06',NULL,NULL),(0000000368,'1529','STARTING/AUXILIARY ENGINE WATER PUMP',0000000011,'METALSIGMAUSER','2019-02-21 14:47:06',NULL,NULL),(0000000369,'1530','STARTING/AUXILIARY ENGINE MAGNETO',0000000011,'METALSIGMAUSER','2019-02-21 14:47:06',NULL,NULL),(0000000370,'1550','IGNITION SYSTEM',0000000012,'METALSIGMAUSER','2019-02-21 14:47:06',NULL,NULL),(0000000371,'1551','BREAKER POINT IGNITION SYSTEM',0000000012,'METALSIGMAUSER','2019-02-21 14:47:06',NULL,NULL),(0000000372,'1552','MAGNETO',0000000012,'METALSIGMAUSER','2019-02-21 14:47:06',NULL,NULL),(0000000373,'1553','IGNITION SWITCH',0000000012,'METALSIGMAUSER','2019-02-21 14:47:06',NULL,NULL),(0000000374,'1554','COIL',0000000012,'METALSIGMAUSER','2019-02-21 14:47:06',NULL,NULL),(0000000375,'1555','SPARK PLUG',0000000012,'METALSIGMAUSER','2019-02-21 14:47:06',NULL,NULL),(0000000376,'1556','MAGNETO DRIVE',0000000012,'METALSIGMAUSER','2019-02-21 14:47:06',NULL,NULL),(0000000377,'1557','DISTRIBUTOR',0000000012,'METALSIGMAUSER','2019-02-21 14:47:06',NULL,NULL),(0000000378,'1558','SPARK PLUG WIRES',0000000012,'METALSIGMAUSER','2019-02-21 14:47:06',NULL,NULL),(0000000379,'1559','DETONATION SENSOR',0000000012,'METALSIGMAUSER','2019-02-21 14:47:06',NULL,NULL),(0000000380,'1560','CAPACITOR DISCHARGE IGNITION SYSTEM',0000000012,'METALSIGMAUSER','2019-02-21 14:47:06',NULL,NULL),(0000000381,'1561','IGNITION TRANSFORMER',0000000012,'METALSIGMAUSER','2019-02-21 14:47:06',NULL,NULL),(0000000382,'1562','STORAGE CAPACITOR',0000000012,'METALSIGMAUSER','2019-02-21 14:47:06',NULL,NULL),(0000000383,'1563','COMBUSTION SENSOR',0000000012,'METALSIGMAUSER','2019-02-21 14:47:06',NULL,NULL),(0000000384,'1566','ELECTRONIC DISTRIBUTOR',0000000012,'METALSIGMAUSER','2019-02-21 14:47:06',NULL,NULL),(0000000385,'1567','BREAKERLESS INDUCTION DISTRIBUTOR IGNITION SYSTEM',0000000012,'METALSIGMAUSER','2019-02-21 14:47:06',NULL,NULL),(0000000386,'1600','ELECTRIC DRIVE & CONTROL',0000000013,'METALSIGMAUSER','2019-02-21 14:47:06',NULL,NULL),(0000000387,'1601','TRACTION DRIVE BATTERY',0000000013,'METALSIGMAUSER','2019-02-21 14:47:06',NULL,NULL),(0000000388,'1602','BATTERY CONNECTOR',0000000013,'METALSIGMAUSER','2019-02-21 14:47:06',NULL,NULL),(0000000389,'1603','ELECTRIC DRIVE MOTOR',0000000013,'METALSIGMAUSER','2019-02-21 14:47:06',NULL,NULL),(0000000390,'1604','BDI CONTROL',0000000013,'METALSIGMAUSER','2019-02-21 14:47:06',NULL,NULL),(0000000391,'1605','ACCELERATOR SWITCH ASSEMBLY',0000000013,'METALSIGMAUSER','2019-02-21 14:47:06',NULL,NULL),(0000000392,'1606','ELECTRIC DRIVE CONTROL PANEL',0000000013,'METALSIGMAUSER','2019-02-21 14:47:06',NULL,NULL),(0000000393,'1607','DRIVE SYSTEM CONTACTOR',0000000013,'METALSIGMAUSER','2019-02-21 14:47:06',NULL,NULL),(0000000394,'1608','NAVIGATION CONTROL PANEL',0000000013,'METALSIGMAUSER','2019-02-21 14:47:06',NULL,NULL),(0000000395,'1609','POWER PANEL',0000000013,'METALSIGMAUSER','2019-02-21 14:47:06',NULL,NULL),(0000000396,'1610','DRIVE SYSTEM CHOPPER ASSEMBLY (EXCEPT LOGIC MODULE)',0000000013,'METALSIGMAUSER','2019-02-21 14:47:06',NULL,NULL),(0000000397,'1611','DIRECTIONAL SWITCH ASSEMBLY',0000000013,'METALSIGMAUSER','2019-02-21 14:47:06',NULL,NULL),(0000000398,'1612','LDC LOGIC MODULE',0000000013,'METALSIGMAUSER','2019-02-21 14:47:06',NULL,NULL),(0000000399,'1613','DRIVE AXLE CONTROL UNIT',0000000013,'METALSIGMAUSER','2019-02-21 14:47:06',NULL,NULL),(0000000400,'1616','SEAT SWITCH',0000000013,'METALSIGMAUSER','2019-02-21 14:47:06',NULL,NULL),(0000000401,'1617','DRIVE SYSTEM TRANSISTOR/THYRISTOR',0000000013,'METALSIGMAUSER','2019-02-21 14:47:06',NULL,NULL),(0000000402,'1618','DRIVE SYSTEM RECTIFIER/DIODE',0000000013,'METALSIGMAUSER','2019-02-21 14:47:06',NULL,NULL),(0000000403,'1619','DRIVE SYSTEM CAPACITOR',0000000013,'METALSIGMAUSER','2019-02-21 14:47:06',NULL,NULL),(0000000404,'1620','DRIVE SYSTEM CHOKE/FILTER/SNUBBER',0000000013,'METALSIGMAUSER','2019-02-21 14:47:06',NULL,NULL),(0000000405,'1621','DRIVE SYSTEM POTENTIOMETER',0000000013,'METALSIGMAUSER','2019-02-21 14:47:06',NULL,NULL),(0000000406,'1622','DRIVE SYSTEM CONTACTOR ASSEMBLY COIL',0000000013,'METALSIGMAUSER','2019-02-21 14:47:06',NULL,NULL),(0000000407,'1623','ARC SUPPRESSOR COIL',0000000013,'METALSIGMAUSER','2019-02-21 14:47:06',NULL,NULL),(0000000408,'1624','DRIVE SYSTEM CONTACTOR ASSEMBLY TIPS',0000000013,'METALSIGMAUSER','2019-02-21 14:47:06',NULL,NULL),(0000000409,'1625','LOGIC UNIT',0000000013,'METALSIGMAUSER','2019-02-21 14:47:06',NULL,NULL),(0000000410,'1626','DRIVE MOTOR BRUSHES',0000000013,'METALSIGMAUSER','2019-02-21 14:47:06',NULL,NULL),(0000000411,'1627','DRIVE SYSTEM RESISTOR',0000000013,'METALSIGMAUSER','2019-02-21 14:47:06',NULL,NULL),(0000000412,'1628','DRIVE SYSTEM FUSE',0000000013,'METALSIGMAUSER','2019-02-21 14:47:06',NULL,NULL),(0000000413,'1629','SUPPRESSION CARD',0000000013,'METALSIGMAUSER','2019-02-21 14:47:06',NULL,NULL),(0000000414,'1630','DRIVE SYSTEM DRIVER/FIRING BLOCK',0000000013,'METALSIGMAUSER','2019-02-21 14:47:06',NULL,NULL),(0000000415,'1631','DRIVE SYSTEM THERMAL PROTECTOR',0000000013,'METALSIGMAUSER','2019-02-21 14:47:06',NULL,NULL),(0000000416,'1632','DRIVE SYSTEM TRANSFORMER',0000000013,'METALSIGMAUSER','2019-02-21 14:47:06',NULL,NULL),(0000000417,'1633','DRIVE SYSTEM POWER CABLE',0000000013,'METALSIGMAUSER','2019-02-21 14:47:06',NULL,NULL),(0000000418,'1634','DRIVE SYSTEM WIRING HARNESS',0000000013,'METALSIGMAUSER','2019-02-21 14:47:06',NULL,NULL),(0000000419,'1635','DRIVE MOTOR BRUSH HOLDER',0000000013,'METALSIGMAUSER','2019-02-21 14:47:06',NULL,NULL),(0000000420,'1636','DRIVE MOTOR FAN',0000000013,'METALSIGMAUSER','2019-02-21 14:47:06',NULL,NULL),(0000000421,'1637','DRIVE MOTOR ARMATURE',0000000013,'METALSIGMAUSER','2019-02-21 14:47:06',NULL,NULL),(0000000422,'1638','INSULATED GATE BIPOLAR TRANSISTOR (IGBT) PHASE MODULE',0000000013,'METALSIGMAUSER','2019-02-21 14:47:06',NULL,NULL),(0000000423,'1639','BOARD CONTROL MODULE',0000000013,'METALSIGMAUSER','2019-02-21 14:47:06',NULL,NULL),(0000000424,'1640','INVERTER BLOWER DRIVE',0000000013,'METALSIGMAUSER','2019-02-21 14:47:06',NULL,NULL),(0000000425,'1702','FUEL MANIFOLD',0000000014,'METALSIGMAUSER','2019-02-21 14:47:06',NULL,NULL),(0000000426,'1703','INJECTOR CONTROL SHAFT LEVER',0000000014,'METALSIGMAUSER','2019-02-21 14:47:06',NULL,NULL),(0000000427,'1704','FUEL SHUTOFF',0000000014,'METALSIGMAUSER','2019-02-21 14:47:06',NULL,NULL),(0000000428,'1705','VARIABLE HORSEPOWER CONTROL VALVE',0000000014,'METALSIGMAUSER','2019-02-21 14:47:06',NULL,NULL),(0000000429,'1710','FAST FILL FUEL ADAPTER',0000000014,'METALSIGMAUSER','2019-02-21 14:47:06',NULL,NULL),(0000000430,'1711','FUEL INJECTION LINE ADAPTER',0000000014,'METALSIGMAUSER','2019-02-21 14:47:06',NULL,NULL),(0000000431,'1712','FUEL COOLER',0000000014,'METALSIGMAUSER','2019-02-21 14:47:06',NULL,NULL),(0000000432,'1713','UNIT INJECTOR SLEEVE',0000000014,'METALSIGMAUSER','2019-02-21 14:47:06',NULL,NULL),(0000000433,'1714','UNIT INJECTOR HYDRAULIC PUMP',0000000014,'METALSIGMAUSER','2019-02-21 14:47:06',NULL,NULL),(0000000434,'1715','FUEL PRESSURE REGULATOR VALVE',0000000014,'METALSIGMAUSER','2019-02-21 14:47:06',NULL,NULL),(0000000435,'1716','GOVERNOR ACTUATOR',0000000014,'METALSIGMAUSER','2019-02-21 14:47:06',NULL,NULL),(0000000436,'1717','FUEL TRANSFER & PRIMING PUMP',0000000014,'METALSIGMAUSER','2019-02-21 14:47:06',NULL,NULL),(0000000437,'1718','FUEL PRESSURE SENSOR',0000000014,'METALSIGMAUSER','2019-02-21 14:47:06',NULL,NULL),(0000000438,'1719','NOZZLE CLEANING MANIFOLD',0000000014,'METALSIGMAUSER','2019-02-21 14:47:06',NULL,NULL),(0000000439,'1720','FUEL ACCUMULATOR',0000000014,'METALSIGMAUSER','2019-02-21 14:47:06',NULL,NULL),(0000000440,'1723','COMBUSTION FUEL ENABLE SOLENOID',0000000014,'METALSIGMAUSER','2019-02-21 14:47:06',NULL,NULL),(0000000441,'1740','GAS FUEL MANAGEMENT MODULE',0000000014,'METALSIGMAUSER','2019-02-21 14:47:06',NULL,NULL),(0000000442,'1741','GAS AIR FUEL RATIO CONTROL VALVE',0000000014,'METALSIGMAUSER','2019-02-21 14:47:06',NULL,NULL),(0000000443,'1742','GAS INJECTOR BLOCK',0000000014,'METALSIGMAUSER','2019-02-21 14:47:06',NULL,NULL),(0000000444,'1743','SPRAY NOZZLE',0000000014,'METALSIGMAUSER','2019-02-21 14:47:06',NULL,NULL),(0000000445,'1800','OTHER ENGINE COMPONENTS',0000000015,'METALSIGMAUSER','2019-02-21 14:47:06',NULL,NULL),(0000000446,'1801','ENGINE SOUND SUPPRESSION',0000000015,'METALSIGMAUSER','2019-02-21 14:47:06',NULL,NULL),(0000000447,'1802','REFRIGERANT COMPRESSOR',0000000015,'METALSIGMAUSER','2019-02-21 14:47:06',NULL,NULL),(0000000448,'1803','AIR COMPRESSOR',0000000015,'METALSIGMAUSER','2019-02-21 14:47:06',NULL,NULL),(0000000449,'1804','AIR COMPRESSOR GOVERNOR',0000000015,'METALSIGMAUSER','2019-02-21 14:47:06',NULL,NULL),(0000000450,'1805','REFRIGERANT CONDENSER',0000000015,'METALSIGMAUSER','2019-02-21 14:47:06',NULL,NULL),(0000000451,'1806','AIR/SOUND BAFFLE',0000000015,'METALSIGMAUSER','2019-02-21 14:47:06',NULL,NULL),(0000000452,'1807','AIR CONDITIONER COMPRESSOR DRIVE',0000000015,'METALSIGMAUSER','2019-02-21 14:47:06',NULL,NULL),(0000000453,'1808','AIR CONDITIONER LINES',0000000015,'METALSIGMAUSER','2019-02-21 14:47:06',NULL,NULL),(0000000454,'1809','REFRIGERANT',0000000015,'METALSIGMAUSER','2019-02-21 14:47:06',NULL,NULL),(0000000455,'1810','RADIATOR & REFRIGERANT CONDENSER',0000000015,'METALSIGMAUSER','2019-02-21 14:47:06',NULL,NULL),(0000000456,'1811','RADIATOR, OIL COOLER & REFRIGERANT CONDENSER',0000000015,'METALSIGMAUSER','2019-02-21 14:47:06',NULL,NULL),(0000000457,'1812','HEATER HOSE/LINES',0000000015,'METALSIGMAUSER','2019-02-21 14:47:06',NULL,NULL),(0000000458,'1813','RADIATOR HOSE',0000000015,'METALSIGMAUSER','2019-02-21 14:47:06',NULL,NULL),(0000000459,'1814','MODULAR FRONT END',0000000015,'METALSIGMAUSER','2019-02-21 14:47:06',NULL,NULL),(0000000460,'1815','CONDENSER FAN',0000000015,'METALSIGMAUSER','2019-02-21 14:47:06',NULL,NULL),(0000000461,'1816','PULLEY(S)',0000000015,'METALSIGMAUSER','2019-02-21 14:47:06',NULL,NULL),(0000000462,'1900','ENGINE ELECTRONIC CONTROL SYSTEM',0000000016,'METALSIGMAUSER','2019-02-21 14:47:06',NULL,NULL),(0000000463,'1901','ENGINE ELECTRONIC CONTROL MODULE',0000000016,'METALSIGMAUSER','2019-02-21 14:47:06',NULL,NULL),(0000000464,'1902','RATINGS PERSONALITY MODULE',0000000016,'METALSIGMAUSER','2019-02-21 14:47:06',NULL,NULL),(0000000465,'1904','TRANSDUCER MODULE',0000000016,'METALSIGMAUSER','2019-02-21 14:47:06',NULL,NULL),(0000000466,'1905','TIMING POSITION SENSOR',0000000016,'METALSIGMAUSER','2019-02-21 14:47:06',NULL,NULL),(0000000467,'1906','WATER TEMPERATURE SENSOR',0000000016,'METALSIGMAUSER','2019-02-21 14:47:06',NULL,NULL),(0000000468,'1907','ENGINE SPEED SENSOR',0000000016,'METALSIGMAUSER','2019-02-21 14:47:06',NULL,NULL),(0000000469,'1908','ELECTRONIC GOVERNOR',0000000016,'METALSIGMAUSER','2019-02-21 14:47:06',NULL,NULL),(0000000470,'1909','RACK SOLENOID',0000000016,'METALSIGMAUSER','2019-02-21 14:47:06',NULL,NULL),(0000000471,'1910','TIMING SOLENOID',0000000016,'METALSIGMAUSER','2019-02-21 14:47:06',NULL,NULL),(0000000472,'1911','RACK POSITION SENSOR',0000000016,'METALSIGMAUSER','2019-02-21 14:47:06',NULL,NULL),(0000000473,'1912','ENGINE SPEED/TIMING SENSOR',0000000016,'METALSIGMAUSER','2019-02-21 14:47:06',NULL,NULL),(0000000474,'1913','THROTTLE POSITION SENSOR',0000000016,'METALSIGMAUSER','2019-02-21 14:47:06',NULL,NULL),(0000000475,'1914','MACHINE SPEED BUFFER',0000000016,'METALSIGMAUSER','2019-02-21 14:47:06',NULL,NULL),(0000000476,'1915','ENGINE SPEED CONTROL',0000000016,'METALSIGMAUSER','2019-02-21 14:47:06',NULL,NULL),(0000000477,'1916','CRANKCASE PRESSURE SENSOR',0000000016,'METALSIGMAUSER','2019-02-21 14:47:06',NULL,NULL),(0000000478,'1917','BOOST PRESSURE SENSOR',0000000016,'METALSIGMAUSER','2019-02-21 14:47:06',NULL,NULL),(0000000479,'1918','THROTTLE LOCK CONTROL',0000000016,'METALSIGMAUSER','2019-02-21 14:47:06',NULL,NULL),(0000000480,'1919','EXHAUST TEMPERATURE SENSOR',0000000016,'METALSIGMAUSER','2019-02-21 14:47:06',NULL,NULL),(0000000481,'1920','ENGINE SOFTWARE',0000000016,'METALSIGMAUSER','2019-02-21 14:47:06',NULL,NULL),(0000000482,'1921','INLET AIR TEMPERATURE SENSOR',0000000016,'METALSIGMAUSER','2019-02-21 14:47:06',NULL,NULL),(0000000483,'1922','FUEL TEMPERATURE SENSOR',0000000016,'METALSIGMAUSER','2019-02-21 14:47:06',NULL,NULL),(0000000484,'1923','ATMOSPHERIC PRESSURE SENSOR',0000000016,'METALSIGMAUSER','2019-02-21 14:47:06',NULL,NULL),(0000000485,'1924','ENGINE OIL PRESSURE SENSOR',0000000016,'METALSIGMAUSER','2019-02-21 14:47:06',NULL,NULL),(0000000486,'1925','INJECTION ACTUATION PRESSURE SENSOR',0000000016,'METALSIGMAUSER','2019-02-21 14:47:06',NULL,NULL),(0000000487,'1926','CUSTOMER COMMUNICATIONS MODULE',0000000016,'METALSIGMAUSER','2019-02-21 14:47:06',NULL,NULL),(0000000488,'1927','RELAY ELECTRONIC CONTROL',0000000016,'METALSIGMAUSER','2019-02-21 14:47:06',NULL,NULL),(0000000489,'1928','ATMOSPHERIC TEMPERATURE SENSOR',0000000016,'METALSIGMAUSER','2019-02-21 14:47:06',NULL,NULL),(0000000490,'1929','ENGINE OIL TEMPERATURE SENSOR',0000000016,'METALSIGMAUSER','2019-02-21 14:47:06',NULL,NULL),(0000000491,'1930','ENGINE ELECTRONIC CONTROL (PROGRAMMABLE)',0000000016,'METALSIGMAUSER','2019-02-21 14:47:06',NULL,NULL),(0000000492,'1931','ENGINE & HYDRAULIC PUMP ELECTRONIC CONTROL MODULE',0000000016,'METALSIGMAUSER','2019-02-21 14:47:06',NULL,NULL),(0000000493,'1932','TRANSFER GEAR OIL TEMPERATURE SENSOR',0000000016,'METALSIGMAUSER','2019-02-21 14:47:06',NULL,NULL),(0000000494,'1940','MODULATING VALVE TURBO',0000000016,'METALSIGMAUSER','2019-02-21 14:47:06',NULL,NULL),(0000000495,'1948','DUAL FUEL ELECTRONIC CONTROL UNIT',0000000016,'METALSIGMAUSER','2019-02-21 14:47:06',NULL,NULL),(0000000496,'3000','TRANSMISSION & DRIVE LINE',0000000017,'METALSIGMAUSER','2019-02-21 14:47:06',NULL,NULL),(0000000497,'3001','TRANSMISSION & TORQUE CONVERTER',0000000017,'METALSIGMAUSER','2019-02-21 14:47:06',NULL,NULL),(0000000498,'3002','TRANSMISSION & TRANSFER GEARS',0000000017,'METALSIGMAUSER','2019-02-21 14:47:06',NULL,NULL),(0000000499,'3003','TRANSMISSION, TORQUE CONVERTER & TRANSFER GEARS',0000000017,'METALSIGMAUSER','2019-02-21 14:47:06',NULL,NULL),(0000000500,'3004','DRIVETRAIN OIL FILTER',0000000017,'METALSIGMAUSER','2019-02-21 14:47:06',NULL,NULL),(0000000501,'3005','DRIVETRAIN/TRANSMISSION OIL FILLER',0000000017,'METALSIGMAUSER','2019-02-21 14:47:06',NULL,NULL),(0000000502,'3006','TRANSMISSION & DIFFERENTIAL UNIT',0000000017,'METALSIGMAUSER','2019-02-21 14:47:06',NULL,NULL),(0000000503,'3007','TANDEM DRIVE & AXLE HOUSING UNIT',0000000017,'METALSIGMAUSER','2019-02-21 14:47:06',NULL,NULL),(0000000504,'3008','TRANSMISSION & TANDEM DRIVE UNIT',0000000017,'METALSIGMAUSER','2019-02-21 14:47:06',NULL,NULL),(0000000505,'3009','AUTOMATIC TRANSMISSION',0000000017,'METALSIGMAUSER','2019-02-21 14:47:06',NULL,NULL),(0000000506,'3010','TRANSMISSION, BEVEL & TRANSFER GEARS',0000000017,'METALSIGMAUSER','2019-02-21 14:47:06',NULL,NULL),(0000000507,'3011','BEVEL & TRANSFER GEARS',0000000017,'METALSIGMAUSER','2019-02-21 14:47:06',NULL,NULL),(0000000508,'3012','SEMIAUTOMATIC TRANSMISSION',0000000017,'METALSIGMAUSER','2019-02-21 14:47:06',NULL,NULL),(0000000509,'3013','AXLE ARRANGEMENT',0000000017,'METALSIGMAUSER','2019-02-21 14:47:06',NULL,NULL),(0000000510,'3015','TRANSMISSION & AXLE',0000000017,'METALSIGMAUSER','2019-02-21 14:47:06',NULL,NULL),(0000000511,'3016','DRIVETRAIN OIL LINES',0000000017,'METALSIGMAUSER','2019-02-21 14:47:06',NULL,NULL),(0000000512,'3020','DRIVE & STEERING AXLE',0000000017,'METALSIGMAUSER','2019-02-21 14:47:06',NULL,NULL),(0000000513,'3023','DIFFERENTIAL STEERING PLANETARY, BEVEL & TRANSFER GEARS',0000000017,'METALSIGMAUSER','2019-02-21 14:47:06',NULL,NULL),(0000000514,'3024','DRIVETRAIN BREATHER',0000000017,'METALSIGMAUSER','2019-02-21 14:47:06',NULL,NULL),(0000000515,'3025','TRANSFER GEAR OIL PUMP',0000000017,'METALSIGMAUSER','2019-02-21 14:47:06',NULL,NULL),(0000000516,'3030','TRANSMISSION',0000000017,'METALSIGMAUSER','2019-02-21 14:47:06',NULL,NULL),(0000000517,'3031','TRANSMISSION, TRANSFER GEARS & RETARDER',0000000017,'METALSIGMAUSER','2019-02-21 14:47:06',NULL,NULL),(0000000518,'3032','TRANSMISSION & RETARDER',0000000017,'METALSIGMAUSER','2019-02-21 14:47:06',NULL,NULL),(0000000519,'3033','STEERING & TRANSMISSION CONTROL',0000000017,'METALSIGMAUSER','2019-02-21 14:47:06',NULL,NULL),(0000000520,'3034','STEERING & TRANSMISSION LOCK CONTROL',0000000017,'METALSIGMAUSER','2019-02-21 14:47:06',NULL,NULL),(0000000521,'3050','CLUTCH & TRANSMISSION',0000000018,'METALSIGMAUSER','2019-02-21 14:47:06',NULL,NULL),(0000000522,'3051','DRY CLUTCH',0000000018,'METALSIGMAUSER','2019-02-21 14:47:06',NULL,NULL),(0000000523,'3052','FLYWHEEL CLUTCH',0000000018,'METALSIGMAUSER','2019-02-21 14:47:06',NULL,NULL),(0000000524,'3053','CLUTCH SHAFT',0000000018,'METALSIGMAUSER','2019-02-21 14:47:06',NULL,NULL),(0000000525,'3054','CLUTCH PLATE',0000000018,'METALSIGMAUSER','2019-02-21 14:47:06',NULL,NULL),(0000000526,'3055','POWER TAKEOFF CLUTCH',0000000018,'METALSIGMAUSER','2019-02-21 14:47:06',NULL,NULL),(0000000527,'3056','CLUTCH OIL PUMP',0000000018,'METALSIGMAUSER','2019-02-21 14:47:06',NULL,NULL),(0000000528,'3057','CLUTCH BOOSTER',0000000018,'METALSIGMAUSER','2019-02-21 14:47:06',NULL,NULL),(0000000529,'3058','CLUTCH BRAKE',0000000018,'METALSIGMAUSER','2019-02-21 14:47:06',NULL,NULL),(0000000530,'3059','FLYWHEEL CLUTCH CONTROL',0000000018,'METALSIGMAUSER','2019-02-21 14:47:06',NULL,NULL),(0000000531,'3060','MANUAL SHIFT/DIRECT DRIVE TRANSMISSION',0000000018,'METALSIGMAUSER','2019-02-21 14:47:06',NULL,NULL),(0000000532,'3061','TRANSMISSION GEARS',0000000018,'METALSIGMAUSER','2019-02-21 14:47:06',NULL,NULL),(0000000533,'3062','TRANSMISSION REVERSE BOX',0000000018,'METALSIGMAUSER','2019-02-21 14:47:06',NULL,NULL),(0000000534,'3063','TRANSMISSION SHAFT',0000000018,'METALSIGMAUSER','2019-02-21 14:47:06',NULL,NULL),(0000000535,'3064','TRANSMISSION CASE',0000000018,'METALSIGMAUSER','2019-02-21 14:47:06',NULL,NULL),(0000000536,'3065','TRANSMISSION CONTROL',0000000018,'METALSIGMAUSER','2019-02-21 14:47:06',NULL,NULL),(0000000537,'3066','TRANSMISSION OIL PUMP',0000000018,'METALSIGMAUSER','2019-02-21 14:47:06',NULL,NULL),(0000000538,'3067','TRANSMISSION OIL FILTER',0000000018,'METALSIGMAUSER','2019-02-21 14:47:06',NULL,NULL),(0000000539,'3068','TRANSMISSION OIL FILTER BASE',0000000018,'METALSIGMAUSER','2019-02-21 14:47:06',NULL,NULL),(0000000540,'3069','SHIFT CONSOLE',0000000018,'METALSIGMAUSER','2019-02-21 14:47:06',NULL,NULL),(0000000541,'3071','FLYWHEEL CLUTCH HYDRAULIC CONTROL',0000000018,'METALSIGMAUSER','2019-02-21 14:47:06',NULL,NULL),(0000000542,'3072','RANGE TRANSMISSION/SELECTOR',0000000018,'METALSIGMAUSER','2019-02-21 14:47:06',NULL,NULL),(0000000543,'3073','TRANSMISSION HYDRAULIC CONTROL VALVE',0000000018,'METALSIGMAUSER','2019-02-21 14:47:06',NULL,NULL),(0000000544,'3074','TRANSMISSION PRESSURE CONTROL VALVE',0000000018,'METALSIGMAUSER','2019-02-21 14:47:06',NULL,NULL),(0000000545,'3075','TRANSMISSION OUTPUT GEARS',0000000018,'METALSIGMAUSER','2019-02-21 14:47:06',NULL,NULL),(0000000546,'3076','THROWOUT BEARING',0000000018,'METALSIGMAUSER','2019-02-21 14:47:07',NULL,NULL),(0000000547,'3077','TRANSMISSION BRAKE',0000000018,'METALSIGMAUSER','2019-02-21 14:47:07',NULL,NULL),(0000000548,'3078','TRANSMISSION AIR CONTROL',0000000018,'METALSIGMAUSER','2019-02-21 14:47:07',NULL,NULL),(0000000549,'3079','SHUTTLE CONTROL',0000000018,'METALSIGMAUSER','2019-02-21 14:47:07',NULL,NULL),(0000000550,'3080','TRANSMISSION OIL',0000000018,'METALSIGMAUSER','2019-02-21 14:47:07',NULL,NULL),(0000000551,'3081','TRANSMISSION OIL LEVEL GAUGE/DIPSTICK',0000000018,'METALSIGMAUSER','2019-02-21 14:47:07',NULL,NULL),(0000000552,'3082','TRANSMISSION MOUNT',0000000018,'METALSIGMAUSER','2019-02-21 14:47:07',NULL,NULL),(0000000553,'3083','TRANSMISSION SELECTOR & PRESSURE CONTROL VALVE',0000000018,'METALSIGMAUSER','2019-02-21 14:47:07',NULL,NULL),(0000000554,'3100','TORQUE CONVERTER, TORQUE DIVIDER, RETARDER',0000000019,'METALSIGMAUSER','2019-02-21 14:47:07',NULL,NULL),(0000000555,'3101','TORQUE CONVERTER',0000000019,'METALSIGMAUSER','2019-02-21 14:47:07',NULL,NULL),(0000000556,'3102','TORQUE CONVERTER CLUTCH',0000000019,'METALSIGMAUSER','2019-02-21 14:47:07',NULL,NULL),(0000000557,'3103','TORQUE CONVERTER LINES/HOSES',0000000019,'METALSIGMAUSER','2019-02-21 14:47:07',NULL,NULL),(0000000558,'3104','TORQUE CONVERTER/TRANSMISSION WIRING HARNESS',0000000019,'METALSIGMAUSER','2019-02-21 14:47:07',NULL,NULL),(0000000559,'3105','TORQUE CONVERTER HOUSING',0000000019,'METALSIGMAUSER','2019-02-21 14:47:07',NULL,NULL),(0000000560,'3106','TORQUE CONVERTER, TRANSFER GEARS & RETARDER',0000000019,'METALSIGMAUSER','2019-02-21 14:47:07',NULL,NULL),(0000000561,'3107','POWER TAKEOFF DRIVE',0000000019,'METALSIGMAUSER','2019-02-21 14:47:07',NULL,NULL),(0000000562,'3108','PUMP DRIVE',0000000019,'METALSIGMAUSER','2019-02-21 14:47:07',NULL,NULL),(0000000563,'3109','TORQUE CONVERTER & RETARDER',0000000019,'METALSIGMAUSER','2019-02-21 14:47:07',NULL,NULL),(0000000564,'3110','TORQUE DIVIDER TRANSMISSION',0000000019,'METALSIGMAUSER','2019-02-21 14:47:07',NULL,NULL),(0000000565,'3111','TORQUE DIVIDER TRANSMISSION CONTROL VALVE',0000000019,'METALSIGMAUSER','2019-02-21 14:47:07',NULL,NULL),(0000000566,'3113','TORQUE DIVIDER',0000000019,'METALSIGMAUSER','2019-02-21 14:47:07',NULL,NULL),(0000000567,'3114','TORQUE DIVIDER PLANETARY CARRIER',0000000019,'METALSIGMAUSER','2019-02-21 14:47:07',NULL,NULL),(0000000568,'3115','TORQUE CONVERTER/TRANSMISSION SCAVENGE PUMP',0000000019,'METALSIGMAUSER','2019-02-21 14:47:07',NULL,NULL),(0000000569,'3117','TRANSFER GEARS & RETARDER',0000000019,'METALSIGMAUSER','2019-02-21 14:47:07',NULL,NULL),(0000000570,'3120','RETARDER',0000000019,'METALSIGMAUSER','2019-02-21 14:47:07',NULL,NULL),(0000000571,'3121','RETARDER/EXTENDED BRAKING CONTROL',0000000019,'METALSIGMAUSER','2019-02-21 14:47:07',NULL,NULL),(0000000572,'3122','RETARDER LINES',0000000019,'METALSIGMAUSER','2019-02-21 14:47:07',NULL,NULL),(0000000573,'3123','RETARDER CONTROL VALVE',0000000019,'METALSIGMAUSER','2019-02-21 14:47:07',NULL,NULL),(0000000574,'3124','LOCK-UP CLUTCH PRESSURE CONTROL VALVE',0000000019,'METALSIGMAUSER','2019-02-21 14:47:07',NULL,NULL),(0000000575,'3125','TORQUE CONVERTER & DIVIDER',0000000019,'METALSIGMAUSER','2019-02-21 14:47:07',NULL,NULL),(0000000576,'3126','RETARDER & SELECTOR VALVE',0000000019,'METALSIGMAUSER','2019-02-21 14:47:07',NULL,NULL),(0000000577,'3127','TORQUE CONVERTER BEARING RETAINER',0000000019,'METALSIGMAUSER','2019-02-21 14:47:07',NULL,NULL),(0000000578,'3128','TORQUE CONVERTER FLANGE',0000000019,'METALSIGMAUSER','2019-02-21 14:47:07',NULL,NULL),(0000000579,'3129','TORQUE CONVERTER STATOR',0000000019,'METALSIGMAUSER','2019-02-21 14:47:07',NULL,NULL),(0000000580,'3130','TORQUE DIVIDER/TORQUE CONVERTER SHAFT',0000000019,'METALSIGMAUSER','2019-02-21 14:47:07',NULL,NULL),(0000000581,'3131','TORQUE CONVERTER TURBINE WHEEL',0000000019,'METALSIGMAUSER','2019-02-21 14:47:07',NULL,NULL),(0000000582,'3132','HIGH-LOW CLUTCH GROUP',0000000019,'METALSIGMAUSER','2019-02-21 14:47:07',NULL,NULL),(0000000583,'3133','TORQUE CONVERTER RELIEF VALVE',0000000019,'METALSIGMAUSER','2019-02-21 14:47:07',NULL,NULL),(0000000584,'3134','TORQUE CONVERTER IMPELLER',0000000019,'METALSIGMAUSER','2019-02-21 14:47:07',NULL,NULL),(0000000585,'3135','TORQUE CONVERTER CARRIER',0000000019,'METALSIGMAUSER','2019-02-21 14:47:07',NULL,NULL),(0000000586,'3136','TORQUE CONVERTER HUB',0000000019,'METALSIGMAUSER','2019-02-21 14:47:07',NULL,NULL),(0000000587,'3137','TORQUE CONVERTER SEQUENCE & PRESSURE CONTROL VALVE',0000000019,'METALSIGMAUSER','2019-02-21 14:47:07',NULL,NULL),(0000000588,'3138','TORQUE CONVERTER & PARKING BRAKE RELEASE PUMP',0000000019,'METALSIGMAUSER','2019-02-21 14:47:07',NULL,NULL),(0000000589,'3139','MODULATING VALVE (TRANSMISSION)',0000000019,'METALSIGMAUSER','2019-02-21 14:47:07',NULL,NULL),(0000000590,'3140','TORQUE CONVERTER CONTROL',0000000019,'METALSIGMAUSER','2019-02-21 14:47:07',NULL,NULL),(0000000591,'3141','TORQUE CONVERTER SPEED SENSOR',0000000019,'METALSIGMAUSER','2019-02-21 14:47:07',NULL,NULL),(0000000592,'3142','AUTOMATIC RETARDER CONTROL',0000000019,'METALSIGMAUSER','2019-02-21 14:47:07',NULL,NULL),(0000000593,'3143','TORQUE CONVERTER ELECTRONIC CONTROL',0000000019,'METALSIGMAUSER','2019-02-21 14:47:07',NULL,NULL),(0000000594,'3150','POWERSHIFT TRANSMISSION',0000000020,'METALSIGMAUSER','2019-02-21 14:47:07',NULL,NULL),(0000000595,'3151','TRANSMISSION GOVERNOR',0000000020,'METALSIGMAUSER','2019-02-21 14:47:07',NULL,NULL),(0000000596,'3153','POWERSHIFT TRANSMISSION OIL PUMP',0000000020,'METALSIGMAUSER','2019-02-21 14:47:07',NULL,NULL),(0000000597,'3154','TRANSMISSION LINES/HOSES',0000000020,'METALSIGMAUSER','2019-02-21 14:47:07',NULL,NULL),(0000000598,'3155','TRANSMISSION CLUTCH',0000000020,'METALSIGMAUSER','2019-02-21 14:47:07',NULL,NULL),(0000000599,'3156','TRANSMISSION CONTROL LINKAGE',0000000020,'METALSIGMAUSER','2019-02-21 14:47:07',NULL,NULL),(0000000600,'3157','TRANSMISSION SELECTOR VALVE',0000000020,'METALSIGMAUSER','2019-02-21 14:47:07',NULL,NULL),(0000000601,'3159','TRANSFER GEARS',0000000020,'METALSIGMAUSER','2019-02-21 14:47:07',NULL,NULL),(0000000602,'3160','TRANSMISSION PLANETARY',0000000020,'METALSIGMAUSER','2019-02-21 14:47:07',NULL,NULL),(0000000603,'3162','CREEPER CONTROL',0000000020,'METALSIGMAUSER','2019-02-21 14:47:07',NULL,NULL),(0000000604,'3163','SHIFT CYLINDER',0000000020,'METALSIGMAUSER','2019-02-21 14:47:07',NULL,NULL),(0000000605,'3164','POWERSHIFT TRANSMISSION OIL FILTER BASE',0000000020,'METALSIGMAUSER','2019-02-21 14:47:07',NULL,NULL),(0000000606,'3166','ROTARY ACTUATOR',0000000020,'METALSIGMAUSER','2019-02-21 14:47:07',NULL,NULL),(0000000607,'3167','TRANSMISSION HYDRAULIC CONTROL',0000000020,'METALSIGMAUSER','2019-02-21 14:47:07',NULL,NULL),(0000000608,'3168','TRANSMISSION ELECTRONIC CONTROL',0000000020,'METALSIGMAUSER','2019-02-21 14:47:07',NULL,NULL),(0000000609,'3169','TRANSMISSION CLUTCH HOUSING',0000000020,'METALSIGMAUSER','2019-02-21 14:47:07',NULL,NULL),(0000000610,'3170','TRANSMISSION CLUTCH PISTON',0000000020,'METALSIGMAUSER','2019-02-21 14:47:07',NULL,NULL),(0000000611,'3171','TRANSMISSION MANUAL SWITCH',0000000020,'METALSIGMAUSER','2019-02-21 14:47:07',NULL,NULL),(0000000612,'3172','TRANSMISSION SLAVE SWITCH',0000000020,'METALSIGMAUSER','2019-02-21 14:47:07',NULL,NULL),(0000000613,'3173','SYNCHRONOUS SWITCH',0000000020,'METALSIGMAUSER','2019-02-21 14:47:07',NULL,NULL),(0000000614,'3174','SHIFT SOLENOID',0000000020,'METALSIGMAUSER','2019-02-21 14:47:07',NULL,NULL),(0000000615,'3175','TRANSMISSION SPEED SENSOR',0000000020,'METALSIGMAUSER','2019-02-21 14:47:07',NULL,NULL),(0000000616,'3176','TRANSMISSION & TRANSFER GEARS',0000000020,'METALSIGMAUSER','2019-02-21 14:47:07',NULL,NULL),(0000000617,'3177','TRANSMISSION OIL TANK',0000000020,'METALSIGMAUSER','2019-02-21 14:47:07',NULL,NULL),(0000000618,'3179','POWERSHIFT TRANSMISSION OIL FILTER',0000000020,'METALSIGMAUSER','2019-02-21 14:47:07',NULL,NULL),(0000000619,'3180','TRANSMISSION PRIORITY VALVE',0000000020,'METALSIGMAUSER','2019-02-21 14:47:07',NULL,NULL),(0000000620,'3181','TRANSMISSION NEUTRALIZER CONTROL VALVE',0000000020,'METALSIGMAUSER','2019-02-21 14:47:07',NULL,NULL),(0000000621,'3182','TRANSMISSION LUBRICATION RELIEF VALVE',0000000020,'METALSIGMAUSER','2019-02-21 14:47:07',NULL,NULL),(0000000622,'3183','TRANSMISSION CONTROL LOCK',0000000020,'METALSIGMAUSER','2019-02-21 14:47:07',NULL,NULL),(0000000623,'3184','TRANSMISSION OIL COOLER BYPASS VALVE',0000000020,'METALSIGMAUSER','2019-02-21 14:47:07',NULL,NULL),(0000000624,'3186','TRANSMISSION PLANET CARRIER',0000000020,'METALSIGMAUSER','2019-02-21 14:47:07',NULL,NULL),(0000000625,'3187','TRANSMISSION CARRIER THRUST DISC/PLATE',0000000020,'METALSIGMAUSER','2019-02-21 14:47:07',NULL,NULL),(0000000626,'3188','TRANSMISSION CASE',0000000020,'METALSIGMAUSER','2019-02-21 14:47:07',NULL,NULL),(0000000627,'3189','TRANSMISSION SHAFT',0000000020,'METALSIGMAUSER','2019-02-21 14:47:07',NULL,NULL),(0000000628,'3190','TRANSMISSION CLUTCH PLATE',0000000020,'METALSIGMAUSER','2019-02-21 14:47:07',NULL,NULL),(0000000629,'3191','TRANSMISSION NEUTRALIZER',0000000020,'METALSIGMAUSER','2019-02-21 14:47:07',NULL,NULL),(0000000630,'3192','TRANSMISSION DUMP VALVE',0000000020,'METALSIGMAUSER','2019-02-21 14:47:07',NULL,NULL),(0000000631,'3193','DRIVETRAIN HIGH SPEED OIL CHANGE GROUP',0000000020,'METALSIGMAUSER','2019-02-21 14:47:07',NULL,NULL),(0000000632,'3194','TRANSMISSION TEMPERATURE SENSOR',0000000020,'METALSIGMAUSER','2019-02-21 14:47:07',NULL,NULL),(0000000633,'3200','HYDROSTATIC TRANSMISSION',0000000021,'METALSIGMAUSER','2019-02-21 14:47:07',NULL,NULL),(0000000634,'3202','TRANSMISSION FLOW CONTROL VALVE',0000000021,'METALSIGMAUSER','2019-02-21 14:47:07',NULL,NULL),(0000000635,'3203','DRIVE PUMP',0000000021,'METALSIGMAUSER','2019-02-21 14:47:07',NULL,NULL),(0000000636,'3204','CHARGE PUMP',0000000021,'METALSIGMAUSER','2019-02-21 14:47:07',NULL,NULL),(0000000637,'3205','SERVO CONTROL VALVE',0000000021,'METALSIGMAUSER','2019-02-21 14:47:07',NULL,NULL),(0000000638,'3206','MANIFOLD/METERING VALVE',0000000021,'METALSIGMAUSER','2019-02-21 14:47:07',NULL,NULL),(0000000639,'3207','SERVO CYLINDER',0000000021,'METALSIGMAUSER','2019-02-21 14:47:07',NULL,NULL),(0000000640,'3208','HYDROSTATIC MAIN CONTROL VALVE',0000000021,'METALSIGMAUSER','2019-02-21 14:47:07',NULL,NULL),(0000000641,'3209','HYDROSTATIC CONTROL LINKAGE (EXTERNAL)',0000000021,'METALSIGMAUSER','2019-02-21 14:47:07',NULL,NULL),(0000000642,'3210','HIGH-PRESSURE RELIEF VALVE',0000000021,'METALSIGMAUSER','2019-02-21 14:47:07',NULL,NULL),(0000000643,'3211','HYDROSTATIC TRANSMISSION INPUT SHAFT',0000000021,'METALSIGMAUSER','2019-02-21 14:47:07',NULL,NULL),(0000000644,'3212','HYDROSTATIC TRANSMISSION OUTPUT SHAFT',0000000021,'METALSIGMAUSER','2019-02-21 14:47:07',NULL,NULL),(0000000645,'3213','CHARGE & MAIN RELIEF VALVE',0000000021,'METALSIGMAUSER','2019-02-21 14:47:07',NULL,NULL),(0000000646,'3214','SYNCHRONIZING VALVE',0000000021,'METALSIGMAUSER','2019-02-21 14:47:07',NULL,NULL),(0000000647,'3215','POWER UNIT CONTROL LINKAGE',0000000021,'METALSIGMAUSER','2019-02-21 14:47:07',NULL,NULL),(0000000648,'3216','TRANSMISSION UNDERSPEED/OVERSPEED VALVE',0000000021,'METALSIGMAUSER','2019-02-21 14:47:07',NULL,NULL),(0000000649,'3217','HYDROSTATIC TRANSMISSION OIL FILTER',0000000021,'METALSIGMAUSER','2019-02-21 14:47:07',NULL,NULL),(0000000650,'3218','HYDROSTATIC TRANSMISSION LINES & HOSES',0000000021,'METALSIGMAUSER','2019-02-21 14:47:07',NULL,NULL),(0000000651,'3219','TRANSMISSION PILOT OVERSPEED VALVE',0000000021,'METALSIGMAUSER','2019-02-21 14:47:07',NULL,NULL),(0000000652,'3220','TRAVEL SPEED CONTROL VALVE',0000000021,'METALSIGMAUSER','2019-02-21 14:47:07',NULL,NULL),(0000000653,'3221','HYDROSTATIC POWER CASE',0000000021,'METALSIGMAUSER','2019-02-21 14:47:07',NULL,NULL),(0000000654,'3222','PUMP HEAD',0000000021,'METALSIGMAUSER','2019-02-21 14:47:07',NULL,NULL),(0000000655,'3223','TRANSMISSION UNDERSPEED OVERRIDE VALVE',0000000021,'METALSIGMAUSER','2019-02-21 14:47:07',NULL,NULL),(0000000656,'3225','TRAVEL ELECTRONIC CONTROL',0000000021,'METALSIGMAUSER','2019-02-21 14:47:07',NULL,NULL),(0000000657,'3226','DOWNSHIFT INHIBITOR',0000000021,'METALSIGMAUSER','2019-02-21 14:47:07',NULL,NULL),(0000000658,'3250','DRIVE LINE/DRIVE AXLE',0000000022,'METALSIGMAUSER','2019-02-21 14:47:07',NULL,NULL),(0000000659,'3251','UNIVERSAL JOINT',0000000022,'METALSIGMAUSER','2019-02-21 14:47:07',NULL,NULL),(0000000660,'3252','FLEXIBLE COUPLING',0000000022,'METALSIGMAUSER','2019-02-21 14:47:07',NULL,NULL),(0000000661,'3253','DRIVE SHAFT',0000000022,'METALSIGMAUSER','2019-02-21 14:47:07',NULL,NULL),(0000000662,'3254','DRIVE LINE PINION',0000000022,'METALSIGMAUSER','2019-02-21 14:47:07',NULL,NULL),(0000000663,'3255','GEARBOX',0000000022,'METALSIGMAUSER','2019-02-21 14:47:07',NULL,NULL),(0000000664,'3256','BEVEL GEAR/SHAFT',0000000022,'METALSIGMAUSER','2019-02-21 14:47:07',NULL,NULL),(0000000665,'3257','BEVEL GEAR SHAFT BEARING',0000000022,'METALSIGMAUSER','2019-02-21 14:47:07',NULL,NULL),(0000000666,'3258','DIFFERENTIAL',0000000022,'METALSIGMAUSER','2019-02-21 14:47:07',NULL,NULL),(0000000667,'3259','AXLE SHAFT',0000000022,'METALSIGMAUSER','2019-02-21 14:47:07',NULL,NULL),(0000000668,'3260','AXLE HOUSING ASSEMBLY',0000000022,'METALSIGMAUSER','2019-02-21 14:47:07',NULL,NULL),(0000000669,'3261','DRIVE CHAIN',0000000022,'METALSIGMAUSER','2019-02-21 14:47:07',NULL,NULL),(0000000670,'3262','DOUBLE REDUCTION DIFFERENTIAL',0000000022,'METALSIGMAUSER','2019-02-21 14:47:07',NULL,NULL),(0000000671,'3263','LIMITED SLIP DIFFERENTIAL',0000000022,'METALSIGMAUSER','2019-02-21 14:47:07',NULL,NULL),(0000000672,'3264','DIFFERENTIAL LOCK',0000000022,'METALSIGMAUSER','2019-02-21 14:47:07',NULL,NULL),(0000000673,'3265','NOSPIN DIFFERENTIAL',0000000022,'METALSIGMAUSER','2019-02-21 14:47:07',NULL,NULL),(0000000674,'3266','DIFFERENTIAL LOCK CYLINDER',0000000022,'METALSIGMAUSER','2019-02-21 14:47:07',NULL,NULL),(0000000675,'3267','DRIVE SHAFT SUPPORT',0000000022,'METALSIGMAUSER','2019-02-21 14:47:07',NULL,NULL),(0000000676,'3268','AXLE HOUSING SUPPORT/TRUNNION',0000000022,'METALSIGMAUSER','2019-02-21 14:47:07',NULL,NULL),(0000000677,'3269','PINION HOUSING',0000000022,'METALSIGMAUSER','2019-02-21 14:47:07',NULL,NULL),(0000000678,'3270','LOCKING DIFFERENTIAL',0000000022,'METALSIGMAUSER','2019-02-21 14:47:07',NULL,NULL),(0000000679,'3271','TRANSAXLE',0000000022,'METALSIGMAUSER','2019-02-21 14:47:07',NULL,NULL),(0000000680,'3272','DIFFERENTIAL LOCK CONTROL VALVE',0000000022,'METALSIGMAUSER','2019-02-21 14:47:07',NULL,NULL),(0000000681,'3273','DIFFERENTIAL LOCK ACTUATOR VALVE',0000000022,'METALSIGMAUSER','2019-02-21 14:47:07',NULL,NULL),(0000000682,'3274','CONSTANT VELOCITY UNIVERSAL JOINT',0000000022,'METALSIGMAUSER','2019-02-21 14:47:07',NULL,NULL),(0000000683,'3275','DRIVE LINE BRAKE',0000000022,'METALSIGMAUSER','2019-02-21 14:47:07',NULL,NULL),(0000000684,'3276','DRIVE LINE BRAKE DISC',0000000022,'METALSIGMAUSER','2019-02-21 14:47:07',NULL,NULL),(0000000685,'3277','DRIVE LINE BRAKE LINING',0000000022,'METALSIGMAUSER','2019-02-21 14:47:07',NULL,NULL),(0000000686,'3278','DRIVE AXLE',0000000022,'METALSIGMAUSER','2019-02-21 14:47:07',NULL,NULL),(0000000687,'3279','ENGINE OUTPUT DRIVE ASSEMBLY/COUPLING',0000000022,'METALSIGMAUSER','2019-02-21 14:47:07',NULL,NULL),(0000000688,'3281','BEVEL GEAR CASE',0000000022,'METALSIGMAUSER','2019-02-21 14:47:07',NULL,NULL),(0000000689,'3282','AXLE',0000000022,'METALSIGMAUSER','2019-02-21 14:47:07',NULL,NULL),(0000000690,'3283','DIFFERENTIAL CASE',0000000022,'METALSIGMAUSER','2019-02-21 14:47:07',NULL,NULL),(0000000691,'3284','DIFFERENTIAL CARRIER',0000000022,'METALSIGMAUSER','2019-02-21 14:47:07',NULL,NULL),(0000000692,'3286','PIVOT SHAFT LUBRICATION RESERVOIR',0000000022,'METALSIGMAUSER','2019-02-21 14:47:07',NULL,NULL),(0000000693,'3287','INTERAXLE DIFFERENTIAL',0000000022,'METALSIGMAUSER','2019-02-21 14:47:07',NULL,NULL),(0000000694,'3288','ANTI-SPIN CONTROL',0000000022,'METALSIGMAUSER','2019-02-21 14:47:07',NULL,NULL),(0000000695,'3289','DRIVE DISCONNECT',0000000022,'METALSIGMAUSER','2019-02-21 14:47:07',NULL,NULL),(0000000696,'3290','DIFFERENTIAL TEMPERATURE SENSOR',0000000022,'METALSIGMAUSER','2019-02-21 14:47:07',NULL,NULL),(0000000697,'3291','DRIVE AXLE OIL PUMP',0000000022,'METALSIGMAUSER','2019-02-21 14:47:07',NULL,NULL),(0000000698,'3292','DIFFERENTIAL LOCK PUMP',0000000022,'METALSIGMAUSER','2019-02-21 14:47:07',NULL,NULL),(0000000699,'3293','AXLE BEARING',0000000022,'METALSIGMAUSER','2019-02-21 14:47:07',NULL,NULL),(0000000700,'3294','RAIL AXLE',0000000022,'METALSIGMAUSER','2019-02-21 14:47:07',NULL,NULL),(0000000701,'3295','AXLE LOCK CYLINDER',0000000022,'METALSIGMAUSER','2019-02-21 14:47:07',NULL,NULL),(0000000702,'3296','AXLE OIL COOLER MOTOR',0000000022,'METALSIGMAUSER','2019-02-21 14:47:07',NULL,NULL),(0000000703,'3297','AXLE OIL COOLER PUMP',0000000022,'METALSIGMAUSER','2019-02-21 14:47:07',NULL,NULL),(0000000704,'3300','MARINE GEAR',0000000023,'METALSIGMAUSER','2019-02-21 14:47:07',NULL,NULL),(0000000705,'3301','REDUCTION GEARS',0000000023,'METALSIGMAUSER','2019-02-21 14:47:07',NULL,NULL),(0000000706,'3302','MARINE GEAR CLUTCH',0000000023,'METALSIGMAUSER','2019-02-21 14:47:07',NULL,NULL),(0000000707,'3303','MARINE GEAR INPUT SHAFT',0000000023,'METALSIGMAUSER','2019-02-21 14:47:07',NULL,NULL),(0000000708,'3304','MARINE GEAR PLANETARY',0000000023,'METALSIGMAUSER','2019-02-21 14:47:07',NULL,NULL),(0000000709,'3305','MARINE GEAR OUTPUT SHAFT',0000000023,'METALSIGMAUSER','2019-02-21 14:47:07',NULL,NULL),(0000000710,'3306','MARINE GEAR TOP SHAFT',0000000023,'METALSIGMAUSER','2019-02-21 14:47:07',NULL,NULL),(0000000711,'3307','MARINE GEAR LOWER SHAFT',0000000023,'METALSIGMAUSER','2019-02-21 14:47:07',NULL,NULL),(0000000712,'3308','MARINE GEAR PNEUMATIC CONTROL',0000000023,'METALSIGMAUSER','2019-02-21 14:47:07',NULL,NULL),(0000000713,'3310','MARINE GEAR OIL PUMP',0000000023,'METALSIGMAUSER','2019-02-21 14:47:07',NULL,NULL),(0000000714,'3311','MARINE GEAR OIL FILTER',0000000023,'METALSIGMAUSER','2019-02-21 14:47:07',NULL,NULL),(0000000715,'3312','MARINE GEAR DUMP VALVE',0000000023,'METALSIGMAUSER','2019-02-21 14:47:07',NULL,NULL),(0000000716,'3313','MARINE GEAR SELECTOR VALVE',0000000023,'METALSIGMAUSER','2019-02-21 14:47:07',NULL,NULL),(0000000717,'3314','MARINE GEAR LINES/HOSES',0000000023,'METALSIGMAUSER','2019-02-21 14:47:07',NULL,NULL),(0000000718,'3315','MARINE GEAR COMPANION FLANGE',0000000023,'METALSIGMAUSER','2019-02-21 14:47:07',NULL,NULL),(0000000719,'3319','MARINE GEAR RAW WATER LINES',0000000023,'METALSIGMAUSER','2019-02-21 14:47:07',NULL,NULL),(0000000720,'3320','MARINE GEAR OIL COOLER',0000000023,'METALSIGMAUSER','2019-02-21 14:47:07',NULL,NULL),(0000000721,'3321','MARINE GEAR IDLER SHAFT',0000000023,'METALSIGMAUSER','2019-02-21 14:47:07',NULL,NULL),(0000000722,'3322','MARINE GEAR MAIN SHAFT',0000000023,'METALSIGMAUSER','2019-02-21 14:47:07',NULL,NULL),(0000000723,'3323','MARINE GEAR OIL PRESSURE SENSOR',0000000023,'METALSIGMAUSER','2019-02-21 14:47:07',NULL,NULL),(0000000724,'3324','MARINE GEAR OIL TEMPERATURE SENSOR',0000000023,'METALSIGMAUSER','2019-02-21 14:47:07',NULL,NULL),(0000000725,'3351','CATERPILLAR MARINE GEAR',0000000023,'METALSIGMAUSER','2019-02-21 14:47:07',NULL,NULL),(0000000726,'3352','TWIN DISC MG502',0000000023,'METALSIGMAUSER','2019-02-21 14:47:07',NULL,NULL),(0000000727,'3353','TWIN DISC MG506',0000000023,'METALSIGMAUSER','2019-02-21 14:47:07',NULL,NULL),(0000000728,'3354','TWIN DISC MG507',0000000023,'METALSIGMAUSER','2019-02-21 14:47:07',NULL,NULL),(0000000729,'3355','TWIN DISC MG509',0000000023,'METALSIGMAUSER','2019-02-21 14:47:07',NULL,NULL),(0000000730,'3356','TWIN DISC MG512',0000000023,'METALSIGMAUSER','2019-02-21 14:47:07',NULL,NULL),(0000000731,'3357','TWIN DISC MG514',0000000023,'METALSIGMAUSER','2019-02-21 14:47:07',NULL,NULL),(0000000732,'3358','TWIN DISC MG521',0000000023,'METALSIGMAUSER','2019-02-21 14:47:07',NULL,NULL),(0000000733,'3359','TWIN DISC MG527',0000000023,'METALSIGMAUSER','2019-02-21 14:47:07',NULL,NULL),(0000000734,'3360','REINTJES MARINE GEAR',0000000023,'METALSIGMAUSER','2019-02-21 14:47:07',NULL,NULL),(0000000735,'3361','TWIN DISC MG550',0000000023,'METALSIGMAUSER','2019-02-21 14:47:07',NULL,NULL),(0000000736,'3362','PROPELLER',0000000023,'METALSIGMAUSER','2019-02-21 14:47:07',NULL,NULL),(0000000737,'3400','COUNTERSHAFT TRANSMISSION',0000000023,'METALSIGMAUSER','2019-02-21 14:47:07',NULL,NULL),(0000000738,'3401','COUNTERSHAFT TRANSMISSION CASE',0000000023,'METALSIGMAUSER','2019-02-21 14:47:07',NULL,NULL),(0000000739,'3402','COUNTERSHAFT TRANSMISSION OIL PUMP',0000000023,'METALSIGMAUSER','2019-02-21 14:47:07',NULL,NULL),(0000000740,'3403','COUNTERSHAFT TRANSMISSION LINES & HOSES',0000000023,'METALSIGMAUSER','2019-02-21 14:47:07',NULL,NULL),(0000000741,'3404','COUNTERSHAFT TRANSMISSION CLUTCHES',0000000023,'METALSIGMAUSER','2019-02-21 14:47:07',NULL,NULL),(0000000742,'3405','COUNTERSHAFT TRANSMISSION CLUTCH HOUSING',0000000023,'METALSIGMAUSER','2019-02-21 14:47:07',NULL,NULL),(0000000743,'3407','COUNTERSHAFT TRANSMISSION TRANSFER GEARS',0000000023,'METALSIGMAUSER','2019-02-21 14:47:07',NULL,NULL),(0000000744,'3408','COUNTERSHAFT TRANSMISSION SHAFT',0000000023,'METALSIGMAUSER','2019-02-21 14:47:07',NULL,NULL),(0000000745,'3410','COUNTERSHAFT TRANSMISSION BRAKE',0000000023,'METALSIGMAUSER','2019-02-21 14:47:07',NULL,NULL),(0000000746,'3412','COUNTERSHAFT TRANSMISSION PRESSURE CONTROL VALVE',0000000023,'METALSIGMAUSER','2019-02-21 14:47:07',NULL,NULL),(0000000747,'3413','COUNTERSHAFT TRANSMISSION CONTROL LINKAGE',0000000023,'METALSIGMAUSER','2019-02-21 14:47:07',NULL,NULL),(0000000748,'3417','COUNTERSHAFT TRANSMISSION HYDRAULIC CONTROL',0000000023,'METALSIGMAUSER','2019-02-21 14:47:07',NULL,NULL),(0000000749,'3418','COUNTERSHAFT TRANSMISSION ELECTRICAL CONTROL',0000000023,'METALSIGMAUSER','2019-02-21 14:47:07',NULL,NULL),(0000000750,'4000','DRIVE TRAIN',0000000024,'METALSIGMAUSER','2019-02-21 14:47:07',NULL,NULL),(0000000751,'4001','FINAL DRIVE & BRAKE WHEEL',0000000024,'METALSIGMAUSER','2019-02-21 14:47:07',NULL,NULL),(0000000752,'4002','BRAKE & WHEEL SPINDLE HOUSING',0000000024,'METALSIGMAUSER','2019-02-21 14:47:07',NULL,NULL),(0000000753,'4003','FINAL DRIVE, STEERING CLUTCH & BRAKE',0000000024,'METALSIGMAUSER','2019-02-21 14:47:07',NULL,NULL),(0000000754,'4004','BRAKE & AXLE',0000000024,'METALSIGMAUSER','2019-02-21 14:47:07',NULL,NULL),(0000000755,'4005','STEERING & BRAKING SYSTEM',0000000024,'METALSIGMAUSER','2019-02-21 14:47:07',NULL,NULL),(0000000756,'4006','WHEEL & BRAKE ASSEMBLY',0000000024,'METALSIGMAUSER','2019-02-21 14:47:07',NULL,NULL),(0000000757,'4007','STEERING & BRAKE PUMP',0000000024,'METALSIGMAUSER','2019-02-21 14:47:07',NULL,NULL),(0000000758,'4008','FINAL DRIVE, BRAKE & WHEEL',0000000024,'METALSIGMAUSER','2019-02-21 14:47:07',NULL,NULL),(0000000759,'4009','FINAL DRIVE, BRAKE & DIFFERENTIAL STEERING PLANETARY',0000000024,'METALSIGMAUSER','2019-02-21 14:47:07',NULL,NULL),(0000000760,'4010','FINAL DRIVE, BRAKE & DIFFERENTIAL STEERING DRIVE',0000000024,'METALSIGMAUSER','2019-02-21 14:47:07',NULL,NULL),(0000000761,'4011','FINAL DRIVE & BRAKE',0000000024,'METALSIGMAUSER','2019-02-21 14:47:07',NULL,NULL),(0000000762,'4012','BRAKE & STABILIZER LOCK VALVE',0000000024,'METALSIGMAUSER','2019-02-21 14:47:07',NULL,NULL),(0000000763,'4013','STEERING, IMPLEMENT & BRAKE PUMP',0000000024,'METALSIGMAUSER','2019-02-21 14:47:07',NULL,NULL),(0000000764,'4014','BRAKE & PILOT PUMP',0000000024,'METALSIGMAUSER','2019-02-21 14:47:07',NULL,NULL),(0000000765,'4015','BRAKE, PILOT & IMPLEMENT PUMP',0000000024,'METALSIGMAUSER','2019-02-21 14:47:07',NULL,NULL),(0000000766,'4016','WHEEL, BRAKE & SUSPENSION CYLINDER',0000000024,'METALSIGMAUSER','2019-02-21 14:47:07',NULL,NULL),(0000000767,'4017','COOLING DUCT',0000000024,'METALSIGMAUSER','2019-02-21 14:47:07',NULL,NULL),(0000000768,'4018','PROPULSION MODULE',0000000024,'METALSIGMAUSER','2019-02-21 14:47:07',NULL,NULL),(0000000769,'4019','TRACTION GENERATOR',0000000024,'METALSIGMAUSER','2019-02-21 14:47:07',NULL,NULL),(0000000770,'4050','FINAL DRIVE',0000000025,'METALSIGMAUSER','2019-02-21 14:47:07',NULL,NULL),(0000000771,'4051','FINAL DRIVE & WHEEL',0000000025,'METALSIGMAUSER','2019-02-21 14:47:07',NULL,NULL),(0000000772,'4052','FINAL DRIVE SEAL',0000000025,'METALSIGMAUSER','2019-02-21 14:47:07',NULL,NULL),(0000000773,'4053','DRIVE AXLE HUB/GEAR ASSEMBLY',0000000025,'METALSIGMAUSER','2019-02-21 14:47:07',NULL,NULL),(0000000774,'4054','FINAL DRIVE HUB',0000000025,'METALSIGMAUSER','2019-02-21 14:47:07',NULL,NULL),(0000000775,'4055','FINAL DRIVE GEARS',0000000025,'METALSIGMAUSER','2019-02-21 14:47:07',NULL,NULL),(0000000776,'4056','FINAL DRIVE DRIVE SHAFT',0000000025,'METALSIGMAUSER','2019-02-21 14:47:07',NULL,NULL),(0000000777,'4057','FINAL DRIVE PINION FLANGE',0000000025,'METALSIGMAUSER','2019-02-21 14:47:07',NULL,NULL),(0000000778,'4058','SPROCKET SHAFT/BORE',0000000025,'METALSIGMAUSER','2019-02-21 14:47:07',NULL,NULL),(0000000779,'4059','FINAL DRIVE CASE/BORE',0000000025,'METALSIGMAUSER','2019-02-21 14:47:07',NULL,NULL),(0000000780,'4060','FINAL DRIVE OIL PUMP',0000000025,'METALSIGMAUSER','2019-02-21 14:47:07',NULL,NULL),(0000000781,'4061','FINAL DRIVE PARKING BRAKE',0000000025,'METALSIGMAUSER','2019-02-21 14:47:07',NULL,NULL),(0000000782,'4062','TANDEM DRIVE',0000000025,'METALSIGMAUSER','2019-02-21 14:47:07',NULL,NULL),(0000000783,'4063','TANDEM/SINGLE DRIVE CHAIN',0000000025,'METALSIGMAUSER','2019-02-21 14:47:07',NULL,NULL),(0000000784,'4064','TANDEM DRIVE HOUSING',0000000025,'METALSIGMAUSER','2019-02-21 14:47:07',NULL,NULL),(0000000785,'4065','FINAL DRIVE OIL COOLER',0000000025,'METALSIGMAUSER','2019-02-21 14:47:07',NULL,NULL),(0000000786,'4066','FINAL DRIVE OUTER BEARING SUPPORT',0000000025,'METALSIGMAUSER','2019-02-21 14:47:07',NULL,NULL),(0000000787,'4068','TANDEM DRIVE STUB AXLE',0000000025,'METALSIGMAUSER','2019-02-21 14:47:07',NULL,NULL),(0000000788,'4069','FINAL DRIVE CHAIN',0000000025,'METALSIGMAUSER','2019-02-21 14:47:07',NULL,NULL),(0000000789,'4070','FINAL DRIVE OIL/FILTER',0000000025,'METALSIGMAUSER','2019-02-21 14:47:07',NULL,NULL),(0000000790,'4071','TANDEM DRIVE OIL',0000000025,'METALSIGMAUSER','2019-02-21 14:47:07',NULL,NULL),(0000000791,'4072','TANDEM DRIVE SPROCKET',0000000025,'METALSIGMAUSER','2019-02-21 14:47:07',NULL,NULL),(0000000792,'4073','TANDEM DRIVE DRIVEN SPROCKET',0000000025,'METALSIGMAUSER','2019-02-21 14:47:07',NULL,NULL),(0000000793,'4074','FINAL DRIVE - OUTER SECTION',0000000025,'METALSIGMAUSER','2019-02-21 14:47:07',NULL,NULL),(0000000794,'4075','FINAL DRIVE - INNER SECTION',0000000025,'METALSIGMAUSER','2019-02-21 14:47:07',NULL,NULL),(0000000795,'4076','TANDEM DRIVE, BEVEL GEAR & FINAL DRIVE',0000000025,'METALSIGMAUSER','2019-02-21 14:47:07',NULL,NULL),(0000000796,'4077','TRUNNION, TRUNNION HOUSING, DRIVE SPROCKET & AXLE UNIT',0000000025,'METALSIGMAUSER','2019-02-21 14:47:07',NULL,NULL),(0000000797,'4084','FINAL DRIVE PLANETARY CARRIERS, HUB & RING GEAR',0000000025,'METALSIGMAUSER','2019-02-21 14:47:07',NULL,NULL),(0000000798,'4091','FINAL DRIVE PINION',0000000025,'METALSIGMAUSER','2019-02-21 14:47:07',NULL,NULL),(0000000799,'4092','PLANETARY FINAL DRIVE CARRIER',0000000025,'METALSIGMAUSER','2019-02-21 14:47:07',NULL,NULL),(0000000800,'4093','FINAL DRIVE PLANETARY CARRIER THRUST SURFACE',0000000025,'METALSIGMAUSER','2019-02-21 14:47:07',NULL,NULL),(0000000801,'4094','FINAL DRIVE PINION & FLANGE',0000000025,'METALSIGMAUSER','2019-02-21 14:47:07',NULL,NULL),(0000000802,'4095','DRIVETRAIN RELIEF VALVE',0000000025,'METALSIGMAUSER','2019-02-21 14:47:07',NULL,NULL),(0000000803,'4100','STEERING CLUTCH & BRAKE',0000000026,'METALSIGMAUSER','2019-02-21 14:47:07',NULL,NULL),(0000000804,'4101','STEERING CLUTCH',0000000026,'METALSIGMAUSER','2019-02-21 14:47:07',NULL,NULL),(0000000805,'4102','STEERING CLUTCH CONTROL VALVE',0000000026,'METALSIGMAUSER','2019-02-21 14:47:07',NULL,NULL),(0000000806,'4103','STEERING CLUTCH CONTROL PUMP',0000000026,'METALSIGMAUSER','2019-02-21 14:47:07',NULL,NULL),(0000000807,'4104','STEERING CLUTCH & BRAKE CONTROL LINES',0000000026,'METALSIGMAUSER','2019-02-21 14:47:07',NULL,NULL),(0000000808,'4105','STEERING CLUTCH BOOSTER',0000000026,'METALSIGMAUSER','2019-02-21 14:47:07',NULL,NULL),(0000000809,'4106','STEERING CLUTCH CONTROL',0000000026,'METALSIGMAUSER','2019-02-21 14:47:07',NULL,NULL),(0000000810,'4107','STEERING CLUTCH OIL/FILTER',0000000026,'METALSIGMAUSER','2019-02-21 14:47:07',NULL,NULL),(0000000811,'4108','STEERING CLUTCH RELIEF VALVE',0000000026,'METALSIGMAUSER','2019-02-21 14:47:07',NULL,NULL),(0000000812,'4110','BRAKE BAND TRACK',0000000026,'METALSIGMAUSER','2019-02-21 14:47:07',NULL,NULL),(0000000813,'4111','TRACK BRAKE CONTROL LINKAGE',0000000026,'METALSIGMAUSER','2019-02-21 14:47:07',NULL,NULL),(0000000814,'4112','TRACK BRAKE CONTROL VALVE',0000000026,'METALSIGMAUSER','2019-02-21 14:47:07',NULL,NULL),(0000000815,'4113','TRACK BRAKE DRUM',0000000026,'METALSIGMAUSER','2019-02-21 14:47:07',NULL,NULL),(0000000816,'4114','TRACK BRAKE BOOSTER',0000000026,'METALSIGMAUSER','2019-02-21 14:47:07',NULL,NULL),(0000000817,'4115','BRAKE ACTUATING MECHANISM',0000000026,'METALSIGMAUSER','2019-02-21 14:47:07',NULL,NULL),(0000000818,'4116','BRAKE HAND PUMP',0000000026,'METALSIGMAUSER','2019-02-21 14:47:07',NULL,NULL),(0000000819,'4117','STEERING CLUTCH CASE',0000000026,'METALSIGMAUSER','2019-02-21 14:47:07',NULL,NULL),(0000000820,'4118','STEERING CLUTCH RELEASE PISTON',0000000026,'METALSIGMAUSER','2019-02-21 14:47:07',NULL,NULL),(0000000821,'4119','STEERING CLUTCH, BEVEL GEAR & SHAFT',0000000026,'METALSIGMAUSER','2019-02-21 14:47:07',NULL,NULL),(0000000822,'4120','STEERING CLUTCH & BRAKE CONTROL VALVE',0000000026,'METALSIGMAUSER','2019-02-21 14:47:07',NULL,NULL),(0000000823,'4121','BRAKE LUBRICATION RELIEF VALVE',0000000026,'METALSIGMAUSER','2019-02-21 14:47:07',NULL,NULL),(0000000824,'4122','STEERING CLUTCH & BRAKE CONTROL',0000000026,'METALSIGMAUSER','2019-02-21 14:47:07',NULL,NULL),(0000000825,'4123','STEERING CLUTCH HUB',0000000026,'METALSIGMAUSER','2019-02-21 14:47:07',NULL,NULL),(0000000826,'4124','STEERING CLUTCH, BEVEL GEAR SHAFT & PINION',0000000026,'METALSIGMAUSER','2019-02-21 14:47:07',NULL,NULL),(0000000827,'4129','DIFFERENTIAL STEERING',0000000026,'METALSIGMAUSER','2019-02-21 14:47:07',NULL,NULL),(0000000828,'4130','DIFFERENTIAL STEERING PLANETARY',0000000026,'METALSIGMAUSER','2019-02-21 14:47:07',NULL,NULL),(0000000829,'4131','DIFFERENTIAL STEERING DRIVE & BRAKE',0000000026,'METALSIGMAUSER','2019-02-21 14:47:07',NULL,NULL),(0000000830,'4132','DIFFERENTIAL STEERING PLANETARY & BRAKE',0000000026,'METALSIGMAUSER','2019-02-21 14:47:07',NULL,NULL),(0000000831,'4133','STEERING & BRAKE LINES',0000000026,'METALSIGMAUSER','2019-02-21 14:47:07',NULL,NULL),(0000000832,'4135','DIFFERENTIAL STEERING & TRANSMISSION CONTROL',0000000026,'METALSIGMAUSER','2019-02-21 14:47:07',NULL,NULL),(0000000833,'4136','DIFFERENTIAL STEERING MOTOR',0000000026,'METALSIGMAUSER','2019-02-21 14:47:07',NULL,NULL),(0000000834,'4150','UNDERCARRIAGE',0000000027,'METALSIGMAUSER','2019-02-21 14:47:07',NULL,NULL),(0000000835,'4151','TRACK ROLLER FRAME',0000000027,'METALSIGMAUSER','2019-02-21 14:47:07',NULL,NULL),(0000000836,'4152','ROLLER FRAME SCRAPER',0000000027,'METALSIGMAUSER','2019-02-21 14:47:07',NULL,NULL),(0000000837,'4153','ROLLER FRAME PIVOT SHAFT',0000000027,'METALSIGMAUSER','2019-02-21 14:47:07',NULL,NULL),(0000000838,'4154','CARRIER ROLLER',0000000027,'METALSIGMAUSER','2019-02-21 14:47:07',NULL,NULL),(0000000839,'4155','SPROCKET SEGMENT',0000000027,'METALSIGMAUSER','2019-02-21 14:47:07',NULL,NULL),(0000000840,'4156','WELD-ON SPROCKET RIM',0000000027,'METALSIGMAUSER','2019-02-21 14:47:07',NULL,NULL),(0000000841,'4157','TRACK ADJUSTER',0000000027,'METALSIGMAUSER','2019-02-21 14:47:07',NULL,NULL),(0000000842,'4158','RECOIL SPRING',0000000027,'METALSIGMAUSER','2019-02-21 14:47:07',NULL,NULL),(0000000843,'4159','IDLER/IDLER WHEEL',0000000027,'METALSIGMAUSER','2019-02-21 14:47:07',NULL,NULL),(0000000844,'4160','IDLER GUIDE WEAR STRIP',0000000027,'METALSIGMAUSER','2019-02-21 14:47:07',NULL,NULL),(0000000845,'4161','TAPPING STRIP',0000000027,'METALSIGMAUSER','2019-02-21 14:47:07',NULL,NULL),(0000000846,'4162','CARRIER ROLLER BRACKET',0000000027,'METALSIGMAUSER','2019-02-21 14:47:07',NULL,NULL),(0000000847,'4163','SPROCKET ADAPTER',0000000027,'METALSIGMAUSER','2019-02-21 14:47:07',NULL,NULL),(0000000848,'4164','SPROCKET ASSEMBLY',0000000027,'METALSIGMAUSER','2019-02-21 14:47:07',NULL,NULL),(0000000849,'4165','IDLER YOKE',0000000027,'METALSIGMAUSER','2019-02-21 14:47:07',NULL,NULL),(0000000850,'4166','SPROCKET DUST GUARD',0000000027,'METALSIGMAUSER','2019-02-21 14:47:07',NULL,NULL),(0000000851,'4167','IDLER OUTER BEARING ASSEMBLY',0000000027,'METALSIGMAUSER','2019-02-21 14:47:07',NULL,NULL),(0000000852,'4168','IDLER COLLAR WEAR STRIP',0000000027,'METALSIGMAUSER','2019-02-21 14:47:07',NULL,NULL),(0000000853,'4169','TRACK LINK ASSEMBLY (SEALED & LUBRICATED)',0000000027,'METALSIGMAUSER','2019-02-21 14:47:07',NULL,NULL),(0000000854,'4170','TRACK ASSEMBLY',0000000027,'METALSIGMAUSER','2019-02-21 14:47:07',NULL,NULL),(0000000855,'4171','TRACK LINK ASSEMBLY (SEALED)',0000000027,'METALSIGMAUSER','2019-02-21 14:47:07',NULL,NULL),(0000000856,'4172','TRACK SHOE',0000000027,'METALSIGMAUSER','2019-02-21 14:47:07',NULL,NULL),(0000000857,'4173','GROUSER BAR',0000000027,'METALSIGMAUSER','2019-02-21 14:47:07',NULL,NULL),(0000000858,'4174','TRACK PINS & BUSHINGS (SEALED)',0000000027,'METALSIGMAUSER','2019-02-21 14:47:07',NULL,NULL),(0000000859,'4175','TRACK PINS & BUSHINGS (SEALED & LUBRICATED)',0000000027,'METALSIGMAUSER','2019-02-21 14:47:07',NULL,NULL),(0000000860,'4176','SPLIT LINK',0000000027,'METALSIGMAUSER','2019-02-21 14:47:07',NULL,NULL),(0000000861,'4177','TRACK GUIDE/GUARD',0000000027,'METALSIGMAUSER','2019-02-21 14:47:07',NULL,NULL),(0000000862,'4178','TRACK GUIDE WEAR STRIP',0000000027,'METALSIGMAUSER','2019-02-21 14:47:07',NULL,NULL),(0000000863,'4180','TRACK ROLLER',0000000027,'METALSIGMAUSER','2019-02-21 14:47:07',NULL,NULL),(0000000864,'4181','TRACK ROLLER END COLLAR',0000000027,'METALSIGMAUSER','2019-02-21 14:47:07',NULL,NULL),(0000000865,'4182','TRACK FRAME ROLLER SEAT',0000000027,'METALSIGMAUSER','2019-02-21 14:47:07',NULL,NULL),(0000000866,'4183','ROLLER FRAME OUTER BEARING SUPPORT',0000000027,'METALSIGMAUSER','2019-02-21 14:47:07',NULL,NULL),(0000000867,'4184','SPROCKET HUB',0000000027,'METALSIGMAUSER','2019-02-21 14:47:07',NULL,NULL),(0000000868,'4185','VARIABLE GAUGE CYLINDER',0000000027,'METALSIGMAUSER','2019-02-21 14:47:07',NULL,NULL),(0000000869,'4186','SWING LINK',0000000027,'METALSIGMAUSER','2019-02-21 14:47:07',NULL,NULL),(0000000870,'4187','REACTION ARM',0000000027,'METALSIGMAUSER','2019-02-21 14:47:07',NULL,NULL),(0000000871,'4188','RAIL AXLE SUSPENSION',0000000027,'METALSIGMAUSER','2019-02-21 14:47:07',NULL,NULL),(0000000872,'4191','DIAGONAL BRACE',0000000027,'METALSIGMAUSER','2019-02-21 14:47:07',NULL,NULL),(0000000873,'4192','BOGIE',0000000027,'METALSIGMAUSER','2019-02-21 14:47:07',NULL,NULL),(0000000874,'4193','BOGIE PAD/AIR SPRING',0000000027,'METALSIGMAUSER','2019-02-21 14:47:07',NULL,NULL),(0000000875,'4194','BOGIE CARTRIDGE PIN',0000000027,'METALSIGMAUSER','2019-02-21 14:47:07',NULL,NULL),(0000000876,'4195','PIVOT SHAFT RETAINER',0000000027,'METALSIGMAUSER','2019-02-21 14:47:07',NULL,NULL),(0000000877,'4197','TRACK/BELT TENSIONER',0000000027,'METALSIGMAUSER','2019-02-21 14:47:07',NULL,NULL),(0000000878,'4198','TRACK BELT',0000000027,'METALSIGMAUSER','2019-02-21 14:47:07',NULL,NULL),(0000000879,'4199','DRIVE WHEEL',0000000027,'METALSIGMAUSER','2019-02-21 14:47:07',NULL,NULL),(0000000880,'4200','WHEEL & TIRE',0000000028,'METALSIGMAUSER','2019-02-21 14:47:07',NULL,NULL),(0000000881,'4201','WHEEL',0000000028,'METALSIGMAUSER','2019-02-21 14:47:07',NULL,NULL),(0000000882,'4202','RIM & TIRE',0000000028,'METALSIGMAUSER','2019-02-21 14:47:07',NULL,NULL),(0000000883,'4203','TIRE',0000000028,'METALSIGMAUSER','2019-02-21 14:47:07',NULL,NULL),(0000000884,'4204','BEADLESS TIRE',0000000028,'METALSIGMAUSER','2019-02-21 14:47:07',NULL,NULL),(0000000885,'4205','WHEEL SPINDLE',0000000028,'METALSIGMAUSER','2019-02-21 14:47:07',NULL,NULL),(0000000886,'4206','COMPACTOR WHEEL',0000000028,'METALSIGMAUSER','2019-02-21 14:47:07',NULL,NULL),(0000000887,'4207','WHEEL BALLAST',0000000028,'METALSIGMAUSER','2019-02-21 14:47:07',NULL,NULL),(0000000888,'4208','WHEEL ASSEMBLY',0000000028,'METALSIGMAUSER','2019-02-21 14:47:07',NULL,NULL),(0000000889,'4209','WHEEL RIM',0000000028,'METALSIGMAUSER','2019-02-21 14:47:07',NULL,NULL),(0000000890,'4210','WHEEL STUD/BOLT/NUT',0000000028,'METALSIGMAUSER','2019-02-21 14:47:07',NULL,NULL),(0000000891,'4211','BEADLESS TIRE CARCASS',0000000028,'METALSIGMAUSER','2019-02-21 14:47:07',NULL,NULL),(0000000892,'4212','BEADLESS TIRE TRACK BELT WITH SHOE',0000000028,'METALSIGMAUSER','2019-02-21 14:47:07',NULL,NULL),(0000000893,'4213','BEADLESS TIRE TRACK BELT',0000000028,'METALSIGMAUSER','2019-02-21 14:47:07',NULL,NULL),(0000000894,'4214','BEADLESS TIRE TRACK SHOE',0000000028,'METALSIGMAUSER','2019-02-21 14:47:07',NULL,NULL),(0000000895,'4215','WHEEL HUB ASSEMBLY',0000000028,'METALSIGMAUSER','2019-02-21 14:47:07',NULL,NULL),(0000000896,'4220','MUD GUARD',0000000028,'METALSIGMAUSER','2019-02-21 14:47:07',NULL,NULL),(0000000897,'4230','DRIVE TIRE, SOLID',0000000028,'METALSIGMAUSER','2019-02-21 14:47:07',NULL,NULL),(0000000898,'4231','DRIVE TIRE, PNEUMATIC',0000000028,'METALSIGMAUSER','2019-02-21 14:47:07',NULL,NULL),(0000000899,'4232','STEER TIRE, SOLID',0000000028,'METALSIGMAUSER','2019-02-21 14:47:07',NULL,NULL),(0000000900,'4233','STEER TIRE, PNEUMATIC',0000000028,'METALSIGMAUSER','2019-02-21 14:47:07',NULL,NULL),(0000000901,'4234','WHEEL SPINDLE HOUSING',0000000028,'METALSIGMAUSER','2019-02-21 14:47:07',NULL,NULL),(0000000902,'4236','DRIVE TIRE, SOLID PNEUMATIC',0000000028,'METALSIGMAUSER','2019-02-21 14:47:07',NULL,NULL),(0000000903,'4237','STEER TIRE, SOLID PNEUMATIC',0000000028,'METALSIGMAUSER','2019-02-21 14:47:07',NULL,NULL),(0000000904,'4238','RAIL WHEEL',0000000028,'METALSIGMAUSER','2019-02-21 14:47:07',NULL,NULL),(0000000905,'4250','BRAKING SYSTEM',0000000029,'METALSIGMAUSER','2019-02-21 14:47:07',NULL,NULL),(0000000906,'4251','SERVICE BRAKE',0000000029,'METALSIGMAUSER','2019-02-21 14:47:07',NULL,NULL),(0000000907,'4252','BRAKE DRUM',0000000029,'METALSIGMAUSER','2019-02-21 14:47:07',NULL,NULL),(0000000908,'4253','BRAKE SHOES',0000000029,'METALSIGMAUSER','2019-02-21 14:47:07',NULL,NULL),(0000000909,'4254','BRAKE LINING',0000000029,'METALSIGMAUSER','2019-02-21 14:47:07',NULL,NULL),(0000000910,'4255','BRAKE DISC',0000000029,'METALSIGMAUSER','2019-02-21 14:47:07',NULL,NULL),(0000000911,'4256','BRAKE CALIPER, HEAD ASSEMBLY',0000000029,'METALSIGMAUSER','2019-02-21 14:47:07',NULL,NULL),(0000000912,'4257','BRAKE LINES',0000000029,'METALSIGMAUSER','2019-02-21 14:47:07',NULL,NULL),(0000000913,'4258','BRAKE MASTER CYLINDER',0000000029,'METALSIGMAUSER','2019-02-21 14:47:07',NULL,NULL),(0000000914,'4259','HYDROVAC',0000000029,'METALSIGMAUSER','2019-02-21 14:47:07',NULL,NULL),(0000000915,'4260','WHEEL CYLINDER',0000000029,'METALSIGMAUSER','2019-02-21 14:47:07',NULL,NULL),(0000000916,'4261','BRAKE/SLACK ADJUSTER',0000000029,'METALSIGMAUSER','2019-02-21 14:47:07',NULL,NULL),(0000000917,'4262','BRAKE ACTUATOR',0000000029,'METALSIGMAUSER','2019-02-21 14:47:07',NULL,NULL),(0000000918,'4263','BRAKE ACCUMULATOR',0000000029,'METALSIGMAUSER','2019-02-21 14:47:07',NULL,NULL),(0000000919,'4264','BRAKE ACCUMULATOR CHARGING VALVE',0000000029,'METALSIGMAUSER','2019-02-21 14:47:07',NULL,NULL),(0000000920,'4265','SERVICE BRAKE CONTROL VALVE',0000000029,'METALSIGMAUSER','2019-02-21 14:47:07',NULL,NULL),(0000000921,'4266','BRAKE BOOSTER',0000000029,'METALSIGMAUSER','2019-02-21 14:47:07',NULL,NULL),(0000000922,'4267','PARKING BRAKE',0000000029,'METALSIGMAUSER','2019-02-21 14:47:07',NULL,NULL),(0000000923,'4268','BRAKE PUMP',0000000029,'METALSIGMAUSER','2019-02-21 14:47:07',NULL,NULL),(0000000924,'4269','SERVICE BRAKE CONTROL',0000000029,'METALSIGMAUSER','2019-02-21 14:47:07',NULL,NULL),(0000000925,'4270','BRAKE EXPANDER TUBE',0000000029,'METALSIGMAUSER','2019-02-21 14:47:07',NULL,NULL),(0000000926,'4271','SELECTOR BRAKE VALVE (AIR)',0000000029,'METALSIGMAUSER','2019-02-21 14:47:07',NULL,NULL),(0000000927,'4272','BRAKE AIR TANK',0000000029,'METALSIGMAUSER','2019-02-21 14:47:07',NULL,NULL),(0000000928,'4273','FRICTION PADS',0000000029,'METALSIGMAUSER','2019-02-21 14:47:07',NULL,NULL),(0000000929,'4274','BRAKE CONTROL NEUTRALIZER VALVE',0000000029,'METALSIGMAUSER','2019-02-21 14:47:07',NULL,NULL),(0000000930,'4275','BRAKE RETURN CHECK VALVE',0000000029,'METALSIGMAUSER','2019-02-21 14:47:07',NULL,NULL),(0000000931,'4277','BRAKE AIR OVER HYDRAULIC CYLINDER',0000000029,'METALSIGMAUSER','2019-02-21 14:47:07',NULL,NULL),(0000000932,'4278','SECONDARY BRAKE SYSTEM',0000000029,'METALSIGMAUSER','2019-02-21 14:47:07',NULL,NULL),(0000000933,'4279','SECONDARY BRAKE AIR TANK',0000000029,'METALSIGMAUSER','2019-02-21 14:47:07',NULL,NULL),(0000000934,'4280','BRAKE AIR RELAY VALVE',0000000029,'METALSIGMAUSER','2019-02-21 14:47:07',NULL,NULL),(0000000935,'4281','BRAKE AIR CHECK VALVE',0000000029,'METALSIGMAUSER','2019-02-21 14:47:07',NULL,NULL),(0000000936,'4282','PARKING/SECONDARY BRAKE CONTROL VALVE',0000000029,'METALSIGMAUSER','2019-02-21 14:47:07',NULL,NULL),(0000000937,'4283','QUICK RELEASE VALVE',0000000029,'METALSIGMAUSER','2019-02-21 14:47:07',NULL,NULL),(0000000938,'4284','PARKING BRAKE CONTROL',0000000029,'METALSIGMAUSER','2019-02-21 14:47:07',NULL,NULL),(0000000939,'4285','AIR DRYER',0000000029,'METALSIGMAUSER','2019-02-21 14:47:07',NULL,NULL),(0000000940,'4286','BRAKE SYSTEM DIVERTER VALVE',0000000029,'METALSIGMAUSER','2019-02-21 14:47:07',NULL,NULL),(0000000941,'4287','VACUUM PUMP',0000000029,'METALSIGMAUSER','2019-02-21 14:47:07',NULL,NULL),(0000000942,'4288','INVERTER VALVE',0000000029,'METALSIGMAUSER','2019-02-21 14:47:07',NULL,NULL),(0000000943,'4289','BRAKE SHUTTLE VALVE',0000000029,'METALSIGMAUSER','2019-02-21 14:47:07',NULL,NULL),(0000000944,'4290','TREADLE BRAKE CONTROL VALVE',0000000029,'METALSIGMAUSER','2019-02-21 14:47:07',NULL,NULL),(0000000945,'4291','BRAKE HYDRAULIC RESERVOIR',0000000029,'METALSIGMAUSER','2019-02-21 14:47:07',NULL,NULL),(0000000946,'4293','ACCUMULATOR BLEED VALVE',0000000029,'METALSIGMAUSER','2019-02-21 14:47:07',NULL,NULL),(0000000947,'4294','AUTOMATIC ELECTRONIC TRACTION AID',0000000029,'METALSIGMAUSER','2019-02-21 14:47:07',NULL,NULL),(0000000948,'4295','BRAKE OIL FILTER/SCREEN',0000000029,'METALSIGMAUSER','2019-02-21 14:47:07',NULL,NULL),(0000000949,'4296','BRAKE DIFFERENTIAL PRESSURE SWITCH',0000000029,'METALSIGMAUSER','2019-02-21 14:47:07',NULL,NULL),(0000000950,'4300','STEERING SYSTEM',0000000030,'METALSIGMAUSER','2019-02-21 14:47:07',NULL,NULL),(0000000951,'4301','STEERING GEAR',0000000030,'METALSIGMAUSER','2019-02-21 14:47:07',NULL,NULL),(0000000952,'4302','STEERING SWIVEL',0000000030,'METALSIGMAUSER','2019-02-21 14:47:07',NULL,NULL),(0000000953,'4303','STEERING CYLINDER',0000000030,'METALSIGMAUSER','2019-02-21 14:47:07',NULL,NULL),(0000000954,'4304','STEERING LINES/HOSES',0000000030,'METALSIGMAUSER','2019-02-21 14:47:07',NULL,NULL),(0000000955,'4305','STEERING LINKAGE',0000000030,'METALSIGMAUSER','2019-02-21 14:47:07',NULL,NULL),(0000000956,'4306','STEERING PUMP',0000000030,'METALSIGMAUSER','2019-02-21 14:47:07',NULL,NULL),(0000000957,'4307','STEERING VALVE',0000000030,'METALSIGMAUSER','2019-02-21 14:47:07',NULL,NULL),(0000000958,'4308','FOLLOW-UP LINKAGE',0000000030,'METALSIGMAUSER','2019-02-21 14:47:07',NULL,NULL),(0000000959,'4309','STEERING WHEEL',0000000030,'METALSIGMAUSER','2019-02-21 14:47:07',NULL,NULL),(0000000960,'4310','STEERING COLUMN',0000000030,'METALSIGMAUSER','2019-02-21 14:47:07',NULL,NULL),(0000000961,'4311','STEERING BOOSTER',0000000030,'METALSIGMAUSER','2019-02-21 14:47:07',NULL,NULL),(0000000962,'4312','STEERING METERING PUMP',0000000030,'METALSIGMAUSER','2019-02-21 14:47:07',NULL,NULL),(0000000963,'4313','STEERING AXLE',0000000030,'METALSIGMAUSER','2019-02-21 14:47:07',NULL,NULL),(0000000964,'4314','KINGPIN',0000000030,'METALSIGMAUSER','2019-02-21 14:47:07',NULL,NULL),(0000000965,'4315','SERVO STEERING CYLINDER',0000000030,'METALSIGMAUSER','2019-02-21 14:47:07',NULL,NULL),(0000000966,'4316','DIFFERENTIAL STEERING PUMP',0000000030,'METALSIGMAUSER','2019-02-21 14:47:07',NULL,NULL),(0000000967,'4317','STEERING GEAR & VALVE',0000000030,'METALSIGMAUSER','2019-02-21 14:47:07',NULL,NULL),(0000000968,'4318','TIE ROD',0000000030,'METALSIGMAUSER','2019-02-21 14:47:07',NULL,NULL),(0000000969,'4320','STEERING FLOW DIVIDER VALVE',0000000030,'METALSIGMAUSER','2019-02-21 14:47:07',NULL,NULL),(0000000970,'4321','STEERING KNUCKLE',0000000030,'METALSIGMAUSER','2019-02-21 14:47:07',NULL,NULL),(0000000971,'4322','STEERING RELIEF VALVE',0000000030,'METALSIGMAUSER','2019-02-21 14:47:07',NULL,NULL),(0000000972,'4323','STEERING ELECTRIC SYSTEM',0000000030,'METALSIGMAUSER','2019-02-21 14:47:07',NULL,NULL),(0000000973,'4324','SECONDARY STEERING PUMP',0000000030,'METALSIGMAUSER','2019-02-21 14:47:07',NULL,NULL),(0000000974,'4325','STEERING ELECTRIC MOTOR',0000000030,'METALSIGMAUSER','2019-02-21 14:47:07',NULL,NULL),(0000000975,'4328','STEERING PITMAN ARM',0000000030,'METALSIGMAUSER','2019-02-21 14:47:07',NULL,NULL),(0000000976,'4329','TIE ROD END',0000000030,'METALSIGMAUSER','2019-02-21 14:47:07',NULL,NULL),(0000000977,'4330','STEERING NEUTRALIZER VALVE',0000000030,'METALSIGMAUSER','2019-02-21 14:47:07',NULL,NULL),(0000000978,'4331','STEERING ACCUMULATOR',0000000030,'METALSIGMAUSER','2019-02-21 14:47:07',NULL,NULL),(0000000979,'4332','STEERING HYDRAULIC TANK',0000000030,'METALSIGMAUSER','2019-02-21 14:47:07',NULL,NULL),(0000000980,'4333','STEERING CABLE/CHAIN',0000000030,'METALSIGMAUSER','2019-02-21 14:47:07',NULL,NULL),(0000000981,'4334','STEERING WIRING HARNESS',0000000030,'METALSIGMAUSER','2019-02-21 14:47:07',NULL,NULL),(0000000982,'4335','POWER STEERING LOGIC MODULE',0000000030,'METALSIGMAUSER','2019-02-21 14:47:07',NULL,NULL),(0000000983,'4337','STEERING PRESSURE REDUCING VALVE',0000000030,'METALSIGMAUSER','2019-02-21 14:47:07',NULL,NULL),(0000000984,'4338','ADJUSTABLE STEERING COLUMN',0000000030,'METALSIGMAUSER','2019-02-21 14:47:07',NULL,NULL),(0000000985,'4339','SECONDARY STEERING DIVERTER VALVE',0000000030,'METALSIGMAUSER','2019-02-21 14:47:07',NULL,NULL),(0000000986,'4340','STEERING COUNTERBALANCE VALVE',0000000030,'METALSIGMAUSER','2019-02-21 14:47:07',NULL,NULL),(0000000987,'4341','STEERING COOLER PUMP',0000000030,'METALSIGMAUSER','2019-02-21 14:47:07',NULL,NULL),(0000000988,'4342','STEERING PILOT VALVE',0000000030,'METALSIGMAUSER','2019-02-21 14:47:07',NULL,NULL),(0000000989,'4343','STEERING CONTROL',0000000030,'METALSIGMAUSER','2019-02-21 14:47:07',NULL,NULL),(0000000990,'4344','STEERING CHARGE PUMP',0000000030,'METALSIGMAUSER','2019-02-21 14:47:07',NULL,NULL),(0000000991,'4345','STEERING LEG',0000000030,'METALSIGMAUSER','2019-02-21 14:47:07',NULL,NULL),(0000000992,'4346','STEERING OIL COOLER',0000000030,'METALSIGMAUSER','2019-02-21 14:47:07',NULL,NULL),(0000000993,'4347','ALL WHEEL STEER VALVE',0000000030,'METALSIGMAUSER','2019-02-21 14:47:07',NULL,NULL),(0000000994,'4348','SECONDARY STEERING ELECTRONIC CONTROL MODULE (PREPROGRAMMED)',0000000030,'METALSIGMAUSER','2019-02-21 14:47:07',NULL,NULL),(0000000995,'4349','STEERING SELECTOR & PRESSURE CONTROL VALVE',0000000030,'METALSIGMAUSER','2019-02-21 14:47:07',NULL,NULL),(0000000996,'4350','HYDROSTATIC DRIVE',0000000031,'METALSIGMAUSER','2019-02-21 14:47:07',NULL,NULL),(0000000997,'4351','HYDRAULIC PROPEL/DRIVE MOTOR',0000000031,'METALSIGMAUSER','2019-02-21 14:47:07',NULL,NULL),(0000000998,'4352','DRIVE CONTROL VALVE',0000000031,'METALSIGMAUSER','2019-02-21 14:47:07',NULL,NULL),(0000000999,'4353','HYDROSTATIC DRIVE PARKING BRAKE',0000000031,'METALSIGMAUSER','2019-02-21 14:47:07',NULL,NULL),(0000001000,'4354','BRAKE RELEASE PUMP',0000000031,'METALSIGMAUSER','2019-02-21 14:47:07',NULL,NULL),(0000001001,'4355','HYDROSTATIC DRIVE GEAR REDUCER',0000000031,'METALSIGMAUSER','2019-02-21 14:47:07',NULL,NULL),(0000001002,'4356','BRAKE & SHIFT VALVE',0000000031,'METALSIGMAUSER','2019-02-21 14:47:07',NULL,NULL),(0000001003,'4450','ELECTRIC POWER GENERATOR',0000000032,'METALSIGMAUSER','2019-02-21 14:47:07',NULL,NULL),(0000001004,'4453','STATOR',0000000032,'METALSIGMAUSER','2019-02-21 14:47:08',NULL,NULL),(0000001005,'4454','EXCITER ARMATURE',0000000032,'METALSIGMAUSER','2019-02-21 14:47:08',NULL,NULL),(0000001006,'4456','GENERATOR DRIVE COUPLING',0000000032,'METALSIGMAUSER','2019-02-21 14:47:08',NULL,NULL),(0000001007,'4457','ROTOR',0000000032,'METALSIGMAUSER','2019-02-21 14:47:08',NULL,NULL),(0000001008,'4458','BRUSHES',0000000032,'METALSIGMAUSER','2019-02-21 14:47:08',NULL,NULL),(0000001009,'4459','CABLE/WIRE',0000000032,'METALSIGMAUSER','2019-02-21 14:47:08',NULL,NULL),(0000001010,'4460','GENERATOR CONNECTION BOX',0000000032,'METALSIGMAUSER','2019-02-21 14:47:08',NULL,NULL),(0000001011,'4461','ELECTRIC POWER GENERATOR CIRCUIT BREAKER',0000000032,'METALSIGMAUSER','2019-02-21 14:47:08',NULL,NULL),(0000001012,'4462','AUTOMATIC START-STOP SWITCH',0000000032,'METALSIGMAUSER','2019-02-21 14:47:08',NULL,NULL),(0000001013,'4463','BRUSH HOLDER',0000000032,'METALSIGMAUSER','2019-02-21 14:47:08',NULL,NULL),(0000001014,'4464','SLIP RING',0000000032,'METALSIGMAUSER','2019-02-21 14:47:08',NULL,NULL),(0000001015,'4465','ROTATING RECTIFIER (DIODE)',0000000032,'METALSIGMAUSER','2019-02-21 14:47:08',NULL,NULL),(0000001016,'4466','SURGE SUPPRESSOR',0000000032,'METALSIGMAUSER','2019-02-21 14:47:08',NULL,NULL),(0000001017,'4467','VOLTAGE REGULATOR ASSEMBLY/TRAY',0000000032,'METALSIGMAUSER','2019-02-21 14:47:08',NULL,NULL),(0000001018,'4468','SERIES BOOST',0000000032,'METALSIGMAUSER','2019-02-21 14:47:08',NULL,NULL),(0000001019,'4469','TRANSFER SWITCH',0000000032,'METALSIGMAUSER','2019-02-21 14:47:08',NULL,NULL),(0000001020,'4470','EXCITER FIELD',0000000032,'METALSIGMAUSER','2019-02-21 14:47:08',NULL,NULL),(0000001021,'4471','GENERATOR BEARING',0000000032,'METALSIGMAUSER','2019-02-21 14:47:08',NULL,NULL),(0000001022,'4472','HEAT SINK',0000000032,'METALSIGMAUSER','2019-02-21 14:47:08',NULL,NULL),(0000001023,'4473','RECTIFIER MODULE',0000000032,'METALSIGMAUSER','2019-02-21 14:47:08',NULL,NULL),(0000001024,'4474','REGULATOR MODULE',0000000032,'METALSIGMAUSER','2019-02-21 14:47:08',NULL,NULL),(0000001025,'4475','VOLTAGE DROOP TRANSFORMER',0000000032,'METALSIGMAUSER','2019-02-21 14:47:08',NULL,NULL),(0000001026,'4476','CURRENT TRANSFORMER',0000000032,'METALSIGMAUSER','2019-02-21 14:47:08',NULL,NULL),(0000001027,'4477','EXCITATION TRANSFORMER',0000000032,'METALSIGMAUSER','2019-02-21 14:47:08',NULL,NULL),(0000001028,'4478','REGULATOR COVER ASSEMBLY',0000000032,'METALSIGMAUSER','2019-02-21 14:47:08',NULL,NULL),(0000001029,'4479','RADIO FREQUENCY INTERFERENCE FILTER',0000000032,'METALSIGMAUSER','2019-02-21 14:47:08',NULL,NULL),(0000001030,'4480','UNINTERRUPTABLE POWER SUPPLY',0000000032,'METALSIGMAUSER','2019-02-21 14:47:08',NULL,NULL),(0000001031,'4481','PERMANENT MAGNET PILOT EXCITER',0000000032,'METALSIGMAUSER','2019-02-21 14:47:08',NULL,NULL),(0000001032,'4482','PERMANENT MAGNET PILOT ARMATURE',0000000032,'METALSIGMAUSER','2019-02-21 14:47:08',NULL,NULL),(0000001033,'4483','SPACE HEATER',0000000032,'METALSIGMAUSER','2019-02-21 14:47:08',NULL,NULL),(0000001034,'4490','ELECTRONIC MODULAR CONTROL PANEL',0000000032,'METALSIGMAUSER','2019-02-21 14:47:08',NULL,NULL),(0000001035,'4491','SWITCHGEAR',0000000032,'METALSIGMAUSER','2019-02-21 14:47:08',NULL,NULL),(0000001036,'4492','PARALLELING GROUP',0000000032,'METALSIGMAUSER','2019-02-21 14:47:08',NULL,NULL),(0000001037,'4493','RELAY',0000000032,'METALSIGMAUSER','2019-02-21 14:47:08',NULL,NULL),(0000001038,'4494','PROTECTIVE RELAY',0000000032,'METALSIGMAUSER','2019-02-21 14:47:08',NULL,NULL),(0000001039,'4800','DRIVETRAIN ELECTRONIC CONTROL',0000000033,'METALSIGMAUSER','2019-02-21 14:47:08',NULL,NULL),(0000001040,'4801','TRACTION CONTROL SYSTEM (TCS)',0000000033,'METALSIGMAUSER','2019-02-21 14:47:08',NULL,NULL),(0000001041,'4802','TRACTION CONTROL SYSTEM ELECTRONIC CONTROL MODULE',0000000033,'METALSIGMAUSER','2019-02-21 14:47:08',NULL,NULL),(0000001042,'4803','WHEEL SPEED SENSOR',0000000033,'METALSIGMAUSER','2019-02-21 14:47:08',NULL,NULL),(0000001043,'4804','BRAKE PROPORTIONAL SOLENOID VALVE',0000000033,'METALSIGMAUSER','2019-02-21 14:47:08',NULL,NULL),(0000001044,'4805','ON/OFF PILOT SOLENOID VALVE',0000000033,'METALSIGMAUSER','2019-02-21 14:47:08',NULL,NULL),(0000001045,'4806','ARTICULATION ANGLE POSITION SENSOR',0000000033,'METALSIGMAUSER','2019-02-21 14:47:08',NULL,NULL),(0000001046,'4807','BRAKE PRESSURE REDUCING VALVE',0000000033,'METALSIGMAUSER','2019-02-21 14:47:08',NULL,NULL),(0000001047,'4808','DRIVE TRAIN ELECTRONIC CONTROL MODULE (PREPROGRAMMED)',0000000033,'METALSIGMAUSER','2019-02-21 14:47:08',NULL,NULL),(0000001048,'4809','BRAKE POSITION SENSOR',0000000033,'METALSIGMAUSER','2019-02-21 14:47:08',NULL,NULL),(0000001049,'4810','ALL WHEEL DRIVE ELECTRONIC CONTROL',0000000033,'METALSIGMAUSER','2019-02-21 14:47:08',NULL,NULL),(0000001050,'4811','ELECTRONIC TRACTION CONTROL VALVE',0000000033,'METALSIGMAUSER','2019-02-21 14:47:08',NULL,NULL),(0000001051,'4815','DRIVE CONTROL MANUAL OVERRIDE',0000000033,'METALSIGMAUSER','2019-02-21 14:47:08',NULL,NULL),(0000001052,'4820','DRIVETRAIN SOFTWARE',0000000033,'METALSIGMAUSER','2019-02-21 14:47:08',NULL,NULL),(0000001053,'4822','POWER INVERTER',0000000033,'METALSIGMAUSER','2019-02-21 14:47:08',NULL,NULL),(0000001054,'4823','ELECTRICAL CURRENT SENSOR',0000000033,'METALSIGMAUSER','2019-02-21 14:47:08',NULL,NULL),(0000001055,'4824','SOLENOID DRIVER',0000000033,'METALSIGMAUSER','2019-02-21 14:47:08',NULL,NULL),(0000001056,'4825','UNDERCARRIAGE ELECTRONIC CONTROL MODULE',0000000033,'METALSIGMAUSER','2019-02-21 14:47:08',NULL,NULL),(0000001057,'5000','IMPLEMENT CONTROLS',0000000034,'METALSIGMAUSER','2019-02-21 14:47:08',NULL,NULL),(0000001058,'5001','IMPLEMENT CONTROL LOCK',0000000034,'METALSIGMAUSER','2019-02-21 14:47:08',NULL,NULL),(0000001059,'5002','HYDRAULIC & FUEL TANK',0000000034,'METALSIGMAUSER','2019-02-21 14:47:08',NULL,NULL),(0000001060,'5003','MULTI-LINK CONNECTOR',0000000034,'METALSIGMAUSER','2019-02-21 14:47:08',NULL,NULL),(0000001061,'5004','RIDE CONTROL SYSTEM',0000000034,'METALSIGMAUSER','2019-02-21 14:47:08',NULL,NULL),(0000001062,'5005','AUXILIARY HYDRAULIC CIRCUIT',0000000034,'METALSIGMAUSER','2019-02-21 14:47:08',NULL,NULL),(0000001063,'5050','HYDRAULIC SYSTEM',0000000035,'METALSIGMAUSER','2019-02-21 14:47:08',NULL,NULL),(0000001064,'5051','HYDRAULIC CONTROL VALVE',0000000035,'METALSIGMAUSER','2019-02-21 14:47:08',NULL,NULL),(0000001065,'5052','VANE MOTOR',0000000035,'METALSIGMAUSER','2019-02-21 14:47:08',NULL,NULL),(0000001066,'5054','EXTERNAL CONTROL VALVE',0000000035,'METALSIGMAUSER','2019-02-21 14:47:08',NULL,NULL),(0000001067,'5055','VANE PUMP',0000000035,'METALSIGMAUSER','2019-02-21 14:47:08',NULL,NULL),(0000001068,'5056','HYDRAULIC TANK',0000000035,'METALSIGMAUSER','2019-02-21 14:47:08',NULL,NULL),(0000001069,'5057','HYDRAULIC HOSES/LINES',0000000035,'METALSIGMAUSER','2019-02-21 14:47:08',NULL,NULL),(0000001070,'5058','PISTON MOTOR',0000000035,'METALSIGMAUSER','2019-02-21 14:47:08',NULL,NULL),(0000001071,'5059','PILOT CONTROL VALVE',0000000035,'METALSIGMAUSER','2019-02-21 14:47:08',NULL,NULL),(0000001072,'5060','SWIVEL',0000000035,'METALSIGMAUSER','2019-02-21 14:47:08',NULL,NULL),(0000001073,'5061','GEAR MOTOR',0000000035,'METALSIGMAUSER','2019-02-21 14:47:08',NULL,NULL),(0000001074,'5062','HYDRAULIC PUMP COUPLING',0000000035,'METALSIGMAUSER','2019-02-21 14:47:08',NULL,NULL),(0000001075,'5063','IMPLEMENT CONTROL',0000000035,'METALSIGMAUSER','2019-02-21 14:47:08',NULL,NULL),(0000001076,'5064','COMBINATION VALVE',0000000035,'METALSIGMAUSER','2019-02-21 14:47:08',NULL,NULL),(0000001077,'5065','SELECTOR VALVE',0000000035,'METALSIGMAUSER','2019-02-21 14:47:08',NULL,NULL),(0000001078,'5066','DIVERTER VALVE (HYD)',0000000035,'METALSIGMAUSER','2019-02-21 14:47:08',NULL,NULL),(0000001079,'5067','CHECK VALVE',0000000035,'METALSIGMAUSER','2019-02-21 14:47:08',NULL,NULL),(0000001080,'5068','HYDRAULIC OIL FILTER',0000000035,'METALSIGMAUSER','2019-02-21 14:47:08',NULL,NULL),(0000001081,'5069','MAIN SYSTEM RELIEF VALVE',0000000035,'METALSIGMAUSER','2019-02-21 14:47:08',NULL,NULL),(0000001082,'5070','PISTON PUMP',0000000035,'METALSIGMAUSER','2019-02-21 14:47:08',NULL,NULL),(0000001083,'5071','HYDRAULIC OIL COOLER BYPASS VALVE',0000000035,'METALSIGMAUSER','2019-02-21 14:47:08',NULL,NULL),(0000001084,'5072','PILOT SYSTEM RELIEF VALVE',0000000035,'METALSIGMAUSER','2019-02-21 14:47:08',NULL,NULL),(0000001085,'5073','GEAR PUMP',0000000035,'METALSIGMAUSER','2019-02-21 14:47:08',NULL,NULL),(0000001086,'5074','THERMAL BYPASS VALVE',0000000035,'METALSIGMAUSER','2019-02-21 14:47:08',NULL,NULL),(0000001087,'5076','HYDRAULIC TANK VALVE',0000000035,'METALSIGMAUSER','2019-02-21 14:47:08',NULL,NULL),(0000001088,'5077','HYDRAULIC ACCUMULATOR',0000000035,'METALSIGMAUSER','2019-02-21 14:47:08',NULL,NULL),(0000001089,'5078','HYDRAULIC ACTUATOR',0000000035,'METALSIGMAUSER','2019-02-21 14:47:08',NULL,NULL),(0000001090,'5079','SHUTTLE VALVE',0000000035,'METALSIGMAUSER','2019-02-21 14:47:08',NULL,NULL),(0000001091,'5080','MAKE-UP VALVE',0000000035,'METALSIGMAUSER','2019-02-21 14:47:08',NULL,NULL),(0000001092,'5081','HYDRAULIC ACCUMULATOR CHARGING VALVE',0000000035,'METALSIGMAUSER','2019-02-21 14:47:08',NULL,NULL),(0000001093,'5082','GEROTOR MOTOR',0000000035,'METALSIGMAUSER','2019-02-21 14:47:08',NULL,NULL),(0000001094,'5083','HYDRAULIC HOIST PUMP',0000000035,'METALSIGMAUSER','2019-02-21 14:47:08',NULL,NULL),(0000001095,'5084','IMPLEMENT PUMP',0000000035,'METALSIGMAUSER','2019-02-21 14:47:08',NULL,NULL),(0000001096,'5085','PILOT PUMP',0000000035,'METALSIGMAUSER','2019-02-21 14:47:08',NULL,NULL),(0000001097,'5086','COMPENSATOR VALVE',0000000035,'METALSIGMAUSER','2019-02-21 14:47:08',NULL,NULL),(0000001098,'5087','COOLING & TEST MANIFOLD',0000000035,'METALSIGMAUSER','2019-02-21 14:47:08',NULL,NULL),(0000001099,'5088','PILOT TEST VALVE',0000000035,'METALSIGMAUSER','2019-02-21 14:47:08',NULL,NULL),(0000001100,'5089','BLOCKER VALVE',0000000035,'METALSIGMAUSER','2019-02-21 14:47:08',NULL,NULL),(0000001101,'5090','LINE MAKE-UP VALVE',0000000035,'METALSIGMAUSER','2019-02-21 14:47:08',NULL,NULL),(0000001102,'5091','CASE DRAIN OIL FILTER',0000000035,'METALSIGMAUSER','2019-02-21 14:47:08',NULL,NULL),(0000001103,'5092','PILOT SYSTEM HYDRAULIC FILTER',0000000035,'METALSIGMAUSER','2019-02-21 14:47:08',NULL,NULL),(0000001104,'5093','HYDRAULIC FILTER BYPASS VALVE',0000000035,'METALSIGMAUSER','2019-02-21 14:47:08',NULL,NULL),(0000001105,'5094','HYDRAULIC CONTROL KIT',0000000035,'METALSIGMAUSER','2019-02-21 14:47:08',NULL,NULL),(0000001106,'5095','HYDRAULIC OIL',0000000035,'METALSIGMAUSER','2019-02-21 14:47:08',NULL,NULL),(0000001107,'5096','HYDRAULIC OIL HEATER',0000000035,'METALSIGMAUSER','2019-02-21 14:47:08',NULL,NULL),(0000001108,'5097','HYDRAULIC FLOW DIVIDER VALVE',0000000035,'METALSIGMAUSER','2019-02-21 14:47:08',NULL,NULL),(0000001109,'5100','LIFT, TILT, TIP & OTHER CONTROLS',0000000036,'METALSIGMAUSER','2019-02-21 14:47:08',NULL,NULL),(0000001110,'5101','ANGLING CYLINDER',0000000036,'METALSIGMAUSER','2019-02-21 14:47:08',NULL,NULL),(0000001111,'5102','LIFT/HOIST CYLINDER',0000000036,'METALSIGMAUSER','2019-02-21 14:47:08',NULL,NULL),(0000001112,'5103','LIFT CYLINDER TRUNNION',0000000036,'METALSIGMAUSER','2019-02-21 14:47:08',NULL,NULL),(0000001113,'5104','TILT CYLINDER',0000000036,'METALSIGMAUSER','2019-02-21 14:47:08',NULL,NULL),(0000001114,'5105','SWING CYLINDER',0000000036,'METALSIGMAUSER','2019-02-21 14:47:08',NULL,NULL),(0000001115,'5106','TIP CYLINDER',0000000036,'METALSIGMAUSER','2019-02-21 14:47:08',NULL,NULL),(0000001116,'5107','TAILGATE CYLINDER',0000000036,'METALSIGMAUSER','2019-02-21 14:47:08',NULL,NULL),(0000001117,'5108','SIDE DUMP CYLINDER',0000000036,'METALSIGMAUSER','2019-02-21 14:47:08',NULL,NULL),(0000001118,'5109','LIFT KICKOUT CONTROL',0000000036,'METALSIGMAUSER','2019-02-21 14:47:08',NULL,NULL),(0000001119,'5110','QUICK-DROP VALVE',0000000036,'METALSIGMAUSER','2019-02-21 14:47:08',NULL,NULL),(0000001120,'5111','CROSSOVER VALVE',0000000036,'METALSIGMAUSER','2019-02-21 14:47:08',NULL,NULL),(0000001121,'5112','WORK TOOL POSITIONER',0000000036,'METALSIGMAUSER','2019-02-21 14:47:08',NULL,NULL),(0000001122,'5113','BLADE LIFT CYLINDER',0000000036,'METALSIGMAUSER','2019-02-21 14:47:08',NULL,NULL),(0000001123,'5114','TILTROTATOR ROTATION SENSOR',0000000036,'METALSIGMAUSER','2019-02-21 14:47:08',NULL,NULL),(0000001124,'5115','BULLDOZER CONTROL VALVE',0000000036,'METALSIGMAUSER','2019-02-21 14:47:08',NULL,NULL),(0000001125,'5116','ATTACHMENT CYLINDER',0000000036,'METALSIGMAUSER','2019-02-21 14:47:08',NULL,NULL),(0000001126,'5117','PRESSURE CONTROL/RELIEF VALVE',0000000036,'METALSIGMAUSER','2019-02-21 14:47:08',NULL,NULL),(0000001127,'5118','VENT VALVE',0000000036,'METALSIGMAUSER','2019-02-21 14:47:08',NULL,NULL),(0000001128,'5119','FLOAT SELECTOR VALVE',0000000036,'METALSIGMAUSER','2019-02-21 14:47:08',NULL,NULL),(0000001129,'5120','PUMP SELECTOR VALVE',0000000036,'METALSIGMAUSER','2019-02-21 14:47:08',NULL,NULL),(0000001130,'5121','TILT SENSOR',0000000036,'METALSIGMAUSER','2019-02-21 14:47:08',NULL,NULL),(0000001131,'5122','BUCKET CONTROL VALVE',0000000036,'METALSIGMAUSER','2019-02-21 14:47:08',NULL,NULL),(0000001132,'5123','TILT CONTROL VALVE',0000000036,'METALSIGMAUSER','2019-02-21 14:47:08',NULL,NULL),(0000001133,'5124','LOADER CONTROL VALVE',0000000036,'METALSIGMAUSER','2019-02-21 14:47:08',NULL,NULL),(0000001134,'5125','TILT PILOT VALVE',0000000036,'METALSIGMAUSER','2019-02-21 14:47:08',NULL,NULL),(0000001135,'5126','LIFT PILOT VALVE',0000000036,'METALSIGMAUSER','2019-02-21 14:47:08',NULL,NULL),(0000001136,'5127','CYLINDER CHECK VALVE',0000000036,'METALSIGMAUSER','2019-02-21 14:47:08',NULL,NULL),(0000001137,'5128','OVER-CENTER VALVE',0000000036,'METALSIGMAUSER','2019-02-21 14:47:08',NULL,NULL),(0000001138,'5129','RESTRICTOR VALVE',0000000036,'METALSIGMAUSER','2019-02-21 14:47:08',NULL,NULL),(0000001139,'5130','LOCK VALVE',0000000036,'METALSIGMAUSER','2019-02-21 14:47:08',NULL,NULL),(0000001140,'5132','LIFT & TILT POSITIONER & KICKOUT SOLENOID',0000000036,'METALSIGMAUSER','2019-02-21 14:47:08',NULL,NULL),(0000001141,'5133','COUPLER CYLINDER',0000000036,'METALSIGMAUSER','2019-02-21 14:47:08',NULL,NULL),(0000001142,'5134','KICKOUT VALVE',0000000036,'METALSIGMAUSER','2019-02-21 14:47:08',NULL,NULL),(0000001143,'5136','LIFT/HOIST CONTROL VALVE',0000000036,'METALSIGMAUSER','2019-02-21 14:47:08',NULL,NULL),(0000001144,'5137','FLOW CONTROL VALVE',0000000036,'METALSIGMAUSER','2019-02-21 14:47:08',NULL,NULL),(0000001145,'5138','DOOR CYLINDER',0000000036,'METALSIGMAUSER','2019-02-21 14:47:08',NULL,NULL),(0000001146,'5139','BUCKET SWIVEL HINGE',0000000036,'METALSIGMAUSER','2019-02-21 14:47:08',NULL,NULL),(0000001147,'5140','ANGLE CONTROL VALVE',0000000036,'METALSIGMAUSER','2019-02-21 14:47:08',NULL,NULL),(0000001148,'5141','HITCH LIFT CYLINDER',0000000036,'METALSIGMAUSER','2019-02-21 14:47:08',NULL,NULL),(0000001149,'5142','DRAFT CONTROL',0000000036,'METALSIGMAUSER','2019-02-21 14:47:08',NULL,NULL),(0000001150,'5143','DRIFT REDUCTION VALVE',0000000036,'METALSIGMAUSER','2019-02-21 14:47:08',NULL,NULL),(0000001151,'5144','FRAME LEVEL VALVE',0000000036,'METALSIGMAUSER','2019-02-21 14:47:08',NULL,NULL),(0000001152,'5145','TOP CLAMP CYLINDER',0000000036,'METALSIGMAUSER','2019-02-21 14:47:08',NULL,NULL),(0000001153,'5146','DUMP CYLINDER',0000000036,'METALSIGMAUSER','2019-02-21 14:47:08',NULL,NULL),(0000001154,'5147','LOWERING CONTROL VALVE',0000000036,'METALSIGMAUSER','2019-02-21 14:47:08',NULL,NULL),(0000001155,'5148','MULTIPURPOSE BUCKET CONTROL VALVE',0000000036,'METALSIGMAUSER','2019-02-21 14:47:08',NULL,NULL),(0000001156,'5149','BOGIE LIFT CYLINDER',0000000036,'METALSIGMAUSER','2019-02-21 14:47:08',NULL,NULL),(0000001157,'5150','CABLE & WINCH CONTROLS',0000000037,'METALSIGMAUSER','2019-02-21 14:47:08',NULL,NULL),(0000001158,'5151','SINGLE DRUM CABLE CONTROL',0000000037,'METALSIGMAUSER','2019-02-21 14:47:08',NULL,NULL),(0000001159,'5152','DOUBLE DRUM CABLE CONTROL',0000000037,'METALSIGMAUSER','2019-02-21 14:47:08',NULL,NULL),(0000001160,'5153','CABLE CONTROL UNIVERSAL JOINT',0000000037,'METALSIGMAUSER','2019-02-21 14:47:08',NULL,NULL),(0000001161,'5154','CABLE',0000000037,'METALSIGMAUSER','2019-02-21 14:47:08',NULL,NULL),(0000001162,'5155','CABLE BRAKE',0000000037,'METALSIGMAUSER','2019-02-21 14:47:08',NULL,NULL),(0000001163,'5156','BRAKE BAND WINCH',0000000037,'METALSIGMAUSER','2019-02-21 14:47:08',NULL,NULL),(0000001164,'5157','CABLE CONTROL CLUTCH',0000000037,'METALSIGMAUSER','2019-02-21 14:47:08',NULL,NULL),(0000001165,'5158','DRIVE LINE',0000000037,'METALSIGMAUSER','2019-02-21 14:47:08',NULL,NULL),(0000001166,'5159','WINCH DRUM',0000000037,'METALSIGMAUSER','2019-02-21 14:47:08',NULL,NULL),(0000001167,'5160','SHEAVE',0000000037,'METALSIGMAUSER','2019-02-21 14:47:08',NULL,NULL),(0000001168,'5161','WINCH/CABLE CONTROL LINKAGE',0000000037,'METALSIGMAUSER','2019-02-21 14:47:08',NULL,NULL),(0000001169,'5162','CABLE SAVER',0000000037,'METALSIGMAUSER','2019-02-21 14:47:08',NULL,NULL),(0000001170,'5163','WINCH',0000000037,'METALSIGMAUSER','2019-02-21 14:47:08',NULL,NULL),(0000001171,'5164','WINCH HYDRAULIC PUMP',0000000037,'METALSIGMAUSER','2019-02-21 14:47:08',NULL,NULL),(0000001172,'5165','WINCH DRIVE GEARS & PLANETARY',0000000037,'METALSIGMAUSER','2019-02-21 14:47:08',NULL,NULL),(0000001173,'5166','WINCH INPUT CLUTCH & SHAFT',0000000037,'METALSIGMAUSER','2019-02-21 14:47:08',NULL,NULL),(0000001174,'5167','WINCH BEVEL GEAR, SHAFT & CLUTCH',0000000037,'METALSIGMAUSER','2019-02-21 14:47:08',NULL,NULL),(0000001175,'5168','WINCH DIRECTIONAL CLUTCH',0000000037,'METALSIGMAUSER','2019-02-21 14:47:08',NULL,NULL),(0000001176,'5169','WINCH PINION',0000000037,'METALSIGMAUSER','2019-02-21 14:47:08',NULL,NULL),(0000001177,'5170','WINCH CONTROL VALVE',0000000037,'METALSIGMAUSER','2019-02-21 14:47:08',NULL,NULL),(0000001178,'5171','CLUTCH BAND',0000000037,'METALSIGMAUSER','2019-02-21 14:47:08',NULL,NULL),(0000001179,'5172','WINCH BRAKE BOOSTER',0000000037,'METALSIGMAUSER','2019-02-21 14:47:08',NULL,NULL),(0000001180,'5173','WINCH CLUTCH BRAKE',0000000037,'METALSIGMAUSER','2019-02-21 14:47:08',NULL,NULL),(0000001181,'5174','DRUM DISCONNECT',0000000037,'METALSIGMAUSER','2019-02-21 14:47:08',NULL,NULL),(0000001182,'5175','WINCH CLUTCH PLATE',0000000037,'METALSIGMAUSER','2019-02-21 14:47:08',NULL,NULL),(0000001183,'5176','WINCH CLUTCH PISTON',0000000037,'METALSIGMAUSER','2019-02-21 14:47:08',NULL,NULL),(0000001184,'5177','WINCH OIL FILTER',0000000037,'METALSIGMAUSER','2019-02-21 14:47:08',NULL,NULL),(0000001185,'5178','WINCH DRIVE SHAFT',0000000037,'METALSIGMAUSER','2019-02-21 14:47:08',NULL,NULL),(0000001186,'5179','WINCH HOSE/LINE',0000000037,'METALSIGMAUSER','2019-02-21 14:47:08',NULL,NULL),(0000001187,'5180','CABLE GUIDE',0000000037,'METALSIGMAUSER','2019-02-21 14:47:08',NULL,NULL),(0000001188,'5181','HYDRAULIC RETRIEVAL DEVICE',0000000037,'METALSIGMAUSER','2019-02-21 14:47:08',NULL,NULL),(0000001189,'5182','TENSIONING CABLE',0000000037,'METALSIGMAUSER','2019-02-21 14:47:08',NULL,NULL),(0000001190,'5200','MOTOR GRADER & OTHER IMPLEMENT CONTROLS',0000000038,'METALSIGMAUSER','2019-02-21 14:47:08',NULL,NULL),(0000001191,'5201','POWER CONTROL BOX',0000000038,'METALSIGMAUSER','2019-02-21 14:47:08',NULL,NULL),(0000001192,'5204','POWER CONTROL INPUT DRIVE SHAFT',0000000038,'METALSIGMAUSER','2019-02-21 14:47:08',NULL,NULL),(0000001193,'5205','BLADE LIFT GEARBOX',0000000038,'METALSIGMAUSER','2019-02-21 14:47:08',NULL,NULL),(0000001194,'5206','CIRCLE DRIVE MOTOR',0000000038,'METALSIGMAUSER','2019-02-21 14:47:08',NULL,NULL),(0000001195,'5207','CIRCLE DRIVE',0000000038,'METALSIGMAUSER','2019-02-21 14:47:08',NULL,NULL),(0000001196,'5208','CIRCLE REVERSE/TRANSFER GEARBOX',0000000038,'METALSIGMAUSER','2019-02-21 14:47:08',NULL,NULL),(0000001197,'5209','CIRCLE DRIVE SLIP CLUTCH',0000000038,'METALSIGMAUSER','2019-02-21 14:47:08',NULL,NULL),(0000001198,'5210','CENTERSHIFT GEARBOX',0000000038,'METALSIGMAUSER','2019-02-21 14:47:08',NULL,NULL),(0000001199,'5211','WHEEL LEAN CYLINDER',0000000038,'METALSIGMAUSER','2019-02-21 14:47:08',NULL,NULL),(0000001200,'5212','SCARIFIER GEARBOX/CONTROL',0000000038,'METALSIGMAUSER','2019-02-21 14:47:08',NULL,NULL),(0000001201,'5213','SCARIFIER CYLINDER',0000000038,'METALSIGMAUSER','2019-02-21 14:47:08',NULL,NULL),(0000001202,'5214','SCARIFIER VALVE',0000000038,'METALSIGMAUSER','2019-02-21 14:47:08',NULL,NULL),(0000001203,'5216','AUTOMATIC BLADE CONTROL',0000000038,'METALSIGMAUSER','2019-02-21 14:47:08',NULL,NULL),(0000001204,'5218','BLADE LIFT SHAFT',0000000038,'METALSIGMAUSER','2019-02-21 14:47:08',NULL,NULL),(0000001205,'5219','BLADE LIFT ARM',0000000038,'METALSIGMAUSER','2019-02-21 14:47:08',NULL,NULL),(0000001206,'5220','CENTERSHIFT LOCK CONTROL VALVE',0000000038,'METALSIGMAUSER','2019-02-21 14:47:08',NULL,NULL),(0000001207,'5221','CENTERSHIFT LOCK',0000000038,'METALSIGMAUSER','2019-02-21 14:47:08',NULL,NULL),(0000001208,'5222','CENTERSHIFT RACK & RAIL/BLADE LIFT BAR',0000000038,'METALSIGMAUSER','2019-02-21 14:47:08',NULL,NULL),(0000001209,'5223','CENTERSHIFT CYLINDER',0000000038,'METALSIGMAUSER','2019-02-21 14:47:08',NULL,NULL),(0000001210,'5224','LEANING WHEEL GEARBOX',0000000038,'METALSIGMAUSER','2019-02-21 14:47:08',NULL,NULL),(0000001211,'5225','LEANING WHEEL LINKAGE',0000000038,'METALSIGMAUSER','2019-02-21 14:47:08',NULL,NULL),(0000001212,'5226','LEANING WHEEL CONTROL VALVE',0000000038,'METALSIGMAUSER','2019-02-21 14:47:08',NULL,NULL),(0000001213,'5227','BLADE SIDESHIFT CONTROL',0000000038,'METALSIGMAUSER','2019-02-21 14:47:08',NULL,NULL),(0000001214,'5229','BLADE SIDESHIFT CYLINDER',0000000038,'METALSIGMAUSER','2019-02-21 14:47:08',NULL,NULL),(0000001215,'5230','BLADE SIDESHIFT RAIL',0000000038,'METALSIGMAUSER','2019-02-21 14:47:08',NULL,NULL),(0000001216,'5234','PUMP DRIVE UNIVERSAL JOINT',0000000038,'METALSIGMAUSER','2019-02-21 14:47:08',NULL,NULL),(0000001217,'5235','LOCK CHECK VALVE',0000000038,'METALSIGMAUSER','2019-02-21 14:47:08',NULL,NULL),(0000001218,'5236','POWER CONTROL PUMP',0000000038,'METALSIGMAUSER','2019-02-21 14:47:08',NULL,NULL),(0000001219,'5237','POWER CONTROL OUTPUT SHAFT',0000000038,'METALSIGMAUSER','2019-02-21 14:47:08',NULL,NULL),(0000001220,'5241','BLADE FLOAT',0000000038,'METALSIGMAUSER','2019-02-21 14:47:08',NULL,NULL),(0000001221,'5242','BLADE LIFT LINK',0000000038,'METALSIGMAUSER','2019-02-21 14:47:08',NULL,NULL),(0000001222,'5251','CENTERSHIFT LINK',0000000038,'METALSIGMAUSER','2019-02-21 14:47:08',NULL,NULL),(0000001223,'5252','CENTERSHIFT BALLSTUD',0000000038,'METALSIGMAUSER','2019-02-21 14:47:08',NULL,NULL),(0000001224,'5253','BLADE LIFT BALLSTUD',0000000038,'METALSIGMAUSER','2019-02-21 14:47:08',NULL,NULL),(0000001225,'5254','BLADE BRACKET',0000000038,'METALSIGMAUSER','2019-02-21 14:47:08',NULL,NULL),(0000001226,'5255','CAMDRIVE (ABC)',0000000038,'METALSIGMAUSER','2019-02-21 14:47:08',NULL,NULL),(0000001227,'5256','POWERED PENDULUM (ABC)',0000000038,'METALSIGMAUSER','2019-02-21 14:47:08',NULL,NULL),(0000001228,'5257','GENERATOR & DRIVE GROUP (ABC)',0000000038,'METALSIGMAUSER','2019-02-21 14:47:08',NULL,NULL),(0000001229,'5258','CONTROL CONSOLE',0000000038,'METALSIGMAUSER','2019-02-21 14:47:08',NULL,NULL),(0000001230,'5259','WIRE/WHEEL/SKID FOLLOWER',0000000038,'METALSIGMAUSER','2019-02-21 14:47:08',NULL,NULL),(0000001231,'5260','WIRING HARNESS (ABC)',0000000038,'METALSIGMAUSER','2019-02-21 14:47:08',NULL,NULL),(0000001232,'5261','SERVO VALVE',0000000038,'METALSIGMAUSER','2019-02-21 14:47:08',NULL,NULL),(0000001233,'5262','BALL RESOLVER (ABC)',0000000038,'METALSIGMAUSER','2019-02-21 14:47:08',NULL,NULL),(0000001234,'5263','CAMDRIVE/BALL RESOLVER CHAIN',0000000038,'METALSIGMAUSER','2019-02-21 14:47:08',NULL,NULL),(0000001235,'5264','HYDRAULIC MANIFOLD',0000000038,'METALSIGMAUSER','2019-02-21 14:47:08',NULL,NULL),(0000001236,'5265','ARTICULATION CYLINDER',0000000038,'METALSIGMAUSER','2019-02-21 14:47:08',NULL,NULL),(0000001237,'5266','ARTICULATION VALVE',0000000038,'METALSIGMAUSER','2019-02-21 14:47:08',NULL,NULL),(0000001238,'5267','ACCUGRADE',0000000038,'METALSIGMAUSER','2019-02-21 14:47:08',NULL,NULL),(0000001239,'5300','SCRAPER & OTHER CONTROLS',0000000039,'METALSIGMAUSER','2019-02-21 14:47:08',NULL,NULL),(0000001240,'5301','APRON LIFT CYLINDER',0000000039,'METALSIGMAUSER','2019-02-21 14:47:08',NULL,NULL),(0000001241,'5302','APRON SEQUENCE VALVE',0000000039,'METALSIGMAUSER','2019-02-21 14:47:08',NULL,NULL),(0000001242,'5303','BOWL LIFT CYLINDER',0000000039,'METALSIGMAUSER','2019-02-21 14:47:08',NULL,NULL),(0000001243,'5304','SCRAPER CONTROL VALVE',0000000039,'METALSIGMAUSER','2019-02-21 14:47:08',NULL,NULL),(0000001244,'5305','EJECTOR CYLINDER',0000000039,'METALSIGMAUSER','2019-02-21 14:47:08',NULL,NULL),(0000001245,'5306','EJECTOR SEQUENCE VALVE',0000000039,'METALSIGMAUSER','2019-02-21 14:47:08',NULL,NULL),(0000001246,'5307','PUSH-PULL BAIL CYLINDER',0000000039,'METALSIGMAUSER','2019-02-21 14:47:08',NULL,NULL),(0000001247,'5308','PUSH-PULL CONTROL VALVE',0000000039,'METALSIGMAUSER','2019-02-21 14:47:08',NULL,NULL),(0000001248,'5309','FLOOR DUMP CYLINDER',0000000039,'METALSIGMAUSER','2019-02-21 14:47:08',NULL,NULL),(0000001249,'5310','TRACTION CONTROL CYLINDER',0000000039,'METALSIGMAUSER','2019-02-21 14:47:08',NULL,NULL),(0000001250,'5312','LEVELING VALVE',0000000039,'METALSIGMAUSER','2019-02-21 14:47:08',NULL,NULL),(0000001251,'5313','CUSHION HITCH CONTROL VALVE',0000000039,'METALSIGMAUSER','2019-02-21 14:47:08',NULL,NULL),(0000001252,'5314','ELEVATOR MOTOR',0000000039,'METALSIGMAUSER','2019-02-21 14:47:08',NULL,NULL),(0000001253,'5315','ELEVATOR HYDRAULIC PUMP',0000000039,'METALSIGMAUSER','2019-02-21 14:47:08',NULL,NULL),(0000001254,'5316','CUSHION HITCH PUMP',0000000039,'METALSIGMAUSER','2019-02-21 14:47:08',NULL,NULL),(0000001255,'5317','CUSHION HITCH LOAD CYLINDER',0000000039,'METALSIGMAUSER','2019-02-21 14:47:08',NULL,NULL),(0000001256,'5318','ELEVATOR DELAY VALVE',0000000039,'METALSIGMAUSER','2019-02-21 14:47:08',NULL,NULL),(0000001257,'5319','CUSHION HITCH SELECTOR VALVE',0000000039,'METALSIGMAUSER','2019-02-21 14:47:08',NULL,NULL),(0000001258,'5320','ELEVATOR CHAIN ADJUSTMENT CYLINDER',0000000039,'METALSIGMAUSER','2019-02-21 14:47:08',NULL,NULL),(0000001259,'5321','CARRY CHECK VALVE',0000000039,'METALSIGMAUSER','2019-02-21 14:47:08',NULL,NULL),(0000001260,'5322','EJECTOR CHECK VALVE',0000000039,'METALSIGMAUSER','2019-02-21 14:47:08',NULL,NULL),(0000001261,'5323','PUSH-PULL PUMP',0000000039,'METALSIGMAUSER','2019-02-21 14:47:08',NULL,NULL),(0000001262,'5325','SPEED CONTROL VALVE',0000000039,'METALSIGMAUSER','2019-02-21 14:47:08',NULL,NULL),(0000001263,'5350','RIPPER, TOOL BAR & OTHER CONTROLS',0000000040,'METALSIGMAUSER','2019-02-21 14:47:08',NULL,NULL),(0000001264,'5351','RIPPER CONTROL VALVE',0000000040,'METALSIGMAUSER','2019-02-21 14:47:08',NULL,NULL),(0000001265,'5352','RIPPER LIFT CYLINDER',0000000040,'METALSIGMAUSER','2019-02-21 14:47:08',NULL,NULL),(0000001266,'5353','RIPPER PIN PULLER CONTROL VALVE',0000000040,'METALSIGMAUSER','2019-02-21 14:47:08',NULL,NULL),(0000001267,'5354','RIPPER PIN PULLER CYLINDER',0000000040,'METALSIGMAUSER','2019-02-21 14:47:08',NULL,NULL),(0000001268,'5355','TOOL BAR CYLINDER',0000000040,'METALSIGMAUSER','2019-02-21 14:47:08',NULL,NULL),(0000001269,'5356','RIPPER TILT CYLINDER',0000000040,'METALSIGMAUSER','2019-02-21 14:47:08',NULL,NULL),(0000001270,'5357','RIPPER CONTROL',0000000040,'METALSIGMAUSER','2019-02-21 14:47:08',NULL,NULL),(0000001271,'5358','PULVERIZER CYLINDER',0000000040,'METALSIGMAUSER','2019-02-21 14:47:08',NULL,NULL),(0000001272,'5359','CRUSHER CYLINDER',0000000040,'METALSIGMAUSER','2019-02-21 14:47:08',NULL,NULL),(0000001273,'5360','TOOL DRIVE',0000000040,'METALSIGMAUSER','2019-02-21 14:47:08',NULL,NULL),(0000001274,'5361','ANGLE CONTROL',0000000040,'METALSIGMAUSER','2019-02-21 14:47:08',NULL,NULL),(0000001275,'5362','WORK TOOL CYLINDER',0000000040,'METALSIGMAUSER','2019-02-21 14:47:08',NULL,NULL),(0000001276,'5363','WORK TOOL PLANETARY',0000000040,'METALSIGMAUSER','2019-02-21 14:47:08',NULL,NULL),(0000001277,'5400','PIPELAYER, COUNTERWEIGHT & OTHER CONTROLS',0000000041,'METALSIGMAUSER','2019-02-21 14:47:08',NULL,NULL),(0000001278,'5401','PIPELAYER WINCH',0000000041,'METALSIGMAUSER','2019-02-21 14:47:08',NULL,NULL),(0000001279,'5402','PIPELAYER WINCH DRUM',0000000041,'METALSIGMAUSER','2019-02-21 14:47:08',NULL,NULL),(0000001280,'5403','PIPELAYER WINCH TRANSMISSION',0000000041,'METALSIGMAUSER','2019-02-21 14:47:08',NULL,NULL),(0000001281,'5404','PIPELAYER WINCH CLUTCH',0000000041,'METALSIGMAUSER','2019-02-21 14:47:08',NULL,NULL),(0000001282,'5405','PIPELAYER WINCH BRAKE',0000000041,'METALSIGMAUSER','2019-02-21 14:47:08',NULL,NULL),(0000001283,'5407','PIPELAYER WINCH CLUTCH & DRIVE',0000000041,'METALSIGMAUSER','2019-02-21 14:47:08',NULL,NULL),(0000001284,'5408','COUNTERWEIGHT CONTROL VALVE',0000000041,'METALSIGMAUSER','2019-02-21 14:47:08',NULL,NULL),(0000001285,'5409','COUNTERWEIGHT CYLINDER',0000000041,'METALSIGMAUSER','2019-02-21 14:47:08',NULL,NULL),(0000001286,'5410','WINCH DRIVE MOTOR',0000000041,'METALSIGMAUSER','2019-02-21 14:47:08',NULL,NULL),(0000001287,'5411','PIPELAYER WINCH METERING GEAR PUMP',0000000041,'METALSIGMAUSER','2019-02-21 14:47:08',NULL,NULL),(0000001288,'5412','DIRECTION CONTROL VALVE',0000000041,'METALSIGMAUSER','2019-02-21 14:47:08',NULL,NULL),(0000001289,'5413','WINCH SPEED & BRAKE CONTROL VALVE',0000000041,'METALSIGMAUSER','2019-02-21 14:47:08',NULL,NULL),(0000001290,'5414','PIPELAYER BOOM WINCH',0000000041,'METALSIGMAUSER','2019-02-21 14:47:08',NULL,NULL),(0000001291,'5415','PIPELAYER BOOM SHEAVE BLOCK',0000000041,'METALSIGMAUSER','2019-02-21 14:47:08',NULL,NULL),(0000001292,'5416','PIPELAYER BOOM KICKOUT MECHANISM',0000000041,'METALSIGMAUSER','2019-02-21 14:47:08',NULL,NULL),(0000001293,'5417','PIPELAYER LOAD WINCH',0000000041,'METALSIGMAUSER','2019-02-21 14:47:08',NULL,NULL),(0000001294,'5418','PIPELAYER LOAD SHEAVE BLOCK',0000000041,'METALSIGMAUSER','2019-02-21 14:47:08',NULL,NULL),(0000001295,'5419','WINCH CLUTCH & BRAKE CONTROL',0000000041,'METALSIGMAUSER','2019-02-21 14:47:08',NULL,NULL),(0000001296,'5420','COUNTERWEIGHT COUNTERBALANCE VALVE',0000000041,'METALSIGMAUSER','2019-02-21 14:47:08',NULL,NULL),(0000001297,'5450','EXCAVATOR/BACKHOE/FRONT SHOVEL/SURFACE EXTRACTION & OTHER CONTROLS',0000000042,'METALSIGMAUSER','2019-02-21 14:47:08',NULL,NULL),(0000001298,'5451','SHOVEL BOOM CYLINDER',0000000042,'METALSIGMAUSER','2019-02-21 14:47:08',NULL,NULL),(0000001299,'5452','SHOVEL STICK CYLINDER',0000000042,'METALSIGMAUSER','2019-02-21 14:47:08',NULL,NULL),(0000001300,'5453','CHECK & RELIEF VALVE',0000000042,'METALSIGMAUSER','2019-02-21 14:47:08',NULL,NULL),(0000001301,'5454','SWING RELIEF VALVE',0000000042,'METALSIGMAUSER','2019-02-21 14:47:08',NULL,NULL),(0000001302,'5455','PUMP SIGNAL PRESSURE CONTROL VALVE',0000000042,'METALSIGMAUSER','2019-02-21 14:47:08',NULL,NULL),(0000001303,'5456','BOOM CYLINDER',0000000042,'METALSIGMAUSER','2019-02-21 14:47:08',NULL,NULL),(0000001304,'5457','BUCKET CYLINDER',0000000042,'METALSIGMAUSER','2019-02-21 14:47:08',NULL,NULL),(0000001305,'5458','STICK CYLINDER',0000000042,'METALSIGMAUSER','2019-02-21 14:47:08',NULL,NULL),(0000001306,'5459','SWING DRIVE',0000000042,'METALSIGMAUSER','2019-02-21 14:47:08',NULL,NULL),(0000001307,'5460','SWING BRAKE',0000000042,'METALSIGMAUSER','2019-02-21 14:47:08',NULL,NULL),(0000001308,'5461','BOOM CONTROL VALVE',0000000042,'METALSIGMAUSER','2019-02-21 14:47:08',NULL,NULL),(0000001309,'5462','SPEED & DIRECTION PILOT CONTROL VALVE',0000000042,'METALSIGMAUSER','2019-02-21 14:47:08',NULL,NULL),(0000001310,'5463','OFFSET CYLINDER',0000000042,'METALSIGMAUSER','2019-02-21 14:47:08',NULL,NULL),(0000001311,'5464','STICK CONTROL VALVE',0000000042,'METALSIGMAUSER','2019-02-21 14:47:08',NULL,NULL),(0000001312,'5465','STICK & SWING PILOT CONTROL VALVE',0000000042,'METALSIGMAUSER','2019-02-21 14:47:08',NULL,NULL),(0000001313,'5466','BOOM & ATTACHMENT PILOT CONTROL VALVE',0000000042,'METALSIGMAUSER','2019-02-21 14:47:08',NULL,NULL),(0000001314,'5467','PRESSURE REDUCING/SUMMING VALVE',0000000042,'METALSIGMAUSER','2019-02-21 14:47:08',NULL,NULL),(0000001315,'5468','STABILIZER CYLINDER',0000000042,'METALSIGMAUSER','2019-02-21 14:47:08',NULL,NULL),(0000001316,'5469','UNDERSPEED VALVE',0000000042,'METALSIGMAUSER','2019-02-21 14:47:08',NULL,NULL),(0000001317,'5470','BUCKET MASTER CYLINDER',0000000042,'METALSIGMAUSER','2019-02-21 14:47:08',NULL,NULL),(0000001318,'5471','COMBINER & RELIEF VALVE',0000000042,'METALSIGMAUSER','2019-02-21 14:47:08',NULL,NULL),(0000001319,'5472','LOAD CHECK VALVE',0000000042,'METALSIGMAUSER','2019-02-21 14:47:08',NULL,NULL),(0000001320,'5473','SWING PUMP',0000000042,'METALSIGMAUSER','2019-02-21 14:47:08',NULL,NULL),(0000001321,'5474','EXTENDABLE STICK CONTROL VALVE',0000000042,'METALSIGMAUSER','2019-02-21 14:47:08',NULL,NULL),(0000001322,'5475','BOTTOM DUMP BUCKET CONTROL VALVE',0000000042,'METALSIGMAUSER','2019-02-21 14:47:08',NULL,NULL),(0000001323,'5476','BACKHOE CONTROL VALVE',0000000042,'METALSIGMAUSER','2019-02-21 14:47:08',NULL,NULL),(0000001324,'5477','SWING ACTUATOR',0000000042,'METALSIGMAUSER','2019-02-21 14:47:08',NULL,NULL),(0000001325,'5478','BUCKET BOWL CYLINDER',0000000042,'METALSIGMAUSER','2019-02-21 14:47:08',NULL,NULL),(0000001326,'5479','SOLENOID VALVE',0000000042,'METALSIGMAUSER','2019-02-21 14:47:08',NULL,NULL),(0000001327,'5480','SWING CONTROL VALVE',0000000042,'METALSIGMAUSER','2019-02-21 14:47:08',NULL,NULL),(0000001328,'5481','STABILIZER CONTROL VALVE',0000000042,'METALSIGMAUSER','2019-02-21 14:47:08',NULL,NULL),(0000001329,'5482','HEEL CYLINDER',0000000042,'METALSIGMAUSER','2019-02-21 14:47:08',NULL,NULL),(0000001330,'5483','SWING BRAKE VALVE',0000000042,'METALSIGMAUSER','2019-02-21 14:47:08',NULL,NULL),(0000001331,'5484','SIDESHIFT LOCK',0000000042,'METALSIGMAUSER','2019-02-21 14:47:08',NULL,NULL),(0000001332,'5485','ELECTRONIC POWER CONTROL',0000000042,'METALSIGMAUSER','2019-02-21 14:47:08',NULL,NULL),(0000001333,'5486','TELESCOPING CYLINDER',0000000042,'METALSIGMAUSER','2019-02-21 14:47:08',NULL,NULL),(0000001334,'5487','SLOW RETURN VALVE',0000000042,'METALSIGMAUSER','2019-02-21 14:47:08',NULL,NULL),(0000001335,'5488','HYDRAULIC HAMMER CONTROL',0000000042,'METALSIGMAUSER','2019-02-21 14:47:08',NULL,NULL),(0000001336,'5489','INCREASED PRESSURE CONTROL',0000000042,'METALSIGMAUSER','2019-02-21 14:47:08',NULL,NULL),(0000001337,'5490','CLAMSHELL ROTATOR',0000000042,'METALSIGMAUSER','2019-02-21 14:47:08',NULL,NULL),(0000001338,'5491','QUICK COUPLER VALVE',0000000042,'METALSIGMAUSER','2019-02-21 14:47:08',NULL,NULL),(0000001339,'5492','CLAM CONTROL VALVE',0000000042,'METALSIGMAUSER','2019-02-21 14:47:08',NULL,NULL),(0000001340,'5493','SHOVEL BUCKET CYLINDER',0000000042,'METALSIGMAUSER','2019-02-21 14:47:08',NULL,NULL),(0000001341,'5494','ROTATOR MOTOR',0000000042,'METALSIGMAUSER','2019-02-21 14:47:08',NULL,NULL),(0000001342,'5495','ROTATOR CYLINDER',0000000042,'METALSIGMAUSER','2019-02-21 14:47:08',NULL,NULL),(0000001343,'5496','CONTROL PATTERN CHANGE VALVE',0000000042,'METALSIGMAUSER','2019-02-21 14:47:08',NULL,NULL),(0000001344,'5497','FORE BOOM CYLINDER',0000000042,'METALSIGMAUSER','2019-02-21 14:47:08',NULL,NULL),(0000001345,'5498','MULTIPURPOSE BUCKET CYLINDER',0000000042,'METALSIGMAUSER','2019-02-21 14:47:08',NULL,NULL),(0000001346,'5499','THUMB CYLINDER',0000000042,'METALSIGMAUSER','2019-02-21 14:47:08',NULL,NULL),(0000001347,'5500','AIR CONTROL SYSTEM',0000000043,'METALSIGMAUSER','2019-02-21 14:47:08',NULL,NULL),(0000001348,'5501','AIR SYSTEM CONTROL',0000000043,'METALSIGMAUSER','2019-02-21 14:47:08',NULL,NULL),(0000001349,'5502','AIR COMPRESSOR AIR LINE',0000000043,'METALSIGMAUSER','2019-02-21 14:47:08',NULL,NULL),(0000001350,'5503','AIR PRESSURE REGULATOR',0000000043,'METALSIGMAUSER','2019-02-21 14:47:08',NULL,NULL),(0000001351,'5504','AIR CHECK VALVE',0000000043,'METALSIGMAUSER','2019-02-21 14:47:08',NULL,NULL),(0000001352,'5505','AIR RECEIVER/TANK',0000000043,'METALSIGMAUSER','2019-02-21 14:47:08',NULL,NULL),(0000001353,'5506','AIR CONTROL VALVE PNEUMATIC',0000000043,'METALSIGMAUSER','2019-02-21 14:47:08',NULL,NULL),(0000001354,'5507','AIR LINE LUBRICATOR',0000000043,'METALSIGMAUSER','2019-02-21 14:47:08',NULL,NULL),(0000001355,'5508','AIR FILTER REGULATOR',0000000043,'METALSIGMAUSER','2019-02-21 14:47:08',NULL,NULL),(0000001356,'5509','AIR HORN CONTROL VALVE',0000000043,'METALSIGMAUSER','2019-02-21 14:47:08',NULL,NULL),(0000001357,'5510','AIR ACTUATOR',0000000043,'METALSIGMAUSER','2019-02-21 14:47:08',NULL,NULL),(0000001358,'5511','AIR SYSTEM ELECTRONIC CONTROL',0000000043,'METALSIGMAUSER','2019-02-21 14:47:08',NULL,NULL),(0000001359,'5512','AIR PRESSURE SWITCH',0000000043,'METALSIGMAUSER','2019-02-21 14:47:08',NULL,NULL),(0000001360,'5513','AIR RATIO VALVE',0000000043,'METALSIGMAUSER','2019-02-21 14:47:08',NULL,NULL),(0000001361,'5550','LOGGER & SKIDDER CONTROLS',0000000044,'METALSIGMAUSER','2019-02-21 14:47:08',NULL,NULL),(0000001362,'5551','SPEED REDUCER VALVE',0000000044,'METALSIGMAUSER','2019-02-21 14:47:08',NULL,NULL),(0000001363,'5552','DELIMB CHAIN DRIVE',0000000044,'METALSIGMAUSER','2019-02-21 14:47:08',NULL,NULL),(0000001364,'5553','SHEAR CYLINDER',0000000044,'METALSIGMAUSER','2019-02-21 14:47:08',NULL,NULL),(0000001365,'5554','DELIMB CYLINDER',0000000044,'METALSIGMAUSER','2019-02-21 14:47:08',NULL,NULL),(0000001366,'5555','GRAPPLE CYLINDER',0000000044,'METALSIGMAUSER','2019-02-21 14:47:08',NULL,NULL),(0000001367,'5556','DELIMB CHAIN',0000000044,'METALSIGMAUSER','2019-02-21 14:47:08',NULL,NULL),(0000001368,'5557','ARCH CYLINDER',0000000044,'METALSIGMAUSER','2019-02-21 14:47:08',NULL,NULL),(0000001369,'5558','SAW CYLINDER',0000000044,'METALSIGMAUSER','2019-02-21 14:47:08',NULL,NULL),(0000001370,'5559','MEASURING ARM CYLINDER',0000000044,'METALSIGMAUSER','2019-02-21 14:47:08',NULL,NULL),(0000001371,'5560','LOGGER HEAD CONTROL VALVE',0000000044,'METALSIGMAUSER','2019-02-21 14:47:08',NULL,NULL),(0000001372,'5561','LOGGER HEAD CHECK VALVE',0000000044,'METALSIGMAUSER','2019-02-21 14:47:08',NULL,NULL),(0000001373,'5562','DELIMB CYLINDER SELECTOR VALVE',0000000044,'METALSIGMAUSER','2019-02-21 14:47:08',NULL,NULL),(0000001374,'5563','SHEAR SPEED CHANGE VALVE',0000000044,'METALSIGMAUSER','2019-02-21 14:47:08',NULL,NULL),(0000001375,'5564','GRAPPLE CYLINDER CHECK VALVE',0000000044,'METALSIGMAUSER','2019-02-21 14:47:08',NULL,NULL),(0000001376,'5565','GRAPPLE/DELIMB ARM PILOT VALVE',0000000044,'METALSIGMAUSER','2019-02-21 14:47:08',NULL,NULL),(0000001377,'5566','LOGGER HEAD POSITIONER',0000000044,'METALSIGMAUSER','2019-02-21 14:47:08',NULL,NULL),(0000001378,'5567','LOGGER HEAD POSITIONER MASTER CYLINDER',0000000044,'METALSIGMAUSER','2019-02-21 14:47:08',NULL,NULL),(0000001379,'5568','GRAPPLE CONTROL VALVE',0000000044,'METALSIGMAUSER','2019-02-21 14:47:08',NULL,NULL),(0000001380,'5569','DAMPER',0000000044,'METALSIGMAUSER','2019-02-21 14:47:08',NULL,NULL),(0000001381,'5570','GRAPPLE HYDRAULIC CONTROL',0000000044,'METALSIGMAUSER','2019-02-21 14:47:08',NULL,NULL),(0000001382,'5571','SOLENOID & RELIEF VALVE',0000000044,'METALSIGMAUSER','2019-02-21 14:47:08',NULL,NULL),(0000001383,'5572','FEED ROLLER ARM CYLINDER',0000000044,'METALSIGMAUSER','2019-02-21 14:47:08',NULL,NULL),(0000001384,'5573','HOLDING ARM CYLINDER',0000000044,'METALSIGMAUSER','2019-02-21 14:47:08',NULL,NULL),(0000001385,'5574','MEASURING SENSOR',0000000044,'METALSIGMAUSER','2019-02-21 14:47:08',NULL,NULL),(0000001386,'5575','SAW MOTOR',0000000044,'METALSIGMAUSER','2019-02-21 14:47:08',NULL,NULL),(0000001387,'5576','GATE CYLINDER',0000000044,'METALSIGMAUSER','2019-02-21 14:47:08',NULL,NULL),(0000001388,'5577','SAW PUMP',0000000044,'METALSIGMAUSER','2019-02-21 14:47:08',NULL,NULL),(0000001389,'5600','PAVING EQUIPMENT CONTROLS',0000000045,'METALSIGMAUSER','2019-02-21 14:47:08',NULL,NULL),(0000001390,'5602','IMPLEMENT CLUTCH',0000000045,'METALSIGMAUSER','2019-02-21 14:47:08',NULL,NULL),(0000001391,'5603','DEPTH CONTROL',0000000045,'METALSIGMAUSER','2019-02-21 14:47:08',NULL,NULL),(0000001392,'5604','CUTTER DRIVE IDLER ASSEMBLY',0000000045,'METALSIGMAUSER','2019-02-21 14:47:08',NULL,NULL),(0000001393,'5605','BELT BAND',0000000045,'METALSIGMAUSER','2019-02-21 14:47:08',NULL,NULL),(0000001394,'5606','CUTTER DRIVE',0000000045,'METALSIGMAUSER','2019-02-21 14:47:08',NULL,NULL),(0000001395,'5607','CUTTER DRIVE SHAFT',0000000045,'METALSIGMAUSER','2019-02-21 14:47:08',NULL,NULL),(0000001396,'5608','CUTTER CHAIN CASE',0000000045,'METALSIGMAUSER','2019-02-21 14:47:08',NULL,NULL),(0000001397,'5609','CUTTER FLYWHEEL',0000000045,'METALSIGMAUSER','2019-02-21 14:47:08',NULL,NULL),(0000001398,'5610','CUTTER SHEAVE',0000000045,'METALSIGMAUSER','2019-02-21 14:47:08',NULL,NULL),(0000001399,'5611','CUTTER TORQUE HUB/GEAR REDUCER',0000000045,'METALSIGMAUSER','2019-02-21 14:47:08',NULL,NULL),(0000001400,'5612','WATER SPRAY SYSTEM',0000000045,'METALSIGMAUSER','2019-02-21 14:47:08',NULL,NULL),(0000001401,'5613','WATER SPRAY TANK',0000000045,'METALSIGMAUSER','2019-02-21 14:47:08',NULL,NULL),(0000001402,'5614','WATER SPRAY PUMP',0000000045,'METALSIGMAUSER','2019-02-21 14:47:08',NULL,NULL),(0000001403,'5615','EMULSION SPRAY SYSTEM',0000000045,'METALSIGMAUSER','2019-02-21 14:47:08',NULL,NULL),(0000001404,'5616','EMULSION SPRAY PUMP',0000000045,'METALSIGMAUSER','2019-02-21 14:47:08',NULL,NULL),(0000001405,'5617','ANTI-BACKUP GRADE SHOE',0000000045,'METALSIGMAUSER','2019-02-21 14:47:08',NULL,NULL),(0000001406,'5618','ANTI-BACKUP GRADE SHOE AIR VALVE',0000000045,'METALSIGMAUSER','2019-02-21 14:47:08',NULL,NULL),(0000001407,'5619','VIBRATORY COOLING VALVE',0000000045,'METALSIGMAUSER','2019-02-21 14:47:08',NULL,NULL),(0000001408,'5620','CONVEYOR DRIVE',0000000045,'METALSIGMAUSER','2019-02-21 14:47:08',NULL,NULL),(0000001409,'5621','CONVEYOR DRIVE DRIVE SHAFT',0000000045,'METALSIGMAUSER','2019-02-21 14:47:08',NULL,NULL),(0000001410,'5622','VIBRATOR DRIVE',0000000045,'METALSIGMAUSER','2019-02-21 14:47:08',NULL,NULL),(0000001411,'5623','GEAR PROPORTIONATOR',0000000045,'METALSIGMAUSER','2019-02-21 14:47:08',NULL,NULL),(0000001412,'5624','ANTI-LOPE VALVE',0000000045,'METALSIGMAUSER','2019-02-21 14:47:08',NULL,NULL),(0000001413,'5625','TIRE PRESSURE REGULATION SYSTEM',0000000045,'METALSIGMAUSER','2019-02-21 14:47:08',NULL,NULL),(0000001414,'5626','PULSE PICKUP',0000000045,'METALSIGMAUSER','2019-02-21 14:47:08',NULL,NULL),(0000001415,'5627','CONVEYOR REDUCTION GEARBOX',0000000045,'METALSIGMAUSER','2019-02-21 14:47:08',NULL,NULL),(0000001416,'5628','CONVEYOR SPEED CONTROL',0000000045,'METALSIGMAUSER','2019-02-21 14:47:08',NULL,NULL),(0000001417,'5629','CONVEYOR TORQUE HUB',0000000045,'METALSIGMAUSER','2019-02-21 14:47:08',NULL,NULL),(0000001418,'5630','ROTOR AXLE',0000000045,'METALSIGMAUSER','2019-02-21 14:47:08',NULL,NULL),(0000001419,'5631','ROTOR DRIVE',0000000045,'METALSIGMAUSER','2019-02-21 14:47:08',NULL,NULL),(0000001420,'5632','ROTOR DRIVE SHAFT',0000000045,'METALSIGMAUSER','2019-02-21 14:47:08',NULL,NULL),(0000001421,'5633','ROTOR DRIVE DIFFERENTIAL',0000000045,'METALSIGMAUSER','2019-02-21 14:47:08',NULL,NULL),(0000001422,'5634','ROTOR CHAIN CASE',0000000045,'METALSIGMAUSER','2019-02-21 14:47:08',NULL,NULL),(0000001423,'5635','ROTOR TRANSMISSION',0000000045,'METALSIGMAUSER','2019-02-21 14:47:08',NULL,NULL),(0000001424,'5636','ROTOR DRIVE ELECTRIC SHIFT',0000000045,'METALSIGMAUSER','2019-02-21 14:47:08',NULL,NULL),(0000001425,'5639','SCREED CONTROL',0000000045,'METALSIGMAUSER','2019-02-21 14:47:08',NULL,NULL),(0000001426,'5640','SCREED EXTENSION CONTROL',0000000045,'METALSIGMAUSER','2019-02-21 14:47:08',NULL,NULL),(0000001427,'5641','SCREED JACK',0000000045,'METALSIGMAUSER','2019-02-21 14:47:08',NULL,NULL),(0000001428,'5642','SCREED BURNER/WASHDOWN FUEL SYSTEM',0000000045,'METALSIGMAUSER','2019-02-21 14:47:08',NULL,NULL),(0000001429,'5643','FEEDER CONTROL',0000000045,'METALSIGMAUSER','2019-02-21 14:47:08',NULL,NULL),(0000001430,'5644','MAT THICKNESS CONTROL',0000000045,'METALSIGMAUSER','2019-02-21 14:47:08',NULL,NULL),(0000001431,'5645','AVERAGING SKI/SENSING WHEEL/GRADE CONTROL',0000000045,'METALSIGMAUSER','2019-02-21 14:47:08',NULL,NULL),(0000001432,'5646','TRAVELING STRINGLINE WALKING BEAM',0000000045,'METALSIGMAUSER','2019-02-21 14:47:08',NULL,NULL),(0000001433,'5651','VIBRATORY MOTOR',0000000045,'METALSIGMAUSER','2019-02-21 14:47:08',NULL,NULL),(0000001434,'5652','VIBRATORY PUMP',0000000045,'METALSIGMAUSER','2019-02-21 14:47:08',NULL,NULL),(0000001435,'5653','VIBRATORY CONTROL VALVE',0000000045,'METALSIGMAUSER','2019-02-21 14:47:08',NULL,NULL),(0000001436,'5654','DRUM ISOLATION MOUNTING PAD',0000000045,'METALSIGMAUSER','2019-02-21 14:47:08',NULL,NULL),(0000001437,'5655','DRUM DRIVE GEAR REDUCER',0000000045,'METALSIGMAUSER','2019-02-21 14:47:08',NULL,NULL),(0000001438,'5656','VIBRATORY SUPPORT',0000000045,'METALSIGMAUSER','2019-02-21 14:47:08',NULL,NULL),(0000001439,'5657','FEEDER SENSOR',0000000045,'METALSIGMAUSER','2019-02-21 14:47:08',NULL,NULL),(0000001440,'5658','COUNTERSHAFT DRIVE',0000000045,'METALSIGMAUSER','2019-02-21 14:47:08',NULL,NULL),(0000001441,'5659','VIBRATOR/THROTTLE INTERLOCK',0000000045,'METALSIGMAUSER','2019-02-21 14:47:08',NULL,NULL),(0000001442,'5660','INFRARED SENSOR',0000000045,'METALSIGMAUSER','2019-02-21 14:47:08',NULL,NULL),(0000001443,'5700','IMPLEMENT ELECTRONIC CONTROLS',0000000046,'METALSIGMAUSER','2019-02-21 14:47:08',NULL,NULL),(0000001444,'5701','IMPLEMENT ELECTRONIC CONTROL MODULE (PREPROGRAMMED)',0000000046,'METALSIGMAUSER','2019-02-21 14:47:08',NULL,NULL),(0000001445,'5702','IMPLEMENT HYDRAULIC ELECTRONIC CONTROL',0000000046,'METALSIGMAUSER','2019-02-21 14:47:08',NULL,NULL),(0000001446,'5703','HYDRAULIC PUMP ELECTRIC MOTOR',0000000046,'METALSIGMAUSER','2019-02-21 14:47:08',NULL,NULL),(0000001447,'5704','HYDRAULIC PUMP ELECTRIC MOTOR BRUSHES',0000000046,'METALSIGMAUSER','2019-02-21 14:47:08',NULL,NULL),(0000001448,'5705','JOYSTICK',0000000046,'METALSIGMAUSER','2019-02-21 14:47:08',NULL,NULL),(0000001449,'5707','HYDRAULIC SYSTEM CONTACTOR',0000000046,'METALSIGMAUSER','2019-02-21 14:47:08',NULL,NULL),(0000001450,'5708','HOIST BLOWER MOTOR',0000000046,'METALSIGMAUSER','2019-02-21 14:47:08',NULL,NULL),(0000001451,'5709','SWING BLOWER MOTOR',0000000046,'METALSIGMAUSER','2019-02-21 14:47:09',NULL,NULL),(0000001452,'5710','HYDRAULIC SYSTEM CHOPPER',0000000046,'METALSIGMAUSER','2019-02-21 14:47:09',NULL,NULL),(0000001453,'5713','ELECTRIC HYDRAULIC PUMP',0000000046,'METALSIGMAUSER','2019-02-21 14:47:09',NULL,NULL),(0000001454,'5717','HYDRAULIC SYSTEM TRANSISTOR/THYRISTOR',0000000046,'METALSIGMAUSER','2019-02-21 14:47:09',NULL,NULL),(0000001455,'5718','HYDRAULIC SYSTEM RECTIFIER/DIODE',0000000046,'METALSIGMAUSER','2019-02-21 14:47:09',NULL,NULL),(0000001456,'5719','HYDRAULIC SYSTEM CAPACITOR',0000000046,'METALSIGMAUSER','2019-02-21 14:47:09',NULL,NULL),(0000001457,'5720','HYDRAULIC SYSTEM CHOKE/FILTER/SNUBBER',0000000046,'METALSIGMAUSER','2019-02-21 14:47:09',NULL,NULL),(0000001458,'5721','POTENTIOMETER',0000000046,'METALSIGMAUSER','2019-02-21 14:47:09',NULL,NULL),(0000001459,'5722','HYDRAULIC SYSTEM CONTACTOR COIL ASSEMBLY',0000000046,'METALSIGMAUSER','2019-02-21 14:47:09',NULL,NULL),(0000001460,'5724','HYDRAULIC SYSTEM CONTACTOR ASSEMBLY TIPS',0000000046,'METALSIGMAUSER','2019-02-21 14:47:09',NULL,NULL),(0000001461,'5725','HYDRAULIC SYSTEM LOGIC MODULE',0000000046,'METALSIGMAUSER','2019-02-21 14:47:09',NULL,NULL),(0000001462,'5727','HYDRAULIC SYSTEM RESISTOR',0000000046,'METALSIGMAUSER','2019-02-21 14:47:09',NULL,NULL),(0000001463,'5728','HYDRAULIC SYSTEM FUSE',0000000046,'METALSIGMAUSER','2019-02-21 14:47:09',NULL,NULL),(0000001464,'5730','HYDRAULIC CONTACTOR DRIVER/TIME DELAY',0000000046,'METALSIGMAUSER','2019-02-21 14:47:09',NULL,NULL),(0000001465,'5731','HYDRAULIC SYSTEM THERMAL PROTECTOR',0000000046,'METALSIGMAUSER','2019-02-21 14:47:09',NULL,NULL),(0000001466,'5732','HYDRAULIC SYSTEM TRANSFORMER',0000000046,'METALSIGMAUSER','2019-02-21 14:47:09',NULL,NULL),(0000001467,'5733','HYDRAULIC MOTOR POWER CABLE',0000000046,'METALSIGMAUSER','2019-02-21 14:47:09',NULL,NULL),(0000001468,'5734','HYDRAULIC SYSTEM WIRING HARNESS',0000000046,'METALSIGMAUSER','2019-02-21 14:47:09',NULL,NULL),(0000001469,'5735','FRAME LEVEL CONTROL',0000000046,'METALSIGMAUSER','2019-02-21 14:47:09',NULL,NULL),(0000001470,'5736','LINKAGE POSITION SENSOR',0000000046,'METALSIGMAUSER','2019-02-21 14:47:09',NULL,NULL),(0000001471,'5737','CONTROL LEVER POSITION SENSOR',0000000046,'METALSIGMAUSER','2019-02-21 14:47:09',NULL,NULL),(0000001472,'5740','IMPLEMENT SOFTWARE',0000000046,'METALSIGMAUSER','2019-02-21 14:47:09',NULL,NULL),(0000001473,'5741','AUTODIG CONTROL',0000000046,'METALSIGMAUSER','2019-02-21 14:47:09',NULL,NULL),(0000001474,'5800','OTHER CONTROLS',0000000047,'METALSIGMAUSER','2019-02-21 14:47:09',NULL,NULL),(0000001475,'5801','HOSE REEL',0000000047,'METALSIGMAUSER','2019-02-21 14:47:09',NULL,NULL),(0000001476,'5802','FULL FREE LIFT CYLINDER',0000000047,'METALSIGMAUSER','2019-02-21 14:47:09',NULL,NULL),(0000001477,'5803','FULL FREE TRIPLE LIFT CYLINDER',0000000047,'METALSIGMAUSER','2019-02-21 14:47:09',NULL,NULL),(0000001478,'5804','SIDESHIFT CYLINDER',0000000047,'METALSIGMAUSER','2019-02-21 14:47:09',NULL,NULL),(0000001479,'5806','HOSE SHEAVE',0000000047,'METALSIGMAUSER','2019-02-21 14:47:09',NULL,NULL),(0000001480,'5807','FORK POSITIONER CYLINDER',0000000047,'METALSIGMAUSER','2019-02-21 14:47:09',NULL,NULL),(0000001481,'5808','SIDESHIFT',0000000047,'METALSIGMAUSER','2019-02-21 14:47:09',NULL,NULL),(0000001482,'5809','SIDESHIFT VALVE',0000000047,'METALSIGMAUSER','2019-02-21 14:47:09',NULL,NULL),(0000001483,'5811','LOAD CONTROL VALVE',0000000047,'METALSIGMAUSER','2019-02-21 14:47:09',NULL,NULL),(0000001484,'5812','FULL FREE TRIPLE LIFT PRIMARY CYLINDER',0000000047,'METALSIGMAUSER','2019-02-21 14:47:09',NULL,NULL),(0000001485,'5813','FULL FREE TRIPLE LIFT SECONDARY CYLINDER',0000000047,'METALSIGMAUSER','2019-02-21 14:47:09',NULL,NULL),(0000001486,'5814','FULL FREE QUADRUPLE LIFT CYLINDER',0000000047,'METALSIGMAUSER','2019-02-21 14:47:09',NULL,NULL),(0000001487,'5815','SLEW CYLINDER',0000000047,'METALSIGMAUSER','2019-02-21 14:47:09',NULL,NULL),(0000001488,'5816','COMPENSATING CYLINDER',0000000047,'METALSIGMAUSER','2019-02-21 14:47:09',NULL,NULL),(0000001489,'5817','OVERCENTER VALVE',0000000047,'METALSIGMAUSER','2019-02-21 14:47:09',NULL,NULL),(0000001490,'5820','MAST DRIVE',0000000047,'METALSIGMAUSER','2019-02-21 14:47:09',NULL,NULL),(0000001491,'5821','TWIST LOCK',0000000047,'METALSIGMAUSER','2019-02-21 14:47:09',NULL,NULL),(0000001492,'5822','TWIST LOCK CYLINDER',0000000047,'METALSIGMAUSER','2019-02-21 14:47:09',NULL,NULL),(0000001493,'5823','FORK LEVEL CYLINDER',0000000047,'METALSIGMAUSER','2019-02-21 14:47:09',NULL,NULL),(0000001494,'5824','BRUSH CUTTER DRIVE',0000000047,'METALSIGMAUSER','2019-02-21 14:47:09',NULL,NULL),(0000001495,'5900','COMBINE CONTROLS',0000000048,'METALSIGMAUSER','2019-02-21 14:47:09',NULL,NULL),(0000001496,'5901','HEADER DRIVE',0000000048,'METALSIGMAUSER','2019-02-21 14:47:09',NULL,NULL),(0000001497,'5902','REEL DRIVE',0000000048,'METALSIGMAUSER','2019-02-21 14:47:09',NULL,NULL),(0000001498,'5903','HEADER DRIVE CLUTCH',0000000048,'METALSIGMAUSER','2019-02-21 14:47:09',NULL,NULL),(0000001499,'5904','AUGER DRIVE',0000000048,'METALSIGMAUSER','2019-02-21 14:47:09',NULL,NULL),(0000001500,'5905','AUGER ANGLE DRIVE',0000000048,'METALSIGMAUSER','2019-02-21 14:47:09',NULL,NULL),(0000001501,'5906','COUNTERSHAFT',0000000048,'METALSIGMAUSER','2019-02-21 14:47:09',NULL,NULL),(0000001502,'5907','FEEDER HOUSE REVERSE DRIVE',0000000048,'METALSIGMAUSER','2019-02-21 14:47:09',NULL,NULL),(0000001503,'5908','FEEDER HOUSE DRIVE',0000000048,'METALSIGMAUSER','2019-02-21 14:47:09',NULL,NULL),(0000001504,'5909','REEL FORE & AFT CYLINDER',0000000048,'METALSIGMAUSER','2019-02-21 14:47:09',NULL,NULL),(0000001505,'5910','SPEED CONTROL',0000000048,'METALSIGMAUSER','2019-02-21 14:47:09',NULL,NULL),(0000001506,'5911','SPEED CONTROL CYLINDER',0000000048,'METALSIGMAUSER','2019-02-21 14:47:09',NULL,NULL),(0000001507,'5912','FEEDER HOUSE REVERSE DRIVE CYLINDER',0000000048,'METALSIGMAUSER','2019-02-21 14:47:09',NULL,NULL),(0000001508,'5913','ACCELERATOR DRUM DRIVE',0000000048,'METALSIGMAUSER','2019-02-21 14:47:09',NULL,NULL),(0000001509,'5914','THRESHING DRUM DRIVE',0000000048,'METALSIGMAUSER','2019-02-21 14:47:09',NULL,NULL),(0000001510,'5915','IMPELLER DRUM DRIVE',0000000048,'METALSIGMAUSER','2019-02-21 14:47:09',NULL,NULL),(0000001511,'5916','CONCAVE CYLINDER',0000000048,'METALSIGMAUSER','2019-02-21 14:47:09',NULL,NULL),(0000001512,'5917','BELT/CHAIN TENSIONER',0000000048,'METALSIGMAUSER','2019-02-21 14:47:09',NULL,NULL),(0000001513,'5918','BELT TENSIONER CYLINDER',0000000048,'METALSIGMAUSER','2019-02-21 14:47:09',NULL,NULL),(0000001514,'5920','ROTOR DRIVE PULLEY',0000000048,'METALSIGMAUSER','2019-02-21 14:47:09',NULL,NULL),(0000001515,'5921','STRAW WALKER DRIVE',0000000048,'METALSIGMAUSER','2019-02-21 14:47:09',NULL,NULL),(0000001516,'5922','STRAW WALKER CRANKSHAFT',0000000048,'METALSIGMAUSER','2019-02-21 14:47:09',NULL,NULL),(0000001517,'5923','CLEANING FAN DRIVE',0000000048,'METALSIGMAUSER','2019-02-21 14:47:09',NULL,NULL),(0000001518,'5924','SIEVE PAN DRIVE',0000000048,'METALSIGMAUSER','2019-02-21 14:47:09',NULL,NULL),(0000001519,'5925','ROCKER DRIVE',0000000048,'METALSIGMAUSER','2019-02-21 14:47:09',NULL,NULL),(0000001520,'5926','SIEVE CYLINDER',0000000048,'METALSIGMAUSER','2019-02-21 14:47:09',NULL,NULL),(0000001521,'5927','ELECTRIC MOTOR',0000000048,'METALSIGMAUSER','2019-02-21 14:47:09',NULL,NULL),(0000001522,'5928','ON/OFF CONTROL CYLINDER',0000000048,'METALSIGMAUSER','2019-02-21 14:47:09',NULL,NULL),(0000001523,'5929','GRAIN TANK DRIVE',0000000048,'METALSIGMAUSER','2019-02-21 14:47:09',NULL,NULL),(0000001524,'5930','STRAW CHOPPER DRIVE',0000000048,'METALSIGMAUSER','2019-02-21 14:47:09',NULL,NULL),(0000001525,'5931','INTENSIVE SEPARATION DRIVE',0000000048,'METALSIGMAUSER','2019-02-21 14:47:09',NULL,NULL),(0000001526,'5932','INTENSIVE SEPARATION CRANKSHAFT',0000000048,'METALSIGMAUSER','2019-02-21 14:47:09',NULL,NULL),(0000001527,'5933','AUGER FINGER CRANKSHAFT',0000000048,'METALSIGMAUSER','2019-02-21 14:47:09',NULL,NULL),(0000001528,'5935','COMBINE CONTROL VALVE',0000000048,'METALSIGMAUSER','2019-02-21 14:47:09',NULL,NULL),(0000001529,'5936','FEEDER HOUSE REVERSE DRIVE VALVE',0000000048,'METALSIGMAUSER','2019-02-21 14:47:09',NULL,NULL),(0000001530,'5937','AUTO CONTOUR VALVE',0000000048,'METALSIGMAUSER','2019-02-21 14:47:09',NULL,NULL),(0000001531,'5938','AUTO CONTOUR CYLINDER',0000000048,'METALSIGMAUSER','2019-02-21 14:47:09',NULL,NULL),(0000001532,'5939','CHAFF SPREADER DRIVE',0000000048,'METALSIGMAUSER','2019-02-21 14:47:09',NULL,NULL),(0000001533,'5940','PENDULUM CONTROL',0000000048,'METALSIGMAUSER','2019-02-21 14:47:09',NULL,NULL),(0000001534,'5941','STRAW SPREADER DRIVE',0000000048,'METALSIGMAUSER','2019-02-21 14:47:09',NULL,NULL),(0000001535,'5942','HEADER INTERMEDIATE DRIVE',0000000048,'METALSIGMAUSER','2019-02-21 14:47:09',NULL,NULL),(0000001536,'5943','HEIGHT SENSOR',0000000048,'METALSIGMAUSER','2019-02-21 14:47:09',NULL,NULL),(0000001537,'5944','SICKLE BAR DRIVE',0000000048,'METALSIGMAUSER','2019-02-21 14:47:09',NULL,NULL),(0000001538,'5945','MOISTURE SENSOR',0000000048,'METALSIGMAUSER','2019-02-21 14:47:09',NULL,NULL),(0000001539,'5946','ROW UNIT',0000000048,'METALSIGMAUSER','2019-02-21 14:47:09',NULL,NULL),(0000001540,'5947','GRAIN LOSS SENSOR',0000000048,'METALSIGMAUSER','2019-02-21 14:47:09',NULL,NULL),(0000001541,'5948','SLIP CLUTCH',0000000048,'METALSIGMAUSER','2019-02-21 14:47:09',NULL,NULL),(0000001542,'5949','DECK PLATE CONTROL VALVE',0000000048,'METALSIGMAUSER','2019-02-21 14:47:09',NULL,NULL),(0000001543,'5951','DECK PLATE CYLINDER',0000000048,'METALSIGMAUSER','2019-02-21 14:47:09',NULL,NULL),(0000001544,'5952','YIELD SENSOR',0000000048,'METALSIGMAUSER','2019-02-21 14:47:09',NULL,NULL),(0000001545,'5953','MACHINE LEVEL SENSOR',0000000048,'METALSIGMAUSER','2019-02-21 14:47:09',NULL,NULL),(0000001546,'6000','IMPLEMENTS',0000000049,'METALSIGMAUSER','2019-02-21 14:47:09',NULL,NULL),(0000001547,'6001','BUCKET',0000000049,'METALSIGMAUSER','2019-02-21 14:47:09',NULL,NULL),(0000001548,'6002','WELL STIMULATION & SERVICE PUMPS',0000000049,'METALSIGMAUSER','2019-02-21 14:47:09',NULL,NULL),(0000001549,'6003','FLUID END PUMP',0000000049,'METALSIGMAUSER','2019-02-21 14:47:09',NULL,NULL),(0000001550,'6004','POWER END PUMP',0000000049,'METALSIGMAUSER','2019-02-21 14:47:09',NULL,NULL),(0000001551,'6050','BULLDOZER',0000000049,'METALSIGMAUSER','2019-02-21 14:47:09',NULL,NULL),(0000001552,'6051','STRAIGHT BULLDOZER',0000000049,'METALSIGMAUSER','2019-02-21 14:47:09',NULL,NULL),(0000001553,'6052','ANGLE BULLDOZER',0000000049,'METALSIGMAUSER','2019-02-21 14:47:09',NULL,NULL),(0000001554,'6053','UNIVERSAL BULLDOZER',0000000049,'METALSIGMAUSER','2019-02-21 14:47:09',NULL,NULL),(0000001555,'6054','CUSHION BULLDOZER',0000000049,'METALSIGMAUSER','2019-02-21 14:47:09',NULL,NULL),(0000001556,'6055','RAKE',0000000049,'METALSIGMAUSER','2019-02-21 14:47:09',NULL,NULL),(0000001557,'6056','RIP BULLDOZER',0000000049,'METALSIGMAUSER','2019-02-21 14:47:09',NULL,NULL),(0000001558,'6057','CUSHION PUSH PLATE',0000000049,'METALSIGMAUSER','2019-02-21 14:47:09',NULL,NULL),(0000001559,'6058','CUSHION PUSH CUP',0000000049,'METALSIGMAUSER','2019-02-21 14:47:09',NULL,NULL),(0000001560,'6059','CUSHION PUSH BLOCK',0000000049,'METALSIGMAUSER','2019-02-21 14:47:09',NULL,NULL),(0000001561,'6060','BLADE',0000000049,'METALSIGMAUSER','2019-02-21 14:47:09',NULL,NULL),(0000001562,'6061','PUSH ARMS',0000000049,'METALSIGMAUSER','2019-02-21 14:47:09',NULL,NULL),(0000001563,'6062','PUSH BLOCK',0000000049,'METALSIGMAUSER','2019-02-21 14:47:09',NULL,NULL),(0000001564,'6063','C-FRAME',0000000049,'METALSIGMAUSER','2019-02-21 14:47:09',NULL,NULL),(0000001565,'6064','ANGLE DOZER CENTER BRACKET',0000000049,'METALSIGMAUSER','2019-02-21 14:47:09',NULL,NULL),(0000001566,'6065','PUSH ARM BRACKET(S)',0000000049,'METALSIGMAUSER','2019-02-21 14:47:09',NULL,NULL),(0000001567,'6066','PUSH ARM BEARING/BORE',0000000049,'METALSIGMAUSER','2019-02-21 14:47:09',NULL,NULL),(0000001568,'6067','SHEAVE BRACKET',0000000049,'METALSIGMAUSER','2019-02-21 14:47:09',NULL,NULL),(0000001569,'6068','CYLINDER MOUNT/CROSSTUBE',0000000049,'METALSIGMAUSER','2019-02-21 14:47:09',NULL,NULL),(0000001570,'6069','BULLDOZER TRUNNION',0000000049,'METALSIGMAUSER','2019-02-21 14:47:09',NULL,NULL),(0000001571,'6070','SOLE PLATE',0000000049,'METALSIGMAUSER','2019-02-21 14:47:09',NULL,NULL),(0000001572,'6071','BULLDOZER STABILIZER LINK',0000000049,'METALSIGMAUSER','2019-02-21 14:47:09',NULL,NULL),(0000001573,'6072','DIAGONAL ARM/STABILIZER BAR',0000000049,'METALSIGMAUSER','2019-02-21 14:47:09',NULL,NULL),(0000001574,'6073','DIAGONAL ARM SOCKET',0000000049,'METALSIGMAUSER','2019-02-21 14:47:09',NULL,NULL),(0000001575,'6074','TILT BRACE',0000000049,'METALSIGMAUSER','2019-02-21 14:47:09',NULL,NULL),(0000001576,'6075','TILT BRACE SOCKET',0000000049,'METALSIGMAUSER','2019-02-21 14:47:09',NULL,NULL),(0000001577,'6076','C-FRAME PIVOT',0000000049,'METALSIGMAUSER','2019-02-21 14:47:09',NULL,NULL),(0000001578,'6077','PUSH PLATE',0000000049,'METALSIGMAUSER','2019-02-21 14:47:09',NULL,NULL),(0000001579,'6078','SEMI-UNIVERSAL BULLDOZER',0000000049,'METALSIGMAUSER','2019-02-21 14:47:09',NULL,NULL),(0000001580,'6079','POWER ANGLE & TILT BULLDOZER',0000000049,'METALSIGMAUSER','2019-02-21 14:47:09',NULL,NULL),(0000001581,'6080','LPG BULLDOZER',0000000049,'METALSIGMAUSER','2019-02-21 14:47:09',NULL,NULL),(0000001582,'6081','SINGLETREE',0000000049,'METALSIGMAUSER','2019-02-21 14:47:09',NULL,NULL),(0000001583,'6082','BULLDOZER LINKAGE',0000000049,'METALSIGMAUSER','2019-02-21 14:47:09',NULL,NULL),(0000001584,'6083','LANDFILL BULLDOZER',0000000049,'METALSIGMAUSER','2019-02-21 14:47:09',NULL,NULL),(0000001585,'6084','SLOPE BOARD',0000000049,'METALSIGMAUSER','2019-02-21 14:47:09',NULL,NULL),(0000001586,'6085','BOWLDOZER',0000000049,'METALSIGMAUSER','2019-02-21 14:47:09',NULL,NULL),(0000001587,'6086','SCOOP',0000000049,'METALSIGMAUSER','2019-02-21 14:47:09',NULL,NULL),(0000001588,'6087','ANGLE FRAME',0000000049,'METALSIGMAUSER','2019-02-21 14:47:09',NULL,NULL),(0000001589,'6088','CARRYDOZER',0000000049,'METALSIGMAUSER','2019-02-21 14:47:09',NULL,NULL),(0000001590,'6100','LOADING IMPLEMENTS',0000000050,'METALSIGMAUSER','2019-02-21 14:47:09',NULL,NULL),(0000001591,'6101','GENERAL PURPOSE BUCKET',0000000050,'METALSIGMAUSER','2019-02-21 14:47:09',NULL,NULL),(0000001592,'6102','ROCK BUCKET',0000000050,'METALSIGMAUSER','2019-02-21 14:47:09',NULL,NULL),(0000001593,'6103','LIGHT MATERIAL BUCKET',0000000050,'METALSIGMAUSER','2019-02-21 14:47:09',NULL,NULL),(0000001594,'6104','MULTIPURPOSE BUCKET',0000000050,'METALSIGMAUSER','2019-02-21 14:47:09',NULL,NULL),(0000001595,'6105','SIDE DUMP BUCKET',0000000050,'METALSIGMAUSER','2019-02-21 14:47:09',NULL,NULL),(0000001596,'6107','BUCKET CONTROL',0000000050,'METALSIGMAUSER','2019-02-21 14:47:09',NULL,NULL),(0000001597,'6108','BUCKET PIN',0000000050,'METALSIGMAUSER','2019-02-21 14:47:09',NULL,NULL),(0000001598,'6109','BUCKET PIN BOSS',0000000050,'METALSIGMAUSER','2019-02-21 14:47:09',NULL,NULL),(0000001599,'6110','SLAG BUCKET',0000000050,'METALSIGMAUSER','2019-02-21 14:47:09',NULL,NULL),(0000001600,'6111','SKELETON ROCK BUCKET',0000000050,'METALSIGMAUSER','2019-02-21 14:47:09',NULL,NULL),(0000001601,'6112','DEMOLITION BUCKET',0000000050,'METALSIGMAUSER','2019-02-21 14:47:09',NULL,NULL),(0000001602,'6113','LOGGING FORKS',0000000050,'METALSIGMAUSER','2019-02-21 14:47:09',NULL,NULL),(0000001603,'6114','LUMBER & LOG FORKS',0000000050,'METALSIGMAUSER','2019-02-21 14:47:09',NULL,NULL),(0000001604,'6116','TILT LEVER',0000000050,'METALSIGMAUSER','2019-02-21 14:47:09',NULL,NULL),(0000001605,'6117','TILT LINK',0000000050,'METALSIGMAUSER','2019-02-21 14:47:09',NULL,NULL),(0000001606,'6118','LOADER BOOM PIN/BORE',0000000050,'METALSIGMAUSER','2019-02-21 14:47:09',NULL,NULL),(0000001607,'6119','LIFT ARM',0000000050,'METALSIGMAUSER','2019-02-21 14:47:09',NULL,NULL),(0000001608,'6120','BUCKET WEAR PLATE',0000000050,'METALSIGMAUSER','2019-02-21 14:47:09',NULL,NULL),(0000001609,'6121','BUCKET SIDE',0000000050,'METALSIGMAUSER','2019-02-21 14:47:09',NULL,NULL),(0000001610,'6122','BUCKET BOTTOM',0000000050,'METALSIGMAUSER','2019-02-21 14:47:09',NULL,NULL),(0000001611,'6123','LOOSE MATERIAL BUCKET',0000000050,'METALSIGMAUSER','2019-02-21 14:47:09',NULL,NULL),(0000001612,'6125','LIFT ARM TILT LEVER BORE',0000000050,'METALSIGMAUSER','2019-02-21 14:47:09',NULL,NULL),(0000001613,'6126','FRONT TILT LEVER PIN/BORE',0000000050,'METALSIGMAUSER','2019-02-21 14:47:09',NULL,NULL),(0000001614,'6127','REAR TILT LEVER PIN/BORE',0000000050,'METALSIGMAUSER','2019-02-21 14:47:09',NULL,NULL),(0000001615,'6128','EJECTOR BUCKET',0000000050,'METALSIGMAUSER','2019-02-21 14:47:09',NULL,NULL),(0000001616,'6129','QUICK COUPLER',0000000050,'METALSIGMAUSER','2019-02-21 14:47:09',NULL,NULL),(0000001617,'6130','LIFT ARM HINGE PIN BOSS',0000000050,'METALSIGMAUSER','2019-02-21 14:47:09',NULL,NULL),(0000001618,'6131','PENETRATION BUCKET',0000000050,'METALSIGMAUSER','2019-02-21 14:47:09',NULL,NULL),(0000001619,'6132','COAL BUCKET',0000000050,'METALSIGMAUSER','2019-02-21 14:47:09',NULL,NULL),(0000001620,'6133','GRAB & GRIP BUCKET',0000000050,'METALSIGMAUSER','2019-02-21 14:47:09',NULL,NULL),(0000001621,'6134','REFUSE BUCKET',0000000050,'METALSIGMAUSER','2019-02-21 14:47:09',NULL,NULL),(0000001622,'6135','FERTILIZER BUCKET',0000000050,'METALSIGMAUSER','2019-02-21 14:47:09',NULL,NULL),(0000001623,'6136','PALLET FORKS',0000000050,'METALSIGMAUSER','2019-02-21 14:47:09',NULL,NULL),(0000001624,'6137','SNOW BUCKET',0000000050,'METALSIGMAUSER','2019-02-21 14:47:09',NULL,NULL),(0000001625,'6138','LANDFILL BUCKET',0000000050,'METALSIGMAUSER','2019-02-21 14:47:09',NULL,NULL),(0000001626,'6139','HIGH DUMP BUCKET',0000000050,'METALSIGMAUSER','2019-02-21 14:47:09',NULL,NULL),(0000001627,'6140','TILT ROTATOR COUPLING',0000000050,'METALSIGMAUSER','2019-02-21 14:47:09',NULL,NULL),(0000001628,'6150','MOTOR GRADER IMPLEMENTS',0000000051,'METALSIGMAUSER','2019-02-21 14:47:09',NULL,NULL),(0000001629,'6151','MOTOR GRADER BLADE',0000000051,'METALSIGMAUSER','2019-02-21 14:47:09',NULL,NULL),(0000001630,'6152','CIRCLE SEGMENT',0000000051,'METALSIGMAUSER','2019-02-21 14:47:09',NULL,NULL),(0000001631,'6153','CIRCLE DRAWBAR',0000000051,'METALSIGMAUSER','2019-02-21 14:47:09',NULL,NULL),(0000001632,'6154','CIRCLE ASSEMBLY',0000000051,'METALSIGMAUSER','2019-02-21 14:47:09',NULL,NULL),(0000001633,'6155','CIRCLE SHOES',0000000051,'METALSIGMAUSER','2019-02-21 14:47:09',NULL,NULL),(0000001634,'6156','BLADE STABILIZER',0000000051,'METALSIGMAUSER','2019-02-21 14:47:09',NULL,NULL),(0000001635,'6157','BLADE, CIRCLE & DRAWBAR',0000000051,'METALSIGMAUSER','2019-02-21 14:47:09',NULL,NULL),(0000001636,'6158','SNOW WING',0000000051,'METALSIGMAUSER','2019-02-21 14:47:09',NULL,NULL),(0000001637,'6159','SNOW PLOW',0000000051,'METALSIGMAUSER','2019-02-21 14:47:09',NULL,NULL),(0000001638,'6160','BLADE BOWL',0000000051,'METALSIGMAUSER','2019-02-21 14:47:09',NULL,NULL),(0000001639,'6162','SCARIFIER',0000000051,'METALSIGMAUSER','2019-02-21 14:47:09',NULL,NULL),(0000001640,'6165','PARALLEL LIFT GROUP',0000000051,'METALSIGMAUSER','2019-02-21 14:47:09',NULL,NULL),(0000001641,'6170','CIRCLE DRAWBAR BALLSTUD',0000000051,'METALSIGMAUSER','2019-02-21 14:47:09',NULL,NULL),(0000001642,'6171','CIRCLE DRAWBAR BALL SOCKET',0000000051,'METALSIGMAUSER','2019-02-21 14:47:09',NULL,NULL),(0000001643,'6173','BLADE EXTENSION',0000000051,'METALSIGMAUSER','2019-02-21 14:47:09',NULL,NULL),(0000001644,'6174','MOLDBOARD RAIL WEAR STRIP',0000000051,'METALSIGMAUSER','2019-02-21 14:47:09',NULL,NULL),(0000001645,'6200','SCRAPER',0000000052,'METALSIGMAUSER','2019-02-21 14:47:09',NULL,NULL),(0000001646,'6201','SCRAPER BOWL',0000000052,'METALSIGMAUSER','2019-02-21 14:47:09',NULL,NULL),(0000001647,'6202','APRON',0000000052,'METALSIGMAUSER','2019-02-21 14:47:09',NULL,NULL),(0000001648,'6203','EJECTOR',0000000052,'METALSIGMAUSER','2019-02-21 14:47:09',NULL,NULL),(0000001649,'6204','DRAFT ARM',0000000052,'METALSIGMAUSER','2019-02-21 14:47:09',NULL,NULL),(0000001650,'6205','EJECTOR SPRING',0000000052,'METALSIGMAUSER','2019-02-21 14:47:09',NULL,NULL),(0000001651,'6206','DRAFT TUBE',0000000052,'METALSIGMAUSER','2019-02-21 14:47:09',NULL,NULL),(0000001652,'6207','DRAFT FRAME',0000000052,'METALSIGMAUSER','2019-02-21 14:47:09',NULL,NULL),(0000001653,'6208','EJECTOR GUIDE',0000000052,'METALSIGMAUSER','2019-02-21 14:47:09',NULL,NULL),(0000001654,'6209','GOOSENECK/BORE',0000000052,'METALSIGMAUSER','2019-02-21 14:47:09',NULL,NULL),(0000001655,'6210','ELEVATOR',0000000052,'METALSIGMAUSER','2019-02-21 14:47:09',NULL,NULL),(0000001656,'6212','SLIDING FLOOR',0000000052,'METALSIGMAUSER','2019-02-21 14:47:09',NULL,NULL),(0000001657,'6213','EJECTOR FLOOR',0000000052,'METALSIGMAUSER','2019-02-21 14:47:09',NULL,NULL),(0000001658,'6216','APRON BRACKET',0000000052,'METALSIGMAUSER','2019-02-21 14:47:09',NULL,NULL),(0000001659,'6217','APRON PIVOT',0000000052,'METALSIGMAUSER','2019-02-21 14:47:09',NULL,NULL),(0000001660,'6218','APRON TRUNNION',0000000052,'METALSIGMAUSER','2019-02-21 14:47:09',NULL,NULL),(0000001661,'6220','GOOSENECK REINFORCEMENT',0000000052,'METALSIGMAUSER','2019-02-21 14:47:09',NULL,NULL),(0000001662,'6221','DRAFT ARM PIVOT',0000000052,'METALSIGMAUSER','2019-02-21 14:47:09',NULL,NULL),(0000001663,'6222','DRAFT ARM PIVOT BRACKET',0000000052,'METALSIGMAUSER','2019-02-21 14:47:09',NULL,NULL),(0000001664,'6223','EJECTOR SUPPORT ROLLER',0000000052,'METALSIGMAUSER','2019-02-21 14:47:09',NULL,NULL),(0000001665,'6224','EJECTOR GUIDE RAIL',0000000052,'METALSIGMAUSER','2019-02-21 14:47:09',NULL,NULL),(0000001666,'6225','PUSH BLOCK/FRAME',0000000052,'METALSIGMAUSER','2019-02-21 14:47:09',NULL,NULL),(0000001667,'6226','SLIDING/EJECTOR FLOOR LINK',0000000052,'METALSIGMAUSER','2019-02-21 14:47:09',NULL,NULL),(0000001668,'6227','SLIDING/EJECTOR FLOOR ARM',0000000052,'METALSIGMAUSER','2019-02-21 14:47:09',NULL,NULL),(0000001669,'6228','SLIDING FLOOR ROLLER',0000000052,'METALSIGMAUSER','2019-02-21 14:47:09',NULL,NULL),(0000001670,'6229','EJECTOR CARRIER ROLLER',0000000052,'METALSIGMAUSER','2019-02-21 14:47:09',NULL,NULL),(0000001671,'6230','EJECTOR GUIDE ROLLER',0000000052,'METALSIGMAUSER','2019-02-21 14:47:09',NULL,NULL),(0000001672,'6231','ELEVATOR CHAIN ASSEMBLY',0000000052,'METALSIGMAUSER','2019-02-21 14:47:09',NULL,NULL),(0000001673,'6232','ELEVATOR FLIGHT',0000000052,'METALSIGMAUSER','2019-02-21 14:47:09',NULL,NULL),(0000001674,'6233','ELEVATOR LOWER SHAFT',0000000052,'METALSIGMAUSER','2019-02-21 14:47:09',NULL,NULL),(0000001675,'6234','ELEVATOR UPPER SHAFT',0000000052,'METALSIGMAUSER','2019-02-21 14:47:09',NULL,NULL),(0000001676,'6235','ELEVATOR DRIVE',0000000052,'METALSIGMAUSER','2019-02-21 14:47:09',NULL,NULL),(0000001677,'6236','SPEED REDUCER',0000000052,'METALSIGMAUSER','2019-02-21 14:47:09',NULL,NULL),(0000001678,'6237','SPEED REDUCER-OUTPUT SECTION',0000000052,'METALSIGMAUSER','2019-02-21 14:47:09',NULL,NULL),(0000001679,'6238','SPEED REDUCER-INPUT SECTION',0000000052,'METALSIGMAUSER','2019-02-21 14:47:09',NULL,NULL),(0000001680,'6239','ELEVATOR SUPPORT ROLLER',0000000052,'METALSIGMAUSER','2019-02-21 14:47:09',NULL,NULL),(0000001681,'6240','ELEVATOR CHAIN ADJUSTMENT ROLLER',0000000052,'METALSIGMAUSER','2019-02-21 14:47:09',NULL,NULL),(0000001682,'6241','ELEVATOR FRAME',0000000052,'METALSIGMAUSER','2019-02-21 14:47:09',NULL,NULL),(0000001683,'6245','DRAFT FRAME TRUNNION',0000000052,'METALSIGMAUSER','2019-02-21 14:47:09',NULL,NULL),(0000001684,'6246','APRON LIFT ARM',0000000052,'METALSIGMAUSER','2019-02-21 14:47:09',NULL,NULL),(0000001685,'6247','APRON LIFT LINK',0000000052,'METALSIGMAUSER','2019-02-21 14:47:09',NULL,NULL),(0000001686,'6248','CHAIN IDLER',0000000052,'METALSIGMAUSER','2019-02-21 14:47:09',NULL,NULL),(0000001687,'6260','ELEVATOR CHAIN ROLLER',0000000052,'METALSIGMAUSER','2019-02-21 14:47:09',NULL,NULL),(0000001688,'6261','ROUTER BIT SUPPORT',0000000052,'METALSIGMAUSER','2019-02-21 14:47:09',NULL,NULL),(0000001689,'6262','PUSH SPRING',0000000052,'METALSIGMAUSER','2019-02-21 14:47:09',NULL,NULL),(0000001690,'6280','AUGER SCRAPER',0000000052,'METALSIGMAUSER','2019-02-21 14:47:09',NULL,NULL),(0000001691,'6281','COAL SCRAPER',0000000052,'METALSIGMAUSER','2019-02-21 14:47:09',NULL,NULL),(0000001692,'6282','AUGER',0000000052,'METALSIGMAUSER','2019-02-21 14:47:09',NULL,NULL),(0000001693,'6300','OTHER IMPLEMENTS',0000000053,'METALSIGMAUSER','2019-02-21 14:47:09',NULL,NULL),(0000001694,'6301','PIPELAYER BOOM',0000000053,'METALSIGMAUSER','2019-02-21 14:47:09',NULL,NULL),(0000001695,'6302','SKIDDER BOOM',0000000053,'METALSIGMAUSER','2019-02-21 14:47:09',NULL,NULL),(0000001696,'6304','TOOL BAR',0000000053,'METALSIGMAUSER','2019-02-21 14:47:09',NULL,NULL),(0000001697,'6305','FAIRLEAD',0000000053,'METALSIGMAUSER','2019-02-21 14:47:09',NULL,NULL),(0000001698,'6306','FAIRLEAD ROLLER',0000000053,'METALSIGMAUSER','2019-02-21 14:47:09',NULL,NULL),(0000001699,'6307','GRAPPLE',0000000053,'METALSIGMAUSER','2019-02-21 14:47:09',NULL,NULL),(0000001700,'6308','ARCH',0000000053,'METALSIGMAUSER','2019-02-21 14:47:09',NULL,NULL),(0000001701,'6310','RIPPER',0000000053,'METALSIGMAUSER','2019-02-21 14:47:09',NULL,NULL),(0000001702,'6311','SINGLE SHANK PARALLELOGRAM RIPPER',0000000053,'METALSIGMAUSER','2019-02-21 14:47:09',NULL,NULL),(0000001703,'6312','MULTISHANK PARALLELOGRAM RIPPER',0000000053,'METALSIGMAUSER','2019-02-21 14:47:09',NULL,NULL),(0000001704,'6313','RIPPER LINKAGE',0000000053,'METALSIGMAUSER','2019-02-21 14:47:09',NULL,NULL),(0000001705,'6314','RIPPER BEAM',0000000053,'METALSIGMAUSER','2019-02-21 14:47:09',NULL,NULL),(0000001706,'6319','FELLING HEAD',0000000053,'METALSIGMAUSER','2019-02-21 14:47:09',NULL,NULL),(0000001707,'6320','HARVESTER HEAD',0000000053,'METALSIGMAUSER','2019-02-21 14:47:09',NULL,NULL),(0000001708,'6321','DELIMBER',0000000053,'METALSIGMAUSER','2019-02-21 14:47:09',NULL,NULL),(0000001709,'6322','GRAPPLE ARM',0000000053,'METALSIGMAUSER','2019-02-21 14:47:09',NULL,NULL),(0000001710,'6323','SHEAR BLADE',0000000053,'METALSIGMAUSER','2019-02-21 14:47:09',NULL,NULL),(0000001711,'6324','RIPPER MOUNT',0000000053,'METALSIGMAUSER','2019-02-21 14:47:09',NULL,NULL),(0000001712,'6325','RIPPER-SCARIFIER',0000000053,'METALSIGMAUSER','2019-02-21 14:47:09',NULL,NULL),(0000001713,'6326','ROTATOR',0000000053,'METALSIGMAUSER','2019-02-21 14:47:09',NULL,NULL),(0000001714,'6327','CHAIN SAW',0000000053,'METALSIGMAUSER','2019-02-21 14:47:09',NULL,NULL),(0000001715,'6328','FEED ROLLER',0000000053,'METALSIGMAUSER','2019-02-21 14:47:09',NULL,NULL),(0000001716,'6330','WAGON',0000000053,'METALSIGMAUSER','2019-02-21 14:47:09',NULL,NULL),(0000001717,'6331','TRAILER',0000000053,'METALSIGMAUSER','2019-02-21 14:47:09',NULL,NULL),(0000001718,'6333','HYDRAULIC HAMMER',0000000053,'METALSIGMAUSER','2019-02-21 14:47:09',NULL,NULL),(0000001719,'6334','WINDROW BREAKER',0000000053,'METALSIGMAUSER','2019-02-21 14:47:09',NULL,NULL),(0000001720,'6335','BROOM',0000000053,'METALSIGMAUSER','2019-02-21 14:47:09',NULL,NULL),(0000001721,'6336','ROOT PLOW',0000000053,'METALSIGMAUSER','2019-02-21 14:47:09',NULL,NULL),(0000001722,'6338','ROLLING CHOPPER',0000000053,'METALSIGMAUSER','2019-02-21 14:47:09',NULL,NULL),(0000001723,'6339','TREE PUSHER',0000000053,'METALSIGMAUSER','2019-02-21 14:47:09',NULL,NULL),(0000001724,'6340','FIFTH WHEEL',0000000053,'METALSIGMAUSER','2019-02-21 14:47:09',NULL,NULL),(0000001725,'6341','BRUSH BURNER',0000000053,'METALSIGMAUSER','2019-02-21 14:47:09',NULL,NULL),(0000001726,'6342','ROCK DRILL',0000000053,'METALSIGMAUSER','2019-02-21 14:47:09',NULL,NULL),(0000001727,'6344','SHEAR',0000000053,'METALSIGMAUSER','2019-02-21 14:47:09',NULL,NULL),(0000001728,'6345','CONCRETE PULVERIZER',0000000053,'METALSIGMAUSER','2019-02-21 14:47:09',NULL,NULL),(0000001729,'6346','CONCRETE CRUSHER',0000000053,'METALSIGMAUSER','2019-02-21 14:47:09',NULL,NULL),(0000001730,'6347','BUNK',0000000053,'METALSIGMAUSER','2019-02-21 14:47:09',NULL,NULL),(0000001731,'6348','MULTI-PROCESSOR',0000000053,'METALSIGMAUSER','2019-02-21 14:47:09',NULL,NULL),(0000001732,'6349','JAW',0000000053,'METALSIGMAUSER','2019-02-21 14:47:09',NULL,NULL),(0000001733,'6393','COLOR MARKING SYSTEM',0000000053,'METALSIGMAUSER','2019-02-21 14:47:09',NULL,NULL),(0000001734,'6394','STUMP COATING SYSTEM',0000000053,'METALSIGMAUSER','2019-02-21 14:47:09',NULL,NULL),(0000001735,'6400','MATERIAL HANDLING ATTACHMENTS',0000000054,'METALSIGMAUSER','2019-02-21 14:47:09',NULL,NULL),(0000001736,'6401','STANDARD MAST',0000000054,'METALSIGMAUSER','2019-02-21 14:47:09',NULL,NULL),(0000001737,'6402','STANDARD CARRIAGE',0000000054,'METALSIGMAUSER','2019-02-21 14:47:09',NULL,NULL),(0000001738,'6403','CROSSHEAD',0000000054,'METALSIGMAUSER','2019-02-21 14:47:09',NULL,NULL),(0000001739,'6404','LIFT CHAIN',0000000054,'METALSIGMAUSER','2019-02-21 14:47:09',NULL,NULL),(0000001740,'6405','LIFT FORK',0000000054,'METALSIGMAUSER','2019-02-21 14:47:09',NULL,NULL),(0000001741,'6406','FORK EXTENSION',0000000054,'METALSIGMAUSER','2019-02-21 14:47:09',NULL,NULL),(0000001742,'6407','LOAD BACKREST',0000000054,'METALSIGMAUSER','2019-02-21 14:47:09',NULL,NULL),(0000001743,'6408','ROTATING CARRIAGE',0000000054,'METALSIGMAUSER','2019-02-21 14:47:09',NULL,NULL),(0000001744,'6409','WIDE CARRIAGE',0000000054,'METALSIGMAUSER','2019-02-21 14:47:09',NULL,NULL),(0000001745,'6410','CLAMP FORKS',0000000054,'METALSIGMAUSER','2019-02-21 14:47:09',NULL,NULL),(0000001746,'6411','RAM',0000000054,'METALSIGMAUSER','2019-02-21 14:47:09',NULL,NULL),(0000001747,'6412','DRUM ARMS',0000000054,'METALSIGMAUSER','2019-02-21 14:47:09',NULL,NULL),(0000001748,'6413','GENERAL PURPOSE ARMS',0000000054,'METALSIGMAUSER','2019-02-21 14:47:09',NULL,NULL),(0000001749,'6414','ROLL CLAMP',0000000054,'METALSIGMAUSER','2019-02-21 14:47:09',NULL,NULL),(0000001750,'6415','CARTON CLAMP',0000000054,'METALSIGMAUSER','2019-02-21 14:47:09',NULL,NULL),(0000001751,'6416','BALE CLAMP',0000000054,'METALSIGMAUSER','2019-02-21 14:47:09',NULL,NULL),(0000001752,'6417','COTTON TRUCK',0000000054,'METALSIGMAUSER','2019-02-21 14:47:09',NULL,NULL),(0000001753,'6418','PALLET RETRIEVER',0000000054,'METALSIGMAUSER','2019-02-21 14:47:09',NULL,NULL),(0000001754,'6419','LOAD STABILIZER',0000000054,'METALSIGMAUSER','2019-02-21 14:47:09',NULL,NULL),(0000001755,'6420','UNLOADER',0000000054,'METALSIGMAUSER','2019-02-21 14:47:09',NULL,NULL),(0000001756,'6421','FULL FREE LIFT MAST',0000000054,'METALSIGMAUSER','2019-02-21 14:47:09',NULL,NULL),(0000001757,'6422','FULL FREE TRIPLE LIFT SLIDER MAST',0000000054,'METALSIGMAUSER','2019-02-21 14:47:09',NULL,NULL),(0000001758,'6423','TRIPLE LIFT MAST',0000000054,'METALSIGMAUSER','2019-02-21 14:47:09',NULL,NULL),(0000001759,'6424','FULL FREE QUADRUPLE LIFT MAST',0000000054,'METALSIGMAUSER','2019-02-21 14:47:09',NULL,NULL),(0000001760,'6425','SIDESHIFT CARRIAGE',0000000054,'METALSIGMAUSER','2019-02-21 14:47:09',NULL,NULL),(0000001761,'6426','SIDESHIFTER UNLOADER',0000000054,'METALSIGMAUSER','2019-02-21 14:47:09',NULL,NULL),(0000001762,'6427','SIDESHIFTER TOWLOADER',0000000054,'METALSIGMAUSER','2019-02-21 14:47:09',NULL,NULL),(0000001763,'6428','TOWLOADER',0000000054,'METALSIGMAUSER','2019-02-21 14:47:09',NULL,NULL),(0000001764,'6429','CONTAINER TOP HANDLER',0000000054,'METALSIGMAUSER','2019-02-21 14:47:09',NULL,NULL),(0000001765,'6430','SWINGSHIFT SIDESHIFT CARRIAGE',0000000054,'METALSIGMAUSER','2019-02-21 14:47:09',NULL,NULL),(0000001766,'6432','FULL FREE TRIPLE LIFT MAST',0000000054,'METALSIGMAUSER','2019-02-21 14:47:09',NULL,NULL),(0000001767,'6433','CARRIAGE ROLLER',0000000054,'METALSIGMAUSER','2019-02-21 14:47:09',NULL,NULL),(0000001768,'6434','HOOK TYPE CARRIAGE',0000000054,'METALSIGMAUSER','2019-02-21 14:47:09',NULL,NULL),(0000001769,'6435','SIDE SLOPE-PILING CARRIAGE',0000000054,'METALSIGMAUSER','2019-02-21 14:47:09',NULL,NULL),(0000001770,'6436','SHAFT TYPE CARRIAGE',0000000054,'METALSIGMAUSER','2019-02-21 14:47:09',NULL,NULL),(0000001771,'6437','CONTAINER HANDLING CARRIAGE',0000000054,'METALSIGMAUSER','2019-02-21 14:47:09',NULL,NULL),(0000001772,'6438','LOG HANDLING CARRIAGE',0000000054,'METALSIGMAUSER','2019-02-21 14:47:09',NULL,NULL),(0000001773,'6439','FORK END ROLLER',0000000054,'METALSIGMAUSER','2019-02-21 14:47:09',NULL,NULL),(0000001774,'6441','BACK TILT RESTRICTOR',0000000054,'METALSIGMAUSER','2019-02-21 14:47:09',NULL,NULL),(0000001775,'6451','LIFT CARRIAGE',0000000054,'METALSIGMAUSER','2019-02-21 14:47:09',NULL,NULL),(0000001776,'6452','SWING CARRIAGE',0000000054,'METALSIGMAUSER','2019-02-21 14:47:09',NULL,NULL),(0000001777,'6454','RIGID LIFTING SHOE',0000000054,'METALSIGMAUSER','2019-02-21 14:47:09',NULL,NULL),(0000001778,'6455','SWINGING LIFTING SHOE',0000000054,'METALSIGMAUSER','2019-02-21 14:47:09',NULL,NULL),(0000001779,'6456','LIFT SHOE SHOCK ABSORBER',0000000054,'METALSIGMAUSER','2019-02-21 14:47:09',NULL,NULL),(0000001780,'6458','FORK TINES',0000000054,'METALSIGMAUSER','2019-02-21 14:47:09',NULL,NULL),(0000001781,'6459','LIFTING HOOK',0000000054,'METALSIGMAUSER','2019-02-21 14:47:09',NULL,NULL),(0000001782,'6460','TELESCOPING BOOM',0000000054,'METALSIGMAUSER','2019-02-21 14:47:09',NULL,NULL),(0000001783,'6461','MAN BASKET',0000000054,'METALSIGMAUSER','2019-02-21 14:47:09',NULL,NULL),(0000001784,'6500','EXCAVATOR/BACKHOE/FRONT SHOVEL/SURFACE EXTRACTION IMPLEMENTS',0000000055,'METALSIGMAUSER','2019-02-21 14:47:09',NULL,NULL),(0000001785,'6501','BOOM',0000000055,'METALSIGMAUSER','2019-02-21 14:47:09',NULL,NULL),(0000001786,'6502','STICK',0000000055,'METALSIGMAUSER','2019-02-21 14:47:09',NULL,NULL),(0000001787,'6503','HOE BUCKET',0000000055,'METALSIGMAUSER','2019-02-21 14:47:09',NULL,NULL),(0000001788,'6504','BACKHOE',0000000055,'METALSIGMAUSER','2019-02-21 14:47:09',NULL,NULL),(0000001789,'6505','SHOVEL BOOM',0000000055,'METALSIGMAUSER','2019-02-21 14:47:09',NULL,NULL),(0000001790,'6506','SWING FRAME',0000000055,'METALSIGMAUSER','2019-02-21 14:47:09',NULL,NULL),(0000001791,'6507','SWING FRAME BORE',0000000055,'METALSIGMAUSER','2019-02-21 14:47:09',NULL,NULL),(0000001792,'6508','SLIDING FRAME',0000000055,'METALSIGMAUSER','2019-02-21 14:47:09',NULL,NULL),(0000001793,'6509','SHOVEL STICK',0000000055,'METALSIGMAUSER','2019-02-21 14:47:09',NULL,NULL),(0000001794,'6511','BOOM BORE',0000000055,'METALSIGMAUSER','2019-02-21 14:47:09',NULL,NULL),(0000001795,'6512','STICK BORE',0000000055,'METALSIGMAUSER','2019-02-21 14:47:09',NULL,NULL),(0000001796,'6513','BUCKET LINKAGE',0000000055,'METALSIGMAUSER','2019-02-21 14:47:09',NULL,NULL),(0000001797,'6514','SHOVEL BUCKET',0000000055,'METALSIGMAUSER','2019-02-21 14:47:09',NULL,NULL),(0000001798,'6515','BOTTOM DUMP BUCKET',0000000055,'METALSIGMAUSER','2019-02-21 14:47:09',NULL,NULL),(0000001799,'6516','TWO-PIECE BOOM',0000000055,'METALSIGMAUSER','2019-02-21 14:47:09',NULL,NULL),(0000001800,'6517','BOWL',0000000055,'METALSIGMAUSER','2019-02-21 14:47:09',NULL,NULL),(0000001801,'6518','CLAMSHELL BUCKET',0000000055,'METALSIGMAUSER','2019-02-21 14:47:09',NULL,NULL),(0000001802,'6519','TRAPEZOIDAL BUCKET',0000000055,'METALSIGMAUSER','2019-02-21 14:47:09',NULL,NULL),(0000001803,'6520','HEEL BOOM',0000000055,'METALSIGMAUSER','2019-02-21 14:47:09',NULL,NULL),(0000001804,'6521','OFFSET BOOM',0000000055,'METALSIGMAUSER','2019-02-21 14:47:09',NULL,NULL),(0000001805,'6522','VERSA-LINK COUPLER',0000000055,'METALSIGMAUSER','2019-02-21 14:47:09',NULL,NULL),(0000001806,'6523','EXCAVATION BUCKET',0000000055,'METALSIGMAUSER','2019-02-21 14:47:09',NULL,NULL),(0000001807,'6524','ROCK RIPPING BUCKET',0000000055,'METALSIGMAUSER','2019-02-21 14:47:09',NULL,NULL),(0000001808,'6525','TRENCHING BUCKET',0000000055,'METALSIGMAUSER','2019-02-21 14:47:09',NULL,NULL),(0000001809,'6526','DITCH CLEANING BUCKET',0000000055,'METALSIGMAUSER','2019-02-21 14:47:09',NULL,NULL),(0000001810,'6527','CLAMSHELL EXTENSION',0000000055,'METALSIGMAUSER','2019-02-21 14:47:09',NULL,NULL),(0000001811,'6528','HIGH CAPACITY BUCKET',0000000055,'METALSIGMAUSER','2019-02-21 14:47:09',NULL,NULL),(0000001812,'6529','EXTREME SERVICE BUCKET',0000000055,'METALSIGMAUSER','2019-02-21 14:47:09',NULL,NULL),(0000001813,'6530','STANDARD BUCKET',0000000055,'METALSIGMAUSER','2019-02-21 14:47:09',NULL,NULL),(0000001814,'6531','HEAVY-DUTY BUCKET',0000000055,'METALSIGMAUSER','2019-02-21 14:47:09',NULL,NULL),(0000001815,'6532','VERSA-LINK HOE BUCKET',0000000055,'METALSIGMAUSER','2019-02-21 14:47:09',NULL,NULL),(0000001816,'6533','EXTENDABLE STICK',0000000055,'METALSIGMAUSER','2019-02-21 14:47:09',NULL,NULL),(0000001817,'6534','BANK FORMING BUCKET',0000000055,'METALSIGMAUSER','2019-02-21 14:47:09',NULL,NULL),(0000001818,'6535','FORE BOOM',0000000055,'METALSIGMAUSER','2019-02-21 14:47:09',NULL,NULL),(0000001819,'6536','STUB BOOM',0000000055,'METALSIGMAUSER','2019-02-21 14:47:09',NULL,NULL),(0000001820,'6537','MASS EXCAVATION BUCKET',0000000055,'METALSIGMAUSER','2019-02-21 14:47:09',NULL,NULL),(0000001821,'6538','BUCKET RIPPER',0000000055,'METALSIGMAUSER','2019-02-21 14:47:09',NULL,NULL),(0000001822,'6539','DIGGING BUCKET',0000000055,'METALSIGMAUSER','2019-02-21 14:47:09',NULL,NULL),(0000001823,'6540','TILT BUCKET',0000000055,'METALSIGMAUSER','2019-02-21 14:47:09',NULL,NULL),(0000001824,'6541','VIBRATORY PLATE COMPACTOR',0000000055,'METALSIGMAUSER','2019-02-21 14:47:09',NULL,NULL),(0000001825,'6542','MATERIAL HANDLING ARM',0000000055,'METALSIGMAUSER','2019-02-21 14:47:09',NULL,NULL),(0000001826,'6543','DISC SAW',0000000055,'METALSIGMAUSER','2019-02-21 14:47:09',NULL,NULL),(0000001827,'6544','SWING BOOM',0000000055,'METALSIGMAUSER','2019-02-21 14:47:09',NULL,NULL),(0000001828,'6545','PILLAR',0000000055,'METALSIGMAUSER','2019-02-21 14:47:09',NULL,NULL),(0000001829,'6546','LOG LOADER',0000000055,'METALSIGMAUSER','2019-02-21 14:47:09',NULL,NULL),(0000001830,'6547','THUMB',0000000055,'METALSIGMAUSER','2019-02-21 14:47:09',NULL,NULL),(0000001831,'6548','HOIST DRUM SPIDER SHAFT',0000000055,'METALSIGMAUSER','2019-02-21 14:47:09',NULL,NULL),(0000001832,'6549','PITCH BRACE',0000000055,'METALSIGMAUSER','2019-02-21 14:47:09',NULL,NULL),(0000001833,'6550','BUCKET DOOR',0000000055,'METALSIGMAUSER','2019-02-21 14:47:09',NULL,NULL),(0000001834,'6551','HYDRAULIC THUMB HOSES & LINES',0000000055,'METALSIGMAUSER','2019-02-21 14:47:09',NULL,NULL),(0000001835,'6600','PAVING IMPLEMENTS',0000000056,'METALSIGMAUSER','2019-02-21 14:47:09',NULL,NULL),(0000001836,'6601','CUTTER ASSEMBLY',0000000056,'METALSIGMAUSER','2019-02-21 14:47:09',NULL,NULL),(0000001837,'6602','CUTTER EXTENSION',0000000056,'METALSIGMAUSER','2019-02-21 14:47:09',NULL,NULL),(0000001838,'6603','CUTTER MOLDBOARD',0000000056,'METALSIGMAUSER','2019-02-21 14:47:09',NULL,NULL),(0000001839,'6604','DRUM YOKE',0000000056,'METALSIGMAUSER','2019-02-21 14:47:09',NULL,NULL),(0000001840,'6605','COMPACTOR DRUM',0000000056,'METALSIGMAUSER','2019-02-21 14:47:09',NULL,NULL),(0000001841,'6606','ECCENTRIC WEIGHT HOUSING',0000000056,'METALSIGMAUSER','2019-02-21 14:47:09',NULL,NULL),(0000001842,'6607','DRUM/TIRE SCRAPER',0000000056,'METALSIGMAUSER','2019-02-21 14:47:09',NULL,NULL),(0000001843,'6608','ASPHALT CUTTER',0000000056,'METALSIGMAUSER','2019-02-21 14:47:09',NULL,NULL),(0000001844,'6609','SPRAYBAR',0000000056,'METALSIGMAUSER','2019-02-21 14:47:09',NULL,NULL),(0000001845,'6610','WATER SPRAY MAT',0000000056,'METALSIGMAUSER','2019-02-21 14:47:09',NULL,NULL),(0000001846,'6611','COCOA MAT',0000000056,'METALSIGMAUSER','2019-02-21 14:47:09',NULL,NULL),(0000001847,'6612','VIBRATORY DRUM COMPACTOR',0000000056,'METALSIGMAUSER','2019-02-21 14:47:09',NULL,NULL),(0000001848,'6620','BELT CONVEYOR',0000000056,'METALSIGMAUSER','2019-02-21 14:47:09',NULL,NULL),(0000001849,'6621','CONVEYOR BELT',0000000056,'METALSIGMAUSER','2019-02-21 14:47:09',NULL,NULL),(0000001850,'6622','CONVEYOR SPLICED BELT',0000000056,'METALSIGMAUSER','2019-02-21 14:47:09',NULL,NULL),(0000001851,'6623','CONVEYOR ROLLER',0000000056,'METALSIGMAUSER','2019-02-21 14:47:09',NULL,NULL),(0000001852,'6624','TROUGHING IDLER ROLLER',0000000056,'METALSIGMAUSER','2019-02-21 14:47:09',NULL,NULL),(0000001853,'6625','RETURN IDLER ROLLER',0000000056,'METALSIGMAUSER','2019-02-21 14:47:09',NULL,NULL),(0000001854,'6626','HEAD PULLEY',0000000056,'METALSIGMAUSER','2019-02-21 14:47:09',NULL,NULL),(0000001855,'6627','TAIL PULLEY',0000000056,'METALSIGMAUSER','2019-02-21 14:47:09',NULL,NULL),(0000001856,'6628','CONVEYOR ELEVATOR',0000000056,'METALSIGMAUSER','2019-02-21 14:47:09',NULL,NULL),(0000001857,'6630','DRAG CONVEYOR',0000000056,'METALSIGMAUSER','2019-02-21 14:47:09',NULL,NULL),(0000001858,'6631','AUGER/SCREW CONVEYOR',0000000056,'METALSIGMAUSER','2019-02-21 14:47:09',NULL,NULL),(0000001859,'6632','DRAG CONVEYOR FRONT SHAFT',0000000056,'METALSIGMAUSER','2019-02-21 14:47:09',NULL,NULL),(0000001860,'6634','COLD PLANER',0000000056,'METALSIGMAUSER','2019-02-21 14:47:09',NULL,NULL),(0000001861,'6635','ROTOR HOOD',0000000056,'METALSIGMAUSER','2019-02-21 14:47:09',NULL,NULL),(0000001862,'6636','CHOPPER ROTOR',0000000056,'METALSIGMAUSER','2019-02-21 14:47:09',NULL,NULL),(0000001863,'6637','STRAIGHT TOOL ROTOR',0000000056,'METALSIGMAUSER','2019-02-21 14:47:09',NULL,NULL),(0000001864,'6638','MILLING DRUM',0000000056,'METALSIGMAUSER','2019-02-21 14:47:09',NULL,NULL),(0000001865,'6639','MATERIAL HOPPER',0000000056,'METALSIGMAUSER','2019-02-21 14:47:09',NULL,NULL),(0000001866,'6640','SCREED',0000000056,'METALSIGMAUSER','2019-02-21 14:47:09',NULL,NULL),(0000001867,'6641','SCREED EXTENSION',0000000056,'METALSIGMAUSER','2019-02-21 14:47:09',NULL,NULL),(0000001868,'6642','SCREED BURNER',0000000056,'METALSIGMAUSER','2019-02-21 14:47:09',NULL,NULL),(0000001869,'6643','SCREED WEAR PLATE',0000000056,'METALSIGMAUSER','2019-02-21 14:47:09',NULL,NULL),(0000001870,'6644','SCREED BLOWER',0000000056,'METALSIGMAUSER','2019-02-21 14:47:09',NULL,NULL),(0000001871,'6645','ECCENTRIC WEIGHT SHAFT',0000000056,'METALSIGMAUSER','2019-02-21 14:47:09',NULL,NULL),(0000001872,'6646','SCREED STRIKE-OFF ASSEMBLY',0000000056,'METALSIGMAUSER','2019-02-21 14:47:09',NULL,NULL),(0000001873,'6647','CROWNING ASSEMBLY',0000000056,'METALSIGMAUSER','2019-02-21 14:47:09',NULL,NULL),(0000001874,'6648','CROSS SLOPE BEAM',0000000056,'METALSIGMAUSER','2019-02-21 14:47:09',NULL,NULL),(0000001875,'6649','HORIZONTAL TUBE',0000000056,'METALSIGMAUSER','2019-02-21 14:47:09',NULL,NULL),(0000001876,'6651','CUTOFF SHOE',0000000056,'METALSIGMAUSER','2019-02-21 14:47:09',NULL,NULL),(0000001877,'6652','RUNNER SHOE',0000000056,'METALSIGMAUSER','2019-02-21 14:47:09',NULL,NULL),(0000001878,'6653','SIDEROLLER',0000000056,'METALSIGMAUSER','2019-02-21 14:47:09',NULL,NULL),(0000001879,'6654','VENTILATION SYSTEM',0000000056,'METALSIGMAUSER','2019-02-21 14:47:09',NULL,NULL),(0000001880,'6655','BERM',0000000056,'METALSIGMAUSER','2019-02-21 14:47:09',NULL,NULL),(0000001881,'6656','SCREED TAMPER',0000000056,'METALSIGMAUSER','2019-02-21 14:47:09',NULL,NULL),(0000001882,'6660','WINDROW BOX',0000000056,'METALSIGMAUSER','2019-02-21 14:47:09',NULL,NULL),(0000001883,'6700','WORK TOOL',0000000057,'METALSIGMAUSER','2019-02-21 14:47:09',NULL,NULL),(0000001884,'6701','ANGLE BLADE',0000000057,'METALSIGMAUSER','2019-02-21 14:47:09',NULL,NULL),(0000001885,'6702','ANGLE BROOM',0000000057,'METALSIGMAUSER','2019-02-21 14:47:09',NULL,NULL),(0000001886,'6703','BALE HANDLER',0000000057,'METALSIGMAUSER','2019-02-21 14:47:09',NULL,NULL),(0000001887,'6704','GRAPPLE BUCKET',0000000057,'METALSIGMAUSER','2019-02-21 14:47:09',NULL,NULL),(0000001888,'6705','GRAPPLE FORK',0000000057,'METALSIGMAUSER','2019-02-21 14:47:09',NULL,NULL),(0000001889,'6706','STUMP GRINDER',0000000057,'METALSIGMAUSER','2019-02-21 14:47:09',NULL,NULL),(0000001890,'6707','GUTTER BRUSH',0000000057,'METALSIGMAUSER','2019-02-21 14:47:09',NULL,NULL),(0000001891,'6708','PICKUP BROOM',0000000057,'METALSIGMAUSER','2019-02-21 14:47:09',NULL,NULL),(0000001892,'6709','TILLER',0000000057,'METALSIGMAUSER','2019-02-21 14:47:09',NULL,NULL),(0000001893,'6710','TRENCHER',0000000057,'METALSIGMAUSER','2019-02-21 14:47:09',NULL,NULL),(0000001894,'6711','VIBRATORY ROLLER',0000000057,'METALSIGMAUSER','2019-02-21 14:47:09',NULL,NULL),(0000001895,'6712','WHEEL SAW',0000000057,'METALSIGMAUSER','2019-02-21 14:47:09',NULL,NULL),(0000001896,'6713','SCRAPER BLADE',0000000057,'METALSIGMAUSER','2019-02-21 14:47:09',NULL,NULL),(0000001897,'6714','RAKE CONVEYOR',0000000057,'METALSIGMAUSER','2019-02-21 14:47:09',NULL,NULL),(0000001898,'6715','SNOW BLOWER',0000000057,'METALSIGMAUSER','2019-02-21 14:47:09',NULL,NULL),(0000001899,'6716','SILAGE GRINDER',0000000057,'METALSIGMAUSER','2019-02-21 14:47:09',NULL,NULL),(0000001900,'6717','TILT ROTATOR',0000000057,'METALSIGMAUSER','2019-02-21 14:47:09',NULL,NULL),(0000001901,'6800','GROUND ENGAGING TOOLS (GET)',0000000058,'METALSIGMAUSER','2019-02-21 14:47:09',NULL,NULL),(0000001902,'6801','CUTTING EDGE',0000000058,'METALSIGMAUSER','2019-02-21 14:47:09',NULL,NULL),(0000001903,'6802','CUTTING EDGE CORNER',0000000058,'METALSIGMAUSER','2019-02-21 14:47:09',NULL,NULL),(0000001904,'6803','TOOTH/TIP ADAPTER',0000000058,'METALSIGMAUSER','2019-02-21 14:47:09',NULL,NULL),(0000001905,'6804','END BIT',0000000058,'METALSIGMAUSER','2019-02-21 14:47:09',NULL,NULL),(0000001906,'6805','BUCKET TIP',0000000058,'METALSIGMAUSER','2019-02-21 14:47:09',NULL,NULL),(0000001907,'6806','COMPACTOR WHEEL TIP',0000000058,'METALSIGMAUSER','2019-02-21 14:47:09',NULL,NULL),(0000001908,'6807','SCARIFIER TIP',0000000058,'METALSIGMAUSER','2019-02-21 14:47:09',NULL,NULL),(0000001909,'6808','RIPPER TIP',0000000058,'METALSIGMAUSER','2019-02-21 14:47:09',NULL,NULL),(0000001910,'6809','ROUTER BIT',0000000058,'METALSIGMAUSER','2019-02-21 14:47:09',NULL,NULL),(0000001911,'6810','RIPPER SHANK',0000000058,'METALSIGMAUSER','2019-02-21 14:47:09',NULL,NULL),(0000001912,'6811','SCARIFIER SHANK',0000000058,'METALSIGMAUSER','2019-02-21 14:47:10',NULL,NULL),(0000001913,'6812','SHANK PROTECTOR',0000000058,'METALSIGMAUSER','2019-02-21 14:47:10',NULL,NULL),(0000001914,'6813','SIDECUTTER',0000000058,'METALSIGMAUSER','2019-02-21 14:47:10',NULL,NULL),(0000001915,'6814','RIPPER SHANK ADAPTER',0000000058,'METALSIGMAUSER','2019-02-21 14:47:10',NULL,NULL),(0000001916,'6815','CUTTING EDGE SUPPORT',0000000058,'METALSIGMAUSER','2019-02-21 14:47:10',NULL,NULL),(0000001917,'6816','BUCKET CORNER GUARD SYSTEM',0000000058,'METALSIGMAUSER','2019-02-21 14:47:10',NULL,NULL),(0000001918,'6817','SIDEBAR PROTECTOR',0000000058,'METALSIGMAUSER','2019-02-21 14:47:10',NULL,NULL),(0000001919,'6818','CUTTING EDGE SEGMENTS',0000000058,'METALSIGMAUSER','2019-02-21 14:47:10',NULL,NULL),(0000001920,'6819','CUTTER BIT(S)',0000000058,'METALSIGMAUSER','2019-02-21 14:47:10',NULL,NULL),(0000001921,'6820','WEAR PLATE',0000000058,'METALSIGMAUSER','2019-02-21 14:47:10',NULL,NULL),(0000001922,'6821','CHOPPER TINES/END TOOLS',0000000058,'METALSIGMAUSER','2019-02-21 14:47:10',NULL,NULL),(0000001923,'6822','BUCKET TOOTH',0000000058,'METALSIGMAUSER','2019-02-21 14:47:10',NULL,NULL),(0000001924,'6823','BASE EDGE',0000000058,'METALSIGMAUSER','2019-02-21 14:47:10',NULL,NULL),(0000001925,'6824','GRADERBIT',0000000058,'METALSIGMAUSER','2019-02-21 14:47:10',NULL,NULL),(0000001926,'6825','RAKE TOOTH',0000000058,'METALSIGMAUSER','2019-02-21 14:47:10',NULL,NULL),(0000001927,'6826','HAMMER TOOL',0000000058,'METALSIGMAUSER','2019-02-21 14:47:10',NULL,NULL),(0000001928,'6827','CRUSHING TOOTH',0000000058,'METALSIGMAUSER','2019-02-21 14:47:10',NULL,NULL),(0000001929,'6828','CUTTING EDGE TOOTH',0000000058,'METALSIGMAUSER','2019-02-21 14:47:10',NULL,NULL),(0000001930,'6829','CUTTING EDGE TIP',0000000058,'METALSIGMAUSER','2019-02-21 14:47:10',NULL,NULL),(0000001931,'6830','AUGER BIT',0000000058,'METALSIGMAUSER','2019-02-21 14:47:10',NULL,NULL),(0000001932,'6831','TOOTHBAR',0000000058,'METALSIGMAUSER','2019-02-21 14:47:10',NULL,NULL),(0000001933,'6832','MECHANICALLY ATTACHED WEAR PLATE SYSTEM',0000000058,'METALSIGMAUSER','2019-02-21 14:47:10',NULL,NULL),(0000001934,'6900','COMBINE',0000000059,'METALSIGMAUSER','2019-02-21 14:47:10',NULL,NULL),(0000001935,'6901','HEADER',0000000059,'METALSIGMAUSER','2019-02-21 14:47:10',NULL,NULL),(0000001936,'6902','REEL',0000000059,'METALSIGMAUSER','2019-02-21 14:47:10',NULL,NULL),(0000001937,'6903','SICKLE',0000000059,'METALSIGMAUSER','2019-02-21 14:47:10',NULL,NULL),(0000001938,'6904','ROW CROP DIVIDER',0000000059,'METALSIGMAUSER','2019-02-21 14:47:10',NULL,NULL),(0000001939,'6905','GATHERING CHAIN',0000000059,'METALSIGMAUSER','2019-02-21 14:47:10',NULL,NULL),(0000001940,'6906','SNAP ROLLER',0000000059,'METALSIGMAUSER','2019-02-21 14:47:10',NULL,NULL),(0000001941,'6907','DECK PLATE',0000000059,'METALSIGMAUSER','2019-02-21 14:47:10',NULL,NULL),(0000001942,'6908','FEEDER HOUSE CONVEYOR',0000000059,'METALSIGMAUSER','2019-02-21 14:47:10',NULL,NULL),(0000001943,'6909','FINGER BAR',0000000059,'METALSIGMAUSER','2019-02-21 14:47:10',NULL,NULL),(0000001944,'6910','FEEDER HOUSE',0000000059,'METALSIGMAUSER','2019-02-21 14:47:10',NULL,NULL),(0000001945,'6911','PRE-SEPARATION CONCAVE',0000000059,'METALSIGMAUSER','2019-02-21 14:47:10',NULL,NULL),(0000001946,'6912','BLANKING PLATE',0000000059,'METALSIGMAUSER','2019-02-21 14:47:10',NULL,NULL),(0000001947,'6913','ACCELERATOR DRUM',0000000059,'METALSIGMAUSER','2019-02-21 14:47:10',NULL,NULL),(0000001948,'6914','CONCAVE',0000000059,'METALSIGMAUSER','2019-02-21 14:47:10',NULL,NULL),(0000001949,'6915','THRESHING DRUM',0000000059,'METALSIGMAUSER','2019-02-21 14:47:10',NULL,NULL),(0000001950,'6916','SPIKE TOOTH DRUM',0000000059,'METALSIGMAUSER','2019-02-21 14:47:10',NULL,NULL),(0000001951,'6917','IMPELLER DRUM',0000000059,'METALSIGMAUSER','2019-02-21 14:47:10',NULL,NULL),(0000001952,'6918','SEPARATOR ROTOR',0000000059,'METALSIGMAUSER','2019-02-21 14:47:10',NULL,NULL),(0000001953,'6919','STRAW WALKER',0000000059,'METALSIGMAUSER','2019-02-21 14:47:10',NULL,NULL),(0000001954,'6920','SIEVE PAN',0000000059,'METALSIGMAUSER','2019-02-21 14:47:10',NULL,NULL),(0000001955,'6921','CLEAN GRAIN AUGER',0000000059,'METALSIGMAUSER','2019-02-21 14:47:10',NULL,NULL),(0000001956,'6922','STEP FLOOR',0000000059,'METALSIGMAUSER','2019-02-21 14:47:10',NULL,NULL),(0000001957,'6923','PREPARATION FLOOR',0000000059,'METALSIGMAUSER','2019-02-21 14:47:10',NULL,NULL),(0000001958,'6924','SIEVE',0000000059,'METALSIGMAUSER','2019-02-21 14:47:10',NULL,NULL),(0000001959,'6925','CLEANING FAN',0000000059,'METALSIGMAUSER','2019-02-21 14:47:10',NULL,NULL),(0000001960,'6926','RETURN PAN',0000000059,'METALSIGMAUSER','2019-02-21 14:47:10',NULL,NULL),(0000001961,'6927','RETURNS AUGER',0000000059,'METALSIGMAUSER','2019-02-21 14:47:10',NULL,NULL),(0000001962,'6928','RETURNS ELEVATOR',0000000059,'METALSIGMAUSER','2019-02-21 14:47:10',NULL,NULL),(0000001963,'6929','CHAFF SPREADER',0000000059,'METALSIGMAUSER','2019-02-21 14:47:10',NULL,NULL),(0000001964,'6930','CHAFF SPREADER FAN',0000000059,'METALSIGMAUSER','2019-02-21 14:47:10',NULL,NULL),(0000001965,'6931','CLEAN GRAIN ELEVATOR',0000000059,'METALSIGMAUSER','2019-02-21 14:47:10',NULL,NULL),(0000001966,'6932','AUGER TUBE',0000000059,'METALSIGMAUSER','2019-02-21 14:47:10',NULL,NULL),(0000001967,'6933','GRAIN TANK',0000000059,'METALSIGMAUSER','2019-02-21 14:47:10',NULL,NULL),(0000001968,'6934','INTENSIVE SEPARATION SYSTEM',0000000059,'METALSIGMAUSER','2019-02-21 14:47:10',NULL,NULL),(0000001969,'6935','STRAW CHOPPER',0000000059,'METALSIGMAUSER','2019-02-21 14:47:10',NULL,NULL),(0000001970,'6936','KNIFE DRUM',0000000059,'METALSIGMAUSER','2019-02-21 14:47:10',NULL,NULL),(0000001971,'6938','HEADER TROUGH',0000000059,'METALSIGMAUSER','2019-02-21 14:47:10',NULL,NULL),(0000001972,'6940','STATIONARY KNIFE CARRIER',0000000059,'METALSIGMAUSER','2019-02-21 14:47:10',NULL,NULL),(0000001973,'6941','STRAW SPREADER',0000000059,'METALSIGMAUSER','2019-02-21 14:47:10',NULL,NULL),(0000001974,'7000','MACHINE',0000000060,'METALSIGMAUSER','2019-02-21 14:47:10',NULL,NULL),(0000001975,'7001','LIFT TRUCK',0000000060,'METALSIGMAUSER','2019-02-21 14:47:10',NULL,NULL),(0000001976,'7002','GENERATOR SET',0000000060,'METALSIGMAUSER','2019-02-21 14:47:10',NULL,NULL),(0000001977,'7003','COMPONENT(S)',0000000060,'METALSIGMAUSER','2019-02-21 14:47:10',NULL,NULL),(0000001978,'7004','MARINE PROPULSION PACKAGE',0000000060,'METALSIGMAUSER','2019-02-21 14:47:10',NULL,NULL),(0000001979,'7005','LOAD BANK',0000000060,'METALSIGMAUSER','2019-02-21 14:47:10',NULL,NULL),(0000001980,'7006','TRUCK',0000000060,'METALSIGMAUSER','2019-02-21 14:47:10',NULL,NULL),(0000001981,'7007','ATTACHMENT',0000000060,'METALSIGMAUSER','2019-02-21 14:47:10',NULL,NULL),(0000001982,'7008','REMOTE CONTROL SYSTEM',0000000060,'METALSIGMAUSER','2019-02-21 14:47:10',NULL,NULL),(0000001983,'7009','LASER RECEIVER',0000000060,'METALSIGMAUSER','2019-02-21 14:47:10',NULL,NULL),(0000001984,'7010','SATELLITE RECEIVER',0000000060,'METALSIGMAUSER','2019-02-21 14:47:10',NULL,NULL),(0000001985,'7011','OPERATOR LIFT SYSTEM',0000000060,'METALSIGMAUSER','2019-02-21 14:47:10',NULL,NULL),(0000001986,'7012','BOTTOM GUARD LIFT SYSTEM',0000000060,'METALSIGMAUSER','2019-02-21 14:47:10',NULL,NULL),(0000001987,'7050','FRAME',0000000061,'METALSIGMAUSER','2019-02-21 14:47:10',NULL,NULL),(0000001988,'7051','MAIN FRAME',0000000061,'METALSIGMAUSER','2019-02-21 14:47:10',NULL,NULL),(0000001989,'7052','PIPELAYER FRAME',0000000061,'METALSIGMAUSER','2019-02-21 14:47:10',NULL,NULL),(0000001990,'7053','PIPELAYER WINCH FRAME',0000000061,'METALSIGMAUSER','2019-02-21 14:47:10',NULL,NULL),(0000001991,'7054','LOADER FRAME',0000000061,'METALSIGMAUSER','2019-02-21 14:47:10',NULL,NULL),(0000001992,'7055','COUNTERWEIGHT FRAME',0000000061,'METALSIGMAUSER','2019-02-21 14:47:10',NULL,NULL),(0000001993,'7056','COUNTERWEIGHT',0000000061,'METALSIGMAUSER','2019-02-21 14:47:10',NULL,NULL),(0000001994,'7057','ARTICULATION PIVOT PIN',0000000061,'METALSIGMAUSER','2019-02-21 14:47:10',NULL,NULL),(0000001995,'7059','FUEL TANK, SEAT & FRAME',0000000061,'METALSIGMAUSER','2019-02-21 14:47:10',NULL,NULL),(0000001996,'7060','ENGINE/GENERATOR/MARINE GEAR BASE',0000000061,'METALSIGMAUSER','2019-02-21 14:47:10',NULL,NULL),(0000001997,'7061','MAIN FRAME BORE',0000000061,'METALSIGMAUSER','2019-02-21 14:47:10',NULL,NULL),(0000001998,'7062','CARBODY',0000000061,'METALSIGMAUSER','2019-02-21 14:47:10',NULL,NULL),(0000001999,'7063','SWING GEAR/BEARING',0000000061,'METALSIGMAUSER','2019-02-21 14:47:10',NULL,NULL),(0000002000,'7064','LOADER FRAME BORE',0000000061,'METALSIGMAUSER','2019-02-21 14:47:10',NULL,NULL),(0000002001,'7065','REAR FRAME ARTICULATION PIN BORE',0000000061,'METALSIGMAUSER','2019-02-21 14:47:10',NULL,NULL),(0000002002,'7066','FRONT FRAME ARTICULATION PIN BORE',0000000061,'METALSIGMAUSER','2019-02-21 14:47:10',NULL,NULL),(0000002003,'7067','RIPPER FRAME',0000000061,'METALSIGMAUSER','2019-02-21 14:47:10',NULL,NULL),(0000002004,'7068','HYDRAULIC PALLET',0000000061,'METALSIGMAUSER','2019-02-21 14:47:10',NULL,NULL),(0000002005,'7069','LOADER FRAME LIFT ARM PIN BORE',0000000061,'METALSIGMAUSER','2019-02-21 14:47:10',NULL,NULL),(0000002006,'7070','LOADER FRAME LIFT CYLINDER PIN BORE',0000000061,'METALSIGMAUSER','2019-02-21 14:47:10',NULL,NULL),(0000002007,'7071','LOADER FRAME TILT CYLINDER PIN BORE',0000000061,'METALSIGMAUSER','2019-02-21 14:47:10',NULL,NULL),(0000002008,'7072','FRONT FRAME STEERING CYLINDER PIN BORE',0000000061,'METALSIGMAUSER','2019-02-21 14:47:10',NULL,NULL),(0000002009,'7073','REAR FRAME STEERING CYLINDER PIN BORE',0000000061,'METALSIGMAUSER','2019-02-21 14:47:10',NULL,NULL),(0000002010,'7074','CONVEYOR FRAME PIVOT',0000000061,'METALSIGMAUSER','2019-02-21 14:47:10',NULL,NULL),(0000002011,'7076','FRAME SOUND SUPPRESSION',0000000061,'METALSIGMAUSER','2019-02-21 14:47:10',NULL,NULL),(0000002012,'7077','LOGGING/SHEAR FRAME',0000000061,'METALSIGMAUSER','2019-02-21 14:47:10',NULL,NULL),(0000002013,'7078','FRAME LEVEL CYLINDER',0000000061,'METALSIGMAUSER','2019-02-21 14:47:10',NULL,NULL),(0000002014,'7079','TOOL ATTACH FRAME',0000000061,'METALSIGMAUSER','2019-02-21 14:47:10',NULL,NULL),(0000002015,'7080','OSCILLATION LOCK CYLINDER',0000000061,'METALSIGMAUSER','2019-02-21 14:47:10',NULL,NULL),(0000002016,'7100','HITCH',0000000062,'METALSIGMAUSER','2019-02-21 14:47:10',NULL,NULL),(0000002017,'7103','PULL HOOK/EYE',0000000062,'METALSIGMAUSER','2019-02-21 14:47:10',NULL,NULL),(0000002018,'7104','DUAL TRACTOR HITCH',0000000062,'METALSIGMAUSER','2019-02-21 14:47:10',NULL,NULL),(0000002019,'7105','FIXED DRAWBAR',0000000062,'METALSIGMAUSER','2019-02-21 14:47:10',NULL,NULL),(0000002020,'7106','RIGID HITCH',0000000062,'METALSIGMAUSER','2019-02-21 14:47:10',NULL,NULL),(0000002021,'7107','CUSHION HITCH',0000000062,'METALSIGMAUSER','2019-02-21 14:47:10',NULL,NULL),(0000002022,'7108','RIGID HITCH BORE',0000000062,'METALSIGMAUSER','2019-02-21 14:47:10',NULL,NULL),(0000002023,'7109','CUSHION HITCH BORE',0000000062,'METALSIGMAUSER','2019-02-21 14:47:10',NULL,NULL),(0000002024,'7110','CUSHION HITCH BRACKET',0000000062,'METALSIGMAUSER','2019-02-21 14:47:10',NULL,NULL),(0000002025,'7111','TOWING COUPLER',0000000062,'METALSIGMAUSER','2019-02-21 14:47:10',NULL,NULL),(0000002026,'7112','RAILCAR COUPLER',0000000062,'METALSIGMAUSER','2019-02-21 14:47:10',NULL,NULL),(0000002027,'7113','OSCILLATING HITCH',0000000062,'METALSIGMAUSER','2019-02-21 14:47:10',NULL,NULL),(0000002028,'7114','OSCILLATING HITCH BORE',0000000062,'METALSIGMAUSER','2019-02-21 14:47:10',NULL,NULL),(0000002029,'7115','PUSH BLOCK/BAIL',0000000062,'METALSIGMAUSER','2019-02-21 14:47:10',NULL,NULL),(0000002030,'7116','HITCH/TOW PIN',0000000062,'METALSIGMAUSER','2019-02-21 14:47:10',NULL,NULL),(0000002031,'7117','HITCH PIVOT SHAFT/BORE',0000000062,'METALSIGMAUSER','2019-02-21 14:47:10',NULL,NULL),(0000002032,'7118','H-LINK',0000000062,'METALSIGMAUSER','2019-02-21 14:47:10',NULL,NULL),(0000002033,'7119','SWINGING DRAWBAR',0000000062,'METALSIGMAUSER','2019-02-21 14:47:10',NULL,NULL),(0000002034,'7120','THREE-POINT HITCH',0000000062,'METALSIGMAUSER','2019-02-21 14:47:10',NULL,NULL),(0000002035,'7121','TOW ARM/TOW BAR',0000000062,'METALSIGMAUSER','2019-02-21 14:47:10',NULL,NULL),(0000002036,'7122','PAVER HITCH/PUSH ROLLER',0000000062,'METALSIGMAUSER','2019-02-21 14:47:10',NULL,NULL),(0000002037,'7123','DRAFT GEAR',0000000062,'METALSIGMAUSER','2019-02-21 14:47:10',NULL,NULL),(0000002038,'7150','GUARD',0000000063,'METALSIGMAUSER','2019-02-21 14:47:10',NULL,NULL),(0000002039,'7151','CRANKCASE GUARD',0000000063,'METALSIGMAUSER','2019-02-21 14:47:10',NULL,NULL),(0000002040,'7152','TRACK ROLLER GUARD',0000000063,'METALSIGMAUSER','2019-02-21 14:47:10',NULL,NULL),(0000002041,'7153','BOTTOM GUARD',0000000063,'METALSIGMAUSER','2019-02-21 14:47:10',NULL,NULL),(0000002042,'7154','ENGINE GUARD',0000000063,'METALSIGMAUSER','2019-02-21 14:47:10',NULL,NULL),(0000002043,'7155','RADIATOR GUARD',0000000063,'METALSIGMAUSER','2019-02-21 14:47:10',NULL,NULL),(0000002044,'7156','BUMPER',0000000063,'METALSIGMAUSER','2019-02-21 14:47:10',NULL,NULL),(0000002045,'7157','ROCK EJECTOR',0000000063,'METALSIGMAUSER','2019-02-21 14:47:10',NULL,NULL),(0000002046,'7158','BRUSH/TRASH GUARD',0000000063,'METALSIGMAUSER','2019-02-21 14:47:10',NULL,NULL),(0000002047,'7159','OVERHEAD GUARD',0000000063,'METALSIGMAUSER','2019-02-21 14:47:10',NULL,NULL),(0000002048,'7160','CLEANER BAR',0000000063,'METALSIGMAUSER','2019-02-21 14:47:10',NULL,NULL),(0000002049,'7161','EJECTOR OVERFLOW GUARD',0000000063,'METALSIGMAUSER','2019-02-21 14:47:10',NULL,NULL),(0000002050,'7162','SWEEPS',0000000063,'METALSIGMAUSER','2019-02-21 14:47:10',NULL,NULL),(0000002051,'7163','TRACK MOTOR GUARD',0000000063,'METALSIGMAUSER','2019-02-21 14:47:10',NULL,NULL),(0000002052,'7164','CYLINDER GUARD',0000000063,'METALSIGMAUSER','2019-02-21 14:47:10',NULL,NULL),(0000002053,'7165','CAB/CANOPY SCREEN',0000000063,'METALSIGMAUSER','2019-02-21 14:47:10',NULL,NULL),(0000002054,'7166','BRAKE LINES GUARD',0000000063,'METALSIGMAUSER','2019-02-21 14:47:10',NULL,NULL),(0000002055,'7167','HYDRAULIC LINES GUARD',0000000063,'METALSIGMAUSER','2019-02-21 14:47:10',NULL,NULL),(0000002056,'7168','ALTERNATOR GUARD',0000000063,'METALSIGMAUSER','2019-02-21 14:47:10',NULL,NULL),(0000002057,'7169','IDLER GUARD',0000000063,'METALSIGMAUSER','2019-02-21 14:47:10',NULL,NULL),(0000002058,'7170','RADIATOR GRILLE',0000000063,'METALSIGMAUSER','2019-02-21 14:47:10',NULL,NULL),(0000002059,'7171','TRACK ADJUSTER GUARD',0000000063,'METALSIGMAUSER','2019-02-21 14:47:10',NULL,NULL),(0000002060,'7172','FINAL DRIVE GUARD',0000000063,'METALSIGMAUSER','2019-02-21 14:47:10',NULL,NULL),(0000002061,'7173','TRACK ROLLER FRAME GUARD',0000000063,'METALSIGMAUSER','2019-02-21 14:47:10',NULL,NULL),(0000002062,'7174','BELT GUARD',0000000063,'METALSIGMAUSER','2019-02-21 14:47:10',NULL,NULL),(0000002063,'7175','RIPPER VALVE GUARD',0000000063,'METALSIGMAUSER','2019-02-21 14:47:10',NULL,NULL),(0000002064,'7176','SPROCKET SEAL GUARD',0000000063,'METALSIGMAUSER','2019-02-21 14:47:10',NULL,NULL),(0000002065,'7177','ROPS ROLL BAR',0000000063,'METALSIGMAUSER','2019-02-21 14:47:10',NULL,NULL),(0000002066,'7178','TRUNNION & CRANKCASE GUARD',0000000063,'METALSIGMAUSER','2019-02-21 14:47:10',NULL,NULL),(0000002067,'7179','SANDBLAST GRID',0000000063,'METALSIGMAUSER','2019-02-21 14:47:10',NULL,NULL),(0000002068,'7180','STRIKER BAR',0000000063,'METALSIGMAUSER','2019-02-21 14:47:10',NULL,NULL),(0000002069,'7181','WINDSKIRT',0000000063,'METALSIGMAUSER','2019-02-21 14:47:10',NULL,NULL),(0000002070,'7182','ROCK GUARD',0000000063,'METALSIGMAUSER','2019-02-21 14:47:10',NULL,NULL),(0000002071,'7183','SWIVEL GUARD',0000000063,'METALSIGMAUSER','2019-02-21 14:47:10',NULL,NULL),(0000002072,'7184','CUTTER SKIRT',0000000063,'METALSIGMAUSER','2019-02-21 14:47:10',NULL,NULL),(0000002073,'7185','AXLE GUARD',0000000063,'METALSIGMAUSER','2019-02-21 14:47:10',NULL,NULL),(0000002074,'7186','SPILL PLATE/GUARD',0000000063,'METALSIGMAUSER','2019-02-21 14:47:10',NULL,NULL),(0000002075,'7187','REAR GUARD',0000000063,'METALSIGMAUSER','2019-02-21 14:47:10',NULL,NULL),(0000002076,'7188','TURN STOP',0000000063,'METALSIGMAUSER','2019-02-21 14:47:10',NULL,NULL),(0000002077,'7189','CHAIN GUARD',0000000063,'METALSIGMAUSER','2019-02-21 14:47:10',NULL,NULL),(0000002078,'7190','ROTARY SCREEN',0000000063,'METALSIGMAUSER','2019-02-21 14:47:10',NULL,NULL),(0000002079,'7191','ROTARY SCREEN DRIVE',0000000063,'METALSIGMAUSER','2019-02-21 14:47:10',NULL,NULL),(0000002080,'7192','WHEEL CHOCK',0000000063,'METALSIGMAUSER','2019-02-21 14:47:10',NULL,NULL),(0000002081,'7200','SUSPENSION',0000000064,'METALSIGMAUSER','2019-02-21 14:47:10',NULL,NULL),(0000002082,'7201','SUSPENSION CYLINDER',0000000064,'METALSIGMAUSER','2019-02-21 14:47:10',NULL,NULL),(0000002083,'7202','AXLE SPRING',0000000064,'METALSIGMAUSER','2019-02-21 14:47:10',NULL,NULL),(0000002084,'7203','PANHARD/STABILIZER ROD',0000000064,'METALSIGMAUSER','2019-02-21 14:47:10',NULL,NULL),(0000002085,'7204','EQUALIZER SADDLE',0000000064,'METALSIGMAUSER','2019-02-21 14:47:10',NULL,NULL),(0000002086,'7205','EQUALIZER SPRING',0000000064,'METALSIGMAUSER','2019-02-21 14:47:10',NULL,NULL),(0000002087,'7206','EQUALIZER BAR',0000000064,'METALSIGMAUSER','2019-02-21 14:47:10',NULL,NULL),(0000002088,'7207','EQUALIZER BAR CENTER PIN SUPPORT',0000000064,'METALSIGMAUSER','2019-02-21 14:47:10',NULL,NULL),(0000002089,'7208','MAIN LEAF SPRING',0000000064,'METALSIGMAUSER','2019-02-21 14:47:10',NULL,NULL),(0000002090,'7209','EQUALIZER BAR SUSPENSION PAD',0000000064,'METALSIGMAUSER','2019-02-21 14:47:10',NULL,NULL),(0000002091,'7210','EQUALIZER BAR SUPPORT',0000000064,'METALSIGMAUSER','2019-02-21 14:47:10',NULL,NULL),(0000002092,'7211','EQUALIZER AUXILIARY SPRING',0000000064,'METALSIGMAUSER','2019-02-21 14:47:10',NULL,NULL),(0000002093,'7212','DIAGONAL BRACE SHAFT SUPPORT',0000000064,'METALSIGMAUSER','2019-02-21 14:47:10',NULL,NULL),(0000002094,'7213','REAR SUSPENSION CYLINDER',0000000064,'METALSIGMAUSER','2019-02-21 14:47:10',NULL,NULL),(0000002095,'7214','SUSPENSION CONTROL VALVE',0000000064,'METALSIGMAUSER','2019-02-21 14:47:10',NULL,NULL),(0000002096,'7215','SUSPENSION CONTROL',0000000064,'METALSIGMAUSER','2019-02-21 14:47:10',NULL,NULL),(0000002097,'7216','BOGIE SUSPENSION SUPPORT',0000000064,'METALSIGMAUSER','2019-02-21 14:47:10',NULL,NULL),(0000002098,'7217','BOGIE SUSPENSION',0000000064,'METALSIGMAUSER','2019-02-21 14:47:10',NULL,NULL),(0000002099,'7218','SUSPENSION LINES/HOSES',0000000064,'METALSIGMAUSER','2019-02-21 14:47:10',NULL,NULL),(0000002100,'7219','CROSS SLOPE CONTROL',0000000064,'METALSIGMAUSER','2019-02-21 14:47:10',NULL,NULL),(0000002101,'7220','AUTOMATIC GRADE CONTROL',0000000064,'METALSIGMAUSER','2019-02-21 14:47:10',NULL,NULL),(0000002102,'7221','OUTRIGGER',0000000064,'METALSIGMAUSER','2019-02-21 14:47:10',NULL,NULL),(0000002103,'7222','STABILIZER',0000000064,'METALSIGMAUSER','2019-02-21 14:47:10',NULL,NULL),(0000002104,'7223','BOLSTER/OSCILLATING BAR',0000000064,'METALSIGMAUSER','2019-02-21 14:47:10',NULL,NULL),(0000002105,'7224','ELEVATION/SUSPENSION LEG',0000000064,'METALSIGMAUSER','2019-02-21 14:47:10',NULL,NULL),(0000002106,'7225','DECK SCALE',0000000064,'METALSIGMAUSER','2019-02-21 14:47:10',NULL,NULL),(0000002107,'7226','EQUALIZING ARM',0000000064,'METALSIGMAUSER','2019-02-21 14:47:10',NULL,NULL),(0000002108,'7227','SUSPENSION LEVELING SYSTEM',0000000064,'METALSIGMAUSER','2019-02-21 14:47:10',NULL,NULL),(0000002109,'7228','PENDULUM ARM',0000000064,'METALSIGMAUSER','2019-02-21 14:47:10',NULL,NULL),(0000002110,'7229','PENDULUM ARM CYLINDER',0000000064,'METALSIGMAUSER','2019-02-21 14:47:10',NULL,NULL),(0000002111,'7230','SUSPENSION LINK',0000000064,'METALSIGMAUSER','2019-02-21 14:47:10',NULL,NULL),(0000002112,'7231','U-BOLT',0000000064,'METALSIGMAUSER','2019-02-21 14:47:10',NULL,NULL),(0000002113,'7232','KNUCKLE ASSEMBLY',0000000064,'METALSIGMAUSER','2019-02-21 14:47:10',NULL,NULL),(0000002114,'7250','BODY',0000000065,'METALSIGMAUSER','2019-02-21 14:47:10',NULL,NULL),(0000002115,'7251','HOOD',0000000065,'METALSIGMAUSER','2019-02-21 14:47:10',NULL,NULL),(0000002116,'7252','FENDER',0000000065,'METALSIGMAUSER','2019-02-21 14:47:10',NULL,NULL),(0000002117,'7253','PLATFORM/DECK',0000000065,'METALSIGMAUSER','2019-02-21 14:47:10',NULL,NULL),(0000002118,'7254','LADDER/STEP',0000000065,'METALSIGMAUSER','2019-02-21 14:47:10',NULL,NULL),(0000002119,'7255','WALKWAY',0000000065,'METALSIGMAUSER','2019-02-21 14:47:10',NULL,NULL),(0000002120,'7256','HANDRAIL(S)',0000000065,'METALSIGMAUSER','2019-02-21 14:47:10',NULL,NULL),(0000002121,'7257','BATTERY BOX/SUPPORT',0000000065,'METALSIGMAUSER','2019-02-21 14:47:10',NULL,NULL),(0000002122,'7258','DUMP BODY',0000000065,'METALSIGMAUSER','2019-02-21 14:47:10',NULL,NULL),(0000002123,'7259','TOOL BOX',0000000065,'METALSIGMAUSER','2019-02-21 14:47:10',NULL,NULL),(0000002124,'7260','CAB RISER',0000000065,'METALSIGMAUSER','2019-02-21 14:47:10',NULL,NULL),(0000002125,'7261','PLATFORM SOUND SUPPRESSION',0000000065,'METALSIGMAUSER','2019-02-21 14:47:10',NULL,NULL),(0000002126,'7262','FIREWALL',0000000065,'METALSIGMAUSER','2019-02-21 14:47:10',NULL,NULL),(0000002127,'7263','ENGINE ENCLOSURE',0000000065,'METALSIGMAUSER','2019-02-21 14:47:10',NULL,NULL),(0000002128,'7264','ROPS MOUNT REAR SUPPORT',0000000065,'METALSIGMAUSER','2019-02-21 14:47:10',NULL,NULL),(0000002129,'7265','FLOORPLATE',0000000065,'METALSIGMAUSER','2019-02-21 14:47:10',NULL,NULL),(0000002130,'7266','ROPS MOUNT',0000000065,'METALSIGMAUSER','2019-02-21 14:47:10',NULL,NULL),(0000002131,'7267','BODY PANEL',0000000065,'METALSIGMAUSER','2019-02-21 14:47:10',NULL,NULL),(0000002132,'7268','STORAGE RACK/BOX',0000000065,'METALSIGMAUSER','2019-02-21 14:47:10',NULL,NULL),(0000002133,'7269','BODY LINER',0000000065,'METALSIGMAUSER','2019-02-21 14:47:10',NULL,NULL),(0000002134,'7270','GAS SPRING',0000000065,'METALSIGMAUSER','2019-02-21 14:47:10',NULL,NULL),(0000002135,'7271','TAILGATE',0000000065,'METALSIGMAUSER','2019-02-21 14:47:10',NULL,NULL),(0000002136,'7272','RADIATOR ENCLOSURE/SHROUD',0000000065,'METALSIGMAUSER','2019-02-21 14:47:10',NULL,NULL),(0000002137,'7273','COMPARTMENT DOOR',0000000065,'METALSIGMAUSER','2019-02-21 14:47:10',NULL,NULL),(0000002138,'7274','GENERATOR SET ENCLOSURE',0000000065,'METALSIGMAUSER','2019-02-21 14:47:10',NULL,NULL),(0000002139,'7275','HOOD TILT ACTUATOR',0000000065,'METALSIGMAUSER','2019-02-21 14:47:10',NULL,NULL),(0000002140,'7276','MACHINE ENCLOSURE',0000000065,'METALSIGMAUSER','2019-02-21 14:47:10',NULL,NULL),(0000002141,'7277','ACCESS PLATFORM',0000000065,'METALSIGMAUSER','2019-02-21 14:47:10',NULL,NULL),(0000002142,'7278','ELECTRONICS BAY ENCLOSURE',0000000065,'METALSIGMAUSER','2019-02-21 14:47:10',NULL,NULL),(0000002143,'7279','AFTERTREATMENT FRAME',0000000065,'METALSIGMAUSER','2019-02-21 14:47:10',NULL,NULL),(0000002144,'7280','AIR PRE-FILTER',0000000065,'METALSIGMAUSER','2019-02-21 14:47:10',NULL,NULL),(0000002145,'7300','OPERATOR STATION',0000000066,'METALSIGMAUSER','2019-02-21 14:47:10',NULL,NULL),(0000002146,'7301','CAB',0000000066,'METALSIGMAUSER','2019-02-21 14:47:10',NULL,NULL),(0000002147,'7302','CANOPY',0000000066,'METALSIGMAUSER','2019-02-21 14:47:10',NULL,NULL),(0000002148,'7303','ROOF HATCH',0000000066,'METALSIGMAUSER','2019-02-21 14:47:10',NULL,NULL),(0000002149,'7304','CAB HEATER',0000000066,'METALSIGMAUSER','2019-02-21 14:47:10',NULL,NULL),(0000002150,'7305','WINDOW WIPER',0000000066,'METALSIGMAUSER','2019-02-21 14:47:10',NULL,NULL),(0000002151,'7306','WINDOW WASHER',0000000066,'METALSIGMAUSER','2019-02-21 14:47:10',NULL,NULL),(0000002152,'7307','SEAT/ARM CUSHION',0000000066,'METALSIGMAUSER','2019-02-21 14:47:10',NULL,NULL),(0000002153,'7308','CAB DOOR',0000000066,'METALSIGMAUSER','2019-02-21 14:47:10',NULL,NULL),(0000002154,'7309','HEATER & AIR CONDITIONER',0000000066,'METALSIGMAUSER','2019-02-21 14:47:10',NULL,NULL),(0000002155,'7310','WINDOW GLASS',0000000066,'METALSIGMAUSER','2019-02-21 14:47:10',NULL,NULL),(0000002156,'7311','CAB AIR PRESSURIZER',0000000066,'METALSIGMAUSER','2019-02-21 14:47:10',NULL,NULL),(0000002157,'7312','SEAT ASSEMBLY',0000000066,'METALSIGMAUSER','2019-02-21 14:47:10',NULL,NULL),(0000002158,'7313','UMBRELLA',0000000066,'METALSIGMAUSER','2019-02-21 14:47:10',NULL,NULL),(0000002159,'7314','DASH',0000000066,'METALSIGMAUSER','2019-02-21 14:47:10',NULL,NULL),(0000002160,'7315','VANDALISM GUARD',0000000066,'METALSIGMAUSER','2019-02-21 14:47:10',NULL,NULL),(0000002161,'7316','CAB AIR FAN',0000000066,'METALSIGMAUSER','2019-02-21 14:47:10',NULL,NULL),(0000002162,'7317','RECORDING TACHOGRAPH',0000000066,'METALSIGMAUSER','2019-02-21 14:47:10',NULL,NULL),(0000002163,'7318','SEAT SUSPENSION PUMP',0000000066,'METALSIGMAUSER','2019-02-21 14:47:10',NULL,NULL),(0000002164,'7319','MIRROR',0000000066,'METALSIGMAUSER','2019-02-21 14:47:10',NULL,NULL),(0000002165,'7320','AIR CONDITIONER',0000000066,'METALSIGMAUSER','2019-02-21 14:47:10',NULL,NULL),(0000002166,'7321','SEAT FRAME',0000000066,'METALSIGMAUSER','2019-02-21 14:47:10',NULL,NULL),(0000002167,'7322','AIR CONDITIONER RECEIVER/DRYER',0000000066,'METALSIGMAUSER','2019-02-21 14:47:10',NULL,NULL),(0000002168,'7323','ROPS/FOPS CANOPY',0000000066,'METALSIGMAUSER','2019-02-21 14:47:10',NULL,NULL),(0000002169,'7324','SUSPENSION SEAT',0000000066,'METALSIGMAUSER','2019-02-21 14:47:10',NULL,NULL),(0000002170,'7325','ROPS/FOPS CAB',0000000066,'METALSIGMAUSER','2019-02-21 14:47:10',NULL,NULL),(0000002171,'7326','SEAT COVER',0000000066,'METALSIGMAUSER','2019-02-21 14:47:10',NULL,NULL),(0000002172,'7327','SEAT BELT',0000000066,'METALSIGMAUSER','2019-02-21 14:47:10',NULL,NULL),(0000002173,'7328','REAR VIEW MIRROR',0000000066,'METALSIGMAUSER','2019-02-21 14:47:10',NULL,NULL),(0000002174,'7329','CAB LINER/SOUND SUPPRESSION',0000000066,'METALSIGMAUSER','2019-02-21 14:47:10',NULL,NULL),(0000002175,'7330','CANOPY SOUND SUPPRESSION',0000000066,'METALSIGMAUSER','2019-02-21 14:47:10',NULL,NULL),(0000002176,'7331','FLAG',0000000066,'METALSIGMAUSER','2019-02-21 14:47:10',NULL,NULL),(0000002177,'7332','ELECTRIC SWITCH (MANUAL)',0000000066,'METALSIGMAUSER','2019-02-21 14:47:10',NULL,NULL),(0000002178,'7334','LATCH / LOCK MECHANISM',0000000066,'METALSIGMAUSER','2019-02-21 14:47:10',NULL,NULL),(0000002179,'7335','MODULAR CAB',0000000066,'METALSIGMAUSER','2019-02-21 14:47:10',NULL,NULL),(0000002180,'7336','SEAT ACCUMULATOR',0000000066,'METALSIGMAUSER','2019-02-21 14:47:10',NULL,NULL),(0000002181,'7337','AIR CONDITIONER, HEATER & PRESSURIZER CONTROL',0000000066,'METALSIGMAUSER','2019-02-21 14:47:10',NULL,NULL),(0000002182,'7338','RADIO',0000000066,'METALSIGMAUSER','2019-02-21 14:47:10',NULL,NULL),(0000002183,'7339','WINDSHIELD-POLYCARBONATE',0000000066,'METALSIGMAUSER','2019-02-21 14:47:10',NULL,NULL),(0000002184,'7340','WINDSHIELD',0000000066,'METALSIGMAUSER','2019-02-21 14:47:10',NULL,NULL),(0000002185,'7341','CAB TILT JACK/PUMP',0000000066,'METALSIGMAUSER','2019-02-21 14:47:10',NULL,NULL),(0000002186,'7342','CAB AIR FILTER',0000000066,'METALSIGMAUSER','2019-02-21 14:47:10',NULL,NULL),(0000002187,'7343','EVAPORATOR COIL',0000000066,'METALSIGMAUSER','2019-02-21 14:47:10',NULL,NULL),(0000002188,'7344','CAB AIR TEMPERATURE SENSOR',0000000066,'METALSIGMAUSER','2019-02-21 14:47:10',NULL,NULL),(0000002189,'7345','SUN LOAD SENSOR',0000000066,'METALSIGMAUSER','2019-02-21 14:47:10',NULL,NULL),(0000002190,'7346','ELECTRIC ARMREST',0000000066,'METALSIGMAUSER','2019-02-21 14:47:10',NULL,NULL),(0000002191,'7347','CAMERA MONITOR',0000000066,'METALSIGMAUSER','2019-02-21 14:47:10',NULL,NULL),(0000002192,'7348','CAMERA',0000000066,'METALSIGMAUSER','2019-02-21 14:47:10',NULL,NULL),(0000002193,'7349','CRUISE CONTROL',0000000066,'METALSIGMAUSER','2019-02-21 14:47:10',NULL,NULL),(0000002194,'7400','PROTECTION DEVICES, ALARMS & INDICATORS',0000000067,'METALSIGMAUSER','2019-02-21 14:47:10',NULL,NULL),(0000002195,'7401','FIRE SUPPRESSION SYSTEM',0000000067,'METALSIGMAUSER','2019-02-21 14:47:10',NULL,NULL),(0000002196,'7402','WARNING HORN',0000000067,'METALSIGMAUSER','2019-02-21 14:47:10',NULL,NULL),(0000002197,'7403','HIGH COOLANT TEMPERATURE SHUTOFF',0000000067,'METALSIGMAUSER','2019-02-21 14:47:10',NULL,NULL),(0000002198,'7404','HIGH INLET AIR TEMPERATURE ALARM',0000000067,'METALSIGMAUSER','2019-02-21 14:47:10',NULL,NULL),(0000002199,'7405','INSTRUCTION/WARNING PLATE/FILM',0000000067,'METALSIGMAUSER','2019-02-21 14:47:10',NULL,NULL),(0000002200,'7406','BACK-UP ALARM',0000000067,'METALSIGMAUSER','2019-02-21 14:47:10',NULL,NULL),(0000002201,'7407','ACTION ALARM',0000000067,'METALSIGMAUSER','2019-02-21 14:47:10',NULL,NULL),(0000002202,'7409','LOW TRANSMISSION PRESSURE ALARM',0000000067,'METALSIGMAUSER','2019-02-21 14:47:10',NULL,NULL),(0000002203,'7410','OVERSPEED ALARM',0000000067,'METALSIGMAUSER','2019-02-21 14:47:10',NULL,NULL),(0000002204,'7411','OVERCRANK ALARM',0000000067,'METALSIGMAUSER','2019-02-21 14:47:10',NULL,NULL),(0000002205,'7412','HIGH EXHAUST TEMPERATURE ALARM',0000000067,'METALSIGMAUSER','2019-02-21 14:47:10',NULL,NULL),(0000002206,'7413','TORQUE CONVERTER/TRANSMISSION OIL TEMPERATURE INDICATOR',0000000067,'METALSIGMAUSER','2019-02-21 14:47:10',NULL,NULL),(0000002207,'7414','LOW FUEL PRESSURE ALARM',0000000067,'METALSIGMAUSER','2019-02-21 14:47:10',NULL,NULL),(0000002208,'7415','EMERGENCY STOP SWITCH',0000000067,'METALSIGMAUSER','2019-02-21 14:47:10',NULL,NULL),(0000002209,'7416','ACCUMULATOR PRESSURE ALARM',0000000067,'METALSIGMAUSER','2019-02-21 14:47:10',NULL,NULL),(0000002210,'7418','ENGINE SHUTOFF',0000000067,'METALSIGMAUSER','2019-02-21 14:47:10',NULL,NULL),(0000002211,'7419','FIRE EXTINGUISHER',0000000067,'METALSIGMAUSER','2019-02-21 14:47:10',NULL,NULL),(0000002212,'7420','LOW COOLANT TEMPERATURE ALARM',0000000067,'METALSIGMAUSER','2019-02-21 14:47:10',NULL,NULL),(0000002213,'7421','LOW ENGINE OIL PRESSURE SHUTOFF',0000000067,'METALSIGMAUSER','2019-02-21 14:47:10',NULL,NULL),(0000002214,'7422','LOW LIQUID LEVEL SWITCH/SENSOR',0000000067,'METALSIGMAUSER','2019-02-21 14:47:10',NULL,NULL),(0000002215,'7423','GROUND/STATIC STRAP',0000000067,'METALSIGMAUSER','2019-02-21 14:47:10',NULL,NULL),(0000002216,'7424','BODY RETAINING PIN',0000000067,'METALSIGMAUSER','2019-02-21 14:47:10',NULL,NULL),(0000002217,'7426','JUNCTION BOX',0000000067,'METALSIGMAUSER','2019-02-21 14:47:10',NULL,NULL),(0000002218,'7427','OVERSPEED SHUTOFF',0000000067,'METALSIGMAUSER','2019-02-21 14:47:10',NULL,NULL),(0000002219,'7428','PRESSURE PROTECTION VALVE',0000000067,'METALSIGMAUSER','2019-02-21 14:47:10',NULL,NULL),(0000002220,'7429','TRAVEL ALARM',0000000067,'METALSIGMAUSER','2019-02-21 14:47:10',NULL,NULL),(0000002221,'7430','SPECIAL PROTECTION DEVICE',0000000067,'METALSIGMAUSER','2019-02-21 14:47:10',NULL,NULL),(0000002222,'7431','WARNING/INDICATOR LIGHT',0000000067,'METALSIGMAUSER','2019-02-21 14:47:10',NULL,NULL),(0000002223,'7432','FAULT CODE',0000000067,'METALSIGMAUSER','2019-02-21 14:47:10',NULL,NULL),(0000002224,'7433','ANODE',0000000067,'METALSIGMAUSER','2019-02-21 14:47:10',NULL,NULL),(0000002225,'7450','GAUGES & INDICATORS',0000000068,'METALSIGMAUSER','2019-02-21 14:47:10',NULL,NULL),(0000002226,'7451','INSTRUMENT PANEL/CONTROL PANEL',0000000068,'METALSIGMAUSER','2019-02-21 14:47:10',NULL,NULL),(0000002227,'7452','AIR FILTER INDICATOR',0000000068,'METALSIGMAUSER','2019-02-21 14:47:10',NULL,NULL),(0000002228,'7453','ENGINE COOLANT TEMPERATURE GAUGE',0000000068,'METALSIGMAUSER','2019-02-21 14:47:10',NULL,NULL),(0000002229,'7454','ENGINE COOLING SYSTEM PRESSURE GAUGE',0000000068,'METALSIGMAUSER','2019-02-21 14:47:10',NULL,NULL),(0000002230,'7455','ENGINE OIL PRESSURE GAUGE',0000000068,'METALSIGMAUSER','2019-02-21 14:47:10',NULL,NULL),(0000002231,'7456','FUEL PRESSURE GAUGE',0000000068,'METALSIGMAUSER','2019-02-21 14:47:10',NULL,NULL),(0000002232,'7457','TRANSMISSION OIL PRESSURE GAUGE',0000000068,'METALSIGMAUSER','2019-02-21 14:47:10',NULL,NULL),(0000002233,'7458','TORQUE CONVERTER OIL PRESSURE GAUGE',0000000068,'METALSIGMAUSER','2019-02-21 14:47:10',NULL,NULL),(0000002234,'7459','TRANSMISSION GEAR/SHIFT INDICATOR',0000000068,'METALSIGMAUSER','2019-02-21 14:47:10',NULL,NULL),(0000002235,'7460','BRAKE OIL PRESSURE GAUGE',0000000068,'METALSIGMAUSER','2019-02-21 14:47:10',NULL,NULL),(0000002236,'7461','AIR PRESSURE GAUGE',0000000068,'METALSIGMAUSER','2019-02-21 14:47:10',NULL,NULL),(0000002237,'7462','TACHOMETER',0000000068,'METALSIGMAUSER','2019-02-21 14:47:10',NULL,NULL),(0000002238,'7463','SPEEDOMETER',0000000068,'METALSIGMAUSER','2019-02-21 14:47:10',NULL,NULL),(0000002239,'7464','ODOMETER',0000000068,'METALSIGMAUSER','2019-02-21 14:47:10',NULL,NULL),(0000002240,'7465','GAS PRESSURE GAUGE',0000000068,'METALSIGMAUSER','2019-02-21 14:47:10',NULL,NULL),(0000002241,'7466','PYROMETER',0000000068,'METALSIGMAUSER','2019-02-21 14:47:10',NULL,NULL),(0000002242,'7467','AMMETER',0000000068,'METALSIGMAUSER','2019-02-21 14:47:10',NULL,NULL),(0000002243,'7468','VOLTMETER/BATTERY DISCHARGE INDICATOR',0000000068,'METALSIGMAUSER','2019-02-21 14:47:10',NULL,NULL),(0000002244,'7469','WATTMETER',0000000068,'METALSIGMAUSER','2019-02-21 14:47:10',NULL,NULL),(0000002245,'7470','COOLANT LEVEL GAUGE',0000000068,'METALSIGMAUSER','2019-02-21 14:47:10',NULL,NULL),(0000002246,'7471','FREQUENCY METER',0000000068,'METALSIGMAUSER','2019-02-21 14:47:10',NULL,NULL),(0000002247,'7472','SYNCHROSCOPE',0000000068,'METALSIGMAUSER','2019-02-21 14:47:10',NULL,NULL),(0000002248,'7473','BRAKE WEAR INDICATOR',0000000068,'METALSIGMAUSER','2019-02-21 14:47:10',NULL,NULL),(0000002249,'7474','ACCUMULATOR PRESSURE GAUGE',0000000068,'METALSIGMAUSER','2019-02-21 14:47:10',NULL,NULL),(0000002250,'7475','OIL FILTER INDICATOR',0000000068,'METALSIGMAUSER','2019-02-21 14:47:10',NULL,NULL),(0000002251,'7476','ARTICULATION INDICATOR',0000000068,'METALSIGMAUSER','2019-02-21 14:47:10',NULL,NULL),(0000002252,'7477','TRANSMISSION/TORQUE CONVERTER TEMPERATURE GAUGE',0000000068,'METALSIGMAUSER','2019-02-21 14:47:10',NULL,NULL),(0000002253,'7478','SERVICE METER',0000000068,'METALSIGMAUSER','2019-02-21 14:47:10',NULL,NULL),(0000002254,'7479','SIGHT GAUGE',0000000068,'METALSIGMAUSER','2019-02-21 14:47:10',NULL,NULL),(0000002255,'7480','ELECTRIC HOUR METER',0000000068,'METALSIGMAUSER','2019-02-21 14:47:10',NULL,NULL),(0000002256,'7481','FUEL LEVEL GAUGE',0000000068,'METALSIGMAUSER','2019-02-21 14:47:10',NULL,NULL),(0000002257,'7482','TRANSMISSION LOW OIL PRESSURE INDICATOR',0000000068,'METALSIGMAUSER','2019-02-21 14:47:10',NULL,NULL),(0000002258,'7483','LOW FUEL LEVEL INDICATOR',0000000068,'METALSIGMAUSER','2019-02-21 14:47:10',NULL,NULL),(0000002259,'7484','ENGINE COOLANT HIGH TEMPERATURE INDICATOR',0000000068,'METALSIGMAUSER','2019-02-21 14:47:10',NULL,NULL),(0000002260,'7485','ENGINE LOW OIL PRESSURE INDICATOR',0000000068,'METALSIGMAUSER','2019-02-21 14:47:10',NULL,NULL),(0000002261,'7486','PARKING BRAKE INDICATOR LIGHT',0000000068,'METALSIGMAUSER','2019-02-21 14:47:10',NULL,NULL),(0000002262,'7487','TACHOMETER DRIVE',0000000068,'METALSIGMAUSER','2019-02-21 14:47:10',NULL,NULL),(0000002263,'7488','HYDRAULIC OIL TEMPERATURE GAUGE',0000000068,'METALSIGMAUSER','2019-02-21 14:47:10',NULL,NULL),(0000002264,'7489','BRAKE OIL TEMPERATURE INDICATOR',0000000068,'METALSIGMAUSER','2019-02-21 14:47:10',NULL,NULL),(0000002265,'7490','ELECTRONIC MONITORING SYSTEM/PANEL',0000000068,'METALSIGMAUSER','2019-02-21 14:47:10',NULL,NULL),(0000002266,'7492','STEERING FLOW INDICATOR',0000000068,'METALSIGMAUSER','2019-02-21 14:47:10',NULL,NULL),(0000002267,'7493','GROUND SPEED SENSOR',0000000068,'METALSIGMAUSER','2019-02-21 14:47:10',NULL,NULL),(0000002268,'7494','PAYLOAD MONITOR SYSTEM',0000000068,'METALSIGMAUSER','2019-02-21 14:47:10',NULL,NULL),(0000002269,'7495','FEET PER MINUTE INDICATOR',0000000068,'METALSIGMAUSER','2019-02-21 14:47:10',NULL,NULL),(0000002270,'7496','ALTERNATOR INDICATOR',0000000068,'METALSIGMAUSER','2019-02-21 14:47:10',NULL,NULL),(0000002271,'7497','SERVICE INDICATOR',0000000068,'METALSIGMAUSER','2019-02-21 14:47:10',NULL,NULL),(0000002272,'7498','THERMOCOUPLE',0000000068,'METALSIGMAUSER','2019-02-21 14:47:10',NULL,NULL),(0000002273,'7499','MAGNETIC SWITCH',0000000068,'METALSIGMAUSER','2019-02-21 14:47:10',NULL,NULL),(0000002274,'7500','MAINTENANCE',0000000069,'METALSIGMAUSER','2019-02-21 14:47:10',NULL,NULL),(0000002275,'7501','PM 1',0000000069,'METALSIGMAUSER','2019-02-21 14:47:10',NULL,NULL),(0000002276,'7502','PM 2',0000000069,'METALSIGMAUSER','2019-02-21 14:47:10',NULL,NULL),(0000002277,'7503','PM 3',0000000069,'METALSIGMAUSER','2019-02-21 14:47:10',NULL,NULL),(0000002278,'7504','PM 4',0000000069,'METALSIGMAUSER','2019-02-21 14:47:10',NULL,NULL),(0000002279,'7505','SHIPPING BRACKET/SUPPORT',0000000069,'METALSIGMAUSER','2019-02-21 14:47:10',NULL,NULL),(0000002280,'7506','SWING LOCK',0000000069,'METALSIGMAUSER','2019-02-21 14:47:10',NULL,NULL),(0000002281,'7507','LIFT ARM SUPPORT',0000000069,'METALSIGMAUSER','2019-02-21 14:47:10',NULL,NULL),(0000002282,'7508','PLANNED COMPONENT REPLACEMENT',0000000069,'METALSIGMAUSER','2019-02-21 14:47:10',NULL,NULL),(0000002283,'7509','CHASSIS SERVICE',0000000069,'METALSIGMAUSER','2019-02-21 14:47:10',NULL,NULL),(0000002284,'7510','GREASE LINES',0000000069,'METALSIGMAUSER','2019-02-21 14:47:10',NULL,NULL),(0000002285,'7512','GREASE HEATER',0000000069,'METALSIGMAUSER','2019-02-21 14:47:10',NULL,NULL),(0000002286,'7513','SERVICE CENTER',0000000069,'METALSIGMAUSER','2019-02-21 14:47:10',NULL,NULL),(0000002287,'7514','250 HOUR SOS',0000000069,'METALSIGMAUSER','2019-02-21 14:47:10',NULL,NULL),(0000002288,'7515','PM 5',0000000069,'METALSIGMAUSER','2019-02-21 14:47:10',NULL,NULL),(0000002289,'7516','LUBRICATION PUMP',0000000069,'METALSIGMAUSER','2019-02-21 14:47:10',NULL,NULL),(0000002290,'7517','LUBRICATING OIL LINES',0000000069,'METALSIGMAUSER','2019-02-21 14:47:10',NULL,NULL),(0000002291,'7519','SERVICE CONTRACTS & MAINTENANCE PROGRAMS',0000000069,'METALSIGMAUSER','2019-02-21 14:47:10',NULL,NULL),(0000002292,'7520','10 SERVICE HOUR MAINTENANCE',0000000069,'METALSIGMAUSER','2019-02-21 14:47:10',NULL,NULL),(0000002293,'7521','50 SERVICE HOUR MAINTENANCE',0000000069,'METALSIGMAUSER','2019-02-21 14:47:10',NULL,NULL),(0000002294,'7522','100 SERVICE HOUR MAINTENANCE',0000000069,'METALSIGMAUSER','2019-02-21 14:47:10',NULL,NULL),(0000002295,'7523','125 SERVICE HOUR MAINTENANCE',0000000069,'METALSIGMAUSER','2019-02-21 14:47:10',NULL,NULL),(0000002296,'7524','250 SERVICE HOUR MAINTENANCE',0000000069,'METALSIGMAUSER','2019-02-21 14:47:10',NULL,NULL),(0000002297,'7525','500 SERVICE HOUR MAINTENANCE',0000000069,'METALSIGMAUSER','2019-02-21 14:47:10',NULL,NULL),(0000002298,'7526','1000 SERVICE HOUR MAINTENANCE',0000000069,'METALSIGMAUSER','2019-02-21 14:47:10',NULL,NULL),(0000002299,'7527','2000 SERVICE HOUR MAINTENANCE',0000000069,'METALSIGMAUSER','2019-02-21 14:47:10',NULL,NULL),(0000002300,'7528','WHEN REQUIRED',0000000069,'METALSIGMAUSER','2019-02-21 14:47:10',NULL,NULL),(0000002301,'7529','4000 SERVICE HOUR MAINTENANCE',0000000069,'METALSIGMAUSER','2019-02-21 14:47:10',NULL,NULL),(0000002302,'7530','200 SERVICE HOUR MAINTENANCE',0000000069,'METALSIGMAUSER','2019-02-21 14:47:10',NULL,NULL),(0000002303,'7531','300 SERVICE HOUR MAINTENANCE',0000000069,'METALSIGMAUSER','2019-02-21 14:47:10',NULL,NULL),(0000002304,'7532','375 SERVICE HOUR MAINTENANCE',0000000069,'METALSIGMAUSER','2019-02-21 14:47:10',NULL,NULL),(0000002305,'7533','600 SERVICE HOUR MAINTENANCE',0000000069,'METALSIGMAUSER','2019-02-21 14:47:10',NULL,NULL),(0000002306,'7534','750 SERVICE HOUR MAINTENANCE',0000000069,'METALSIGMAUSER','2019-02-21 14:47:10',NULL,NULL),(0000002307,'7535','800 SERVICE HOUR MAINTENANCE',0000000069,'METALSIGMAUSER','2019-02-21 14:47:10',NULL,NULL),(0000002308,'7536','1200 SERVICE HOUR MAINTENANCE',0000000069,'METALSIGMAUSER','2019-02-21 14:47:10',NULL,NULL),(0000002309,'7537','1400 SERVICE HOUR MAINTENANCE',0000000069,'METALSIGMAUSER','2019-02-21 14:47:10',NULL,NULL),(0000002310,'7538','1500 SERVICE HOUR MAINTENANCE',0000000069,'METALSIGMAUSER','2019-02-21 14:47:10',NULL,NULL),(0000002311,'7539','1600 SERVICE HOUR MAINTENANCE',0000000069,'METALSIGMAUSER','2019-02-21 14:47:10',NULL,NULL),(0000002312,'7540','AUTOMATIC LUBRICATION SYSTEM',0000000069,'METALSIGMAUSER','2019-02-21 14:47:10',NULL,NULL),(0000002313,'7541','AUXILIARY POWER UNIT',0000000069,'METALSIGMAUSER','2019-02-21 14:47:10',NULL,NULL),(0000002314,'7542','SOS',0000000069,'METALSIGMAUSER','2019-02-21 14:47:10',NULL,NULL),(0000002315,'7543','6000 SERVICE HOUR MAINTENANCE',0000000069,'METALSIGMAUSER','2019-02-21 14:47:10',NULL,NULL),(0000002316,'7544','8000 SERVICE HOUR MAINTENANCE',0000000069,'METALSIGMAUSER','2019-02-21 14:47:10',NULL,NULL),(0000002317,'7545','3000 SERVICE HOUR MAINTENANCE',0000000069,'METALSIGMAUSER','2019-02-21 14:47:10',NULL,NULL),(0000002318,'7546','5000 SERVICE HOUR MAINTENANCE',0000000069,'METALSIGMAUSER','2019-02-21 14:47:10',NULL,NULL),(0000002319,'7547','10000 SERVICE HOUR MAINTENANCE',0000000069,'METALSIGMAUSER','2019-02-21 14:47:10',NULL,NULL),(0000002320,'7548','12000 SERVICE HOUR MAINTENANCE',0000000069,'METALSIGMAUSER','2019-02-21 14:47:10',NULL,NULL),(0000002321,'7549','15000 SERVICE HOUR MAINTENANCE',0000000069,'METALSIGMAUSER','2019-02-21 14:47:10',NULL,NULL),(0000002322,'7550','COMMON SUBJECTS',0000000069,'METALSIGMAUSER','2019-02-21 14:47:10',NULL,NULL),(0000002323,'7551','BEARINGS',0000000069,'METALSIGMAUSER','2019-02-21 14:47:10',NULL,NULL),(0000002324,'7552','GEARS',0000000069,'METALSIGMAUSER','2019-02-21 14:47:10',NULL,NULL),(0000002325,'7553','FASTENERS, CONNECTORS & HARDWARE',0000000069,'METALSIGMAUSER','2019-02-21 14:47:10',NULL,NULL),(0000002326,'7554','HOSES & LINES',0000000069,'METALSIGMAUSER','2019-02-21 14:47:10',NULL,NULL),(0000002327,'7555','SEALS & GASKETS',0000000069,'METALSIGMAUSER','2019-02-21 14:47:10',NULL,NULL),(0000002328,'7556','WIRE',0000000069,'METALSIGMAUSER','2019-02-21 14:47:10',NULL,NULL),(0000002329,'7557','INFORMATION/IDENTIFICATION PLATES & TRANSFERS',0000000069,'METALSIGMAUSER','2019-02-21 14:47:10',NULL,NULL),(0000002330,'7558','WEAR SLEEVES',0000000069,'METALSIGMAUSER','2019-02-21 14:47:10',NULL,NULL),(0000002331,'7559','PAINTED SURFACES',0000000069,'METALSIGMAUSER','2019-02-21 14:47:10',NULL,NULL),(0000002332,'7560','COMPARTMENT FLUID LEVEL',0000000069,'METALSIGMAUSER','2019-02-21 14:47:10',NULL,NULL),(0000002333,'7561','DUO-CONE SEAL',0000000069,'METALSIGMAUSER','2019-02-21 14:47:10',NULL,NULL),(0000002334,'7562','HYDRAULIC CYLINDERS',0000000069,'METALSIGMAUSER','2019-02-21 14:47:10',NULL,NULL),(0000002335,'7563','TAGS',0000000069,'METALSIGMAUSER','2019-02-21 14:47:10',NULL,NULL),(0000002336,'7564','INSERTS',0000000069,'METALSIGMAUSER','2019-02-21 14:47:10',NULL,NULL),(0000002337,'7565','TEST DATA SHEETS',0000000069,'METALSIGMAUSER','2019-02-21 14:47:10',NULL,NULL),(0000002338,'7566','WIRING DIAGRAM',0000000069,'METALSIGMAUSER','2019-02-21 14:47:10',NULL,NULL),(0000002339,'7567','PARTS ORDERING INFORMATION',0000000069,'METALSIGMAUSER','2019-02-21 14:47:10',NULL,NULL),(0000002340,'7568','PRODUCT SPECIFICATIONS',0000000069,'METALSIGMAUSER','2019-02-21 14:47:10',NULL,NULL),(0000002341,'7569','TROUBLESHOOTING PROCEDURE',0000000069,'METALSIGMAUSER','2019-02-21 14:47:10',NULL,NULL),(0000002342,'7570','PRODUCT UPDATE PROGRAM',0000000069,'METALSIGMAUSER','2019-02-21 14:47:10',NULL,NULL),(0000002343,'7571','SOS ENGINE PRODUCT INFORMATION',0000000069,'METALSIGMAUSER','2019-02-21 14:47:10',NULL,NULL),(0000002344,'7573','SOS TRANSMISSION PRODUCT INFORMATION',0000000069,'METALSIGMAUSER','2019-02-21 14:47:10',NULL,NULL),(0000002345,'7574','SOS DRIVETRAIN PRODUCT INFORMATION',0000000069,'METALSIGMAUSER','2019-02-21 14:47:10',NULL,NULL),(0000002346,'7575','SOS HYDRAULIC PRODUCT INFORMATION',0000000069,'METALSIGMAUSER','2019-02-21 14:47:10',NULL,NULL),(0000002347,'7576','SOS OTHER PRODUCT INFORMATION',0000000069,'METALSIGMAUSER','2019-02-21 14:47:10',NULL,NULL),(0000002348,'7577','SOS FLUID INFORMATION',0000000069,'METALSIGMAUSER','2019-02-21 14:47:10',NULL,NULL),(0000002349,'7578','SOS FILTER INFORMATION',0000000069,'METALSIGMAUSER','2019-02-21 14:47:10',NULL,NULL),(0000002350,'7579','FLUID',0000000069,'METALSIGMAUSER','2019-02-21 14:47:10',NULL,NULL),(0000002351,'7581','PAINTING & LUBRICATION',0000000069,'METALSIGMAUSER','2019-02-21 14:47:10',NULL,NULL),(0000002352,'7582','INSPECTION, YEARLY',0000000069,'METALSIGMAUSER','2019-02-21 14:47:10',NULL,NULL),(0000002353,'7583','INSPECTION',0000000069,'METALSIGMAUSER','2019-02-21 14:47:10',NULL,NULL),(0000002354,'7584','INSPECTION, DAILY',0000000069,'METALSIGMAUSER','2019-02-21 14:47:10',NULL,NULL),(0000002355,'7585','INSPECTION, WEEKLY',0000000069,'METALSIGMAUSER','2019-02-21 14:47:10',NULL,NULL),(0000002356,'7586','INSPECTION, MONTHLY',0000000069,'METALSIGMAUSER','2019-02-21 14:47:10',NULL,NULL),(0000002357,'7587','INSPECTION, QUARTERLY',0000000069,'METALSIGMAUSER','2019-02-21 14:47:10',NULL,NULL),(0000002358,'7588','PRE-DELIVERY INSPECTION',0000000069,'METALSIGMAUSER','2019-02-21 14:47:10',NULL,NULL),(0000002359,'7589','PRE-DELIVERY WARRANTY',0000000069,'METALSIGMAUSER','2019-02-21 14:47:10',NULL,NULL),(0000002360,'7590','DELIVERY',0000000069,'METALSIGMAUSER','2019-02-21 14:47:10',NULL,NULL),(0000002361,'7591','FIRST REVISIT',0000000069,'METALSIGMAUSER','2019-02-21 14:47:10',NULL,NULL),(0000002362,'7592','SECOND REVISIT',0000000069,'METALSIGMAUSER','2019-02-21 14:47:10',NULL,NULL),(0000002363,'7593','USER ACCEPTANCE/FIELD FOLLOW',0000000069,'METALSIGMAUSER','2019-02-21 14:47:10',NULL,NULL),(0000002364,'7594','CONTRACT FIELD FOLLOW',0000000069,'METALSIGMAUSER','2019-02-21 14:47:10',NULL,NULL),(0000002365,'7595','GENERAL OVERHAUL (NO FAILURE)',0000000069,'METALSIGMAUSER','2019-02-21 14:47:10',NULL,NULL),(0000002366,'7596','EXTENDED OIL DRAIN INSPECTION',0000000069,'METALSIGMAUSER','2019-02-21 14:47:10',NULL,NULL),(0000002367,'7597','EXTENDED OIL DRAIN INSPECTION WITH FILTERS',0000000069,'METALSIGMAUSER','2019-02-21 14:47:10',NULL,NULL),(0000002368,'7598','CONDITION MONITORING',0000000069,'METALSIGMAUSER','2019-02-21 14:47:10',NULL,NULL),(0000002369,'7600','MACHINE ELECTRONIC CONTROLS & DATA MANAGEMENT SYSTEMS',0000000070,'METALSIGMAUSER','2019-02-21 14:47:10',NULL,NULL),(0000002370,'7601','VITAL INFORMATION MANAGEMENT SYSTEM (VIMS)',0000000070,'METALSIGMAUSER','2019-02-21 14:47:10',NULL,NULL),(0000002371,'7602','GLOBAL POSITIONING SYSTEM ELECTRONIC CONTROL',0000000070,'METALSIGMAUSER','2019-02-21 14:47:10',NULL,NULL),(0000002372,'7603','VITAL INFORMATION DISPLAY SYSTEM (VIDS)',0000000070,'METALSIGMAUSER','2019-02-21 14:47:10',NULL,NULL),(0000002373,'7604','COMPUTER AIDED EARTHMOVING SYSTEM (CAES)',0000000070,'METALSIGMAUSER','2019-02-21 14:47:10',NULL,NULL),(0000002374,'7605','MINESTAR SYSTEM',0000000070,'METALSIGMAUSER','2019-02-21 14:47:10',NULL,NULL),(0000002375,'7606','PRODUCT LINK SYSTEM',0000000070,'METALSIGMAUSER','2019-02-21 14:47:10',NULL,NULL),(0000002376,'7607','AQUILA SYSTEM',0000000070,'METALSIGMAUSER','2019-02-21 14:47:10',NULL,NULL),(0000002377,'7608','CAT DETECT FOR PERSONNEL',0000000070,'METALSIGMAUSER','2019-02-21 14:47:10',NULL,NULL),(0000002378,'7610','PROGRAMMABLE CONTROL',0000000070,'METALSIGMAUSER','2019-02-21 14:47:10',NULL,NULL),(0000002379,'7611','OPTICAL INTERFACE CONTROL MODULE',0000000070,'METALSIGMAUSER','2019-02-21 14:47:10',NULL,NULL),(0000002380,'7612','DRIVER SAFETY SYSTEM-DSS',0000000070,'METALSIGMAUSER','2019-02-21 14:47:11',NULL,NULL),(0000002381,'7615','MINEGEM SYSTEM',0000000070,'METALSIGMAUSER','2019-02-21 14:47:11',NULL,NULL),(0000002382,'7620','SOFTWARE',0000000070,'METALSIGMAUSER','2019-02-21 14:47:11',NULL,NULL),(0000002383,'7630','INTERLOCK ELECTRONIC CONTROL MODULE',0000000070,'METALSIGMAUSER','2019-02-21 14:47:11',NULL,NULL),(0000002384,'7631','MACHINE SECURITY SYSTEM',0000000070,'METALSIGMAUSER','2019-02-21 14:47:11',NULL,NULL),(0000002385,'7632','ROAD ANALYSIS CONTROL',0000000070,'METALSIGMAUSER','2019-02-21 14:47:11',NULL,NULL),(0000002386,'7633','VARIABLE FREQUENCY DRIVE',0000000070,'METALSIGMAUSER','2019-02-21 14:47:11',NULL,NULL),(0000002387,'7634','TELEMATICS',0000000070,'METALSIGMAUSER','2019-02-21 14:47:11',NULL,NULL),(0000002388,'7635','ENERGY STORAGE CONTROL SOFTWARE GROUP',0000000070,'METALSIGMAUSER','2019-02-21 14:47:11',NULL,NULL),(0000002389,'7636','AC LOAD CONTROL SOFTWARE GROUP',0000000070,'METALSIGMAUSER','2019-02-21 14:47:11',NULL,NULL),(0000002390,'7700','SERVICE CLAIM CATEGORIES',0000000071,'METALSIGMAUSER','2019-02-21 14:47:11',NULL,NULL),(0000002391,'7714','ROLL OVER PROTECTION STRUCTURE DECERTIFIED',0000000071,'METALSIGMAUSER','2019-02-21 14:47:11',NULL,NULL),(0000002392,'7715','ROLL OVER PROTECTION STRUCTURE RECERTIFIED',0000000071,'METALSIGMAUSER','2019-02-21 14:47:11',NULL,NULL),(0000002393,'7726','MACHINE EMISSIONS WARRANTY',0000000071,'METALSIGMAUSER','2019-02-21 14:47:11',NULL,NULL),(0000002394,'7729','HEUI ACTUATION (OIL)',0000000071,'METALSIGMAUSER','2019-02-21 14:47:11',NULL,NULL),(0000002395,'7730','REPAIR PROCEDURE (RP) PROGRAM',0000000071,'METALSIGMAUSER','2019-02-21 14:47:11',NULL,NULL),(0000002396,'7731','ARTICULATED DUMP TRUCK PM SERVICES',0000000071,'METALSIGMAUSER','2019-02-21 14:47:11',NULL,NULL),(0000002397,'7735','BALDERSON SERVICE CLAIM',0000000071,'METALSIGMAUSER','2019-02-21 14:47:11',NULL,NULL),(0000002398,'7750','DEFECTIVE PARTS STOCK',0000000071,'METALSIGMAUSER','2019-02-21 14:47:11',NULL,NULL),(0000002399,'7751','PRODUCT IMPROVEMENT PROGRAM (PIP)',0000000071,'METALSIGMAUSER','2019-02-21 14:47:11',NULL,NULL),(0000002400,'7752','PARTS STOCK CLAIM',0000000071,'METALSIGMAUSER','2019-02-21 14:47:11',NULL,NULL),(0000002401,'7753','SERVICE TOOL CLAIM',0000000071,'METALSIGMAUSER','2019-02-21 14:47:11',NULL,NULL),(0000002402,'7754','REMANUFACTURED COMPONENT',0000000071,'METALSIGMAUSER','2019-02-21 14:47:11',NULL,NULL),(0000002403,'7755','PRODUCT SUPPORT PROGRAM (PSP)',0000000071,'METALSIGMAUSER','2019-02-21 14:47:11',NULL,NULL),(0000002404,'7756','SERVICE ENGINEER REQUESTED WORK',0000000071,'METALSIGMAUSER','2019-02-21 14:47:11',NULL,NULL),(0000002405,'7757','WORK REQUESTED FOR OTHER DEPARTMENTS',0000000071,'METALSIGMAUSER','2019-02-21 14:47:11',NULL,NULL),(0000002406,'7758','NON-CAT COMPONENT WARRANTY',0000000071,'METALSIGMAUSER','2019-02-21 14:47:11',NULL,NULL),(0000002407,'7760','INFORMATION RECORD ONLY',0000000071,'METALSIGMAUSER','2019-02-21 14:47:11',NULL,NULL),(0000002408,'7761','NOTICE OF EXPORT',0000000071,'METALSIGMAUSER','2019-02-21 14:47:11',NULL,NULL),(0000002409,'7762','DELIVERY DATE/SERVICE FEE',0000000071,'METALSIGMAUSER','2019-02-21 14:47:11',NULL,NULL),(0000002410,'7764','HYDRAULIC HAMMER BRACKET',0000000071,'METALSIGMAUSER','2019-02-21 14:47:11',NULL,NULL),(0000002411,'7770','SOS GENERAL INFORMATION',0000000071,'METALSIGMAUSER','2019-02-21 14:47:11',NULL,NULL),(0000002412,'7771','SOS \"URGENT\" REPORTS',0000000071,'METALSIGMAUSER','2019-02-21 14:47:11',NULL,NULL),(0000002413,'7772','ENGINE EMISSIONS WARRANTY',0000000071,'METALSIGMAUSER','2019-02-21 14:47:11',NULL,NULL),(0000002414,'7775','S&L TRACK ASSURANCE PROGRAM',0000000071,'METALSIGMAUSER','2019-02-21 14:47:11',NULL,NULL),(0000002415,'7777','CONTAINMENT SERVICE LETTER',0000000071,'METALSIGMAUSER','2019-02-21 14:47:11',NULL,NULL),(0000002416,'7780','WARRANTY CLAIM DEBIT ENTRY',0000000071,'METALSIGMAUSER','2019-02-21 14:47:11',NULL,NULL),(0000002417,'7787','FINAL DRIVE DEALER REBUILD PROGRAM',0000000071,'METALSIGMAUSER','2019-02-21 14:47:11',NULL,NULL),(0000002418,'7788','EXCEPTIONAL CLAIM GUIDELINE (CATERPILLAR INDUSTRIAL INC.)',0000000071,'METALSIGMAUSER','2019-02-21 14:47:11',NULL,NULL),(0000002419,'7789','PAR TEST FOR EXTENDED SERVICE COVERAGE',0000000071,'METALSIGMAUSER','2019-02-21 14:47:11',NULL,NULL),(0000002420,'7851','FUEL FILTER INDICATOR',0000000072,'METALSIGMAUSER','2019-02-21 14:47:11',NULL,NULL),(0000002421,'7852','COMPACTOMETER',0000000072,'METALSIGMAUSER','2019-02-21 14:47:11',NULL,NULL),(0000002422,'7853','CONCAVE INDICATOR',0000000072,'METALSIGMAUSER','2019-02-21 14:47:11',NULL,NULL),(0000002423,'7854','FEEDER HOUSE POSITION INDICATOR',0000000072,'METALSIGMAUSER','2019-02-21 14:47:11',NULL,NULL),(0000002424,'7855','FEEDER HOUSE LIFT CYLINDER INDICATOR',0000000072,'METALSIGMAUSER','2019-02-21 14:47:11',NULL,NULL),(0000002425,'7856','STABILITY INDICATOR',0000000072,'METALSIGMAUSER','2019-02-21 14:47:11',NULL,NULL),(0000002426,'7857','LEVEL INDICATOR',0000000072,'METALSIGMAUSER','2019-02-21 14:47:11',NULL,NULL),(0000002427,'7858','ANGLE INDICATOR',0000000072,'METALSIGMAUSER','2019-02-21 14:47:11',NULL,NULL),(0000002428,'7859','ENGINE OIL TEMPERATURE GAUGE',0000000072,'METALSIGMAUSER','2019-02-21 14:47:11',NULL,NULL),(0000002429,'7861','POWER FACTOR METER',0000000072,'METALSIGMAUSER','2019-02-21 14:47:11',NULL,NULL),(0000002430,'7862','SWITCHGEAR METER',0000000072,'METALSIGMAUSER','2019-02-21 14:47:11',NULL,NULL),(0000002431,'7863','SYNCHRONIZING METER',0000000072,'METALSIGMAUSER','2019-02-21 14:47:11',NULL,NULL);
/*!40000 ALTER TABLE `eq_piezas` ENABLE KEYS */;
UNLOCK TABLES;
ALTER DATABASE `metalsig_heavy` CHARACTER SET latin1 COLLATE latin1_swedish_ci ;
/*!50003 SET @saved_cs_client      = @@character_set_client */ ;
/*!50003 SET @saved_cs_results     = @@character_set_results */ ;
/*!50003 SET @saved_col_connection = @@collation_connection */ ;
/*!50003 SET character_set_client  = utf8mb4 */ ;
/*!50003 SET character_set_results = utf8mb4 */ ;
/*!50003 SET collation_connection  = utf8mb4_general_ci */ ;
/*!50003 SET @saved_sql_mode       = @@sql_mode */ ;
/*!50003 SET sql_mode              = 'NO_AUTO_VALUE_ON_ZERO' */ ;
DELIMITER ;;
/*!50003 CREATE*/ /*!50017 DEFINER=`metalsigmauser`@`localhost`*/ /*!50003 TRIGGER `set_crea_eq_piezas` BEFORE INSERT ON `eq_piezas` FOR EACH ROW IF (NEW.crea_user IS NULL || NEW.crea_user='') THEN SET NEW.crea_user = UPPER(SUBSTR(USER(), 1,(LOCATE('@', USER())-1))); END IF */;;
DELIMITER ;
/*!50003 SET sql_mode              = @saved_sql_mode */ ;
/*!50003 SET character_set_client  = @saved_cs_client */ ;
/*!50003 SET character_set_results = @saved_cs_results */ ;
/*!50003 SET collation_connection  = @saved_col_connection */ ;
ALTER DATABASE `metalsig_heavy` CHARACTER SET utf8 COLLATE utf8_bin ;
ALTER DATABASE `metalsig_heavy` CHARACTER SET latin1 COLLATE latin1_swedish_ci ;
/*!50003 SET @saved_cs_client      = @@character_set_client */ ;
/*!50003 SET @saved_cs_results     = @@character_set_results */ ;
/*!50003 SET @saved_col_connection = @@collation_connection */ ;
/*!50003 SET character_set_client  = utf8mb4 */ ;
/*!50003 SET character_set_results = utf8mb4 */ ;
/*!50003 SET collation_connection  = utf8mb4_general_ci */ ;
/*!50003 SET @saved_sql_mode       = @@sql_mode */ ;
/*!50003 SET sql_mode              = 'NO_AUTO_VALUE_ON_ZERO' */ ;
DELIMITER ;;
/*!50003 CREATE*/ /*!50017 DEFINER=`metalsigmauser`@`localhost`*/ /*!50003 TRIGGER `set_mod_eq_piezas` BEFORE UPDATE ON `eq_piezas` FOR EACH ROW IF (NEW.mod_user IS NULL || NEW.mod_user='') THEN SET NEW.mod_user = UPPER(SUBSTR(USER(), 1,(LOCATE('@', USER())-1))); END IF */;;
DELIMITER ;
/*!50003 SET sql_mode              = @saved_sql_mode */ ;
/*!50003 SET character_set_client  = @saved_cs_client */ ;
/*!50003 SET character_set_results = @saved_cs_results */ ;
/*!50003 SET collation_connection  = @saved_col_connection */ ;
ALTER DATABASE `metalsig_heavy` CHARACTER SET utf8 COLLATE utf8_bin ;

--
-- Table structure for table `eq_segmentos`
--

DROP TABLE IF EXISTS `eq_segmentos`;
/*!40101 SET @saved_cs_client     = @@character_set_client */;
/*!40101 SET character_set_client = utf8 */;
CREATE TABLE `eq_segmentos` (
  `csegmento` int(10) unsigned zerofill NOT NULL AUTO_INCREMENT,
  `segmento` varchar(100) COLLATE utf8_bin NOT NULL,
  `mar_ins` decimal(5,2) NOT NULL,
  `mar_rep` decimal(5,2) NOT NULL,
  `mar_stt` decimal(5,2) NOT NULL,
  `crea_user` varchar(50) COLLATE utf8_bin DEFAULT NULL,
  `crea_date` datetime NOT NULL DEFAULT CURRENT_TIMESTAMP,
  `mod_user` varchar(50) COLLATE utf8_bin DEFAULT NULL,
  `mod_date` datetime DEFAULT NULL ON UPDATE CURRENT_TIMESTAMP,
  PRIMARY KEY (`csegmento`)
) ENGINE=InnoDB AUTO_INCREMENT=11 DEFAULT CHARSET=utf8 COLLATE=utf8_bin;
/*!40101 SET character_set_client = @saved_cs_client */;

--
-- Dumping data for table `eq_segmentos`
--

LOCK TABLES `eq_segmentos` WRITE;
/*!40000 ALTER TABLE `eq_segmentos` DISABLE KEYS */;
INSERT INTO `eq_segmentos` VALUES (0000000001,'MINING',40.00,40.00,70.00,NULL,'0000-00-00 00:00:00','ADMINISTRADOR','2019-06-05 17:53:33'),(0000000002,'GENERAL CONSTRUCTION',40.00,40.00,50.00,NULL,'0000-00-00 00:00:00',NULL,NULL),(0000000003,'HEAVY CONSTRUCTION',40.00,40.00,60.00,NULL,'0000-00-00 00:00:00',NULL,NULL),(0000000004,'POWER SYSTEM',40.00,40.00,50.00,NULL,'0000-00-00 00:00:00',NULL,NULL),(0000000005,'MINOR CONSTRUCTION',40.00,40.00,50.00,NULL,'0000-00-00 00:00:00',NULL,NULL),(0000000006,'COMPONENTE',40.00,40.00,50.00,'ADMINISTRADOR','0000-00-00 00:00:00','ADMINISTRADOR','2019-02-25 15:52:19'),(0000000007,'INDUSTRIAL CRITICA',40.00,40.00,50.00,'ADMINISTRADOR','2019-02-25 12:18:44','ADMINISTRADOR','2019-02-25 12:18:55'),(0000000008,'ARIDOS',40.00,40.00,50.00,'ADMINISTRADOR','2019-02-25 12:19:50',NULL,NULL),(0000000009,'ARRIENDO',40.00,40.00,50.00,'ADMINISTRADOR','2019-02-25 12:20:04',NULL,NULL),(0000000010,'INDUSTRIAL',40.00,40.00,50.00,'ADMINISTRADOR','2019-02-25 12:20:38',NULL,NULL);
/*!40000 ALTER TABLE `eq_segmentos` ENABLE KEYS */;
UNLOCK TABLES;
ALTER DATABASE `metalsig_heavy` CHARACTER SET latin1 COLLATE latin1_swedish_ci ;
/*!50003 SET @saved_cs_client      = @@character_set_client */ ;
/*!50003 SET @saved_cs_results     = @@character_set_results */ ;
/*!50003 SET @saved_col_connection = @@collation_connection */ ;
/*!50003 SET character_set_client  = utf8mb4 */ ;
/*!50003 SET character_set_results = utf8mb4 */ ;
/*!50003 SET collation_connection  = utf8mb4_general_ci */ ;
/*!50003 SET @saved_sql_mode       = @@sql_mode */ ;
/*!50003 SET sql_mode              = 'NO_AUTO_VALUE_ON_ZERO' */ ;
DELIMITER ;;
/*!50003 CREATE*/ /*!50017 DEFINER=`metalsigmauser`@`localhost`*/ /*!50003 TRIGGER `set_crea_eq_segmentos` BEFORE INSERT ON `eq_segmentos` FOR EACH ROW IF (NEW.crea_user IS NULL || NEW.crea_user='') THEN SET NEW.crea_user = UPPER(SUBSTR(USER(), 1,(LOCATE('@', USER())-1))); END IF */;;
DELIMITER ;
/*!50003 SET sql_mode              = @saved_sql_mode */ ;
/*!50003 SET character_set_client  = @saved_cs_client */ ;
/*!50003 SET character_set_results = @saved_cs_results */ ;
/*!50003 SET collation_connection  = @saved_col_connection */ ;
ALTER DATABASE `metalsig_heavy` CHARACTER SET utf8 COLLATE utf8_bin ;
ALTER DATABASE `metalsig_heavy` CHARACTER SET latin1 COLLATE latin1_swedish_ci ;
/*!50003 SET @saved_cs_client      = @@character_set_client */ ;
/*!50003 SET @saved_cs_results     = @@character_set_results */ ;
/*!50003 SET @saved_col_connection = @@collation_connection */ ;
/*!50003 SET character_set_client  = utf8mb4 */ ;
/*!50003 SET character_set_results = utf8mb4 */ ;
/*!50003 SET collation_connection  = utf8mb4_general_ci */ ;
/*!50003 SET @saved_sql_mode       = @@sql_mode */ ;
/*!50003 SET sql_mode              = 'NO_AUTO_VALUE_ON_ZERO' */ ;
DELIMITER ;;
/*!50003 CREATE*/ /*!50017 DEFINER=`metalsigmauser`@`localhost`*/ /*!50003 TRIGGER `set_mod_eq_segmentos` BEFORE UPDATE ON `eq_segmentos` FOR EACH ROW IF (NEW.mod_user IS NULL || NEW.mod_user='') THEN SET NEW.mod_user = UPPER(SUBSTR(USER(), 1,(LOCATE('@', USER())-1))); END IF */;;
DELIMITER ;
/*!50003 SET sql_mode              = @saved_sql_mode */ ;
/*!50003 SET character_set_client  = @saved_cs_client */ ;
/*!50003 SET character_set_results = @saved_cs_results */ ;
/*!50003 SET collation_connection  = @saved_col_connection */ ;
ALTER DATABASE `metalsig_heavy` CHARACTER SET utf8 COLLATE utf8_bin ;

--
-- Table structure for table `hist_cotizacion_sub`
--

DROP TABLE IF EXISTS `hist_cotizacion_sub`;
/*!40101 SET @saved_cs_client     = @@character_set_client */;
/*!40101 SET character_set_client = utf8 */;
CREATE TABLE `hist_cotizacion_sub` (
  `chistoria` int(10) unsigned zerofill NOT NULL AUTO_INCREMENT,
  `ccotizacion` int(10) unsigned zerofill NOT NULL,
  `corigen` int(10) unsigned zerofill NOT NULL,
  `ctipo` int(10) unsigned zerofill NOT NULL,
  `clugar` int(10) unsigned zerofill NOT NULL,
  `cvehiculo` int(10) unsigned zerofill NOT NULL,
  `dist` decimal(10,2) NOT NULL,
  `viajes` int(2) NOT NULL,
  `tipo` int(1) NOT NULL,
  `cequipo` int(10) unsigned zerofill NOT NULL,
  `m_serv` decimal(12,2) NOT NULL DEFAULT '0.00',
  `m_rep` decimal(12,2) NOT NULL DEFAULT '0.00',
  `m_ins` decimal(12,2) NOT NULL DEFAULT '0.00',
  `m_stt` decimal(12,2) NOT NULL DEFAULT '0.00',
  `m_tra` decimal(12,2) NOT NULL DEFAULT '0.00',
  `m_misc` decimal(12,2) NOT NULL DEFAULT '0.00',
  `m_subt` decimal(12,2) NOT NULL DEFAULT '0.00',
  `m_descp` decimal(5,2) NOT NULL DEFAULT '0.00',
  `m_desc` decimal(12,2) NOT NULL DEFAULT '0.00',
  `m_neto` decimal(12,2) NOT NULL DEFAULT '0.00',
  `m_impp` decimal(5,2) NOT NULL DEFAULT '0.00',
  `m_imp` decimal(12,2) NOT NULL DEFAULT '0.00',
  `m_bruto` decimal(12,2) NOT NULL DEFAULT '0.00',
  `acc` int(1) DEFAULT '0',
  `user` varchar(50) COLLATE utf8_bin DEFAULT NULL,
  `date` datetime DEFAULT CURRENT_TIMESTAMP ON UPDATE CURRENT_TIMESTAMP,
  PRIMARY KEY (`chistoria`)
) ENGINE=InnoDB AUTO_INCREMENT=145 DEFAULT CHARSET=utf8 COLLATE=utf8_bin;
/*!40101 SET character_set_client = @saved_cs_client */;

--
-- Dumping data for table `hist_cotizacion_sub`
--

LOCK TABLES `hist_cotizacion_sub` WRITE;
/*!40000 ALTER TABLE `hist_cotizacion_sub` DISABLE KEYS */;
INSERT INTO `hist_cotizacion_sub` VALUES (0000000001,0000000040,0000000039,0000000002,0000000002,0000000001,40.00,2,1,0000000001,1713303.95,0.00,0.00,0.00,114050.00,60400.00,1887753.95,0.00,0.00,1887753.95,19.00,358673.25,2246427.20,1,'VZAMBRANO','2019-06-06 09:24:18'),(0000000002,0000000051,0000000047,0000000002,0000000002,0000000001,30.00,1,0,0000000001,698738.10,0.00,0.00,0.00,60625.00,30200.00,789563.10,0.00,0.00,789563.10,19.00,150016.99,939580.09,1,'CAMILOA','2019-06-06 09:41:18'),(0000000003,0000000045,0000000043,0000000004,0000000001,0000000001,0.00,0,1,0000000001,0.00,466515.00,0.00,0.00,0.00,0.00,466515.00,3.60,-16794.54,449720.46,19.00,85446.89,535167.35,1,'CAMILOA','2019-06-06 09:42:51'),(0000000004,0000000055,0000000051,0000000002,0000000002,0000000001,30.00,1,1,0000000001,980416.95,0.00,0.00,0.00,0.00,45300.00,1025716.95,0.00,0.00,1025716.95,19.00,194886.22,1220603.17,1,'CAMILOA','2019-06-06 11:18:54'),(0000000005,0000000056,0000000053,0000000003,0000000001,0000000001,0.00,0,0,0000000001,4204601.33,0.00,0.00,0.00,0.00,181200.00,4385801.33,0.00,0.00,4385801.33,19.00,833302.25,5219103.58,1,'DAVID','2019-06-10 12:01:43'),(0000000006,0000000056,0000000053,0000000003,0000000001,0000000001,0.00,0,0,0000000001,4204601.33,0.00,744525.60,0.00,0.00,181200.00,5130326.93,0.00,0.00,5130326.93,19.00,974762.12,6105089.05,1,'DAVID','2019-06-10 12:18:52'),(0000000007,0000000059,0000000055,0000000001,0000000002,0000000001,900.00,2,1,0000000001,1635143.02,0.00,0.00,0.00,0.00,90600.00,1725743.02,0.00,0.00,1725743.02,19.00,327891.17,2053634.19,1,'CAMILOA','2019-06-10 13:20:20'),(0000000008,0000000059,0000000055,0000000001,0000000002,0000000001,900.00,2,1,0000000001,1635143.02,0.00,24122.00,0.00,0.00,90600.00,1749865.02,0.00,0.00,1749865.02,19.00,332474.35,2082339.37,1,'CAMILOA','2019-06-10 13:20:58'),(0000000009,0000000045,0000000043,0000000004,0000000001,0000000001,0.00,0,1,0000000001,0.00,653121.00,0.00,0.00,0.00,0.00,653121.00,3.60,-23512.36,629608.64,19.00,119625.64,749234.29,1,'DAVID','2019-06-10 13:31:26'),(0000000010,0000000057,0000000054,0000000003,0000000001,0000000001,0.00,0,1,0000000001,26.56,0.00,0.00,0.00,0.00,1.39,27.95,0.00,0.00,27.95,19.00,5.31,33.26,1,'VZAMBRANO','2019-06-10 13:45:07'),(0000000011,0000000059,0000000055,0000000001,0000000002,0000000001,900.00,2,1,0000000001,1.64,0.00,24.12,0.00,0.00,90.60,1.75,0.00,0.00,1.75,19.00,332.47,2.08,1,'CAMILOA','2019-06-10 14:05:10'),(0000000012,0000000059,0000000055,0000000001,0000000002,0000000001,900.00,2,1,0000000001,2.00,0.00,24.00,0.00,0.00,91.00,2.00,0.00,0.00,2.00,19.00,332.00,2.00,1,'CAMILOA','2019-06-10 14:12:37'),(0000000013,0000000059,0000000055,0000000001,0000000002,0000000001,900.00,2,1,0000000001,1635143.02,0.00,24122.00,0.00,0.00,90600.00,1749865.02,0.00,0.00,1749865.02,19.00,332474.35,2082339.37,1,'ADMINISTRADOR','2019-06-10 14:27:57'),(0000000014,0000000056,0000000053,0000000003,0000000001,0000000001,0.00,0,0,0000000001,4204601.33,0.00,744525.60,761600.00,0.00,181200.00,5891926.93,0.00,0.00,5891926.93,19.00,1119466.12,7011393.05,1,'DAVID','2019-06-10 14:42:09'),(0000000015,0000000056,0000000053,0000000003,0000000001,0000000001,0.00,0,0,0000000001,4204601.33,0.00,1371725.60,761600.00,0.00,181200.00,6519126.93,0.00,0.00,6519126.93,19.00,1238634.12,7757761.05,1,'DAVID','2019-06-10 14:52:07'),(0000000016,0000000056,0000000053,0000000003,0000000001,0000000001,0.00,0,0,0000000001,4204601.33,0.00,1042277.60,761600.00,0.00,181200.00,6189678.93,0.00,0.00,6189678.93,19.00,1176039.00,7365717.93,1,'DAVID','2019-06-10 14:53:52'),(0000000017,0000000056,0000000053,0000000003,0000000001,0000000001,0.00,0,0,0000000001,5294186.29,0.00,1042277.60,761600.00,0.00,226500.00,7324563.89,5.00,-366228.19,6958335.70,19.00,1322083.78,8280419.48,1,'VZAMBRANO','2019-06-10 15:59:11'),(0000000018,0000000060,0000000056,0000000003,0000000001,0000000001,0.00,0,0,0000000001,6338757.32,0.00,1042277.60,761600.00,0.00,256700.00,8399334.92,5.00,-419966.75,7979368.17,19.00,1516079.95,9495448.13,1,'VZAMBRANO','2019-06-10 15:59:29'),(0000000019,0000000058,0000000052,0000000003,0000000002,0000000001,600.00,2,1,0000000001,2.05,3.71,0.00,0.00,315.65,90.60,6.17,0.00,0.00,6.17,19.00,1.17,7.34,1,'ADMINISTRADOR','2019-06-10 16:40:47'),(0000000020,0000000035,0000000033,0000000001,0000000002,0000000001,1000.00,4,1,0000000001,6602345.39,0.00,0.00,0.00,559300.00,392600.00,7554245.39,0.00,0.00,7554245.39,19.00,1435306.62,8989552.01,1,'CAMILOA','2019-06-11 16:39:12'),(0000000021,0000000035,0000000033,0000000001,0000000002,0000000001,50.00,1,1,0000000001,536878.10,0.00,0.00,0.00,67825.00,30200.00,634903.10,0.00,0.00,634903.10,19.00,120631.59,755534.69,1,'CAMILOA','2019-06-12 12:27:02'),(0000000022,0000000054,0000000050,0000000001,0000000002,0000000001,100.00,2,1,0000000001,539170.59,0.00,0.00,0.00,135650.00,30200.00,705020.59,0.00,0.00,705020.59,19.00,133953.91,838974.50,1,'VZAMBRANO','2019-06-12 15:03:11'),(0000000023,0000000053,0000000049,0000000003,0000000001,0000000001,0.00,0,0,0000000001,2278311.46,581926.80,0.00,1275000.00,0.00,135900.00,4271138.26,0.00,0.00,4271138.26,19.00,811516.27,5082654.53,1,'VZAMBRANO','2019-06-17 13:22:24'),(0000000024,0000000064,0000000061,0000000004,0000000001,0000000001,0.00,0,1,0000000001,0.00,128846.20,88496.80,0.00,0.00,0.00,217343.00,0.00,0.00,217343.00,19.00,41295.17,258638.17,1,'CAMILOA','2019-06-18 12:46:37'),(0000000025,0000000059,0000000055,0000000001,0000000002,0000000001,900.00,2,1,0000000001,1635143.02,0.00,24122.00,90000.00,0.00,90600.00,1839865.02,0.00,0.00,1839865.02,19.00,349574.35,2189439.37,1,'CAMILOA','2019-06-18 13:34:50'),(0000000026,0000000066,0000000063,0000000003,0000000001,0000000001,0.00,0,1,0000000001,21754253.28,0.00,6361154.80,0.00,0.00,845600.00,28961008.08,0.00,0.00,28961008.08,19.00,5502591.54,34463599.62,1,'DAVID','2019-06-20 14:20:09'),(0000000027,0000000065,0000000062,0000000003,0000000002,0000000001,35.00,1,1,0000000001,560436.64,1158332.00,112618.80,0.00,62425.00,30200.00,1924012.44,0.00,0.00,1924012.44,19.00,365562.36,2289574.80,1,'VZAMBRANO','2019-06-20 17:30:23'),(0000000028,0000000073,0000000060,0000000003,0000000001,0000000001,0.00,0,1,0000000001,2390989.55,0.00,0.00,0.00,0.00,151000.00,2541989.55,0.00,0.00,2541989.55,19.00,482978.01,3024967.56,1,'CAMILOA','2019-07-02 15:05:48'),(0000000029,0000000073,0000000060,0000000003,0000000001,0000000001,0.00,0,1,0000000001,2862802.83,0.00,0.00,0.00,0.00,181200.00,3044002.83,0.00,0.00,3044002.83,19.00,578360.54,3622363.36,1,'CAMILOA','2019-07-02 15:06:30'),(0000000030,0000000073,0000000060,0000000003,0000000001,0000000001,0.00,0,1,0000000001,2810492.55,0.00,0.00,0.00,0.00,181200.00,2991692.55,0.00,0.00,2991692.55,19.00,568421.58,3560114.13,1,'CAMILOA','2019-07-02 15:07:03'),(0000000031,0000000038,0000000037,0000000003,0000000002,0000000001,50.00,3,1,0000000001,2135879.27,0.00,0.00,0.00,167475.00,90600.00,2393954.27,0.00,0.00,2393954.27,19.00,454851.31,2848805.58,1,'CAMILOA','2019-07-02 15:19:46'),(0000000032,0000000080,0000000071,0000000001,0000000002,0000000001,700.00,1,1,0000000001,1373331.25,0.00,0.00,0.00,301825.00,90600.00,1765756.25,0.00,0.00,1765756.25,19.00,335493.69,2101249.93,1,'CAMILOA','2019-07-10 14:54:37'),(0000000033,0000000080,0000000071,0000000001,0000000002,0000000001,700.00,1,1,0000000001,1321020.97,0.00,0.00,0.00,301825.00,90600.00,1713445.97,0.00,0.00,1713445.97,19.00,325554.73,2039000.70,1,'CAMILOA','2019-07-10 15:32:30'),(0000000034,0000000075,0000000069,0000000002,0000000002,0000000001,700.00,1,1,0000000001,1264037.88,0.00,0.00,0.00,301825.00,60400.00,1626262.88,0.00,0.00,1626262.88,19.00,308989.95,1935252.83,1,'CAMILOA','2019-07-11 14:57:44'),(0000000035,0000000080,0000000071,0000000001,0000000002,0000000001,700.00,2,1,0000000001,1322705.05,0.00,0.00,0.00,351650.00,90600.00,1764955.05,0.00,0.00,1764955.05,19.00,335341.46,2100296.51,1,'CAMILOA','2019-07-12 10:10:10'),(0000000036,0000000080,0000000071,0000000001,0000000002,0000000001,700.00,2,1,0000000001,1375015.33,0.00,0.00,0.00,351650.00,90600.00,1817265.33,0.00,0.00,1817265.33,19.00,345280.41,2162545.74,1,'CAMILOA','2019-07-12 10:38:40'),(0000000037,0000000080,0000000071,0000000001,0000000002,0000000001,700.00,2,1,0000000001,1427325.61,0.00,0.00,0.00,351650.00,90600.00,1869575.61,0.00,0.00,1869575.61,19.00,355219.37,2224794.98,1,'CAMILOA','2019-07-17 09:21:21'),(0000000038,0000000086,0000000075,0000000001,0000000002,0000000001,70.00,1,1,0000000001,267122.76,0.00,0.00,0.00,75025.00,15100.00,357247.76,0.00,0.00,357247.76,19.00,67877.08,425124.84,1,'CAMILOA','2019-07-18 14:58:30'),(0000000039,0000000085,0000000074,0000000003,0000000002,0000000001,700.00,2,1,0000000001,1898628.51,1541059.80,0.00,0.00,351650.00,105700.00,3897038.31,0.00,0.00,3897038.31,19.00,740437.28,4637475.59,1,'CAMILOA','2019-07-19 09:36:58'),(0000000040,0000000088,0000000077,0000000003,0000000001,0000000001,0.00,0,1,0000000001,0.00,0.00,0.00,0.00,0.00,0.00,0.00,0.00,0.00,0.00,19.00,0.00,0.00,1,'ADMINISTRADOR','2019-07-22 15:39:41'),(0000000041,0000000088,0000000077,0000000003,0000000001,0000000001,0.00,0,1,0000000001,0.00,0.00,0.00,2516850.00,0.00,0.00,2516850.00,0.00,0.00,2516850.00,19.00,478201.50,2995051.50,1,'ADMINISTRADOR','2019-07-22 16:48:38'),(0000000042,0000000088,0000000077,0000000003,0000000001,0000000001,0.00,0,1,0000000001,0.00,0.00,0.00,0.00,0.00,0.00,0.00,0.00,0.00,0.00,19.00,0.00,0.00,1,'CAMILOA','2019-07-23 16:52:55'),(0000000043,0000000088,0000000077,0000000003,0000000001,0000000001,0.00,0,1,0000000001,0.00,0.00,0.00,2115000.00,0.00,0.00,2115000.00,0.00,0.00,2115000.00,19.00,401850.00,2516850.00,1,'VZAMBRANO','2019-07-23 17:00:10'),(0000000044,0000000088,0000000077,0000000003,0000000001,0000000001,0.00,0,1,0000000001,0.00,0.00,0.00,2516850.00,0.00,0.00,2516850.00,0.00,0.00,2516850.00,19.00,478201.50,2995051.50,1,'ADMINISTRADOR','2019-07-24 17:02:44'),(0000000045,0000000094,0000000082,0000000003,0000000002,0000000001,80.00,1,1,0000000001,659335.20,0.00,0.00,0.00,78625.00,30200.00,768160.20,0.00,0.00,768160.20,19.00,145950.44,914110.64,1,'CAMILOA','2019-07-30 11:09:12'),(0000000046,0000000097,0000000085,0000000003,0000000002,0000000001,140.00,2,1,0000000001,908967.05,0.00,0.00,0.00,150050.00,45300.00,1104317.05,0.00,0.00,1104317.05,19.00,209820.24,1314137.29,1,'CAMILOA','2019-07-30 11:54:56'),(0000000047,0000000100,0000000081,0000000003,0000000002,0000000001,60.00,1,1,0000000001,473723.27,0.00,0.00,0.00,71425.00,15100.00,560248.27,0.00,0.00,560248.27,19.00,106447.17,666695.44,1,'CAMILOA','2019-08-02 08:56:52'),(0000000048,0000000099,0000000087,0000000004,0000000001,0000000001,0.00,0,1,0000000001,0.00,0.00,5115398.40,0.00,0.00,0.00,5115398.40,0.00,0.00,5115398.40,19.00,971925.70,6087324.10,1,'CAMILOA','2019-08-02 14:35:14'),(0000000049,0000000097,0000000085,0000000003,0000000002,0000000001,140.00,2,1,0000000001,948200.28,1800100.40,0.00,0.00,150050.00,45300.00,2943650.68,0.00,0.00,2943650.68,19.00,559293.63,3502944.30,1,'CAMILOA','2019-08-02 16:05:56'),(0000000050,0000000043,0000000041,0000000003,0000000002,0000000001,750.00,2,1,0000000001,1458809.80,194017.60,48244.00,0.00,369650.00,75500.00,2146221.40,0.00,0.00,2146221.40,19.00,407782.07,2554003.46,1,'CAMILOA','2019-08-05 09:40:43'),(0000000051,0000000111,0000000093,0000000003,0000000001,0000000001,0.00,0,1,0000000001,0.00,0.00,0.00,420000.00,0.00,0.00,420000.00,0.00,0.00,420000.00,19.00,79800.00,499800.00,1,'CAMILOA','2019-08-05 16:19:39'),(0000000052,0000000106,0000000093,0000000003,0000000001,0000000001,0.00,0,1,0000000001,0.00,0.00,0.00,0.00,0.00,0.00,0.00,0.00,0.00,0.00,19.00,0.00,0.00,1,'CAMILOA','2019-08-05 16:19:55'),(0000000053,0000000112,0000000070,0000000003,0000000001,0000000001,0.00,0,0,0000000001,7508498.28,15692712.00,0.00,24106000.00,0.00,302000.00,47609210.28,0.00,0.00,47609210.28,19.00,9045749.95,56654960.24,1,'DAVID','2019-08-05 21:15:29'),(0000000054,0000000112,0000000070,0000000003,0000000001,0000000001,0.00,0,0,0000000001,7508498.28,16629698.40,0.00,24106000.00,0.00,302000.00,48546196.68,0.00,0.00,48546196.68,19.00,9223777.37,57769974.05,1,'DAVID','2019-08-05 21:21:58'),(0000000055,0000000112,0000000070,0000000003,0000000001,0000000001,0.00,0,0,0000000001,7508498.28,16629698.40,140406.00,24141700.00,0.00,302000.00,48722302.68,0.00,0.00,48722302.68,19.00,9257237.51,57979540.19,1,'DAVID','2019-08-05 21:28:19'),(0000000056,0000000114,0000000094,0000000003,0000000002,0000000001,80.00,1,1,0000000001,1182648.51,0.00,0.00,0.00,78625.00,60400.00,1321673.51,0.00,0.00,1321673.51,19.00,251117.97,1572791.47,1,'CAMILOA','2019-08-08 09:59:31'),(0000000057,0000000114,0000000094,0000000003,0000000002,0000000001,80.00,1,1,0000000001,1117508.09,0.00,0.00,0.00,78625.00,60400.00,1256533.09,0.00,0.00,1256533.09,19.00,238741.29,1495274.38,1,'CAMILOA','2019-08-08 10:00:53'),(0000000058,0000000113,0000000094,0000000002,0000000002,0000000001,80.00,2,1,0000000001,1186275.77,0.00,29659.00,0.00,128450.00,60400.00,1404784.77,0.00,0.00,1404784.77,19.00,266909.11,1671693.87,1,'CAMILOA','2019-08-09 11:58:41'),(0000000059,0000000056,0000000053,0000000003,0000000001,0000000001,0.00,0,0,0000000001,5.29,0.00,1.04,761.60,0.00,226.50,7.32,5.00,-366.23,6.96,19.00,1.32,8.28,1,'ADMINISTRADOR','2019-08-12 16:56:40'),(0000000060,0000000119,0000000099,0000000002,0000000001,0000000001,0.00,0,0,0000000002,433157.37,0.00,0.00,0.00,0.00,30200.00,463357.37,0.00,0.00,463357.37,19.00,88037.90,551395.27,1,'ADMINISTRADOR','2019-08-13 14:52:03'),(0000000061,0000000119,0000000099,0000000002,0000000001,0000000001,0.00,0,0,0000000001,265254.09,0.00,0.00,0.00,0.00,15100.00,280354.09,0.00,0.00,280354.09,19.00,53267.28,333621.37,1,'ADMINISTRADOR','2019-08-13 14:52:21'),(0000000062,0000000119,0000000099,0000000002,0000000001,0000000001,0.00,0,0,0000000001,433157.37,0.00,0.00,0.00,0.00,30200.00,463357.37,0.00,0.00,463357.37,19.00,88037.90,551395.27,1,'ADMINISTRADOR','2019-08-13 14:57:16'),(0000000063,0000000119,0000000099,0000000002,0000000001,0000000001,0.00,0,0,0000000002,433157.37,0.00,0.00,0.00,0.00,30200.00,463357.37,0.00,0.00,463357.37,19.00,88037.90,551395.27,1,'ADMINISTRADOR','2019-08-13 14:57:23'),(0000000064,0000000119,0000000099,0000000002,0000000001,0000000001,0.00,0,0,0000000002,265254.09,0.00,0.00,0.00,0.00,15100.00,280354.09,0.00,0.00,280354.09,19.00,53267.28,333621.37,1,'CAMILOA','2019-08-13 15:44:05'),(0000000065,0000000045,0000000043,0000000004,0000000001,0000000001,0.00,0,1,0000000001,0.00,653.12,0.00,0.00,0.00,0.00,653.12,3.60,-23.51,629.61,19.00,119.63,749.23,1,'ABOLIVAR','2019-08-13 16:16:14'),(0000000066,0000000045,0000000043,0000000004,0000000001,0000000001,0.00,0,1,0000000001,0.00,653121000.00,0.00,0.00,0.00,0.00,653.12,3.60,-23.51,629.61,19.00,119.63,749.23,1,'ABOLIVAR','2019-08-13 16:16:20'),(0000000067,0000000045,0000000043,0000000004,0000000001,0000000001,0.00,0,1,0000000001,0.00,653121000.00,0.00,0.00,0.00,0.00,653121000.00,3.60,-23.51,629.61,19.00,119.63,749.23,1,'ABOLIVAR','2019-08-13 16:16:29'),(0000000068,0000000045,0000000043,0000000004,0000000001,0000000001,0.00,0,1,0000000001,0.00,653121.00,0.00,0.00,0.00,0.00,653121000.00,3.60,-23.51,629.61,19.00,119.63,749.23,1,'ABOLIVAR','2019-08-13 16:16:32'),(0000000069,0000000045,0000000043,0000000004,0000000001,0000000001,0.00,0,1,0000000001,0.00,653121.00,0.00,0.00,0.00,0.00,653121.00,3.60,-23.51,629.61,19.00,119.63,749.23,1,'ABOLIVAR','2019-08-13 16:17:04'),(0000000070,0000000045,0000000043,0000000004,0000000001,0000000001,0.00,0,1,0000000001,0.00,653121.00,0.00,0.00,0.00,0.00,653121.00,3.60,-19594.00,629.61,19.00,119.63,749.23,1,'ABOLIVAR','2019-08-13 16:17:41'),(0000000071,0000000045,0000000043,0000000004,0000000001,0000000001,0.00,0,1,0000000001,0.00,653121.00,0.00,0.00,0.00,0.00,653121.00,3.60,-19594.00,633527.00,19.00,119.63,749.23,1,'ABOLIVAR','2019-08-13 16:17:59'),(0000000072,0000000045,0000000043,0000000004,0000000001,0000000001,0.00,0,1,0000000001,0.00,653121.00,0.00,0.00,0.00,0.00,653121.00,3.60,-19594.00,633527.00,19.00,120370.00,749.23,1,'ABOLIVAR','2019-08-13 16:18:25'),(0000000073,0000000121,0000000100,0000000003,0000000001,0000000001,0.00,0,0,0000000001,95580.59,0.00,0.00,0.00,0.00,0.00,95580.59,0.00,0.00,95580.59,19.00,18160.31,113740.91,1,'CAMILOA','2019-08-13 16:43:48'),(0000000074,0000000119,0000000099,0000000002,0000000001,0000000001,0.00,0,0,0000000002,328026.43,0.00,0.00,0.00,0.00,15100.00,343126.43,0.00,0.00,343126.43,19.00,65194.02,408320.45,1,'VZAMBRANO','2019-08-13 17:06:03'),(0000000075,0000000121,0000000100,0000000003,0000000001,0000000001,0.00,0,0,0000000001,109234.97,0.00,0.00,0.00,0.00,0.00,109234.97,0.00,0.00,109234.97,19.00,20754.64,129989.61,1,'CAMILOA','2019-08-14 10:28:31'),(0000000076,0000000122,0000000100,0000000003,0000000001,0000000001,0.00,0,1,0000000001,245778.67,0.00,0.00,0.00,0.00,0.00,245778.67,0.00,0.00,245778.67,19.00,46697.95,292476.62,1,'CAMILOA','2019-08-14 10:32:16'),(0000000077,0000000060,0000000056,0000000003,0000000001,0000000001,0.00,0,0,0000000001,6.34,0.00,1.04,761.60,0.00,256.70,8.40,5.00,-419.97,7.98,19.00,1.52,9.50,1,'ABOLIVAR','2019-08-14 10:47:09'),(0000000078,0000000060,0000000056,0000000003,0000000001,0000000001,0.00,0,0,0000000001,6338757.00,0.00,1.04,761.60,0.00,256.70,8.40,5.00,-419.97,7.98,19.00,1.52,9.50,1,'ABOLIVAR','2019-08-14 10:47:27'),(0000000079,0000000060,0000000056,0000000003,0000000001,0000000001,0.00,0,0,0000000001,6338757.00,0.00,1042277.60,761.60,0.00,256.70,8.40,5.00,-419.97,7.98,19.00,1.52,9.50,1,'ABOLIVAR','2019-08-14 10:48:24'),(0000000080,0000000060,0000000056,0000000003,0000000001,0000000001,0.00,0,0,0000000001,6338757.00,0.00,1042277.60,761600.00,0.00,256.70,8.40,5.00,-419.97,7.98,19.00,1.52,9.50,1,'ABOLIVAR','2019-08-14 10:48:53'),(0000000081,0000000060,0000000056,0000000003,0000000001,0000000001,0.00,0,0,0000000001,6338757.00,0.00,1042277.60,761600.00,0.00,256700.00,8.40,5.00,-419.97,7.98,19.00,1.52,9.50,1,'ABOLIVAR','2019-08-14 10:50:06'),(0000000082,0000000060,0000000056,0000000003,0000000001,0000000001,0.00,0,0,0000000001,6338757.00,0.00,1042277.60,761600.00,0.00,256700.00,8399334.60,5.00,-419.97,7.98,19.00,1.52,9.50,1,'ABOLIVAR','2019-08-14 10:50:47'),(0000000083,0000000060,0000000056,0000000003,0000000001,0000000001,0.00,0,0,0000000001,6338757.00,0.00,1042277.60,761600.00,0.00,256700.00,8399334.60,5.00,-419966.73,7.98,19.00,1.52,9.50,1,'ABOLIVAR','2019-08-14 10:51:11'),(0000000084,0000000060,0000000056,0000000003,0000000001,0000000001,0.00,0,0,0000000001,6338757.00,0.00,1042277.60,761600.00,0.00,256700.00,8399334.60,5.00,-419966.73,7979367.87,19.00,1.52,9.50,1,'ABOLIVAR','2019-08-14 10:51:33'),(0000000085,0000000060,0000000056,0000000003,0000000001,0000000001,0.00,0,0,0000000001,6338757.00,0.00,1042277.60,761600.00,0.00,256700.00,8399334.60,5.00,-419966.73,7979367.87,19.00,1516079.90,9.50,1,'ABOLIVAR','2019-08-14 10:51:59'),(0000000086,0000000060,0000000056,0000000003,0000000001,0000000001,0.00,0,0,0000000001,6338757.00,0.00,1042277.60,761600.00,0.00,256700.00,8399334.60,5.00,-419966.73,7979367.87,19.00,1516079.90,9495447.77,1,'ABOLIVAR','2019-08-14 10:58:32'),(0000000087,0000000060,0000000056,0000000003,0000000001,0000000001,0.00,0,0,0000000001,6338757.00,0.00,1042277.60,761600.00,0.00,256700.00,8399334.60,7.53,-419966.73,7979367.87,19.00,1516079.90,9495447.77,1,'ABOLIVAR','2019-08-14 10:58:58'),(0000000088,0000000060,0000000056,0000000003,0000000001,0000000001,0.00,0,0,0000000001,6338757.00,0.00,1042277.60,761600.00,0.00,256700.00,8399334.60,7.53,-632469.90,7979367.87,19.00,1516079.90,9495447.77,1,'ABOLIVAR','2019-08-14 10:59:38'),(0000000089,0000000060,0000000056,0000000003,0000000001,0000000001,0.00,0,0,0000000001,6338757.00,0.00,1042277.60,761600.00,0.00,256700.00,8399334.60,7.53,-632469.90,7766864.70,19.00,1516079.90,9495447.77,1,'ABOLIVAR','2019-08-14 11:00:06'),(0000000090,0000000060,0000000056,0000000003,0000000001,0000000001,0.00,0,0,0000000001,6338757.00,0.00,1042277.60,761600.00,0.00,256700.00,8399334.60,7.53,-632469.90,7766864.70,19.00,1475704.29,9495447.77,1,'ABOLIVAR','2019-08-14 11:00:23'),(0000000091,0000000122,0000000100,0000000003,0000000001,0000000001,0.00,0,1,0000000001,245778.67,0.00,0.00,3965400.00,0.00,0.00,4211178.67,0.00,0.00,4211178.67,19.00,800123.95,5011302.62,1,'CAMILOA','2019-08-14 11:34:37'),(0000000092,0000000056,0000000053,0000000003,0000000001,0000000001,0.00,0,0,0000000001,5294186.29,0.00,744484.00,0.00,0.00,226500.00,6265170.29,5.00,-313258.51,5951911.78,19.00,1130863.24,7082775.02,1,'ADMINISTRADOR','2019-08-14 11:41:10'),(0000000093,0000000056,0000000053,0000000003,0000000001,0000000001,0.00,0,0,0000000001,5294186.29,0.00,1042277.60,0.00,0.00,226500.00,6265170.29,5.00,-313258.51,5951911.78,19.00,1130863.24,7082775.02,1,'ADMINISTRADOR','2019-08-14 11:43:18'),(0000000094,0000000056,0000000053,0000000003,0000000001,0000000001,0.00,0,0,0000000001,5294186.29,0.00,1042277.60,0.00,0.00,226500.00,6562963.60,5.00,-313258.51,5951911.78,19.00,1130863.24,7082775.02,1,'ADMINISTRADOR','2019-08-14 11:43:49'),(0000000095,0000000056,0000000053,0000000003,0000000001,0000000001,0.00,0,0,0000000001,5294186.29,0.00,1042277.60,0.00,0.00,226500.00,6562963.60,5.00,-328148.18,5951911.78,19.00,1130863.24,7082775.02,1,'ADMINISTRADOR','2019-08-14 11:45:14'),(0000000096,0000000056,0000000053,0000000003,0000000001,0000000001,0.00,0,0,0000000001,5294186.29,0.00,1042277.60,0.00,0.00,226500.00,6562963.60,5.00,-328148.18,6234815.42,19.00,1130863.24,7082775.02,1,'ADMINISTRADOR','2019-08-14 11:45:36'),(0000000097,0000000056,0000000053,0000000003,0000000001,0000000001,0.00,0,0,0000000001,5294186.29,0.00,1042277.60,0.00,0.00,226500.00,6562963.60,5.00,-328148.18,6234815.42,19.00,1184614.93,7082775.02,1,'ADMINISTRADOR','2019-08-14 11:45:49'),(0000000098,0000000057,0000000054,0000000003,0000000001,0000000001,0.00,0,1,0000000001,27.00,0.00,0.00,0.00,0.00,1.00,28.00,0.00,0.00,28.00,19.00,5.00,33.00,1,'ABOLIVAR','2019-08-14 12:27:13'),(0000000099,0000000057,0000000054,0000000003,0000000001,0000000001,0.00,0,1,0000000001,26564428.00,0.00,0.00,0.00,0.00,1.00,28.00,0.00,0.00,28.00,19.00,5.00,33.00,1,'ABOLIVAR','2019-08-14 12:27:32'),(0000000100,0000000057,0000000054,0000000003,0000000001,0000000001,0.00,0,1,0000000001,26564428.00,0.00,0.00,0.00,0.00,1389200.00,28.00,0.00,0.00,28.00,19.00,5.00,33.00,1,'ABOLIVAR','2019-08-14 12:27:47'),(0000000101,0000000057,0000000054,0000000003,0000000001,0000000001,0.00,0,1,0000000001,26564428.00,0.00,0.00,0.00,0.00,1389200.00,27953628.00,0.00,0.00,28.00,19.00,5.00,33.00,1,'ABOLIVAR','2019-08-14 12:28:14'),(0000000102,0000000057,0000000054,0000000003,0000000001,0000000001,0.00,0,1,0000000001,26564428.00,0.00,0.00,0.00,0.00,1389200.00,27953628.00,0.00,0.00,27953628.00,19.00,5.00,33.00,1,'ABOLIVAR','2019-08-14 12:28:28'),(0000000103,0000000057,0000000054,0000000003,0000000001,0000000001,0.00,0,1,0000000001,26564428.00,0.00,0.00,0.00,0.00,1389200.00,27953628.00,0.00,0.00,27953628.00,19.00,5311189.00,33.00,1,'ABOLIVAR','2019-08-14 12:29:02'),(0000000104,0000000123,0000000101,0000000003,0000000002,0000000001,100.00,1,1,0000000001,380045.28,281675.80,24122.00,0.00,85825.00,15100.00,786768.08,0.00,0.00,786768.08,19.00,149485.94,936254.02,1,'CAMILOA','2019-08-16 09:02:40'),(0000000105,0000000126,0000000101,0000000003,0000000002,0000000001,100.00,1,1,0000000001,820472.39,650503.00,925801.80,0.00,85825.00,45300.00,2527902.19,0.00,0.00,2527902.19,19.00,480301.42,3008203.61,1,'CAMILOA','2019-08-20 14:36:29'),(0000000106,0000000123,0000000101,0000000003,0000000002,0000000001,100.00,1,1,0000000001,380045.28,281675.80,116242.00,0.00,85825.00,15100.00,878888.08,0.00,0.00,878888.08,19.00,166988.74,1045876.82,1,'CAMILOA','2019-08-20 14:36:48'),(0000000107,0000000124,0000000101,0000000003,0000000002,0000000001,100.00,1,1,0000000001,474714.17,298225.20,212730.00,0.00,85825.00,30200.00,1101694.37,0.00,0.00,1101694.37,19.00,209321.93,1311016.29,1,'CAMILOA','2019-08-20 14:37:05'),(0000000108,0000000125,0000000101,0000000003,0000000002,0000000001,100.00,1,1,0000000001,631645.01,646973.60,692841.80,0.00,85825.00,30200.00,2087485.41,0.00,0.00,2087485.41,19.00,396622.23,2484107.63,1,'CAMILOA','2019-08-20 14:37:25'),(0000000109,0000000114,0000000094,0000000003,0000000002,0000000001,80.00,2,1,0000000001,1121135.35,0.00,0.00,0.00,128450.00,60400.00,1309985.35,0.00,0.00,1309985.35,19.00,248897.22,1558882.57,1,'CAMILOA','2019-08-21 09:13:14'),(0000000110,0000000114,0000000094,0000000003,0000000001,0000000001,80.00,2,1,0000000001,1121135.35,0.00,0.00,0.00,128450.00,60400.00,1309985.35,0.00,0.00,1309985.35,19.00,248897.22,1558882.57,1,'CAMILOA','2019-08-21 09:14:02'),(0000000111,0000000114,0000000094,0000000003,0000000001,0000000001,80.00,2,1,0000000001,1111784.19,0.00,67767.00,0.00,0.00,60400.00,1239951.19,0.00,0.00,1239951.19,19.00,235590.73,1475541.92,1,'CAMILOA','2019-08-21 09:21:17'),(0000000112,0000000114,0000000094,0000000003,0000000001,0000000001,80.00,2,1,0000000001,245375.84,0.00,67767.00,0.00,0.00,15100.00,328242.84,0.00,0.00,328242.84,19.00,62366.14,390608.98,1,'CAMILOA','2019-08-21 10:47:56'),(0000000113,0000000114,0000000094,0000000003,0000000001,0000000001,80.00,2,1,0000000001,1257612.40,0.00,0.00,0.00,0.00,75500.00,1333112.40,0.00,0.00,1333112.40,19.00,253291.36,1586403.76,1,'CAMILOA','2019-08-21 10:58:57'),(0000000114,0000000128,0000000094,0000000003,0000000001,0000000001,0.00,0,1,0000000001,0.00,29332.80,59318.00,297885.00,0.00,0.00,386535.80,0.00,0.00,386535.80,19.00,73441.80,459977.60,1,'CAMILOA','2019-08-23 08:52:18'),(0000000115,0000000123,0000000101,0000000003,0000000002,0000000001,100.00,1,1,0000000001,380045.28,285139.40,116242.00,0.00,85825.00,15100.00,882351.68,0.00,0.00,882351.68,19.00,167646.82,1049998.50,1,'AMENESES','2019-08-23 12:41:16'),(0000000116,0000000124,0000000101,0000000003,0000000002,0000000001,100.00,1,1,0000000001,474714.17,301688.80,212730.00,0.00,85825.00,30200.00,1105157.96,0.00,0.00,1105157.96,19.00,209980.01,1315137.98,1,'AMENESES','2019-08-23 12:42:16'),(0000000117,0000000125,0000000101,0000000003,0000000002,0000000001,100.00,1,1,0000000001,631645.01,650437.20,692841.80,0.00,85825.00,30200.00,2090949.01,0.00,0.00,2090949.01,19.00,397280.31,2488229.32,1,'AMENESES','2019-08-23 12:43:58'),(0000000118,0000000126,0000000101,0000000003,0000000002,0000000001,100.00,1,1,0000000001,820472.39,656430.60,925801.80,0.00,85825.00,45300.00,2533829.79,0.00,0.00,2533829.79,19.00,481427.66,3015257.45,1,'AMENESES','2019-08-23 12:44:20'),(0000000119,0000000131,0000000104,0000000003,0000000002,0000000001,800.00,2,1,0000000001,1837072.97,300094.20,100928.80,0.00,387650.00,105700.00,2731445.97,0.00,0.00,2731445.97,19.00,518974.74,3250420.71,1,'AMENESES','2019-08-27 09:31:20'),(0000000120,0000000132,0000000106,0000000003,0000000001,0000000001,0.00,0,0,0000000001,681564.78,0.00,0.00,0.00,0.00,45300.00,726864.78,0.00,0.00,726864.78,19.00,138104.31,864969.09,1,'CAMILOA','2019-08-27 12:09:34'),(0000000121,0000000136,0000000103,0000000003,0000000001,0000000001,0.00,0,0,0000000001,4609939.58,0.00,806877.40,0.00,0.00,196300.00,5613116.98,0.00,0.00,5613116.98,19.00,1066492.23,6679609.21,1,'DAVID','2019-08-29 08:47:48'),(0000000122,0000000136,0000000103,0000000003,0000000001,0000000001,0.00,0,0,0000000001,4883026.99,0.00,806877.40,0.00,0.00,196300.00,5886204.39,0.00,0.00,5886204.39,19.00,1118378.83,7004583.23,1,'DAVID','2019-08-29 09:30:42'),(0000000123,0000000136,0000000103,0000000003,0000000001,0000000001,0.00,0,0,0000000001,4883026.99,0.00,806877.40,693600.00,0.00,196300.00,6579804.39,0.00,0.00,6579804.39,19.00,1250162.83,7829967.23,1,'DAVID','2019-08-29 09:31:01'),(0000000124,0000000137,0000000105,0000000003,0000000001,0000000001,0.00,0,0,0000000001,4883026.99,0.00,806877.40,0.00,0.00,196300.00,5886204.39,0.00,0.00,5886204.39,19.00,1118378.83,7004583.23,1,'DAVID','2019-08-29 09:32:02'),(0000000125,0000000133,0000000107,0000000003,0000000002,0000000001,1000.00,2,1,0000000001,1650679.19,0.00,48244.00,0.00,459650.00,90600.00,2249173.19,0.00,0.00,2249173.19,19.00,427342.91,2676516.09,1,'CAMILOA','2019-08-29 14:42:31'),(0000000126,0000000133,0000000107,0000000003,0000000002,0000000001,1000.00,2,1,0000000001,1650679.19,130526.20,48244.00,0.00,459650.00,90600.00,2379699.39,0.00,0.00,2379699.39,19.00,452142.88,2831842.27,1,'CAMILOA','2019-08-30 16:52:31'),(0000000127,0000000139,0000000110,0000000003,0000000002,0000000001,1000.00,2,1,0000000001,1650679.19,0.00,24122.00,0.00,459650.00,90600.00,2225051.19,0.00,0.00,2225051.19,19.00,422759.73,2647810.91,1,'CAMILOA','2019-08-30 17:29:13'),(0000000128,0000000140,0000000111,0000000003,0000000002,0000000001,1000.00,2,1,0000000001,1650679.19,0.00,0.00,0.00,459650.00,90600.00,2200929.19,0.00,0.00,2200929.19,19.00,418176.55,2619105.73,1,'CAMILOA','2019-08-30 17:36:51'),(0000000129,0000000145,0000000114,0000000003,0000000002,0000000001,1000.00,2,1,0000000001,1965051.25,0.00,24122.00,0.00,459650.00,105700.00,2554523.25,0.00,0.00,2554523.25,19.00,485359.42,3039882.66,1,'CAMILOA','2019-09-02 09:32:30'),(0000000130,0000000144,0000000113,0000000003,0000000002,0000000001,800.00,2,1,0000000001,1522700.91,130012.40,24122.00,0.00,387650.00,90600.00,2155085.31,0.00,0.00,2155085.31,19.00,409466.21,2564551.52,1,'CAMILOA','2019-09-04 16:12:25'),(0000000131,0000000144,0000000113,0000000003,0000000002,0000000001,800.00,2,1,0000000001,1522700.91,191613.80,24122.00,0.00,387650.00,90600.00,2216686.71,0.00,0.00,2216686.71,19.00,421170.48,2637857.19,1,'CAMILOA','2019-09-05 07:54:54'),(0000000132,0000000150,0000000118,0000000004,0000000001,0000000001,0.00,0,0,0000000001,0.00,846704.60,0.00,0.00,0.00,0.00,846704.60,0.00,0.00,846704.60,19.00,160873.87,1007578.47,1,'CAMILOA','2019-09-06 14:32:51'),(0000000133,0000000151,0000000119,0000000003,0000000002,0000000001,60.00,2,1,0000000001,1025693.29,636102.60,1083059.60,0.00,121250.00,45300.00,2911405.49,0.00,0.00,2911405.49,19.00,553167.04,3464572.53,1,'AMENESES','2019-09-10 08:56:42'),(0000000134,0000000151,0000000119,0000000003,0000000002,0000000001,60.00,2,1,0000000001,1340069.48,636102.60,1083059.60,0.00,121250.00,60400.00,3240881.68,0.00,0.00,3240881.68,19.00,615767.52,3856649.20,1,'CAMILOA','2019-09-10 15:17:23'),(0000000135,0000000158,0000000122,0000000004,0000000001,0000000001,0.00,0,1,0000000001,0.00,27088.60,0.00,0.00,0.00,0.00,27088.60,0.00,0.00,27088.60,19.00,5146.83,32235.43,1,'CAMILOA','2019-09-26 11:12:20'),(0000000136,0000000125,0000000101,0000000003,0000000002,0000000001,100.00,1,1,0000000001,789086.23,650437.20,692841.80,0.00,85825.00,45300.00,2263490.22,0.00,0.00,2263490.22,19.00,430063.14,2693553.37,1,'CAMILOA','2019-09-26 11:20:30'),(0000000137,0000000125,0000000101,0000000003,0000000002,0000000001,70.00,1,1,0000000002,342026.14,650437.20,548109.80,0.00,75025.00,15100.00,1630698.14,5.00,-81534.91,1549163.24,19.00,294341.01,1843504.25,1,'CAMILOA','2019-09-26 15:42:30'),(0000000138,0000000033,0000000032,0000000001,0000000002,0000000001,120.00,1,1,0000000001,268433.16,0.00,0.00,0.00,93025.00,15100.00,376558.16,0.00,0.00,376558.16,19.00,71546.05,448104.22,1,'CAMILOA','2019-09-26 18:14:19'),(0000000139,0000000125,0000000101,0000000003,0000000002,0000000001,70.00,1,1,0000000002,342026.14,635164.60,548109.80,0.00,75025.00,15100.00,1615425.54,4.00,-64617.02,1550808.52,19.00,294653.62,1845462.14,1,'AMENESES','2019-09-26 18:38:54'),(0000000140,0000000161,0000000125,0000000004,0000000001,0000000001,0.00,0,0,0000000001,0.00,0.00,0.00,0.00,0.00,0.00,0.00,0.00,0.00,0.00,19.00,0.00,0.00,1,'CAMILOA','2019-09-30 13:01:39'),(0000000141,0000000162,0000000126,0000000003,0000000001,0000000001,2.00,1,1,0000000001,2308464.54,0.00,0.00,0.00,50545.00,151000.00,2510009.54,0.00,0.00,2510009.54,19.00,476901.81,2986911.35,1,'FGONZALEZ','2019-10-01 10:48:36'),(0000000142,0000000167,0000000130,0000000001,0000000002,0000000001,50.00,1,1,0000000001,911634.50,0.00,0.00,0.00,67825.00,30200.00,1009659.50,0.00,0.00,1009659.50,19.00,191835.30,1201494.80,1,'FGONZALEZ','2019-10-07 10:55:53'),(0000000143,0000000168,0000000124,0000000003,0000000001,0000000001,0.00,0,1,0000000001,5675602.58,0.00,0.00,0.00,0.00,362400.00,6038002.58,5.00,-301900.13,5736102.45,19.00,1089859.46,6825961.91,1,'FGONZALEZ','2019-10-09 12:14:32'),(0000000144,0000000176,0000000135,0000000003,0000000002,0000000001,1000.00,1,1,0000000001,1394843.48,0.00,0.00,0.00,409825.00,0.00,1804668.48,0.00,0.00,1804670.00,0.00,0.00,1804670.00,1,'DAVID','2019-10-14 15:01:53');
/*!40000 ALTER TABLE `hist_cotizacion_sub` ENABLE KEYS */;
UNLOCK TABLES;

--
-- Table structure for table `hist_cotizacion_sub_det`
--

DROP TABLE IF EXISTS `hist_cotizacion_sub_det`;
/*!40101 SET @saved_cs_client     = @@character_set_client */;
/*!40101 SET character_set_client = utf8 */;
CREATE TABLE `hist_cotizacion_sub_det` (
  `chistoria` int(10) unsigned zerofill NOT NULL AUTO_INCREMENT,
  `ccotizaciondet` int(10) unsigned zerofill NOT NULL,
  `ccotizacion` int(10) unsigned zerofill NOT NULL,
  `cparte` int(10) unsigned zerofill NOT NULL,
  `cpieza` int(10) unsigned zerofill NOT NULL,
  `hh_taller` decimal(5,2) NOT NULL DEFAULT '0.00',
  `hh_terreno` decimal(5,2) NOT NULL DEFAULT '0.00',
  `dias_taller` int(11) NOT NULL,
  `cservicio` int(10) unsigned zerofill NOT NULL,
  `precio` decimal(10,2) NOT NULL DEFAULT '0.00',
  `finicio` date NOT NULL,
  `ffin` date NOT NULL,
  `acc` int(1) NOT NULL DEFAULT '1',
  `user` varchar(50) COLLATE utf8_bin NOT NULL,
  `date` timestamp NULL DEFAULT CURRENT_TIMESTAMP ON UPDATE CURRENT_TIMESTAMP,
  PRIMARY KEY (`chistoria`)
) ENGINE=InnoDB AUTO_INCREMENT=282 DEFAULT CHARSET=utf8 COLLATE=utf8_bin;
/*!40101 SET character_set_client = @saved_cs_client */;

--
-- Dumping data for table `hist_cotizacion_sub_det`
--

LOCK TABLES `hist_cotizacion_sub_det` WRITE;
/*!40000 ALTER TABLE `hist_cotizacion_sub_det` DISABLE KEYS */;
INSERT INTO `hist_cotizacion_sub_det` VALUES (0000000001,0000000100,0000000040,0000000001,0000000001,0.00,5.00,0,0000000039,0.00,'0000-00-00','0000-00-00',1,'VZAMBRANO','2019-06-06 13:24:18'),(0000000002,0000000101,0000000040,0000000008,0000000237,0.00,5.00,0,0000000039,0.00,'0000-00-00','0000-00-00',1,'VZAMBRANO','2019-06-06 13:24:18'),(0000000003,0000000102,0000000040,0000000035,0000001063,0.00,7.00,0,0000000039,0.00,'0000-00-00','0000-00-00',1,'VZAMBRANO','2019-06-06 13:24:18'),(0000000004,0000000126,0000000051,0000000016,0000000462,0.00,4.50,0,0000000039,0.00,'0000-00-00','0000-00-00',1,'CAMILOA','2019-06-06 13:41:18'),(0000000005,0000000127,0000000051,0000000016,0000000491,0.00,4.00,0,0000000039,0.00,'0000-00-00','0000-00-00',1,'CAMILOA','2019-06-06 13:41:18'),(0000000006,0000000118,0000000045,0000000007,0000000207,0.00,0.00,0,0000000140,0.00,'0000-00-00','0000-00-00',1,'CAMILOA','2019-06-06 13:42:51'),(0000000007,0000000138,0000000055,0000000008,0000000248,0.00,8.00,0,0000000012,0.00,'2019-06-08','2019-06-08',1,'VZAMBRANO','2019-06-06 15:05:43'),(0000000008,0000000139,0000000055,0000000008,0000000248,0.00,4.00,0,0000000041,0.00,'2019-06-08','2019-06-08',1,'VZAMBRANO','2019-06-06 15:05:43'),(0000000009,0000000118,0000000045,0000000007,0000000207,0.00,0.00,0,0000000140,0.00,'2019-05-31','2019-05-31',1,'VZAMBRANO','2019-06-06 15:06:11'),(0000000010,0000000124,0000000049,0000000027,0000000834,20.00,0.00,2,0000000041,0.00,'2019-05-30','2019-05-31',1,'VZAMBRANO','2019-06-06 15:06:33'),(0000000011,0000000126,0000000051,0000000016,0000000462,0.00,4.50,0,0000000039,0.00,'2019-05-31','2019-05-31',1,'VZAMBRANO','2019-06-06 15:06:58'),(0000000012,0000000127,0000000051,0000000016,0000000491,0.00,4.00,0,0000000039,0.00,'2019-05-31','2019-05-31',1,'VZAMBRANO','2019-06-06 15:06:58'),(0000000013,0000000138,0000000055,0000000008,0000000248,0.00,8.00,0,0000000012,0.00,'2019-06-08','2019-06-08',1,'CAMILOA','2019-06-06 15:18:54'),(0000000014,0000000139,0000000055,0000000008,0000000248,0.00,4.00,0,0000000041,0.00,'2019-06-08','2019-06-08',1,'CAMILOA','2019-06-06 15:18:54'),(0000000015,0000000118,0000000045,0000000007,0000000207,0.00,0.00,0,0000000140,0.00,'2019-05-31','2019-05-31',1,'DAVID','2019-06-10 17:31:26'),(0000000016,0000000141,0000000057,0000000001,0000000001,130.00,0.00,0,0000000107,0.00,'2019-05-19','2019-06-30',1,'VZAMBRANO','2019-06-10 17:45:07'),(0000000017,0000000142,0000000057,0000000025,0000000770,130.00,0.00,0,0000000107,0.00,'2019-05-19','2019-06-30',1,'VZAMBRANO','2019-06-10 17:45:07'),(0000000018,0000000143,0000000057,0000000027,0000000834,130.00,0.00,0,0000000107,0.00,'2019-05-19','2019-06-30',1,'VZAMBRANO','2019-06-10 17:45:07'),(0000000019,0000000146,0000000059,0000000070,0000002369,0.00,13.00,0,0000000039,0.00,'2019-06-17','2019-06-19',1,'ADMINISTRADOR','2019-06-10 18:27:57'),(0000000020,0000000147,0000000059,0000000035,0000001063,0.00,13.00,0,0000000039,0.00,'2019-06-17','2019-06-19',1,'ADMINISTRADOR','2019-06-10 18:27:57'),(0000000021,0000000140,0000000056,0000000001,0000000022,50.00,0.00,1,0000000016,0.00,'2019-06-07','2019-06-21',1,'DAVID','2019-06-10 18:53:52'),(0000000022,0000000140,0000000056,0000000001,0000000022,63.00,0.00,1,0000000016,0.00,'2019-06-07','2019-06-21',1,'VZAMBRANO','2019-06-10 19:59:11'),(0000000023,0000000148,0000000060,0000000001,0000000022,74.00,0.00,10,0000000016,0.00,'2019-06-03','2019-06-24',1,'VZAMBRANO','2019-06-10 19:59:29'),(0000000024,0000000144,0000000058,0000000016,0000000463,0.00,13.00,0,0000000038,0.00,'2019-07-01','2019-07-03',1,'ADMINISTRADOR','2019-06-10 20:40:47'),(0000000025,0000000145,0000000058,0000000016,0000000462,0.00,13.00,0,0000000039,0.00,'2019-07-01','2019-07-01',1,'ADMINISTRADOR','2019-06-10 20:40:47'),(0000000026,0000000144,0000000058,0000000016,0000000463,0.00,13.00,0,0000000038,0.00,'2019-07-01','2019-07-03',1,'CAMILOA','2019-06-11 19:53:44'),(0000000027,0000000145,0000000058,0000000016,0000000462,0.00,13.00,0,0000000039,0.00,'2019-07-01','2019-07-01',1,'CAMILOA','2019-06-11 19:53:44'),(0000000028,0000000144,0000000058,0000000016,0000000463,0.00,13.00,0,0000000038,0.00,'2019-07-01','2019-07-03',1,'VZAMBRANO','2019-06-11 20:33:33'),(0000000029,0000000145,0000000058,0000000016,0000000462,0.00,13.00,0,0000000039,0.00,'2019-07-01','2019-07-01',1,'VZAMBRANO','2019-06-11 20:33:33'),(0000000030,0000000089,0000000035,0000000001,0000000001,0.00,9.00,0,0000000039,0.00,'0000-00-00','0000-00-00',1,'CAMILOA','2019-06-11 20:39:12'),(0000000031,0000000089,0000000035,0000000001,0000000001,0.00,8.50,0,0000000039,0.00,'2019-05-21','2019-05-21',1,'CAMILOA','2019-06-12 16:27:02'),(0000000032,0000000089,0000000035,0000000001,0000000001,0.00,11.00,0,0000000039,0.00,'2019-05-21','2019-05-21',1,'VZAMBRANO','2019-06-12 19:02:45'),(0000000033,0000000135,0000000054,0000000070,0000002369,0.00,8.50,0,0000000041,0.00,'2019-05-30','2019-05-30',1,'VZAMBRANO','2019-06-12 19:03:11'),(0000000034,0000000131,0000000053,0000000027,0000000834,14.00,0.00,1,0000000021,0.00,'2019-06-06','2019-06-14',1,'VZAMBRANO','2019-06-17 17:22:24'),(0000000035,0000000132,0000000053,0000000027,0000000863,8.50,0.00,1,0000000011,0.00,'2019-06-06','2019-06-14',1,'VZAMBRANO','2019-06-17 17:22:24'),(0000000036,0000000133,0000000053,0000000027,0000000855,8.50,0.00,1,0000000011,0.00,'2019-06-06','2019-06-14',1,'VZAMBRANO','2019-06-17 17:22:24'),(0000000037,0000000134,0000000053,0000000027,0000000856,8.70,0.00,1,0000000011,0.00,'2019-06-06','2019-06-14',1,'VZAMBRANO','2019-06-17 17:22:24'),(0000000038,0000000151,0000000063,0000000017,0000000496,15.00,0.00,0,0000000012,0.00,'2019-06-17','2019-06-21',1,'VZAMBRANO','2019-06-17 19:45:46'),(0000000039,0000000152,0000000063,0000000019,0000000555,15.00,0.00,0,0000000012,0.00,'2019-06-17','2019-06-21',1,'VZAMBRANO','2019-06-17 19:45:46'),(0000000040,0000000153,0000000063,0000000017,0000000496,13.00,0.00,0,0000000041,0.00,'2019-06-17','2019-06-21',1,'VZAMBRANO','2019-06-17 19:45:46'),(0000000041,0000000154,0000000064,0000000069,0000002276,0.00,0.00,0,0000000042,0.00,'2019-06-18','2019-06-18',1,'VZAMBRANO','2019-06-18 16:49:52'),(0000000042,0000000146,0000000059,0000000070,0000002369,0.00,13.00,0,0000000039,0.00,'2019-06-17','2019-06-19',1,'CAMILOA','2019-06-18 17:34:50'),(0000000043,0000000147,0000000059,0000000035,0000001063,0.00,13.00,0,0000000039,0.00,'2019-06-17','2019-06-19',1,'CAMILOA','2019-06-18 17:34:50'),(0000000044,0000000156,0000000066,0000000001,0000000022,240.00,0.00,30,0000000062,0.00,'2019-06-01','2019-06-24',1,'VZAMBRANO','2019-06-20 21:04:21'),(0000000045,0000000157,0000000067,0000000001,0000000022,8.50,0.00,3,0000000041,0.00,'2019-06-20','2019-06-24',1,'VZAMBRANO','2019-06-20 21:04:55'),(0000000046,0000000158,0000000068,0000000001,0000000022,8.50,0.00,3,0000000041,0.00,'2019-06-20','2019-06-24',1,'VZAMBRANO','2019-06-20 21:05:16'),(0000000047,0000000155,0000000065,0000000006,0000000198,0.00,8.50,0,0000000102,0.00,'2019-06-19','2019-06-19',1,'VZAMBRANO','2019-06-20 21:30:23'),(0000000048,0000000146,0000000059,0000000070,0000002369,0.00,13.00,0,0000000039,0.00,'2019-06-17','2019-06-19',1,'VZAMBRANO','2019-06-20 21:31:16'),(0000000049,0000000147,0000000059,0000000035,0000001063,0.00,13.00,0,0000000039,0.00,'2019-06-17','2019-06-19',1,'VZAMBRANO','2019-06-20 21:31:16'),(0000000050,0000000159,0000000069,0000000024,0000000754,0.00,17.00,0,0000000024,0.00,'2019-06-21','2019-06-25',1,'VZAMBRANO','2019-06-24 19:22:30'),(0000000051,0000000162,0000000072,0000000020,0000000608,0.00,4.50,0,0000000039,0.00,'2019-07-01','2019-07-01',1,'VZAMBRANO','2019-06-28 16:24:56'),(0000000052,0000000164,0000000073,0000000020,0000000594,12.00,0.00,2,0000000024,0.00,'2019-07-08','2019-07-12',1,'CAMILOA','2019-07-02 19:05:48'),(0000000053,0000000165,0000000073,0000000020,0000000594,12.00,0.00,2,0000000013,0.00,'2019-07-08','2019-07-12',1,'CAMILOA','2019-07-02 19:05:48'),(0000000054,0000000164,0000000073,0000000020,0000000594,15.00,0.00,2,0000000024,0.00,'2019-07-08','2019-07-12',1,'CAMILOA','2019-07-02 19:06:30'),(0000000055,0000000164,0000000073,0000000020,0000000594,14.00,0.00,2,0000000024,0.00,'2019-07-08','2019-07-12',1,'CAMILOA','2019-07-02 19:07:03'),(0000000056,0000000096,0000000038,0000000030,0000000956,0.00,10.00,0,0000000151,0.00,'0000-00-00','0000-00-00',1,'CAMILOA','2019-07-02 19:19:46'),(0000000057,0000000097,0000000038,0000000030,0000000956,0.00,16.00,0,0000000011,0.00,'0000-00-00','0000-00-00',1,'CAMILOA','2019-07-02 19:19:46'),(0000000058,0000000096,0000000038,0000000030,0000000956,0.00,28.00,0,0000000151,0.00,'2019-07-02','2019-07-04',1,'VZAMBRANO','2019-07-03 13:21:31'),(0000000059,0000000097,0000000038,0000000030,0000000956,0.00,20.08,0,0000000011,0.00,'2019-07-02','2019-07-04',1,'VZAMBRANO','2019-07-03 13:21:31'),(0000000060,0000000164,0000000073,0000000020,0000000594,14.50,0.00,2,0000000024,0.00,'2019-07-08','2019-07-12',1,'VZAMBRANO','2019-07-03 13:22:00'),(0000000061,0000000165,0000000073,0000000020,0000000594,15.00,0.00,2,0000000013,0.00,'2019-07-08','2019-07-12',1,'VZAMBRANO','2019-07-03 13:22:00'),(0000000062,0000000166,0000000073,0000000020,0000000594,4.00,0.00,1,0000000031,0.00,'2019-07-08','2019-07-12',1,'VZAMBRANO','2019-07-03 13:22:00'),(0000000063,0000000167,0000000073,0000000027,0000000843,6.00,0.00,0,0000000011,0.00,'2019-07-04','2019-07-09',1,'VZAMBRANO','2019-07-03 13:22:00'),(0000000064,0000000168,0000000073,0000000027,0000000853,8.00,0.00,0,0000000011,0.00,'2019-07-04','2019-07-09',1,'VZAMBRANO','2019-07-03 13:22:00'),(0000000065,0000000169,0000000073,0000000064,0000002087,4.00,0.00,0,0000000011,0.00,'2019-07-04','2019-07-09',1,'VZAMBRANO','2019-07-03 13:22:00'),(0000000066,0000000175,0000000074,0000000066,0000002154,3.00,0.00,0,0000000042,0.00,'2019-07-15','2019-08-09',1,'CAMILOA','2019-07-04 21:50:15'),(0000000067,0000000176,0000000074,0000000066,0000002156,3.00,0.00,0,0000000039,0.00,'2019-07-15','2019-08-09',1,'CAMILOA','2019-07-04 21:50:15'),(0000000068,0000000175,0000000074,0000000066,0000002154,5.00,0.00,0,0000000042,0.00,'2019-07-15','2019-08-09',1,'CAMILOA','2019-07-05 20:00:27'),(0000000069,0000000176,0000000074,0000000066,0000002156,1.00,0.00,0,0000000039,0.00,'2019-07-15','2019-08-09',1,'CAMILOA','2019-07-05 20:00:27'),(0000000070,0000000178,0000000076,0000000051,0000001628,34.00,0.00,5,0000000041,0.00,'2019-07-08','2019-07-12',1,'VZAMBRANO','2019-07-09 21:47:11'),(0000000071,0000000182,0000000080,0000000070,0000002369,26.00,0.00,0,0000000039,0.00,'2019-07-08','2019-07-10',1,'CAMILOA','2019-07-10 18:54:37'),(0000000072,0000000182,0000000080,0000000070,0000002369,25.00,0.00,0,0000000039,0.00,'2019-07-08','2019-07-10',1,'CAMILOA','2019-07-10 19:29:55'),(0000000073,0000000177,0000000075,0000000069,0000002348,0.00,19.00,0,0000000009,0.00,'2019-07-21','2019-07-23',1,'CAMILOA','2019-07-11 18:57:44'),(0000000074,0000000184,0000000080,0000000002,0000000029,6.00,0.00,0,0000000041,0.00,'2019-07-08','2019-07-10',1,'CAMILOA','2019-07-12 14:10:10'),(0000000075,0000000185,0000000080,0000000020,0000000608,6.00,0.00,0,0000000039,0.00,'2019-07-08','2019-07-10',1,'CAMILOA','2019-07-12 14:38:40'),(0000000076,0000000179,0000000077,0000000001,0000000022,45.00,0.00,15,0000000016,0.00,'2019-07-01','2019-07-19',1,'VZAMBRANO','2019-07-15 20:43:55'),(0000000077,0000000181,0000000079,0000000001,0000000022,40.00,0.00,15,0000000016,0.00,'2019-07-01','2019-07-19',1,'VZAMBRANO','2019-07-15 20:44:09'),(0000000078,0000000180,0000000078,0000000001,0000000022,45.00,0.00,15,0000000016,0.00,'2019-07-01','2019-07-19',1,'VZAMBRANO','2019-07-15 20:44:31'),(0000000079,0000000188,0000000082,0000000017,0000000496,0.00,5.00,0,0000000039,0.00,'2019-07-22','2019-07-22',1,'VZAMBRANO','2019-07-15 20:45:04'),(0000000080,0000000189,0000000082,0000000001,0000000001,0.00,1.50,0,0000000039,0.00,'2019-07-22','2019-07-22',1,'VZAMBRANO','2019-07-15 20:45:04'),(0000000081,0000000190,0000000082,0000000070,0000002369,0.00,2.00,0,0000000039,0.00,'2019-07-22','2019-07-22',1,'VZAMBRANO','2019-07-15 20:45:04'),(0000000082,0000000170,0000000074,0000000061,0000002002,4.00,0.00,1,0000000151,0.00,'2019-07-15','2019-08-09',1,'VZAMBRANO','2019-07-15 20:45:58'),(0000000083,0000000171,0000000074,0000000061,0000002002,4.00,0.00,1,0000000064,0.00,'2019-07-15','2019-08-09',1,'VZAMBRANO','2019-07-15 20:45:58'),(0000000084,0000000172,0000000074,0000000066,0000002146,20.00,0.00,1,0000000011,0.00,'2019-07-15','2019-08-09',1,'VZAMBRANO','2019-07-15 20:45:58'),(0000000085,0000000173,0000000074,0000000061,0000001994,4.00,0.00,1,0000000011,0.00,'2019-07-15','2019-08-09',1,'VZAMBRANO','2019-07-15 20:45:58'),(0000000086,0000000174,0000000074,0000000061,0000001994,4.00,0.00,1,0000000041,0.00,'2019-07-15','2019-08-09',1,'VZAMBRANO','2019-07-15 20:45:58'),(0000000087,0000000175,0000000074,0000000066,0000002154,4.00,0.00,0,0000000042,0.00,'2019-07-15','2019-08-09',1,'VZAMBRANO','2019-07-15 20:45:58'),(0000000088,0000000176,0000000074,0000000066,0000002156,2.00,0.00,0,0000000039,0.00,'2019-07-15','2019-08-09',1,'VZAMBRANO','2019-07-15 20:45:58'),(0000000089,0000000182,0000000080,0000000070,0000002369,7.00,0.00,0,0000000039,0.00,'2019-07-08','2019-07-10',1,'CAMILOA','2019-07-17 13:21:21'),(0000000090,0000000184,0000000080,0000000002,0000000029,7.00,0.00,0,0000000041,0.00,'2019-07-08','2019-07-10',1,'CAMILOA','2019-07-17 13:21:21'),(0000000091,0000000185,0000000080,0000000020,0000000608,7.00,0.00,0,0000000039,0.00,'2019-07-08','2019-07-10',1,'CAMILOA','2019-07-17 13:21:21'),(0000000092,0000000186,0000000080,0000000046,0000001448,6.00,0.00,0,0000000039,0.00,'2019-07-08','2019-07-10',1,'CAMILOA','2019-07-17 13:21:21'),(0000000093,0000000182,0000000080,0000000070,0000002369,0.00,7.00,0,0000000039,0.00,'2019-07-08','2019-07-10',1,'VZAMBRANO','2019-07-17 21:46:28'),(0000000094,0000000184,0000000080,0000000002,0000000029,0.00,6.00,0,0000000041,0.00,'2019-07-08','2019-07-10',1,'VZAMBRANO','2019-07-17 21:46:28'),(0000000095,0000000185,0000000080,0000000020,0000000608,0.00,6.00,0,0000000039,0.00,'2019-07-08','2019-07-10',1,'VZAMBRANO','2019-07-17 21:46:28'),(0000000096,0000000186,0000000080,0000000046,0000001448,0.00,6.00,0,0000000039,0.00,'2019-07-08','2019-07-10',1,'VZAMBRANO','2019-07-17 21:46:29'),(0000000097,0000000199,0000000086,0000000030,0000000950,0.00,2.00,0,0000000039,0.00,'2019-07-17','2019-07-17',1,'CAMILOA','2019-07-18 18:58:30'),(0000000098,0000000200,0000000086,0000000027,0000000853,0.00,2.00,0,0000000039,0.00,'2019-07-17','2019-07-17',1,'CAMILOA','2019-07-18 18:58:30'),(0000000099,0000000199,0000000086,0000000030,0000000950,0.00,17.00,0,0000000039,0.00,'2019-07-17','2019-07-18',1,'VZAMBRANO','2019-07-18 19:48:31'),(0000000100,0000000200,0000000086,0000000027,0000000853,0.00,0.00,0,0000000039,0.00,'2019-07-17','2019-07-18',1,'VZAMBRANO','2019-07-18 19:48:31'),(0000000101,0000000196,0000000085,0000000020,0000000608,0.00,14.00,0,0000000024,0.00,'2019-07-22','2019-07-24',1,'VZAMBRANO','2019-07-19 15:37:40'),(0000000102,0000000197,0000000085,0000000002,0000000029,0.00,6.00,0,0000000011,0.00,'2019-07-22','2019-07-24',1,'VZAMBRANO','2019-07-19 15:37:40'),(0000000103,0000000198,0000000085,0000000035,0000001075,0.00,10.00,0,0000000024,0.00,'2019-07-22','2019-07-24',1,'VZAMBRANO','2019-07-19 15:37:40'),(0000000104,0000000202,0000000088,0000000042,0000001305,0.00,0.00,0,0000000041,0.00,'2019-07-22','2019-07-24',1,'ADMINISTRADOR','2019-07-22 19:39:41'),(0000000105,0000000203,0000000088,0000000042,0000001305,0.00,0.00,0,0000000024,0.00,'2019-07-22','2019-07-24',1,'ADMINISTRADOR','2019-07-22 19:39:41'),(0000000106,0000000202,0000000088,0000000042,0000001305,0.00,0.00,0,0000000041,0.00,'2019-07-22','2019-07-24',1,'CAMILOA','2019-07-23 20:52:55'),(0000000107,0000000203,0000000088,0000000042,0000001305,0.00,0.00,0,0000000024,0.00,'2019-07-22','2019-07-24',1,'CAMILOA','2019-07-23 20:52:55'),(0000000108,0000000202,0000000088,0000000042,0000001305,0.00,0.00,0,0000000041,0.00,'2019-07-22','2019-07-24',1,'VZAMBRANO','2019-07-23 21:00:10'),(0000000109,0000000203,0000000088,0000000042,0000001305,0.00,0.00,0,0000000024,0.00,'2019-07-22','2019-07-24',1,'VZAMBRANO','2019-07-23 21:00:10'),(0000000110,0000000202,0000000088,0000000042,0000001305,0.00,0.00,0,0000000041,0.00,'2019-07-22','2019-07-24',1,'ADMINISTRADOR','2019-07-24 21:02:44'),(0000000111,0000000203,0000000088,0000000042,0000001305,0.00,0.00,0,0000000024,0.00,'2019-07-22','2019-07-24',1,'ADMINISTRADOR','2019-07-24 21:02:44'),(0000000112,0000000209,0000000093,0000000069,0000002277,0.00,5.00,0,0000000042,0.00,'2019-07-25','2019-07-26',1,'VZAMBRANO','2019-07-26 13:36:24'),(0000000113,0000000213,0000000096,0000000035,0000001066,0.00,6.00,0,0000000011,0.00,'2019-08-12','2019-08-12',1,'VZAMBRANO','2019-07-29 13:48:46'),(0000000114,0000000211,0000000094,0000000030,0000000972,0.00,8.00,0,0000000024,0.00,'2019-07-26','2019-07-26',1,'CAMILOA','2019-07-30 15:09:12'),(0000000115,0000000215,0000000097,0000000049,0000001561,0.00,4.50,0,0000000102,0.00,'2019-08-05','2019-08-07',1,'CAMILOA','2019-07-30 15:54:56'),(0000000116,0000000211,0000000094,0000000030,0000000972,0.00,5.00,0,0000000024,0.00,'2019-07-26','2019-07-26',1,'VZAMBRANO','2019-07-30 16:32:15'),(0000000117,0000000214,0000000097,0000000009,0000000287,0.00,2.00,0,0000000102,0.00,'2019-08-05','2019-08-07',1,'VZAMBRANO','2019-07-30 16:32:46'),(0000000118,0000000215,0000000097,0000000049,0000001561,0.00,5.00,0,0000000102,0.00,'2019-08-05','2019-08-07',1,'VZAMBRANO','2019-07-30 16:32:46'),(0000000119,0000000216,0000000097,0000000003,0000000095,0.00,5.00,0,0000000102,0.00,'2019-08-05','2019-08-07',1,'VZAMBRANO','2019-07-30 16:32:46'),(0000000120,0000000196,0000000085,0000000020,0000000608,0.00,14.00,0,0000000024,0.00,'2019-07-22','2019-07-24',1,'DAVID','2019-07-31 20:46:38'),(0000000121,0000000197,0000000085,0000000002,0000000029,0.00,6.00,0,0000000011,0.00,'2019-07-22','2019-07-24',1,'DAVID','2019-07-31 20:46:38'),(0000000122,0000000198,0000000085,0000000035,0000001075,0.00,10.00,0,0000000024,0.00,'2019-07-22','2019-07-24',1,'DAVID','2019-07-31 20:46:38'),(0000000123,0000000220,0000000101,0000000066,0000002145,17.00,0.00,5,0000000013,0.00,'2019-07-29','2019-07-31',1,'VZAMBRANO','2019-07-31 21:02:23'),(0000000124,0000000218,0000000099,0000000069,0000002290,0.00,0.00,0,0000000140,0.00,'2019-07-31','2019-07-31',1,'VZAMBRANO','2019-07-31 21:02:54'),(0000000125,0000000221,0000000102,0000000009,0000000284,0.00,4.00,0,0000000039,0.00,'2019-08-01','2019-08-01',1,'VZAMBRANO','2019-07-31 22:07:24'),(0000000126,0000000222,0000000102,0000000070,0000002369,0.00,4.50,0,0000000039,0.00,'2019-08-01','2019-08-01',1,'VZAMBRANO','2019-07-31 22:07:24'),(0000000127,0000000219,0000000100,0000000020,0000000597,0.00,6.00,0,0000000063,0.00,'2019-07-31','2019-07-31',1,'CAMILOA','2019-08-02 12:56:52'),(0000000128,0000000219,0000000100,0000000020,0000000597,0.00,8.50,0,0000000063,0.00,'2019-07-31','2019-07-31',1,'VZAMBRANO','2019-08-02 13:33:46'),(0000000129,0000000218,0000000099,0000000069,0000002290,0.00,0.00,0,0000000140,0.00,'2019-07-31','2019-07-31',1,'CAMILOA','2019-08-02 18:35:14'),(0000000130,0000000218,0000000099,0000000069,0000002290,0.00,0.00,0,0000000140,0.00,'2019-07-31','2019-07-31',1,'VZAMBRANO','2019-08-02 18:43:20'),(0000000131,0000000215,0000000097,0000000049,0000001561,0.00,5.00,0,0000000102,0.00,'2019-08-05','2019-08-07',1,'CAMILOA','2019-08-02 20:05:56'),(0000000132,0000000216,0000000097,0000000003,0000000095,0.00,5.00,0,0000000102,0.00,'2019-08-05','2019-08-07',1,'CAMILOA','2019-08-02 20:05:56'),(0000000133,0000000215,0000000097,0000000049,0000001561,0.00,5.00,0,0000000102,0.00,'2019-08-05','2019-08-07',1,'VZAMBRANO','2019-08-02 20:54:58'),(0000000134,0000000216,0000000097,0000000003,0000000095,0.00,5.00,0,0000000102,0.00,'2019-08-05','2019-08-07',1,'VZAMBRANO','2019-08-02 20:54:58'),(0000000135,0000000218,0000000099,0000000069,0000002290,0.00,0.00,0,0000000140,0.00,'2019-07-31','2019-07-31',1,'DAVID','2019-08-02 20:58:07'),(0000000136,0000000109,0000000043,0000000069,0000002276,0.00,8.50,0,0000000042,0.00,'0000-00-00','0000-00-00',1,'CAMILOA','2019-08-05 13:40:43'),(0000000137,0000000110,0000000043,0000000070,0000002369,0.00,8.50,0,0000000039,0.00,'0000-00-00','0000-00-00',1,'CAMILOA','2019-08-05 13:40:43'),(0000000138,0000000111,0000000043,0000000060,0000001974,0.00,3.00,0,0000000043,0.00,'0000-11-30','0000-11-30',1,'CAMILOA','2019-08-05 13:40:43'),(0000000139,0000000112,0000000043,0000000069,0000002314,0.00,3.00,0,0000000009,0.00,'0000-00-00','0000-00-00',1,'CAMILOA','2019-08-05 13:40:43'),(0000000140,0000000229,0000000106,0000000010,0000000336,0.00,0.00,0,0000000039,0.00,'2019-08-12','2019-08-14',1,'VZAMBRANO','2019-08-05 21:13:13'),(0000000141,0000000109,0000000043,0000000069,0000002276,0.00,8.50,0,0000000042,0.00,'2019-08-12','2019-08-14',1,'VZAMBRANO','2019-08-05 21:16:48'),(0000000142,0000000110,0000000043,0000000070,0000002369,0.00,8.50,0,0000000039,0.00,'2019-08-12','2019-08-14',1,'VZAMBRANO','2019-08-05 21:16:48'),(0000000143,0000000111,0000000043,0000000060,0000001974,0.00,4.00,0,0000000043,0.00,'2019-08-12','2019-08-14',1,'VZAMBRANO','2019-08-05 21:16:48'),(0000000144,0000000112,0000000043,0000000069,0000002314,0.00,4.00,0,0000000009,0.00,'2019-08-12','2019-08-14',1,'VZAMBRANO','2019-08-05 21:16:48'),(0000000145,0000000224,0000000104,0000000069,0000002276,0.00,8.50,0,0000000042,0.00,'2019-08-12','2019-08-14',1,'VZAMBRANO','2019-08-05 21:17:38'),(0000000146,0000000225,0000000104,0000000070,0000002369,0.00,8.50,0,0000000039,0.00,'2019-08-12','2019-08-14',1,'VZAMBRANO','2019-08-05 21:17:38'),(0000000147,0000000226,0000000104,0000000069,0000002314,0.00,3.00,0,0000000009,0.00,'2019-08-12','2019-08-14',1,'VZAMBRANO','2019-08-05 21:17:38'),(0000000148,0000000227,0000000104,0000000060,0000001974,0.00,3.00,0,0000000043,0.00,'2019-08-12','2019-08-14',1,'VZAMBRANO','2019-08-05 21:17:38'),(0000000149,0000000235,0000000112,0000000051,0000001628,69.00,0.00,20,0000000024,0.00,'2019-08-05','2019-08-27',1,'VZAMBRANO','2019-08-06 18:50:55'),(0000000150,0000000236,0000000112,0000000051,0000001628,17.00,0.00,2,0000000031,0.00,'2019-08-27','2019-08-28',1,'VZAMBRANO','2019-08-06 18:50:55'),(0000000151,0000000248,0000000116,0000000001,0000000022,8.50,0.00,0,0000000041,0.00,'2019-08-09','2019-08-12',1,'VZAMBRANO','2019-08-09 18:59:58'),(0000000152,0000000140,0000000056,0000000001,0000000022,63.00,0.00,1,0000000016,0.00,'2019-06-07','2019-06-21',1,'ADMINISTRADOR','2019-08-12 20:56:40'),(0000000153,0000000237,0000000113,0000000001,0000000001,0.00,2.00,0,0000000039,0.00,'2019-08-12','2019-08-16',1,'VZAMBRANO','2019-08-13 17:18:19'),(0000000154,0000000238,0000000113,0000000060,0000001974,0.00,2.00,0,0000000116,0.00,'2019-08-12','2019-08-16',1,'VZAMBRANO','2019-08-13 17:18:19'),(0000000155,0000000239,0000000113,0000000001,0000000001,0.00,2.00,0,0000000082,0.00,'2019-08-12','2019-08-16',1,'VZAMBRANO','2019-08-13 17:18:19'),(0000000156,0000000240,0000000113,0000000002,0000000029,0.00,2.00,0,0000000041,0.00,'2019-08-12','2019-08-16',1,'VZAMBRANO','2019-08-13 17:18:19'),(0000000157,0000000241,0000000113,0000000010,0000000323,0.00,1.00,0,0000000043,0.00,'2019-08-12','2019-08-16',1,'VZAMBRANO','2019-08-13 17:18:19'),(0000000158,0000000242,0000000113,0000000029,0000000949,0.00,3.00,0,0000000039,0.00,'2019-08-12','2019-08-16',1,'VZAMBRANO','2019-08-13 17:18:19'),(0000000159,0000000243,0000000113,0000000017,0000000496,0.00,3.00,0,0000000039,0.00,'2019-08-12','2019-08-16',1,'VZAMBRANO','2019-08-13 17:18:19'),(0000000160,0000000244,0000000113,0000000015,0000000456,0.00,3.00,0,0000000075,0.00,'2019-08-12','2019-08-16',1,'VZAMBRANO','2019-08-13 17:18:19'),(0000000161,0000000253,0000000119,0000000035,0000001064,2.00,0.00,1,0000000016,0.00,'2019-08-15','2019-08-15',1,'CAMILOA','2019-08-13 18:55:58'),(0000000162,0000000254,0000000119,0000000035,0000001064,2.00,0.00,0,0000000041,0.00,'2019-08-15','2019-08-15',1,'CAMILOA','2019-08-13 18:55:59'),(0000000163,0000000255,0000000119,0000000046,0000001448,2.00,0.00,0,0000000016,0.00,'2019-08-15','2019-08-15',1,'CAMILOA','2019-08-13 18:55:59'),(0000000164,0000000256,0000000119,0000000046,0000001448,2.00,0.00,0,0000000041,0.00,'2019-08-15','2019-08-15',1,'CAMILOA','2019-08-13 18:55:59'),(0000000165,0000000253,0000000119,0000000035,0000001064,2.00,0.00,1,0000000016,0.00,'2019-08-15','2019-08-15',1,'ADMINISTRADOR','2019-08-13 18:57:16'),(0000000166,0000000254,0000000119,0000000035,0000001064,2.00,0.00,0,0000000041,0.00,'2019-08-15','2019-08-15',1,'ADMINISTRADOR','2019-08-13 18:57:16'),(0000000167,0000000255,0000000119,0000000046,0000001448,2.00,0.00,0,0000000016,0.00,'2019-08-15','2019-08-15',1,'ADMINISTRADOR','2019-08-13 18:57:16'),(0000000168,0000000256,0000000119,0000000046,0000001448,2.00,0.00,0,0000000041,0.00,'2019-08-15','2019-08-15',1,'ADMINISTRADOR','2019-08-13 18:57:16'),(0000000169,0000000253,0000000119,0000000035,0000001064,2.00,0.00,1,0000000016,0.00,'2019-08-15','2019-08-15',1,'CAMILOA','2019-08-13 19:44:05'),(0000000170,0000000254,0000000119,0000000035,0000001064,2.00,0.00,0,0000000041,0.00,'2019-08-15','2019-08-15',1,'CAMILOA','2019-08-13 19:44:05'),(0000000171,0000000255,0000000119,0000000046,0000001448,2.00,0.00,0,0000000016,0.00,'2019-08-15','2019-08-15',1,'CAMILOA','2019-08-13 19:44:05'),(0000000172,0000000256,0000000119,0000000046,0000001448,2.00,0.00,0,0000000041,0.00,'2019-08-15','2019-08-15',1,'CAMILOA','2019-08-13 19:44:05'),(0000000173,0000000261,0000000121,0000000050,0000001605,0.00,0.00,1,0000000021,0.00,'2019-08-26','2019-09-03',1,'CAMILOA','2019-08-13 20:43:48'),(0000000174,0000000257,0000000120,0000000001,0000000022,45.50,0.00,20,0000000016,0.00,'2019-08-12','2019-08-30',1,'VZAMBRANO','2019-08-13 21:04:55'),(0000000175,0000000253,0000000119,0000000035,0000001064,2.00,0.00,1,0000000016,0.00,'2019-08-15','2019-08-15',1,'VZAMBRANO','2019-08-13 21:06:03'),(0000000176,0000000254,0000000119,0000000035,0000001064,3.00,0.00,0,0000000041,0.00,'2019-08-15','2019-08-15',1,'VZAMBRANO','2019-08-13 21:06:03'),(0000000177,0000000255,0000000119,0000000046,0000001448,2.00,0.00,0,0000000016,0.00,'2019-08-15','2019-08-15',1,'VZAMBRANO','2019-08-13 21:06:03'),(0000000178,0000000256,0000000119,0000000046,0000001448,3.00,0.00,0,0000000041,0.00,'2019-08-15','2019-08-15',1,'VZAMBRANO','2019-08-13 21:06:03'),(0000000179,0000000262,0000000122,0000000049,0000001547,0.00,0.00,3,0000000021,0.00,'2019-08-26','2019-08-30',1,'CAMILOA','2019-08-14 15:34:37'),(0000000180,0000000263,0000000122,0000000049,0000001547,0.00,0.00,3,0000000024,0.00,'2019-08-26','2019-08-30',1,'CAMILOA','2019-08-14 15:34:37'),(0000000181,0000000258,0000000121,0000000050,0000001607,0.00,0.00,2,0000000021,0.00,'2019-08-26','2019-09-03',1,'VZAMBRANO','2019-08-14 20:36:15'),(0000000182,0000000259,0000000121,0000000050,0000001607,0.00,0.00,2,0000000024,0.00,'2019-08-26','2019-09-03',1,'VZAMBRANO','2019-08-14 20:36:15'),(0000000183,0000000260,0000000121,0000000050,0000001607,0.00,0.00,2,0000000064,0.00,'2019-08-26','2019-09-03',1,'VZAMBRANO','2019-08-14 20:36:15'),(0000000184,0000000261,0000000121,0000000050,0000001605,0.00,0.00,2,0000000021,0.00,'2019-08-26','2019-09-03',1,'VZAMBRANO','2019-08-14 20:36:15'),(0000000185,0000000262,0000000122,0000000049,0000001547,0.00,0.00,2,0000000021,0.00,'2019-08-26','2019-08-30',1,'VZAMBRANO','2019-08-14 20:36:46'),(0000000186,0000000263,0000000122,0000000049,0000001547,0.00,0.00,2,0000000024,0.00,'2019-08-26','2019-08-30',1,'VZAMBRANO','2019-08-14 20:36:46'),(0000000187,0000000264,0000000122,0000000049,0000001547,0.00,0.00,3,0000000064,0.00,'2019-08-26','2019-08-30',1,'VZAMBRANO','2019-08-14 20:36:46'),(0000000188,0000000269,0000000114,0000000029,0000000919,4.50,0.00,0,0000000021,0.00,'2019-08-20','2019-08-20',1,'VZAMBRANO','2019-08-21 17:06:56'),(0000000189,0000000270,0000000114,0000000008,0000000240,5.00,0.00,1,0000000038,0.00,'2019-08-21','2019-08-23',1,'VZAMBRANO','2019-08-21 17:06:56'),(0000000190,0000000271,0000000114,0000000008,0000000260,4.00,0.00,1,0000000038,0.00,'2019-08-21','2019-08-23',1,'VZAMBRANO','2019-08-21 17:06:56'),(0000000191,0000000272,0000000114,0000000002,0000000041,4.00,0.00,1,0000000038,0.00,'2019-08-21','2019-08-23',1,'VZAMBRANO','2019-08-21 17:06:56'),(0000000192,0000000273,0000000114,0000000008,0000000261,4.00,0.00,0,0000000038,0.00,'2019-08-21','2019-08-23',1,'VZAMBRANO','2019-08-21 17:06:56'),(0000000193,0000000276,0000000128,0000000008,0000000240,0.00,0.00,0,0000000038,0.00,'2019-08-23','2019-08-23',1,'CAMILOA','2019-08-23 12:52:18'),(0000000194,0000000276,0000000128,0000000008,0000000240,2.00,0.00,0,0000000038,0.00,'2019-08-23','2019-08-23',1,'VZAMBRANO','2019-08-23 12:54:43'),(0000000195,0000000277,0000000129,0000000001,0000000022,8.50,0.00,3,0000000041,0.00,'2019-08-22','2019-08-27',1,'AMENESES','2019-08-23 16:37:28'),(0000000196,0000000265,0000000123,0000000069,0000002275,0.00,6.00,0,0000000042,0.00,'2019-08-26','2019-08-26',1,'AMENESES','2019-08-23 16:41:16'),(0000000197,0000000266,0000000124,0000000069,0000002276,0.00,7.50,0,0000000042,0.00,'2019-08-28','2019-08-28',1,'AMENESES','2019-08-23 16:42:16'),(0000000198,0000000267,0000000125,0000000069,0000002277,0.00,10.00,0,0000000042,0.00,'2019-08-28','2019-08-29',1,'AMENESES','2019-08-23 16:43:58'),(0000000199,0000000268,0000000126,0000000069,0000002278,0.00,13.00,0,0000000042,0.00,'2019-08-29','2019-08-30',1,'AMENESES','2019-08-23 16:44:20'),(0000000200,0000000265,0000000123,0000000069,0000002275,0.00,8.50,0,0000000042,0.00,'2019-08-26','2019-08-26',1,'CAMILOA','2019-08-26 13:56:36'),(0000000201,0000000266,0000000124,0000000069,0000002276,0.00,8.50,0,0000000042,0.00,'2019-08-28','2019-08-28',1,'CAMILOA','2019-08-26 13:56:45'),(0000000202,0000000278,0000000130,0000000001,0000000022,8.50,0.00,4,0000000041,0.00,'2019-08-23','2019-08-28',1,'AMENESES','2019-08-27 13:26:14'),(0000000203,0000000265,0000000123,0000000069,0000002275,0.00,8.50,0,0000000042,0.00,'2019-08-26','2019-08-26',1,'AMENESES','2019-08-27 13:29:29'),(0000000204,0000000266,0000000124,0000000069,0000002276,0.00,8.50,0,0000000042,0.00,'2019-08-28','2019-08-28',1,'AMENESES','2019-08-27 13:30:00'),(0000000205,0000000279,0000000131,0000000069,0000002278,0.00,15.00,0,0000000042,0.00,'2019-09-02','2019-08-28',1,'AMENESES','2019-08-27 13:31:20'),(0000000206,0000000280,0000000131,0000000070,0000002369,0.00,14.00,0,0000000039,0.00,'2019-09-02','2019-08-28',1,'AMENESES','2019-08-27 13:31:20'),(0000000207,0000000281,0000000132,0000000006,0000000159,13.00,0.00,0,0000000011,0.00,'2019-08-02','2019-08-02',1,'CAMILOA','2019-08-27 16:09:34'),(0000000208,0000000281,0000000132,0000000006,0000000159,3.00,0.00,0,0000000011,0.00,'2019-08-02','2019-08-02',1,'AMENESES','2019-08-27 20:43:44'),(0000000209,0000000290,0000000136,0000000001,0000000022,55.00,0.00,0,0000000016,0.00,'2019-08-29','2019-09-20',1,'DAVID','2019-08-29 12:47:48'),(0000000210,0000000290,0000000136,0000000001,0000000022,55.00,0.00,20,0000000016,0.00,'2019-08-29','2019-09-20',1,'AMENESES','2019-08-29 13:51:17'),(0000000211,0000000291,0000000137,0000000001,0000000022,55.00,0.00,20,0000000016,0.00,'2019-08-29','2019-09-20',1,'AMENESES','2019-08-29 13:51:45'),(0000000212,0000000299,0000000141,0000000069,0000002276,0.00,13.00,0,0000000042,0.00,'2019-09-09','2019-09-11',1,'AMENESES','2019-08-30 15:19:28'),(0000000213,0000000300,0000000141,0000000070,0000002369,0.00,13.00,0,0000000039,0.00,'2019-09-09','2019-09-11',1,'AMENESES','2019-08-30 15:19:28'),(0000000214,0000000297,0000000140,0000000069,0000002276,0.00,13.00,0,0000000042,0.00,'2019-09-09','2019-09-11',1,'AMENESES','2019-08-30 23:11:27'),(0000000215,0000000298,0000000140,0000000070,0000002369,0.00,13.00,0,0000000039,0.00,'2019-09-09','2019-09-11',1,'AMENESES','2019-08-30 23:11:27'),(0000000216,0000000295,0000000139,0000000069,0000002276,0.00,13.00,0,0000000042,0.00,'2019-09-09','2019-09-11',1,'AMENESES','2019-08-30 23:11:46'),(0000000217,0000000296,0000000139,0000000070,0000002369,0.00,13.00,0,0000000039,0.00,'2019-09-09','2019-09-11',1,'AMENESES','2019-08-30 23:11:46'),(0000000218,0000000282,0000000133,0000000069,0000002276,0.00,13.00,0,0000000042,0.00,'2019-09-09','2019-09-11',1,'AMENESES','2019-08-30 23:12:11'),(0000000219,0000000283,0000000133,0000000070,0000002369,0.00,13.00,0,0000000039,0.00,'2019-09-09','2019-09-11',1,'AMENESES','2019-08-30 23:12:11'),(0000000220,0000000303,0000000144,0000000069,0000002275,0.00,12.00,0,0000000042,0.00,'2019-09-02','2019-09-04',1,'AMENESES','2019-09-04 14:43:25'),(0000000221,0000000304,0000000144,0000000070,0000002369,0.00,12.00,0,0000000039,0.00,'2019-09-02','2019-09-04',1,'AMENESES','2019-09-04 14:43:25'),(0000000222,0000000305,0000000145,0000000069,0000002278,0.00,16.00,0,0000000042,0.00,'2019-09-16','2019-09-18',1,'AMENESES','2019-09-04 14:43:52'),(0000000223,0000000306,0000000145,0000000070,0000002369,0.00,15.00,0,0000000039,0.00,'2019-09-16','2019-09-18',1,'AMENESES','2019-09-04 14:43:52'),(0000000224,0000000303,0000000144,0000000069,0000002275,0.00,12.00,0,0000000042,0.00,'2019-09-02','2019-09-04',1,'CAMILOA','2019-09-04 20:12:25'),(0000000225,0000000304,0000000144,0000000070,0000002369,0.00,12.00,0,0000000039,0.00,'2019-09-02','2019-09-04',1,'CAMILOA','2019-09-04 20:12:25'),(0000000226,0000000303,0000000144,0000000069,0000002275,0.00,12.00,0,0000000042,0.00,'2019-09-02','2019-09-04',1,'AMENESES','2019-09-04 20:49:53'),(0000000227,0000000304,0000000144,0000000070,0000002369,0.00,12.00,0,0000000039,0.00,'2019-09-02','2019-09-04',1,'AMENESES','2019-09-04 20:49:53'),(0000000228,0000000303,0000000144,0000000069,0000002275,0.00,12.00,0,0000000042,0.00,'2019-09-02','2019-09-04',1,'CAMILOA','2019-09-05 11:54:54'),(0000000229,0000000304,0000000144,0000000070,0000002369,0.00,12.00,0,0000000039,0.00,'2019-09-02','2019-09-04',1,'CAMILOA','2019-09-05 11:54:54'),(0000000230,0000000092,0000000036,0000000006,0000000164,8.50,0.00,1,0000000012,0.00,'0000-11-30','0000-11-30',1,'VZAMBRANO','2019-09-05 17:12:17'),(0000000231,0000000100,0000000040,0000000001,0000000001,0.00,5.00,0,0000000039,0.00,'1901-07-17','1901-07-17',1,'VZAMBRANO','2019-09-05 17:12:17'),(0000000232,0000000101,0000000040,0000000008,0000000237,0.00,5.00,0,0000000039,0.00,'1901-07-17','1901-07-17',1,'VZAMBRANO','2019-09-05 17:12:17'),(0000000233,0000000102,0000000040,0000000035,0000001063,0.00,7.00,0,0000000039,0.00,'1901-07-18','1901-07-18',1,'VZAMBRANO','2019-09-05 17:12:17'),(0000000234,0000000037,0000000018,0000000069,0000002278,0.00,10.00,0,0000000042,0.00,'1919-05-15','1919-05-15',1,'VZAMBRANO','2019-09-05 17:12:17'),(0000000235,0000000038,0000000018,0000000069,0000002353,0.00,9.00,0,0000000119,0.00,'1919-05-15','1919-05-15',1,'VZAMBRANO','2019-09-05 17:12:17'),(0000000236,0000000039,0000000018,0000000070,0000002369,0.00,1.20,0,0000000039,0.00,'1919-05-15','1919-05-15',1,'VZAMBRANO','2019-09-05 17:12:17'),(0000000237,0000000303,0000000144,0000000069,0000002275,0.00,12.00,0,0000000042,0.00,'2019-09-02','2019-09-04',1,'AMENESES','2019-09-10 11:54:22'),(0000000238,0000000304,0000000144,0000000070,0000002369,0.00,12.00,0,0000000039,0.00,'2019-09-02','2019-09-04',1,'AMENESES','2019-09-10 11:54:22'),(0000000239,0000000312,0000000150,0000000003,0000000082,0.00,0.00,0,0000000140,0.00,'2019-09-06','2019-09-06',1,'AMENESES','2019-09-10 11:55:02'),(0000000240,0000000313,0000000150,0000000006,0000000164,0.00,0.00,0,0000000140,0.00,'2019-09-06','2019-09-06',1,'AMENESES','2019-09-10 11:55:02'),(0000000241,0000000314,0000000151,0000000069,0000002278,0.00,12.00,0,0000000042,0.00,'2019-09-23','2019-09-24',1,'AMENESES','2019-09-10 11:56:42'),(0000000242,0000000315,0000000151,0000000070,0000002369,0.00,1.00,0,0000000039,0.00,'2019-09-23','2019-09-24',1,'AMENESES','2019-09-10 11:56:42'),(0000000243,0000000317,0000000153,0000000069,0000002277,0.00,0.00,0,0000000140,0.00,'2019-09-11','2019-09-11',1,'AMENESES','2019-09-10 11:57:07'),(0000000244,0000000314,0000000151,0000000069,0000002278,0.00,13.00,0,0000000042,0.00,'2019-09-23','2019-09-24',1,'CAMILOA','2019-09-10 18:17:23'),(0000000245,0000000315,0000000151,0000000070,0000002369,0.00,4.00,0,0000000039,0.00,'2019-09-23','2019-09-24',1,'CAMILOA','2019-09-10 18:17:23'),(0000000246,0000000314,0000000151,0000000069,0000002278,0.00,8.00,0,0000000042,0.00,'2019-09-23','2019-09-24',1,'AMENESES','2019-09-11 20:39:45'),(0000000247,0000000315,0000000151,0000000070,0000002369,0.00,4.50,0,0000000039,0.00,'2019-09-23','2019-09-24',1,'AMENESES','2019-09-11 20:39:45'),(0000000248,0000000267,0000000125,0000000069,0000002277,0.00,12.50,0,0000000042,0.00,'2019-08-28','2019-08-29',1,'CAMILOA','2019-09-26 14:20:30'),(0000000249,0000000267,0000000125,0000000069,0000002277,0.00,9.00,0,0000000042,0.00,'2019-08-28','2019-08-29',1,'CAMILOA','2019-09-26 14:25:39'),(0000000250,0000000267,0000000125,0000000069,0000002277,0.00,9.00,0,0000000042,0.00,'2019-08-30','2019-08-30',1,'CAMILOA','2019-09-26 14:33:06'),(0000000251,0000000083,0000000033,0000000066,0000002165,0.00,2.00,0,0000000039,0.00,'0000-00-00','0000-00-00',1,'CAMILOA','2019-09-26 21:14:19'),(0000000252,0000000084,0000000033,0000000066,0000002165,0.00,2.00,0,0000000024,0.00,'0000-00-00','0000-00-00',1,'CAMILOA','2019-09-26 21:14:19'),(0000000253,0000000267,0000000125,0000000069,0000002277,0.00,9.00,0,0000000042,0.00,'2019-09-30','2019-09-30',1,'AMENESES','2019-09-26 21:38:54'),(0000000254,0000000324,0000000158,0000000006,0000000181,0.00,0.00,0,0000000140,0.00,'2019-09-26','2019-09-26',1,'AMENESES','2019-09-26 21:39:49'),(0000000255,0000000322,0000000157,0000000006,0000000164,0.00,6.00,0,0000000011,0.00,'2019-09-23','2019-09-24',1,'AMENESES','2019-09-26 21:40:20'),(0000000256,0000000323,0000000157,0000000006,0000000180,0.00,6.00,0,0000000026,0.00,'2019-09-23','2019-09-24',1,'AMENESES','2019-09-26 21:40:20'),(0000000257,0000000267,0000000125,0000000069,0000002277,0.00,9.00,0,0000000042,0.00,'2019-09-30','2019-09-30',1,'DAVID','2019-09-27 12:15:03'),(0000000258,0000000327,0000000161,0000000006,0000000167,0.00,0.00,0,0000000140,0.00,'2019-09-30','2019-09-30',1,'AMENESES','2019-09-30 16:28:55'),(0000000259,0000000328,0000000162,0000000020,0000000601,27.00,0.00,0,0000000011,0.00,'2019-10-01','2019-10-07',1,'FGONZALEZ','2019-10-01 13:48:36'),(0000000260,0000000329,0000000162,0000000020,0000000601,17.00,0.00,0,0000000018,0.00,'2019-10-03','2019-10-04',1,'FGONZALEZ','2019-10-01 13:48:36'),(0000000261,0000000328,0000000162,0000000020,0000000601,27.00,0.00,0,0000000011,0.00,'2019-10-01','2019-10-07',1,'AMENESES','2019-10-01 13:51:57'),(0000000262,0000000329,0000000162,0000000020,0000000601,17.00,0.00,0,0000000018,0.00,'2019-10-03','2019-10-04',1,'AMENESES','2019-10-01 13:51:57'),(0000000263,0000000333,0000000166,0000000060,0000001974,8.50,0.00,1,0000000041,0.00,'2019-10-04','2019-10-04',1,'FGONZALEZ','2019-10-04 20:04:54'),(0000000264,0000000333,0000000166,0000000060,0000001974,8.50,0.00,1,0000000041,0.00,'2019-10-07','2019-10-08',1,'AMENESES','2019-10-04 20:05:55'),(0000000265,0000000334,0000000167,0000000060,0000001974,0.00,8.50,1,0000000039,0.00,'2019-10-07','2019-10-09',1,'FGONZALEZ','2019-10-07 13:55:53'),(0000000266,0000000334,0000000167,0000000060,0000001974,0.00,8.50,1,0000000039,0.00,'2019-10-07','2019-10-09',1,'AMENESES','2019-10-07 13:58:18'),(0000000267,0000000335,0000000168,0000000022,0000000666,34.00,0.00,4,0000000023,0.00,'2019-10-07','2019-10-28',1,'DAVID','2019-10-07 17:31:27'),(0000000268,0000000336,0000000168,0000000022,0000000666,34.00,0.00,4,0000000023,0.00,'2019-10-07','2019-10-28',1,'DAVID','2019-10-07 17:31:27'),(0000000269,0000000337,0000000168,0000000020,0000000594,34.00,0.00,4,0000000024,0.00,'2019-10-07','2019-10-28',1,'DAVID','2019-10-07 17:31:27'),(0000000270,0000000335,0000000168,0000000022,0000000666,34.00,0.00,4,0000000023,0.00,'2019-10-07','2019-10-28',1,'FGONZALEZ','2019-10-09 15:14:32'),(0000000271,0000000336,0000000168,0000000022,0000000666,34.00,0.00,4,0000000023,0.00,'2019-10-07','2019-10-28',1,'FGONZALEZ','2019-10-09 15:14:32'),(0000000272,0000000337,0000000168,0000000020,0000000594,34.00,0.00,4,0000000024,0.00,'2019-10-07','2019-10-28',1,'FGONZALEZ','2019-10-09 15:14:32'),(0000000273,0000000335,0000000168,0000000022,0000000666,34.00,0.00,4,0000000023,0.00,'2019-10-07','2019-10-28',1,'AMENESES','2019-10-09 15:19:28'),(0000000274,0000000336,0000000168,0000000022,0000000666,34.00,0.00,4,0000000023,0.00,'2019-10-07','2019-10-28',1,'AMENESES','2019-10-09 15:19:28'),(0000000275,0000000337,0000000168,0000000020,0000000594,34.00,0.00,4,0000000024,0.00,'2019-10-07','2019-10-28',1,'AMENESES','2019-10-09 15:19:28'),(0000000276,0000000335,0000000168,0000000022,0000000666,34.00,0.00,4,0000000023,0.00,'2019-10-07','2019-10-28',1,'DAVID','2019-10-09 15:26:23'),(0000000277,0000000336,0000000168,0000000022,0000000666,34.00,0.00,4,0000000023,0.00,'2019-10-07','2019-10-28',1,'DAVID','2019-10-09 15:26:23'),(0000000278,0000000337,0000000168,0000000020,0000000594,34.00,0.00,4,0000000024,0.00,'2019-10-07','2019-10-28',1,'DAVID','2019-10-09 15:26:23'),(0000000279,0000000346,0000000176,0000000060,0000001974,0.00,22.00,3,0000000024,0.00,'2019-10-16','2019-10-18',1,'DAVID','2019-10-14 18:01:53'),(0000000280,0000000346,0000000176,0000000060,0000001974,0.00,22.00,0,0000000024,0.00,'2019-10-16','2019-10-18',1,'AMENESES','2019-10-14 18:04:59'),(0000000281,0000000354,0000000184,0000000069,0000002278,0.00,12.00,0,0000000043,0.00,'2019-10-21','2019-10-23',1,'DAVID','2019-10-18 14:54:12');
/*!40000 ALTER TABLE `hist_cotizacion_sub_det` ENABLE KEYS */;
UNLOCK TABLES;

--
-- Table structure for table `hist_cotizacion_sub_det_art`
--

DROP TABLE IF EXISTS `hist_cotizacion_sub_det_art`;
/*!40101 SET @saved_cs_client     = @@character_set_client */;
/*!40101 SET character_set_client = utf8 */;
CREATE TABLE `hist_cotizacion_sub_det_art` (
  `chistoria` int(10) unsigned zerofill NOT NULL AUTO_INCREMENT,
  `ccotizacionart` int(10) unsigned zerofill NOT NULL,
  `ccotizacion` int(10) unsigned zerofill NOT NULL,
  `carticulo` int(10) unsigned zerofill NOT NULL,
  `cant` decimal(5,2) NOT NULL DEFAULT '0.00',
  `precio` decimal(12,2) NOT NULL DEFAULT '0.00',
  `acc` int(1) NOT NULL DEFAULT '1',
  `user` varchar(50) COLLATE utf8_bin DEFAULT NULL,
  `date` datetime DEFAULT CURRENT_TIMESTAMP ON UPDATE CURRENT_TIMESTAMP,
  PRIMARY KEY (`chistoria`)
) ENGINE=InnoDB AUTO_INCREMENT=496 DEFAULT CHARSET=utf8 COLLATE=utf8_bin;
/*!40101 SET character_set_client = @saved_cs_client */;

--
-- Dumping data for table `hist_cotizacion_sub_det_art`
--

LOCK TABLES `hist_cotizacion_sub_det_art` WRITE;
/*!40000 ALTER TABLE `hist_cotizacion_sub_det_art` DISABLE KEYS */;
INSERT INTO `hist_cotizacion_sub_det_art` VALUES (0000000001,0000000166,0000000045,0000001495,1.00,466515.00,1,'VZAMBRANO','2019-06-06 11:06:11'),(0000000002,0000000166,0000000045,0000001495,1.00,466515.00,1,'DAVID','2019-06-10 13:31:26'),(0000000003,0000000192,0000000059,0000001350,1.00,17230.00,1,'ADMINISTRADOR','2019-06-10 14:27:57'),(0000000004,0000000196,0000000056,0000001330,4.00,50145.00,1,'VZAMBRANO','2019-06-10 15:59:11'),(0000000005,0000000197,0000000056,0000001331,4.00,82806.00,1,'VZAMBRANO','2019-06-10 15:59:11'),(0000000006,0000000198,0000000056,0000001332,1.00,188800.00,1,'VZAMBRANO','2019-06-10 15:59:11'),(0000000007,0000000199,0000000056,0000001334,1.00,23880.00,1,'VZAMBRANO','2019-06-10 15:59:11'),(0000000008,0000000194,0000000056,0000001523,4.00,60000.00,1,'VZAMBRANO','2019-06-10 15:59:11'),(0000000009,0000000195,0000000056,0000001524,8.00,26000.00,1,'VZAMBRANO','2019-06-10 15:59:11'),(0000000010,0000000200,0000000060,0000001330,4.00,50145.00,1,'VZAMBRANO','2019-06-10 15:59:29'),(0000000011,0000000201,0000000060,0000001331,4.00,82806.00,1,'VZAMBRANO','2019-06-10 15:59:30'),(0000000012,0000000202,0000000060,0000001332,1.00,188800.00,1,'VZAMBRANO','2019-06-10 15:59:30'),(0000000013,0000000203,0000000060,0000001334,1.00,23880.00,1,'VZAMBRANO','2019-06-10 15:59:30'),(0000000014,0000000204,0000000060,0000001523,4.00,60000.00,1,'VZAMBRANO','2019-06-10 15:59:30'),(0000000015,0000000205,0000000060,0000001524,8.00,26000.00,1,'VZAMBRANO','2019-06-10 15:59:30'),(0000000016,0000000187,0000000058,0000001497,1.00,2647046.00,1,'ADMINISTRADOR','2019-06-10 16:40:47'),(0000000017,0000000187,0000000058,0000001497,1.00,2647046.00,1,'CAMILOA','2019-06-11 15:53:44'),(0000000018,0000000187,0000000058,0000001497,1.00,2647046.00,1,'VZAMBRANO','2019-06-11 16:33:33'),(0000000019,0000000216,0000000064,0000001343,2.00,31606.00,1,'VZAMBRANO','2019-06-18 12:49:52'),(0000000020,0000000192,0000000059,0000001350,1.00,17230.00,1,'CAMILOA','2019-06-18 13:34:50'),(0000000021,0000000138,0000000043,0000001351,1.00,16430.40,1,'CAMILOA','2019-06-19 11:11:17'),(0000000022,0000000139,0000000043,0000001352,1.00,55774.60,1,'CAMILOA','2019-06-19 11:11:17'),(0000000023,0000000140,0000000043,0000001353,1.00,46936.40,1,'CAMILOA','2019-06-19 11:11:17'),(0000000024,0000000168,0000000043,0000001356,1.00,33208.00,1,'CAMILOA','2019-06-19 11:11:17'),(0000000025,0000000169,0000000043,0000001355,1.00,41668.20,1,'CAMILOA','2019-06-19 11:11:17'),(0000000026,0000000167,0000000043,0000001350,2.00,24122.00,1,'CAMILOA','2019-06-19 11:11:17'),(0000000027,0000000113,0000000032,0000001431,1.00,1330000.00,1,'CAMILOA','2019-06-19 11:21:53'),(0000000028,0000000116,0000000032,0000001436,1.00,28194.60,1,'CAMILOA','2019-06-19 11:21:53'),(0000000029,0000000117,0000000032,0000001438,1.00,3885.00,1,'CAMILOA','2019-06-19 11:21:53'),(0000000030,0000000118,0000000032,0000001437,1.00,31833.20,1,'CAMILOA','2019-06-19 11:21:53'),(0000000031,0000000119,0000000032,0000001439,1.00,17075.80,1,'CAMILOA','2019-06-19 11:21:53'),(0000000032,0000000158,0000000044,0000001166,1.00,14036.40,1,'CAMILOA','2019-06-19 11:21:53'),(0000000033,0000000159,0000000044,0000001257,1.00,24001.60,1,'CAMILOA','2019-06-19 11:21:53'),(0000000034,0000000160,0000000044,0000001258,1.00,87371.20,1,'CAMILOA','2019-06-19 11:21:53'),(0000000035,0000000161,0000000044,0000000929,1.00,37865.80,1,'CAMILOA','2019-06-19 11:21:53'),(0000000036,0000000162,0000000044,0000000971,1.00,31283.00,1,'CAMILOA','2019-06-19 11:21:53'),(0000000037,0000000163,0000000044,0000000864,1.00,5180.00,1,'CAMILOA','2019-06-19 11:21:53'),(0000000038,0000000164,0000000044,0000001260,1.00,57673.00,1,'CAMILOA','2019-06-19 11:21:53'),(0000000039,0000000165,0000000044,0000001261,1.00,41092.80,1,'CAMILOA','2019-06-19 11:21:53'),(0000000040,0000000173,0000000052,0000001351,1.00,16430.40,1,'CAMILOA','2019-06-19 11:21:53'),(0000000041,0000000174,0000000052,0000001352,1.00,55774.60,1,'CAMILOA','2019-06-19 11:21:53'),(0000000042,0000000175,0000000052,0000001353,1.00,46936.40,1,'CAMILOA','2019-06-19 11:21:53'),(0000000043,0000000176,0000000052,0000001258,1.00,87371.20,1,'CAMILOA','2019-06-19 11:21:53'),(0000000044,0000000177,0000000052,0000001493,1.00,12635.00,1,'CAMILOA','2019-06-19 11:21:53'),(0000000045,0000000178,0000000052,0000001491,1.00,24843.00,1,'CAMILOA','2019-06-19 11:21:53'),(0000000046,0000000179,0000000052,0000001492,1.00,78080.80,1,'CAMILOA','2019-06-19 11:21:53'),(0000000047,0000000180,0000000052,0000001358,1.00,28359.80,1,'CAMILOA','2019-06-19 11:21:53'),(0000000048,0000000181,0000000052,0000001360,1.00,33327.00,1,'CAMILOA','2019-06-19 11:21:53'),(0000000049,0000000182,0000000052,0000001494,1.00,4965.80,1,'CAMILOA','2019-06-19 11:21:53'),(0000000050,0000000229,0000000065,0000001549,1.00,808803.00,1,'CAMILOA','2019-06-19 11:21:53'),(0000000051,0000000230,0000000065,0000001550,1.00,18577.00,1,'CAMILOA','2019-06-19 11:21:53'),(0000000052,0000000149,0000000044,0000001350,2.00,24122.00,1,'CAMILOA','2019-06-19 11:21:53'),(0000000053,0000000170,0000000046,0000001350,6.00,24122.00,1,'CAMILOA','2019-06-19 11:21:53'),(0000000054,0000000172,0000000052,0000001350,2.00,24122.00,1,'CAMILOA','2019-06-19 11:21:53'),(0000000055,0000000192,0000000059,0000001350,1.00,17230.00,1,'CAMILOA','2019-06-19 11:21:53'),(0000000056,0000000227,0000000065,0000001343,2.00,31606.00,1,'CAMILOA','2019-06-19 11:21:53'),(0000000057,0000000228,0000000065,0000001350,1.00,17230.00,1,'CAMILOA','2019-06-19 11:21:53'),(0000000058,0000000114,0000000032,0000001433,1.00,278947.50,1,'CAMILOA','2019-06-19 11:21:53'),(0000000059,0000000115,0000000032,0000001434,1.00,81615.00,1,'CAMILOA','2019-06-19 11:21:53'),(0000000060,0000000193,0000000059,0000001523,1.00,60000.00,1,'CAMILOA','2019-06-19 11:21:54'),(0000000061,0000000222,0000000064,0000001338,1.00,10441.00,1,'VZAMBRANO','2019-06-19 11:30:02'),(0000000062,0000000223,0000000064,0000001339,1.00,35237.00,1,'VZAMBRANO','2019-06-19 11:30:02'),(0000000063,0000000224,0000000064,0000001340,1.00,45098.00,1,'VZAMBRANO','2019-06-19 11:30:02'),(0000000064,0000000225,0000000064,0000001341,1.00,16196.00,1,'VZAMBRANO','2019-06-19 11:30:02'),(0000000065,0000000226,0000000064,0000001342,1.00,7153.00,1,'VZAMBRANO','2019-06-19 11:30:02'),(0000000066,0000000216,0000000064,0000001343,2.00,31606.00,1,'VZAMBRANO','2019-06-19 11:30:02'),(0000000067,0000000231,0000000066,0000001326,8.00,406000.00,1,'VZAMBRANO','2019-06-20 17:04:21'),(0000000068,0000000232,0000000066,0000001333,3.00,162209.60,1,'VZAMBRANO','2019-06-20 17:04:21'),(0000000069,0000000233,0000000066,0000001325,4.00,151074.00,1,'VZAMBRANO','2019-06-20 17:04:21'),(0000000070,0000000234,0000000066,0000001330,2.00,70203.00,1,'VZAMBRANO','2019-06-20 17:04:21'),(0000000071,0000000235,0000000066,0000001328,24.00,56252.00,1,'VZAMBRANO','2019-06-20 17:04:21'),(0000000072,0000000236,0000000066,0000001332,1.00,264320.00,1,'VZAMBRANO','2019-06-20 17:04:21'),(0000000073,0000000237,0000000066,0000001334,8.00,33432.00,1,'VZAMBRANO','2019-06-20 17:04:21'),(0000000074,0000000238,0000000066,0000001335,8.00,56000.00,1,'VZAMBRANO','2019-06-20 17:04:21'),(0000000075,0000000239,0000000066,0000001349,24.00,51703.40,1,'VZAMBRANO','2019-06-20 17:04:21'),(0000000076,0000000240,0000000066,0000001551,1.00,1700000.00,1,'VZAMBRANO','2019-06-20 17:04:21'),(0000000077,0000000227,0000000065,0000001343,2.00,44248.40,1,'VZAMBRANO','2019-06-20 17:30:23'),(0000000078,0000000228,0000000065,0000001350,1.00,24122.00,1,'VZAMBRANO','2019-06-20 17:30:23'),(0000000079,0000000229,0000000065,0000001549,1.00,1132324.20,1,'VZAMBRANO','2019-06-20 17:30:23'),(0000000080,0000000230,0000000065,0000001550,1.00,26007.80,1,'VZAMBRANO','2019-06-20 17:30:23'),(0000000081,0000000192,0000000059,0000001350,1.00,24122.00,1,'VZAMBRANO','2019-06-20 17:31:16'),(0000000082,0000000193,0000000059,0000001523,1.00,90000.00,1,'VZAMBRANO','2019-06-20 17:31:16'),(0000000083,0000000241,0000000038,0000001320,2.00,44741.20,1,'VZAMBRANO','2019-07-03 09:21:31'),(0000000084,0000000243,0000000077,0000001331,4.00,115928.40,1,'VZAMBRANO','2019-07-15 16:43:55'),(0000000085,0000000244,0000000077,0000001330,6.00,70203.00,1,'VZAMBRANO','2019-07-15 16:43:55'),(0000000086,0000000245,0000000077,0000001332,1.00,264320.00,1,'VZAMBRANO','2019-07-15 16:43:55'),(0000000087,0000000246,0000000077,0000001335,2.00,56000.00,1,'VZAMBRANO','2019-07-15 16:43:55'),(0000000088,0000000247,0000000077,0000001334,2.00,33432.00,1,'VZAMBRANO','2019-07-15 16:43:55'),(0000000089,0000000253,0000000079,0000001331,4.00,115928.40,1,'VZAMBRANO','2019-07-15 16:44:09'),(0000000090,0000000254,0000000079,0000001330,6.00,70203.00,1,'VZAMBRANO','2019-07-15 16:44:09'),(0000000091,0000000255,0000000079,0000001332,1.00,264320.00,1,'VZAMBRANO','2019-07-15 16:44:09'),(0000000092,0000000256,0000000079,0000001335,2.00,56000.00,1,'VZAMBRANO','2019-07-15 16:44:09'),(0000000093,0000000257,0000000079,0000001334,2.00,33432.00,1,'VZAMBRANO','2019-07-15 16:44:09'),(0000000094,0000000248,0000000078,0000001331,4.00,115928.40,1,'VZAMBRANO','2019-07-15 16:44:31'),(0000000095,0000000249,0000000078,0000001330,6.00,70203.00,1,'VZAMBRANO','2019-07-15 16:44:31'),(0000000096,0000000250,0000000078,0000001335,2.00,56000.00,1,'VZAMBRANO','2019-07-15 16:44:31'),(0000000097,0000000251,0000000078,0000001334,2.00,33432.00,1,'VZAMBRANO','2019-07-15 16:44:31'),(0000000098,0000000252,0000000078,0000001332,1.00,264320.00,1,'VZAMBRANO','2019-07-15 16:44:31'),(0000000099,0000000242,0000000074,0000001319,1.00,44746.80,1,'VZAMBRANO','2019-07-15 16:45:58'),(0000000100,0000000260,0000000085,0000001573,1.00,233555.00,1,'VZAMBRANO','2019-07-19 11:37:40'),(0000000101,0000000261,0000000085,0000001574,1.00,92348.20,1,'VZAMBRANO','2019-07-19 11:37:40'),(0000000102,0000000262,0000000085,0000001575,1.00,67531.80,1,'VZAMBRANO','2019-07-19 11:37:40'),(0000000103,0000000263,0000000085,0000001576,1.00,501932.20,1,'VZAMBRANO','2019-07-19 11:37:40'),(0000000104,0000000264,0000000085,0000001577,2.00,264545.40,1,'VZAMBRANO','2019-07-19 11:37:40'),(0000000105,0000000265,0000000085,0000001579,1.00,116601.80,1,'VZAMBRANO','2019-07-19 11:37:40'),(0000000106,0000000269,0000000096,0000001319,1.00,44746.80,1,'VZAMBRANO','2019-07-29 09:48:46'),(0000000107,0000000270,0000000096,0000001615,1.00,368403.00,1,'VZAMBRANO','2019-07-29 09:48:46'),(0000000108,0000000271,0000000096,0000001609,1.00,877.80,1,'VZAMBRANO','2019-07-29 09:48:46'),(0000000109,0000000272,0000000096,0000001610,1.00,1433.60,1,'VZAMBRANO','2019-07-29 09:48:46'),(0000000110,0000000273,0000000096,0000001611,1.00,11457.60,1,'VZAMBRANO','2019-07-29 09:48:46'),(0000000111,0000000260,0000000085,0000001573,1.00,233555.00,1,'DAVID','2019-07-31 16:46:38'),(0000000112,0000000261,0000000085,0000001574,1.00,92348.20,1,'DAVID','2019-07-31 16:46:38'),(0000000113,0000000262,0000000085,0000001575,1.00,67531.80,1,'DAVID','2019-07-31 16:46:38'),(0000000114,0000000263,0000000085,0000001576,1.00,501932.20,1,'DAVID','2019-07-31 16:46:38'),(0000000115,0000000264,0000000085,0000001577,2.00,264545.40,1,'DAVID','2019-07-31 16:46:38'),(0000000116,0000000265,0000000085,0000001579,1.00,116601.80,1,'DAVID','2019-07-31 16:46:38'),(0000000117,0000000266,0000000085,0000001580,1.00,995400.00,1,'DAVID','2019-07-31 16:46:38'),(0000000118,0000000283,0000000099,0000001434,4.00,396494.00,1,'CAMILOA','2019-08-02 14:35:14'),(0000000119,0000000284,0000000099,0000001435,2.00,336663.60,1,'CAMILOA','2019-08-02 14:35:14'),(0000000120,0000000285,0000000099,0000001474,2.00,548738.40,1,'CAMILOA','2019-08-02 14:35:14'),(0000000121,0000000286,0000000099,0000001475,4.00,439654.60,1,'CAMILOA','2019-08-02 14:35:14'),(0000000122,0000000283,0000000099,0000001434,4.00,396494.00,1,'VZAMBRANO','2019-08-02 14:43:20'),(0000000123,0000000284,0000000099,0000001435,2.00,336663.60,1,'VZAMBRANO','2019-08-02 14:43:20'),(0000000124,0000000285,0000000099,0000001474,2.00,548738.40,1,'VZAMBRANO','2019-08-02 14:43:20'),(0000000125,0000000286,0000000099,0000001475,4.00,439654.60,1,'VZAMBRANO','2019-08-02 14:43:20'),(0000000126,0000000274,0000000097,0000001020,1.00,22995.00,1,'CAMILOA','2019-08-02 16:05:56'),(0000000127,0000000275,0000000097,0000001616,1.00,177055.20,1,'CAMILOA','2019-08-02 16:05:56'),(0000000128,0000000276,0000000097,0000001620,1.00,126799.40,1,'CAMILOA','2019-08-02 16:05:56'),(0000000129,0000000277,0000000097,0000001619,1.00,50988.00,1,'CAMILOA','2019-08-02 16:05:56'),(0000000130,0000000278,0000000097,0000001617,12.00,17714.20,1,'CAMILOA','2019-08-02 16:05:56'),(0000000131,0000000279,0000000097,0000001618,12.00,8603.00,1,'CAMILOA','2019-08-02 16:05:56'),(0000000132,0000000274,0000000097,0000001020,1.00,22995.00,1,'VZAMBRANO','2019-08-02 16:54:58'),(0000000133,0000000275,0000000097,0000001616,1.00,177055.20,1,'VZAMBRANO','2019-08-02 16:54:58'),(0000000134,0000000276,0000000097,0000001620,1.00,126799.40,1,'VZAMBRANO','2019-08-02 16:54:58'),(0000000135,0000000277,0000000097,0000001619,1.00,50988.00,1,'VZAMBRANO','2019-08-02 16:54:58'),(0000000136,0000000278,0000000097,0000001617,12.00,17714.20,1,'VZAMBRANO','2019-08-02 16:54:58'),(0000000137,0000000279,0000000097,0000001618,12.00,8603.00,1,'VZAMBRANO','2019-08-02 16:54:58'),(0000000138,0000000283,0000000099,0000001434,4.00,396494.00,1,'DAVID','2019-08-02 16:58:07'),(0000000139,0000000284,0000000099,0000001435,2.00,336663.60,1,'DAVID','2019-08-02 16:58:07'),(0000000140,0000000285,0000000099,0000001474,2.00,548738.40,1,'DAVID','2019-08-02 16:58:07'),(0000000141,0000000286,0000000099,0000001475,4.00,439654.60,1,'DAVID','2019-08-02 16:58:07'),(0000000142,0000000167,0000000043,0000001350,2.00,33770.80,1,'VZAMBRANO','2019-08-05 17:16:48'),(0000000143,0000000138,0000000043,0000001351,1.00,23002.56,1,'VZAMBRANO','2019-08-05 17:16:48'),(0000000144,0000000139,0000000043,0000001352,1.00,78084.44,1,'VZAMBRANO','2019-08-05 17:16:48'),(0000000145,0000000140,0000000043,0000001353,1.00,65710.96,1,'VZAMBRANO','2019-08-05 17:16:48'),(0000000146,0000000168,0000000043,0000001356,1.00,46491.20,1,'VZAMBRANO','2019-08-05 17:16:48'),(0000000147,0000000169,0000000043,0000001355,1.00,58335.48,1,'VZAMBRANO','2019-08-05 17:16:48'),(0000000148,0000000287,0000000104,0000001350,2.00,24122.00,1,'VZAMBRANO','2019-08-05 17:17:38'),(0000000149,0000000288,0000000104,0000001166,1.00,14036.40,1,'VZAMBRANO','2019-08-05 17:17:38'),(0000000150,0000000289,0000000104,0000001257,1.00,24001.60,1,'VZAMBRANO','2019-08-05 17:17:38'),(0000000151,0000000290,0000000104,0000001258,1.00,87371.20,1,'VZAMBRANO','2019-08-05 17:17:38'),(0000000152,0000000291,0000000104,0000000929,1.00,37865.80,1,'VZAMBRANO','2019-08-05 17:17:38'),(0000000153,0000000292,0000000104,0000000971,1.00,31283.00,1,'VZAMBRANO','2019-08-05 17:17:38'),(0000000154,0000000293,0000000104,0000001260,1.00,57673.00,1,'VZAMBRANO','2019-08-05 17:17:38'),(0000000155,0000000294,0000000104,0000001261,1.00,41092.80,1,'VZAMBRANO','2019-08-05 17:17:38'),(0000000156,0000000332,0000000112,0000001330,2.00,70203.00,1,'VZAMBRANO','2019-08-06 14:50:55'),(0000000157,0000000296,0000000112,0000001587,2.00,135492.00,1,'VZAMBRANO','2019-08-06 14:50:55'),(0000000158,0000000297,0000000112,0000001588,2.00,158981.20,1,'VZAMBRANO','2019-08-06 14:50:55'),(0000000159,0000000298,0000000112,0000001589,4.00,63464.80,1,'VZAMBRANO','2019-08-06 14:50:55'),(0000000160,0000000299,0000000112,0000001590,4.00,59691.80,1,'VZAMBRANO','2019-08-06 14:50:55'),(0000000161,0000000300,0000000112,0000001591,6.00,10105.20,1,'VZAMBRANO','2019-08-06 14:50:55'),(0000000162,0000000301,0000000112,0000001592,6.00,5824.00,1,'VZAMBRANO','2019-08-06 14:50:55'),(0000000163,0000000302,0000000112,0000001593,24.00,1622.60,1,'VZAMBRANO','2019-08-06 14:50:55'),(0000000164,0000000303,0000000112,0000001600,3.00,726640.60,1,'VZAMBRANO','2019-08-06 14:50:55'),(0000000165,0000000304,0000000112,0000001601,16.00,78940.40,1,'VZAMBRANO','2019-08-06 14:50:55'),(0000000166,0000000305,0000000112,0000001602,136.00,17110.80,1,'VZAMBRANO','2019-08-06 14:50:55'),(0000000167,0000000306,0000000112,0000001603,32.00,7765.80,1,'VZAMBRANO','2019-08-06 14:50:55'),(0000000168,0000000307,0000000112,0000001222,1.00,710739.40,1,'VZAMBRANO','2019-08-06 14:50:55'),(0000000169,0000000308,0000000112,0000001604,8.00,248833.20,1,'VZAMBRANO','2019-08-06 14:50:55'),(0000000170,0000000309,0000000112,0000001605,4.00,210819.00,1,'VZAMBRANO','2019-08-06 14:50:55'),(0000000171,0000000310,0000000112,0000001606,8.00,2091.60,1,'VZAMBRANO','2019-08-06 14:50:55'),(0000000172,0000000311,0000000112,0000001607,9.00,5933.20,1,'VZAMBRANO','2019-08-06 14:50:55'),(0000000173,0000000312,0000000112,0000001608,9.00,8092.00,1,'VZAMBRANO','2019-08-06 14:50:55'),(0000000174,0000000313,0000000112,0000001582,1.00,19758.20,1,'VZAMBRANO','2019-08-06 14:50:55'),(0000000175,0000000314,0000000112,0000001583,1.00,200377.80,1,'VZAMBRANO','2019-08-06 14:50:55'),(0000000176,0000000315,0000000112,0000001098,2.00,1373.40,1,'VZAMBRANO','2019-08-06 14:50:55'),(0000000177,0000000316,0000000112,0000001415,34.00,1234.80,1,'VZAMBRANO','2019-08-06 14:50:55'),(0000000178,0000000317,0000000112,0000001584,2.00,257628.00,1,'VZAMBRANO','2019-08-06 14:50:55'),(0000000179,0000000318,0000000112,0000001585,4.00,6272.00,1,'VZAMBRANO','2019-08-06 14:50:55'),(0000000180,0000000319,0000000112,0000001087,4.00,1870.40,1,'VZAMBRANO','2019-08-06 14:50:55'),(0000000181,0000000320,0000000112,0000001586,2.00,322155.40,1,'VZAMBRANO','2019-08-06 14:50:55'),(0000000182,0000000321,0000000112,0000001007,4.00,18508.00,1,'VZAMBRANO','2019-08-06 14:50:55'),(0000000183,0000000322,0000000112,0000000980,2.00,2443.00,1,'VZAMBRANO','2019-08-06 14:50:55'),(0000000184,0000000323,0000000112,0000001594,4.00,62671.00,1,'VZAMBRANO','2019-08-06 14:50:55'),(0000000185,0000000324,0000000112,0000001595,2.00,64065.40,1,'VZAMBRANO','2019-08-06 14:50:55'),(0000000186,0000000325,0000000112,0000001165,2.00,64079.40,1,'VZAMBRANO','2019-08-06 14:50:55'),(0000000187,0000000326,0000000112,0000001596,2.00,954633.40,1,'VZAMBRANO','2019-08-06 14:50:55'),(0000000188,0000000327,0000000112,0000001597,2.00,361410.00,1,'VZAMBRANO','2019-08-06 14:50:55'),(0000000189,0000000328,0000000112,0000001598,16.00,4218.20,1,'VZAMBRANO','2019-08-06 14:50:55'),(0000000190,0000000329,0000000112,0000001599,2.00,935.20,1,'VZAMBRANO','2019-08-06 14:50:55'),(0000000191,0000000330,0000000112,0000001001,16.00,1631.00,1,'VZAMBRANO','2019-08-06 14:50:55'),(0000000192,0000000331,0000000112,0000001634,4.00,234246.60,1,'VZAMBRANO','2019-08-06 14:50:55'),(0000000193,0000000196,0000000056,0000001330,4.00,50145.00,1,'ADMINISTRADOR','2019-08-12 16:56:40'),(0000000194,0000000197,0000000056,0000001331,4.00,82806.00,1,'ADMINISTRADOR','2019-08-12 16:56:40'),(0000000195,0000000198,0000000056,0000001332,1.00,188800.00,1,'ADMINISTRADOR','2019-08-12 16:56:40'),(0000000196,0000000199,0000000056,0000001334,1.00,23880.00,1,'ADMINISTRADOR','2019-08-12 16:56:40'),(0000000197,0000000333,0000000113,0000001323,1.00,29659.00,1,'VZAMBRANO','2019-08-13 13:18:19'),(0000000198,0000000335,0000000120,0000001665,5.00,65997.40,1,'VZAMBRANO','2019-08-13 17:04:55'),(0000000199,0000000336,0000000120,0000001666,1.00,24207.40,1,'VZAMBRANO','2019-08-13 17:04:55'),(0000000200,0000000337,0000000120,0000001667,2.00,130762.80,1,'VZAMBRANO','2019-08-13 17:04:55'),(0000000201,0000000338,0000000120,0000001668,1.00,12293.40,1,'VZAMBRANO','2019-08-13 17:04:55'),(0000000202,0000000411,0000000114,0000001345,1.00,38108.00,1,'VZAMBRANO','2019-08-21 13:06:56'),(0000000203,0000000412,0000000114,0000001323,1.00,29659.00,1,'VZAMBRANO','2019-08-21 13:06:56'),(0000000204,0000000415,0000000128,0000001323,2.00,29659.00,1,'VZAMBRANO','2019-08-23 08:54:43'),(0000000205,0000000413,0000000128,0000001785,1.00,11225.20,1,'VZAMBRANO','2019-08-23 08:54:43'),(0000000206,0000000414,0000000128,0000001786,1.00,18107.60,1,'VZAMBRANO','2019-08-23 08:54:43'),(0000000207,0000000341,0000000123,0000001350,1.00,24122.00,1,'AMENESES','2019-08-23 12:41:16'),(0000000208,0000000349,0000000123,0000001322,2.00,46060.00,1,'AMENESES','2019-08-23 12:41:16'),(0000000209,0000000342,0000000123,0000001305,1.00,64159.20,1,'AMENESES','2019-08-23 12:41:16'),(0000000210,0000000343,0000000123,0000001306,1.00,84221.20,1,'AMENESES','2019-08-23 12:41:16'),(0000000211,0000000344,0000000123,0000001302,1.00,39057.20,1,'AMENESES','2019-08-23 12:41:16'),(0000000212,0000000345,0000000123,0000001303,1.00,45801.00,1,'AMENESES','2019-08-23 12:41:16'),(0000000213,0000000346,0000000123,0000001304,1.00,47567.80,1,'AMENESES','2019-08-23 12:41:16'),(0000000214,0000000347,0000000123,0000001144,1.00,869.40,1,'AMENESES','2019-08-23 12:41:16'),(0000000215,0000000408,0000000123,0000001670,1.00,3463.60,1,'AMENESES','2019-08-23 12:41:16'),(0000000216,0000000348,0000000124,0000001350,5.00,24122.00,1,'AMENESES','2019-08-23 12:42:16'),(0000000217,0000000350,0000000124,0000001322,2.00,46060.00,1,'AMENESES','2019-08-23 12:42:16'),(0000000218,0000000351,0000000124,0000001305,1.00,64159.20,1,'AMENESES','2019-08-23 12:42:16'),(0000000219,0000000352,0000000124,0000001306,1.00,84221.20,1,'AMENESES','2019-08-23 12:42:16'),(0000000220,0000000353,0000000124,0000001302,1.00,39057.20,1,'AMENESES','2019-08-23 12:42:16'),(0000000221,0000000354,0000000124,0000001303,1.00,45801.00,1,'AMENESES','2019-08-23 12:42:16'),(0000000222,0000000355,0000000124,0000001144,1.00,869.40,1,'AMENESES','2019-08-23 12:42:16'),(0000000223,0000000356,0000000124,0000001658,1.00,8645.00,1,'AMENESES','2019-08-23 12:42:16'),(0000000224,0000000357,0000000124,0000001304,1.00,47567.80,1,'AMENESES','2019-08-23 12:42:16'),(0000000225,0000000358,0000000124,0000001002,1.00,7904.40,1,'AMENESES','2019-08-23 12:42:16'),(0000000226,0000000409,0000000124,0000001670,1.00,3463.60,1,'AMENESES','2019-08-23 12:42:16'),(0000000227,0000000359,0000000125,0000001350,6.00,24122.00,1,'AMENESES','2019-08-23 12:43:58'),(0000000228,0000000361,0000000125,0000001322,2.00,46060.00,1,'AMENESES','2019-08-23 12:43:58'),(0000000229,0000000406,0000000125,0000001673,1.00,455989.80,1,'AMENESES','2019-08-23 12:43:58'),(0000000230,0000000362,0000000125,0000001305,1.00,64159.20,1,'AMENESES','2019-08-23 12:43:58'),(0000000231,0000000363,0000000125,0000001306,1.00,84221.20,1,'AMENESES','2019-08-23 12:43:58'),(0000000232,0000000364,0000000125,0000001302,1.00,39057.20,1,'AMENESES','2019-08-23 12:43:58'),(0000000233,0000000365,0000000125,0000001303,1.00,45801.00,1,'AMENESES','2019-08-23 12:43:58'),(0000000234,0000000366,0000000125,0000001144,1.00,869.40,1,'AMENESES','2019-08-23 12:43:58'),(0000000235,0000000367,0000000125,0000001658,1.00,8645.00,1,'AMENESES','2019-08-23 12:43:58'),(0000000236,0000000368,0000000125,0000001304,1.00,47567.80,1,'AMENESES','2019-08-23 12:43:58'),(0000000237,0000000369,0000000125,0000001002,1.00,7904.40,1,'AMENESES','2019-08-23 12:43:58'),(0000000238,0000000370,0000000125,0000001662,1.00,15978.20,1,'AMENESES','2019-08-23 12:43:58'),(0000000239,0000000371,0000000125,0000001663,1.00,15863.40,1,'AMENESES','2019-08-23 12:43:58'),(0000000240,0000000372,0000000125,0000001307,1.00,118543.60,1,'AMENESES','2019-08-23 12:43:58'),(0000000241,0000000373,0000000125,0000001308,1.00,1649.20,1,'AMENESES','2019-08-23 12:43:58'),(0000000242,0000000374,0000000125,0000001226,1.00,35963.20,1,'AMENESES','2019-08-23 12:43:58'),(0000000243,0000000375,0000000125,0000001311,1.00,12509.00,1,'AMENESES','2019-08-23 12:43:58'),(0000000244,0000000376,0000000125,0000001312,1.00,1608.60,1,'AMENESES','2019-08-23 12:43:58'),(0000000245,0000000377,0000000125,0000001313,1.00,55725.60,1,'AMENESES','2019-08-23 12:43:58'),(0000000246,0000000378,0000000125,0000001310,1.00,3904.60,1,'AMENESES','2019-08-23 12:43:58'),(0000000247,0000000379,0000000125,0000001664,1.00,87003.00,1,'AMENESES','2019-08-23 12:43:58'),(0000000248,0000000410,0000000125,0000001670,1.00,3463.60,1,'AMENESES','2019-08-23 12:43:58'),(0000000249,0000000380,0000000126,0000001350,6.00,24122.00,1,'AMENESES','2019-08-23 12:44:20'),(0000000250,0000000381,0000000126,0000001322,2.00,46060.00,1,'AMENESES','2019-08-23 12:44:20'),(0000000251,0000000384,0000000126,0000001323,4.00,29659.00,1,'AMENESES','2019-08-23 12:44:20'),(0000000252,0000000404,0000000126,0000001673,1.00,455989.80,1,'AMENESES','2019-08-23 12:44:20'),(0000000253,0000000405,0000000126,0000001345,3.00,38108.00,1,'AMENESES','2019-08-23 12:44:20'),(0000000254,0000000385,0000000126,0000001305,1.00,64159.20,1,'AMENESES','2019-08-23 12:44:20'),(0000000255,0000000386,0000000126,0000001306,1.00,84221.20,1,'AMENESES','2019-08-23 12:44:20'),(0000000256,0000000387,0000000126,0000001302,1.00,39057.20,1,'AMENESES','2019-08-23 12:44:20'),(0000000257,0000000388,0000000126,0000001303,1.00,45801.00,1,'AMENESES','2019-08-23 12:44:20'),(0000000258,0000000389,0000000126,0000001144,1.00,869.40,1,'AMENESES','2019-08-23 12:44:20'),(0000000259,0000000390,0000000126,0000001658,1.00,8645.00,1,'AMENESES','2019-08-23 12:44:20'),(0000000260,0000000391,0000000126,0000001304,1.00,47567.80,1,'AMENESES','2019-08-23 12:44:20'),(0000000261,0000000392,0000000126,0000001002,1.00,7970.20,1,'AMENESES','2019-08-23 12:44:20'),(0000000262,0000000393,0000000126,0000001662,1.00,15978.20,1,'AMENESES','2019-08-23 12:44:20'),(0000000263,0000000394,0000000126,0000001663,1.00,15863.40,1,'AMENESES','2019-08-23 12:44:20'),(0000000264,0000000395,0000000126,0000001307,1.00,118543.60,1,'AMENESES','2019-08-23 12:44:20'),(0000000265,0000000396,0000000126,0000001670,1.00,3463.60,1,'AMENESES','2019-08-23 12:44:20'),(0000000266,0000000397,0000000126,0000001308,1.00,1649.20,1,'AMENESES','2019-08-23 12:44:20'),(0000000267,0000000398,0000000126,0000001226,1.00,35963.20,1,'AMENESES','2019-08-23 12:44:20'),(0000000268,0000000399,0000000126,0000001311,1.00,12509.00,1,'AMENESES','2019-08-23 12:44:20'),(0000000269,0000000400,0000000126,0000001312,1.00,1608.60,1,'AMENESES','2019-08-23 12:44:20'),(0000000270,0000000401,0000000126,0000001313,1.00,55725.60,1,'AMENESES','2019-08-23 12:44:20'),(0000000271,0000000402,0000000126,0000001310,1.00,3904.60,1,'AMENESES','2019-08-23 12:44:20'),(0000000272,0000000403,0000000126,0000001664,1.00,87003.00,1,'AMENESES','2019-08-23 12:44:20'),(0000000273,0000000407,0000000126,0000001671,1.00,5927.60,1,'AMENESES','2019-08-23 12:44:20'),(0000000274,0000000341,0000000123,0000001350,1.00,24122.00,1,'CAMILOA','2019-08-26 09:56:36'),(0000000275,0000000349,0000000123,0000001322,2.00,46060.00,1,'CAMILOA','2019-08-26 09:56:36'),(0000000276,0000000342,0000000123,0000001305,1.00,64159.20,1,'CAMILOA','2019-08-26 09:56:36'),(0000000277,0000000343,0000000123,0000001306,1.00,84221.20,1,'CAMILOA','2019-08-26 09:56:36'),(0000000278,0000000344,0000000123,0000001302,1.00,39057.20,1,'CAMILOA','2019-08-26 09:56:36'),(0000000279,0000000345,0000000123,0000001303,1.00,45801.00,1,'CAMILOA','2019-08-26 09:56:36'),(0000000280,0000000346,0000000123,0000001304,1.00,47567.80,1,'CAMILOA','2019-08-26 09:56:36'),(0000000281,0000000347,0000000123,0000001144,1.00,869.40,1,'CAMILOA','2019-08-26 09:56:36'),(0000000282,0000000408,0000000123,0000001670,1.00,3463.60,1,'CAMILOA','2019-08-26 09:56:36'),(0000000283,0000000348,0000000124,0000001350,5.00,24122.00,1,'CAMILOA','2019-08-26 09:56:45'),(0000000284,0000000350,0000000124,0000001322,2.00,46060.00,1,'CAMILOA','2019-08-26 09:56:45'),(0000000285,0000000351,0000000124,0000001305,1.00,64159.20,1,'CAMILOA','2019-08-26 09:56:45'),(0000000286,0000000352,0000000124,0000001306,1.00,84221.20,1,'CAMILOA','2019-08-26 09:56:45'),(0000000287,0000000353,0000000124,0000001302,1.00,39057.20,1,'CAMILOA','2019-08-26 09:56:45'),(0000000288,0000000354,0000000124,0000001303,1.00,45801.00,1,'CAMILOA','2019-08-26 09:56:45'),(0000000289,0000000355,0000000124,0000001144,1.00,869.40,1,'CAMILOA','2019-08-26 09:56:45'),(0000000290,0000000356,0000000124,0000001658,1.00,8645.00,1,'CAMILOA','2019-08-26 09:56:45'),(0000000291,0000000357,0000000124,0000001304,1.00,47567.80,1,'CAMILOA','2019-08-26 09:56:45'),(0000000292,0000000358,0000000124,0000001002,1.00,7904.40,1,'CAMILOA','2019-08-26 09:56:45'),(0000000293,0000000409,0000000124,0000001670,1.00,3463.60,1,'CAMILOA','2019-08-26 09:56:45'),(0000000294,0000000341,0000000123,0000001350,1.00,24122.00,1,'AMENESES','2019-08-27 09:29:30'),(0000000295,0000000349,0000000123,0000001322,2.00,46060.00,1,'AMENESES','2019-08-27 09:29:30'),(0000000296,0000000342,0000000123,0000001305,1.00,64159.20,1,'AMENESES','2019-08-27 09:29:30'),(0000000297,0000000343,0000000123,0000001306,1.00,84221.20,1,'AMENESES','2019-08-27 09:29:30'),(0000000298,0000000344,0000000123,0000001302,1.00,39057.20,1,'AMENESES','2019-08-27 09:29:30'),(0000000299,0000000345,0000000123,0000001303,1.00,45801.00,1,'AMENESES','2019-08-27 09:29:30'),(0000000300,0000000346,0000000123,0000001304,1.00,47567.80,1,'AMENESES','2019-08-27 09:29:30'),(0000000301,0000000347,0000000123,0000001144,1.00,869.40,1,'AMENESES','2019-08-27 09:29:30'),(0000000302,0000000408,0000000123,0000001670,1.00,3463.60,1,'AMENESES','2019-08-27 09:29:30'),(0000000303,0000000348,0000000124,0000001350,5.00,24122.00,1,'AMENESES','2019-08-27 09:30:00'),(0000000304,0000000350,0000000124,0000001322,2.00,46060.00,1,'AMENESES','2019-08-27 09:30:00'),(0000000305,0000000351,0000000124,0000001305,1.00,64159.20,1,'AMENESES','2019-08-27 09:30:00'),(0000000306,0000000352,0000000124,0000001306,1.00,84221.20,1,'AMENESES','2019-08-27 09:30:00'),(0000000307,0000000353,0000000124,0000001302,1.00,39057.20,1,'AMENESES','2019-08-27 09:30:00'),(0000000308,0000000354,0000000124,0000001303,1.00,45801.00,1,'AMENESES','2019-08-27 09:30:00'),(0000000309,0000000355,0000000124,0000001144,1.00,869.40,1,'AMENESES','2019-08-27 09:30:00'),(0000000310,0000000356,0000000124,0000001658,1.00,8645.00,1,'AMENESES','2019-08-27 09:30:00'),(0000000311,0000000357,0000000124,0000001304,1.00,47567.80,1,'AMENESES','2019-08-27 09:30:00'),(0000000312,0000000358,0000000124,0000001002,1.00,7904.40,1,'AMENESES','2019-08-27 09:30:00'),(0000000313,0000000409,0000000124,0000001670,1.00,3463.60,1,'AMENESES','2019-08-27 09:30:00'),(0000000314,0000000416,0000000131,0000001350,2.00,24122.00,1,'AMENESES','2019-08-27 09:31:20'),(0000000315,0000000417,0000000131,0000001429,1.00,8019.20,1,'AMENESES','2019-08-27 09:31:20'),(0000000316,0000000418,0000000131,0000001428,1.00,44665.60,1,'AMENESES','2019-08-27 09:31:20'),(0000000317,0000000419,0000000131,0000001166,1.00,14036.40,1,'AMENESES','2019-08-27 09:31:20'),(0000000318,0000000420,0000000131,0000001260,1.00,58150.40,1,'AMENESES','2019-08-27 09:31:20'),(0000000319,0000000421,0000000131,0000001261,1.00,41092.80,1,'AMENESES','2019-08-27 09:31:20'),(0000000320,0000000422,0000000131,0000001258,1.00,87278.80,1,'AMENESES','2019-08-27 09:31:20'),(0000000321,0000000423,0000000131,0000000971,1.00,31283.00,1,'AMENESES','2019-08-27 09:31:20'),(0000000322,0000000424,0000000131,0000001426,1.00,29303.40,1,'AMENESES','2019-08-27 09:31:20'),(0000000323,0000000425,0000000131,0000001427,1.00,38949.40,1,'AMENESES','2019-08-27 09:31:20'),(0000000324,0000000427,0000000136,0000001665,5.00,65997.40,1,'AMENESES','2019-08-29 09:51:17'),(0000000325,0000000428,0000000136,0000001666,1.00,24207.40,1,'AMENESES','2019-08-29 09:51:17'),(0000000326,0000000429,0000000136,0000001667,2.00,130762.80,1,'AMENESES','2019-08-29 09:51:17'),(0000000327,0000000430,0000000136,0000001668,1.00,12293.40,1,'AMENESES','2019-08-29 09:51:17'),(0000000328,0000000431,0000000136,0000001334,2.00,33432.00,1,'AMENESES','2019-08-29 09:51:17'),(0000000329,0000000432,0000000136,0000001335,2.00,56000.00,1,'AMENESES','2019-08-29 09:51:17'),(0000000330,0000000433,0000000137,0000001665,5.00,65997.40,1,'AMENESES','2019-08-29 09:51:45'),(0000000331,0000000434,0000000137,0000001666,1.00,24207.40,1,'AMENESES','2019-08-29 09:51:45'),(0000000332,0000000435,0000000137,0000001667,2.00,130762.80,1,'AMENESES','2019-08-29 09:51:45'),(0000000333,0000000436,0000000137,0000001668,1.00,12293.40,1,'AMENESES','2019-08-29 09:51:45'),(0000000334,0000000437,0000000137,0000001334,2.00,33432.00,1,'AMENESES','2019-08-29 09:51:45'),(0000000335,0000000438,0000000137,0000001335,2.00,56000.00,1,'AMENESES','2019-08-29 09:51:45'),(0000000336,0000000457,0000000140,0000001350,2.00,24122.00,1,'AMENESES','2019-08-30 19:11:27'),(0000000337,0000000458,0000000140,0000001831,1.00,22923.60,1,'AMENESES','2019-08-30 19:11:27'),(0000000338,0000000459,0000000140,0000001260,1.00,58150.40,1,'AMENESES','2019-08-30 19:11:27'),(0000000339,0000000460,0000000140,0000001261,1.00,41434.40,1,'AMENESES','2019-08-30 19:11:27'),(0000000340,0000000461,0000000140,0000001832,1.00,33196.80,1,'AMENESES','2019-08-30 19:11:27'),(0000000341,0000000462,0000000140,0000001833,1.00,23041.20,1,'AMENESES','2019-08-30 19:11:27'),(0000000342,0000000463,0000000140,0000001834,1.00,56733.60,1,'AMENESES','2019-08-30 19:11:27'),(0000000343,0000000442,0000000139,0000001350,2.00,24122.00,1,'AMENESES','2019-08-30 19:11:46'),(0000000344,0000000426,0000000133,0000001350,2.00,24122.00,1,'AMENESES','2019-08-30 19:12:11'),(0000000345,0000000439,0000000133,0000001260,1.00,58150.40,1,'AMENESES','2019-08-30 19:12:11'),(0000000346,0000000440,0000000133,0000001261,1.00,41092.80,1,'AMENESES','2019-08-30 19:12:11'),(0000000347,0000000441,0000000133,0000000971,1.00,31283.00,1,'AMENESES','2019-08-30 19:12:11'),(0000000348,0000000469,0000000145,0000001350,2.00,24122.00,1,'AMENESES','2019-09-04 10:43:52'),(0000000349,0000000464,0000000144,0000001350,1.00,24122.00,1,'CAMILOA','2019-09-04 16:12:25'),(0000000350,0000000465,0000000144,0000001351,1.00,16566.20,1,'CAMILOA','2019-09-04 16:12:25'),(0000000351,0000000466,0000000144,0000001352,1.00,54688.20,1,'CAMILOA','2019-09-04 16:12:25'),(0000000352,0000000467,0000000144,0000001353,1.00,46018.00,1,'CAMILOA','2019-09-04 16:12:25'),(0000000353,0000000464,0000000144,0000001350,1.00,24122.00,1,'AMENESES','2019-09-04 16:49:53'),(0000000354,0000000465,0000000144,0000001351,1.00,16566.20,1,'AMENESES','2019-09-04 16:49:53'),(0000000355,0000000466,0000000144,0000001352,1.00,54688.20,1,'AMENESES','2019-09-04 16:49:53'),(0000000356,0000000467,0000000144,0000001353,1.00,46018.00,1,'AMENESES','2019-09-04 16:49:53'),(0000000357,0000000464,0000000144,0000001350,1.00,24122.00,1,'CAMILOA','2019-09-05 07:54:54'),(0000000358,0000000465,0000000144,0000001351,1.00,16566.20,1,'CAMILOA','2019-09-05 07:54:54'),(0000000359,0000000466,0000000144,0000001352,1.00,54688.20,1,'CAMILOA','2019-09-05 07:54:54'),(0000000360,0000000467,0000000144,0000001353,1.00,46018.00,1,'CAMILOA','2019-09-05 07:54:54'),(0000000361,0000000464,0000000144,0000001350,1.00,24122.00,1,'AMENESES','2019-09-10 08:54:22'),(0000000362,0000000465,0000000144,0000001351,1.00,16566.20,1,'AMENESES','2019-09-10 08:54:22'),(0000000363,0000000466,0000000144,0000001352,1.00,54688.20,1,'AMENESES','2019-09-10 08:54:22'),(0000000364,0000000467,0000000144,0000001353,1.00,46018.00,1,'AMENESES','2019-09-10 08:54:22'),(0000000365,0000000484,0000000150,0000001616,1.00,177056.60,1,'AMENESES','2019-09-10 08:55:02'),(0000000366,0000000485,0000000150,0000001676,1.00,4594.80,1,'AMENESES','2019-09-10 08:55:02'),(0000000367,0000000486,0000000150,0000001835,3.00,164207.40,1,'AMENESES','2019-09-10 08:55:02'),(0000000368,0000000487,0000000150,0000001837,1.00,410.20,1,'AMENESES','2019-09-10 08:55:02'),(0000000369,0000000488,0000000150,0000001838,1.00,579.60,1,'AMENESES','2019-09-10 08:55:02'),(0000000370,0000000489,0000000150,0000001839,2.00,540.40,1,'AMENESES','2019-09-10 08:55:02'),(0000000371,0000000490,0000000150,0000001840,1.00,170360.40,1,'AMENESES','2019-09-10 08:55:02'),(0000000372,0000000491,0000000150,0000001841,2.00,512.40,1,'AMENESES','2019-09-10 08:55:02'),(0000000373,0000000492,0000000151,0000001343,2.00,44248.40,1,'AMENESES','2019-09-10 08:56:42'),(0000000374,0000000493,0000000151,0000001673,1.00,455989.80,1,'AMENESES','2019-09-10 08:56:42'),(0000000375,0000000494,0000000151,0000001345,8.00,38108.00,1,'AMENESES','2019-09-10 08:56:42'),(0000000376,0000000495,0000000151,0000001323,3.00,29659.00,1,'AMENESES','2019-09-10 08:56:42'),(0000000377,0000000496,0000000151,0000001350,6.00,24122.00,1,'AMENESES','2019-09-10 08:56:42'),(0000000378,0000000497,0000000151,0000001674,1.00,111591.20,1,'AMENESES','2019-09-10 08:56:42'),(0000000379,0000000498,0000000151,0000001675,1.00,98970.20,1,'AMENESES','2019-09-10 08:56:42'),(0000000380,0000000499,0000000151,0000001302,1.00,39057.20,1,'AMENESES','2019-09-10 08:56:42'),(0000000381,0000000500,0000000151,0000001303,1.00,50958.60,1,'AMENESES','2019-09-10 08:56:42'),(0000000382,0000000501,0000000151,0000001676,1.00,4594.80,1,'AMENESES','2019-09-10 08:56:42'),(0000000383,0000000502,0000000151,0000000883,1.00,36036.00,1,'AMENESES','2019-09-10 08:56:42'),(0000000384,0000000503,0000000151,0000000835,1.00,8992.20,1,'AMENESES','2019-09-10 08:56:42'),(0000000385,0000000504,0000000151,0000001677,1.00,28957.60,1,'AMENESES','2019-09-10 08:56:42'),(0000000386,0000000505,0000000151,0000001678,1.00,7351.40,1,'AMENESES','2019-09-10 08:56:42'),(0000000387,0000000506,0000000151,0000001679,2.00,25400.20,1,'AMENESES','2019-09-10 08:56:42'),(0000000388,0000000507,0000000151,0000001258,1.00,87278.80,1,'AMENESES','2019-09-10 08:56:42'),(0000000389,0000000508,0000000151,0000001680,2.00,53804.80,1,'AMENESES','2019-09-10 08:56:42'),(0000000390,0000000509,0000000151,0000001310,1.00,3904.60,1,'AMENESES','2019-09-10 08:56:42'),(0000000391,0000000510,0000000153,0000001343,2.00,44248.40,1,'AMENESES','2019-09-10 08:57:07'),(0000000392,0000000511,0000000153,0000001842,1.00,102274.20,1,'AMENESES','2019-09-10 08:57:07'),(0000000393,0000000512,0000000153,0000001844,1.00,62518.40,1,'AMENESES','2019-09-10 08:57:07'),(0000000394,0000000513,0000000153,0000001843,1.00,65263.80,1,'AMENESES','2019-09-10 08:57:07'),(0000000395,0000000514,0000000153,0000001338,1.00,14617.40,1,'AMENESES','2019-09-10 08:57:07'),(0000000396,0000000515,0000000153,0000001339,1.00,49331.80,1,'AMENESES','2019-09-10 08:57:07'),(0000000397,0000000516,0000000153,0000001340,1.00,63137.20,1,'AMENESES','2019-09-10 08:57:07'),(0000000398,0000000517,0000000153,0000001341,1.00,22674.40,1,'AMENESES','2019-09-10 08:57:07'),(0000000399,0000000518,0000000153,0000001342,1.00,10014.20,1,'AMENESES','2019-09-10 08:57:07'),(0000000400,0000000492,0000000151,0000001343,2.00,44248.40,1,'CAMILOA','2019-09-10 15:17:23'),(0000000401,0000000493,0000000151,0000001673,1.00,455989.80,1,'CAMILOA','2019-09-10 15:17:23'),(0000000402,0000000494,0000000151,0000001345,8.00,38108.00,1,'CAMILOA','2019-09-10 15:17:23'),(0000000403,0000000495,0000000151,0000001323,3.00,29659.00,1,'CAMILOA','2019-09-10 15:17:23'),(0000000404,0000000496,0000000151,0000001350,6.00,24122.00,1,'CAMILOA','2019-09-10 15:17:23'),(0000000405,0000000497,0000000151,0000001674,1.00,111591.20,1,'CAMILOA','2019-09-10 15:17:23'),(0000000406,0000000498,0000000151,0000001675,1.00,98970.20,1,'CAMILOA','2019-09-10 15:17:23'),(0000000407,0000000499,0000000151,0000001302,1.00,39057.20,1,'CAMILOA','2019-09-10 15:17:23'),(0000000408,0000000500,0000000151,0000001303,1.00,50958.60,1,'CAMILOA','2019-09-10 15:17:23'),(0000000409,0000000501,0000000151,0000001676,1.00,4594.80,1,'CAMILOA','2019-09-10 15:17:23'),(0000000410,0000000502,0000000151,0000000883,1.00,36036.00,1,'CAMILOA','2019-09-10 15:17:23'),(0000000411,0000000503,0000000151,0000000835,1.00,8992.20,1,'CAMILOA','2019-09-10 15:17:23'),(0000000412,0000000504,0000000151,0000001677,1.00,28957.60,1,'CAMILOA','2019-09-10 15:17:23'),(0000000413,0000000505,0000000151,0000001678,1.00,7351.40,1,'CAMILOA','2019-09-10 15:17:23'),(0000000414,0000000506,0000000151,0000001679,2.00,25400.20,1,'CAMILOA','2019-09-10 15:17:23'),(0000000415,0000000507,0000000151,0000001258,1.00,87278.80,1,'CAMILOA','2019-09-10 15:17:23'),(0000000416,0000000508,0000000151,0000001680,2.00,53804.80,1,'CAMILOA','2019-09-10 15:17:23'),(0000000417,0000000509,0000000151,0000001310,1.00,3904.60,1,'CAMILOA','2019-09-10 15:17:23'),(0000000418,0000000492,0000000151,0000001343,2.00,44248.40,1,'AMENESES','2019-09-11 17:39:45'),(0000000419,0000000493,0000000151,0000001673,1.00,455989.80,1,'AMENESES','2019-09-11 17:39:45'),(0000000420,0000000494,0000000151,0000001345,8.00,38108.00,1,'AMENESES','2019-09-11 17:39:45'),(0000000421,0000000495,0000000151,0000001323,3.00,29659.00,1,'AMENESES','2019-09-11 17:39:45'),(0000000422,0000000496,0000000151,0000001350,6.00,24122.00,1,'AMENESES','2019-09-11 17:39:45'),(0000000423,0000000497,0000000151,0000001674,1.00,111591.20,1,'AMENESES','2019-09-11 17:39:45'),(0000000424,0000000498,0000000151,0000001675,1.00,98970.20,1,'AMENESES','2019-09-11 17:39:45'),(0000000425,0000000499,0000000151,0000001302,1.00,39057.20,1,'AMENESES','2019-09-11 17:39:45'),(0000000426,0000000500,0000000151,0000001303,1.00,50958.60,1,'AMENESES','2019-09-11 17:39:45'),(0000000427,0000000501,0000000151,0000001676,1.00,4594.80,1,'AMENESES','2019-09-11 17:39:45'),(0000000428,0000000502,0000000151,0000000883,1.00,36036.00,1,'AMENESES','2019-09-11 17:39:45'),(0000000429,0000000503,0000000151,0000000835,1.00,8992.20,1,'AMENESES','2019-09-11 17:39:45'),(0000000430,0000000504,0000000151,0000001677,1.00,28957.60,1,'AMENESES','2019-09-11 17:39:45'),(0000000431,0000000505,0000000151,0000001678,1.00,7351.40,1,'AMENESES','2019-09-11 17:39:45'),(0000000432,0000000506,0000000151,0000001679,2.00,25400.20,1,'AMENESES','2019-09-11 17:39:45'),(0000000433,0000000507,0000000151,0000001258,1.00,87278.80,1,'AMENESES','2019-09-11 17:39:45'),(0000000434,0000000508,0000000151,0000001680,2.00,53804.80,1,'AMENESES','2019-09-11 17:39:45'),(0000000435,0000000509,0000000151,0000001310,1.00,3904.60,1,'AMENESES','2019-09-11 17:39:45'),(0000000436,0000000361,0000000125,0000001322,2.00,46060.00,1,'CAMILOA','2019-09-26 11:20:30'),(0000000437,0000000406,0000000125,0000001673,1.00,455989.80,1,'CAMILOA','2019-09-26 11:20:30'),(0000000438,0000000362,0000000125,0000001305,1.00,64159.20,1,'CAMILOA','2019-09-26 11:20:30'),(0000000439,0000000363,0000000125,0000001306,1.00,84221.20,1,'CAMILOA','2019-09-26 11:20:30'),(0000000440,0000000364,0000000125,0000001302,1.00,39057.20,1,'CAMILOA','2019-09-26 11:20:30'),(0000000441,0000000365,0000000125,0000001303,1.00,45801.00,1,'CAMILOA','2019-09-26 11:20:30'),(0000000442,0000000366,0000000125,0000001144,1.00,869.40,1,'CAMILOA','2019-09-26 11:20:30'),(0000000443,0000000367,0000000125,0000001658,1.00,8645.00,1,'CAMILOA','2019-09-26 11:20:30'),(0000000444,0000000368,0000000125,0000001304,1.00,47567.80,1,'CAMILOA','2019-09-26 11:20:30'),(0000000445,0000000369,0000000125,0000001002,1.00,7904.40,1,'CAMILOA','2019-09-26 11:20:30'),(0000000446,0000000370,0000000125,0000001662,1.00,15978.20,1,'CAMILOA','2019-09-26 11:20:30'),(0000000447,0000000371,0000000125,0000001663,1.00,15863.40,1,'CAMILOA','2019-09-26 11:20:30'),(0000000448,0000000372,0000000125,0000001307,1.00,118543.60,1,'CAMILOA','2019-09-26 11:20:30'),(0000000449,0000000373,0000000125,0000001308,1.00,1649.20,1,'CAMILOA','2019-09-26 11:20:30'),(0000000450,0000000374,0000000125,0000001226,1.00,35963.20,1,'CAMILOA','2019-09-26 11:20:30'),(0000000451,0000000375,0000000125,0000001311,1.00,12509.00,1,'CAMILOA','2019-09-26 11:20:30'),(0000000452,0000000376,0000000125,0000001312,1.00,1608.60,1,'CAMILOA','2019-09-26 11:20:30'),(0000000453,0000000377,0000000125,0000001313,1.00,55725.60,1,'CAMILOA','2019-09-26 11:20:30'),(0000000454,0000000378,0000000125,0000001310,1.00,3904.60,1,'CAMILOA','2019-09-26 11:20:30'),(0000000455,0000000379,0000000125,0000001664,1.00,87003.00,1,'CAMILOA','2019-09-26 11:20:30'),(0000000456,0000000410,0000000125,0000001670,1.00,3463.60,1,'CAMILOA','2019-09-26 11:20:30'),(0000000457,0000000361,0000000125,0000001322,2.00,46060.00,1,'AMENESES','2019-09-26 18:38:54'),(0000000458,0000000406,0000000125,0000001673,1.00,455989.80,1,'AMENESES','2019-09-26 18:38:54'),(0000000459,0000000362,0000000125,0000001305,1.00,64159.20,1,'AMENESES','2019-09-26 18:38:54'),(0000000460,0000000363,0000000125,0000001306,1.00,84221.20,1,'AMENESES','2019-09-26 18:38:54'),(0000000461,0000000364,0000000125,0000001302,1.00,39057.20,1,'AMENESES','2019-09-26 18:38:54'),(0000000462,0000000365,0000000125,0000001303,1.00,45801.00,1,'AMENESES','2019-09-26 18:38:54'),(0000000463,0000000366,0000000125,0000001144,1.00,869.40,1,'AMENESES','2019-09-26 18:38:54'),(0000000464,0000000367,0000000125,0000001658,1.00,8645.00,1,'AMENESES','2019-09-26 18:38:54'),(0000000465,0000000368,0000000125,0000001304,1.00,47567.80,1,'AMENESES','2019-09-26 18:38:54'),(0000000466,0000000370,0000000125,0000001662,1.00,15978.20,1,'AMENESES','2019-09-26 18:38:54'),(0000000467,0000000371,0000000125,0000001663,1.00,15863.40,1,'AMENESES','2019-09-26 18:38:54'),(0000000468,0000000372,0000000125,0000001307,1.00,118543.60,1,'AMENESES','2019-09-26 18:38:54'),(0000000469,0000000373,0000000125,0000001308,1.00,1649.20,1,'AMENESES','2019-09-26 18:38:54'),(0000000470,0000000374,0000000125,0000001226,1.00,35963.20,1,'AMENESES','2019-09-26 18:38:54'),(0000000471,0000000375,0000000125,0000001311,1.00,12509.00,1,'AMENESES','2019-09-26 18:38:54'),(0000000472,0000000376,0000000125,0000001312,1.00,1608.60,1,'AMENESES','2019-09-26 18:38:54'),(0000000473,0000000377,0000000125,0000001313,1.00,55725.60,1,'AMENESES','2019-09-26 18:38:54'),(0000000474,0000000379,0000000125,0000001664,1.00,87003.00,1,'AMENESES','2019-09-26 18:38:54'),(0000000475,0000000361,0000000125,0000001322,2.00,46060.00,1,'DAVID','2019-09-27 09:15:03'),(0000000476,0000000406,0000000125,0000001673,1.00,455989.80,1,'DAVID','2019-09-27 09:15:03'),(0000000477,0000000362,0000000125,0000001305,1.00,64159.20,1,'DAVID','2019-09-27 09:15:03'),(0000000478,0000000363,0000000125,0000001306,1.00,84221.20,1,'DAVID','2019-09-27 09:15:03'),(0000000479,0000000364,0000000125,0000001302,1.00,39057.20,1,'DAVID','2019-09-27 09:15:03'),(0000000480,0000000365,0000000125,0000001303,1.00,45801.00,1,'DAVID','2019-09-27 09:15:03'),(0000000481,0000000366,0000000125,0000001144,1.00,869.40,1,'DAVID','2019-09-27 09:15:03'),(0000000482,0000000367,0000000125,0000001658,1.00,8645.00,1,'DAVID','2019-09-27 09:15:03'),(0000000483,0000000368,0000000125,0000001304,1.00,47567.80,1,'DAVID','2019-09-27 09:15:03'),(0000000484,0000000370,0000000125,0000001662,1.00,15978.20,1,'DAVID','2019-09-27 09:15:03'),(0000000485,0000000371,0000000125,0000001663,1.00,15863.40,1,'DAVID','2019-09-27 09:15:03'),(0000000486,0000000372,0000000125,0000001307,1.00,118543.60,1,'DAVID','2019-09-27 09:15:03'),(0000000487,0000000373,0000000125,0000001308,1.00,1649.20,1,'DAVID','2019-09-27 09:15:03'),(0000000488,0000000374,0000000125,0000001226,1.00,35963.20,1,'DAVID','2019-09-27 09:15:03'),(0000000489,0000000375,0000000125,0000001311,1.00,12509.00,1,'DAVID','2019-09-27 09:15:03'),(0000000490,0000000376,0000000125,0000001312,1.00,1608.60,1,'DAVID','2019-09-27 09:15:03'),(0000000491,0000000377,0000000125,0000001313,1.00,55725.60,1,'DAVID','2019-09-27 09:15:03'),(0000000492,0000000379,0000000125,0000001664,1.00,87003.00,1,'DAVID','2019-09-27 09:15:03'),(0000000493,0000000534,0000000184,0000001315,1.00,500596.60,1,'DAVID','2019-10-18 11:54:12'),(0000000494,0000000535,0000000184,0000001323,2.00,29659.00,1,'DAVID','2019-10-18 11:54:12'),(0000000495,0000000536,0000000184,0000001314,1.00,517769.00,1,'DAVID','2019-10-18 11:54:12');
/*!40000 ALTER TABLE `hist_cotizacion_sub_det_art` ENABLE KEYS */;
UNLOCK TABLES;

--
-- Table structure for table `inv_almacen`
--

DROP TABLE IF EXISTS `inv_almacen`;
/*!40101 SET @saved_cs_client     = @@character_set_client */;
/*!40101 SET character_set_client = utf8 */;
CREATE TABLE `inv_almacen` (
  `calmacen` int(10) unsigned zerofill NOT NULL AUTO_INCREMENT,
  `almacen` varchar(50) COLLATE utf8_bin NOT NULL,
  `compra` int(1) NOT NULL DEFAULT '1',
  `stock` int(1) NOT NULL DEFAULT '1',
  `status` int(1) NOT NULL DEFAULT '1',
  `crea_user` varchar(50) COLLATE utf8_bin DEFAULT NULL,
  `crea_date` datetime NOT NULL DEFAULT CURRENT_TIMESTAMP,
  `mod_user` varchar(50) COLLATE utf8_bin DEFAULT NULL,
  `mod_date` datetime DEFAULT NULL ON UPDATE CURRENT_TIMESTAMP,
  PRIMARY KEY (`calmacen`)
) ENGINE=InnoDB AUTO_INCREMENT=3 DEFAULT CHARSET=utf8 COLLATE=utf8_bin;
/*!40101 SET character_set_client = @saved_cs_client */;

--
-- Dumping data for table `inv_almacen`
--

LOCK TABLES `inv_almacen` WRITE;
/*!40000 ALTER TABLE `inv_almacen` DISABLE KEYS */;
INSERT INTO `inv_almacen` VALUES (0000000001,'COMPRAS',1,1,1,'ADMINISTRADOR','2019-01-05 13:56:34','ADMINISTRADOR','2019-09-11 11:58:18'),(0000000002,'TALLER',1,1,1,'ADMINISTRADOR','2019-07-10 11:13:46','ADMINISTRADOR','2019-10-08 15:31:52');
/*!40000 ALTER TABLE `inv_almacen` ENABLE KEYS */;
UNLOCK TABLES;
ALTER DATABASE `metalsig_heavy` CHARACTER SET latin1 COLLATE latin1_swedish_ci ;
/*!50003 SET @saved_cs_client      = @@character_set_client */ ;
/*!50003 SET @saved_cs_results     = @@character_set_results */ ;
/*!50003 SET @saved_col_connection = @@collation_connection */ ;
/*!50003 SET character_set_client  = utf8mb4 */ ;
/*!50003 SET character_set_results = utf8mb4 */ ;
/*!50003 SET collation_connection  = utf8mb4_general_ci */ ;
/*!50003 SET @saved_sql_mode       = @@sql_mode */ ;
/*!50003 SET sql_mode              = 'NO_AUTO_VALUE_ON_ZERO' */ ;
DELIMITER ;;
/*!50003 CREATE*/ /*!50017 DEFINER=`metalsigmauser`@`localhost`*/ /*!50003 TRIGGER `set_crea_inv_almacen` BEFORE INSERT ON `inv_almacen` FOR EACH ROW IF (NEW.crea_user IS NULL || NEW.crea_user='') THEN SET NEW.crea_user = UPPER(SUBSTR(USER(), 1,(LOCATE('@', USER())-1))); END IF */;;
DELIMITER ;
/*!50003 SET sql_mode              = @saved_sql_mode */ ;
/*!50003 SET character_set_client  = @saved_cs_client */ ;
/*!50003 SET character_set_results = @saved_cs_results */ ;
/*!50003 SET collation_connection  = @saved_col_connection */ ;
ALTER DATABASE `metalsig_heavy` CHARACTER SET utf8 COLLATE utf8_bin ;
ALTER DATABASE `metalsig_heavy` CHARACTER SET latin1 COLLATE latin1_swedish_ci ;
/*!50003 SET @saved_cs_client      = @@character_set_client */ ;
/*!50003 SET @saved_cs_results     = @@character_set_results */ ;
/*!50003 SET @saved_col_connection = @@collation_connection */ ;
/*!50003 SET character_set_client  = utf8mb4 */ ;
/*!50003 SET character_set_results = utf8mb4 */ ;
/*!50003 SET collation_connection  = utf8mb4_general_ci */ ;
/*!50003 SET @saved_sql_mode       = @@sql_mode */ ;
/*!50003 SET sql_mode              = 'NO_AUTO_VALUE_ON_ZERO' */ ;
DELIMITER ;;
/*!50003 CREATE*/ /*!50017 DEFINER=`metalsigmauser`@`localhost`*/ /*!50003 TRIGGER `set_mod_inv_almacen` BEFORE UPDATE ON `inv_almacen` FOR EACH ROW IF (NEW.mod_user IS NULL || NEW.mod_user='') THEN SET NEW.mod_user = UPPER(SUBSTR(USER(), 1,(LOCATE('@', USER())-1))); END IF */;;
DELIMITER ;
/*!50003 SET sql_mode              = @saved_sql_mode */ ;
/*!50003 SET character_set_client  = @saved_cs_client */ ;
/*!50003 SET character_set_results = @saved_cs_results */ ;
/*!50003 SET collation_connection  = @saved_col_connection */ ;
ALTER DATABASE `metalsig_heavy` CHARACTER SET utf8 COLLATE utf8_bin ;

--
-- Table structure for table `inv_articulos`
--

DROP TABLE IF EXISTS `inv_articulos`;
/*!40101 SET @saved_cs_client     = @@character_set_client */;
/*!40101 SET character_set_client = utf8 */;
CREATE TABLE `inv_articulos` (
  `carticulo` int(10) unsigned zerofill NOT NULL AUTO_INCREMENT,
  `codigo2` varchar(20) COLLATE utf8_bin NOT NULL,
  `cbarra` varchar(20) COLLATE utf8_bin NOT NULL,
  `articulo` varchar(50) COLLATE utf8_bin NOT NULL,
  `descripcion` varchar(500) COLLATE utf8_bin DEFAULT NULL,
  `cclasificacion` int(10) unsigned zerofill NOT NULL,
  `costo_prom` decimal(12,2) NOT NULL DEFAULT '0.00',
  `costo_ant` decimal(12,2) NOT NULL DEFAULT '0.00',
  `costo_actual` decimal(12,2) NOT NULL DEFAULT '0.00',
  `cunidad` int(10) unsigned zerofill NOT NULL,
  `cant` int(11) NOT NULL DEFAULT '0',
  `precio` decimal(12,2) NOT NULL,
  `status` int(11) NOT NULL DEFAULT '1',
  `crea_user` varchar(50) COLLATE utf8_bin DEFAULT NULL,
  `crea_date` datetime NOT NULL DEFAULT CURRENT_TIMESTAMP,
  `mod_user` varchar(50) COLLATE utf8_bin DEFAULT NULL,
  `mod_date` datetime DEFAULT NULL ON UPDATE CURRENT_TIMESTAMP,
  PRIMARY KEY (`carticulo`),
  UNIQUE KEY `codigo2` (`codigo2`),
  KEY `cclasificacion` (`cclasificacion`),
  KEY `cunidad` (`cunidad`),
  CONSTRAINT `fk_cclasificacion_inv_articulos` FOREIGN KEY (`cclasificacion`) REFERENCES `inv_clasificacion` (`cclasificacion`)
) ENGINE=InnoDB AUTO_INCREMENT=1912 DEFAULT CHARSET=utf8 COLLATE=utf8_bin;
/*!40101 SET character_set_client = @saved_cs_client */;

--
-- Dumping data for table `inv_articulos`
--

LOCK TABLES `inv_articulos` WRITE;
/*!40000 ALTER TABLE `inv_articulos` DISABLE KEYS */;
INSERT INTO `inv_articulos` VALUES (0000000001,'000','','COMB REPAIR TIME (WRNT)','ONLY USAGE IS FOR WARRANTY ON-HWY TRUCK CLAIMS (TRGS). THIS CODE IS USED FOR COMBINED REPAIR TIMES. COMBINED REPAIR CODING IS RESERVED FOR WARRANTY CLAIMING ACTIVITIES ONLY.',0000000004,0.00,0.00,0.00,0000000000,0,0.00,1,'METALSIGMAUSER','2019-02-27 11:09:06','METALSIGMAUSER','2019-04-25 17:18:46'),(0000000002,'001','','REPAIR FOR WARRANTY','TO RESTORE TO THE OPERATING CONDITION EXISTING BEFORE THE WARRANTABLE FAILURE. INTENDED FOR WARRANTY SERVICE LETTER USAGE ONLY.',0000000004,0.00,0.00,0.00,0000000000,0,0.00,1,'METALSIGMAUSER','2019-02-27 11:09:06','METALSIGMAUSER','2019-04-25 17:18:46'),(0000000003,'002','','TFR COMPONENTS TO/FROM','THIS CODE IS USED WHEN TRANSFERRING NECESSARY REUSABLE PARTS FROM ONE ASSEMBLED COMPONENT TO ANOTHER UP TO AND INCLUDING COMPLETE ENGINES.',0000000004,0.00,0.00,0.00,0000000000,0,0.00,1,'METALSIGMAUSER','2019-02-27 11:09:06','METALSIGMAUSER','2019-04-25 17:18:46'),(0000000004,'003','','REMV, REPR F/WTY, INSTL','COMBINATION OF REMOVAL, REPAIR UNDER WARRANTY AND REINSTALLATION.',0000000004,0.00,0.00,0.00,0000000000,0,0.00,1,'METALSIGMAUSER','2019-02-27 11:09:06','METALSIGMAUSER','2019-04-25 17:18:46'),(0000000005,'004','','WIRE TO/FROM','TO CONNECT AND/OR DISCONNECT WIRES OR WIRING HARNESS FROM ONE OR MORE TERMINALS TO OTHER TERMINALS.',0000000004,0.00,0.00,0.00,0000000000,0,0.00,1,'METALSIGMAUSER','2019-02-27 11:09:06','METALSIGMAUSER','2019-04-25 17:18:46'),(0000000006,'005','','SALVAGE','BRINGING A COMPONENT BACK TO SOUND WORKING CONDITION AS AN ALTERNATIVE TO REPLACING THE COMPONENT. INCLUDES OPERATIONS SUCH AS MACHINING, GRINDING, MILLING, FILING, WELDING AND CUTTING. TO RESTORE A WORN OR DAMAGED PART TO FUNCTIONAL SPECIFICATIONS BY WELDING, CHROME PLATING, METALIZING, OR BY USE O',0000000004,0.00,0.00,0.00,0000000000,0,0.00,1,'METALSIGMAUSER','2019-02-27 11:09:06','METALSIGMAUSER','2019-04-25 17:18:46'),(0000000007,'006','','PROGR AS RECONDITION','TO REBUILD OR RESTORE TO LIKE NEW CONDITION REUSING PARTS ACCORDING TO PARTS REUSABILITY GUIDELINES WITH ASSEMBLY PERFORMED BY MOVING THE UNIT THROUGH SUCCESSIVE ASSEMBLY STATIONS.',0000000004,0.00,0.00,0.00,0000000000,0,0.00,1,'METALSIGMAUSER','2019-02-27 11:09:06','METALSIGMAUSER','2019-04-25 17:18:46'),(0000000008,'007','','RECONDITION AFTER FAILURE','USED FOR CALCULATOR APPLICATION. TO REBUILD OR RESTORE AN INOPERABLE COMPONENT TO LIKE NEW CONDITION AFTER THE COMPONENT HAS FAILED OR BEEN DAMAGED. FOR QUOTING PURPOSES ONLY. USE 511-REPLACE WITH NEW INSTEAD.',0000000004,0.00,0.00,0.00,0000000000,0,0.00,1,'METALSIGMAUSER','2019-02-27 11:09:06','METALSIGMAUSER','2019-04-25 17:18:46'),(0000000009,'008','','TAKE & ANALYZE S-O-S FROM','TAKING AND ANALYZING A SCHEDULED OIL SAMPLE. PROCURE AN OIL SAMPLE FROM A COMPONENT AND PERFORM OIL LAB ANALYSIS.',0000000004,0.00,0.00,0.00,0000000000,0,0.00,1,'METALSIGMAUSER','2019-02-27 11:09:06','METALSIGMAUSER','2019-04-25 17:18:46'),(0000000010,'009','','LIFT, BLOCK & LOWER','TO RAISE A PRODUCT, SUPPORT IT WITH JACK STANDS OR OTHER SUPPORTS, AND LET IT DOWN.',0000000004,0.00,0.00,0.00,0000000000,0,0.00,1,'METALSIGMAUSER','2019-02-27 11:09:06','METALSIGMAUSER','2019-04-25 17:18:46'),(0000000011,'010','','REMOVE & INSTALL','THE REMOVAL OF A COMPONENT FOLLOWED BY A SUBSEQUENT REINSTALLATION OF THE COMPONENT.  INCLUDES REMOVING, DISCONNECTING, REINSTALLING, CONNECTING, ADJUSTING AND OTHER ACTIVITIES WHICH ARE CONSIDERED A NORMAL PART OF THE JOB.',0000000004,0.00,0.00,0.00,0000000000,0,0.00,1,'METALSIGMAUSER','2019-02-27 11:09:06','METALSIGMAUSER','2019-04-25 17:18:46'),(0000000012,'011','','REMOVE','TAKING OFF A PART OR COMPONENT. USE 010-REMOVE & INSTALL',0000000004,0.00,0.00,0.00,0000000000,0,0.00,1,'METALSIGMAUSER','2019-02-27 11:09:06','METALSIGMAUSER','2019-04-25 17:18:46'),(0000000013,'012','','INSTALL','ATTACH, OR SET INTO POSITION AND PREPARE FOR USE. TO PLACE IN POSITION AND TIGHTEN BOLTS, CLAMPS, FITTINGS, HOSES, ETC.  INCLUDES NORMAL TORQUE MEASUREMENTS AND ADJUSTMENTS. USE 010-REMOVE & INSTALL',0000000004,0.00,0.00,0.00,0000000000,0,0.00,1,'METALSIGMAUSER','2019-02-27 11:09:06','METALSIGMAUSER','2019-04-25 17:18:46'),(0000000014,'013','','REPLACE WITH DLR EXCHNGE','REMOVING PART OR COMPONENT AND INSTALLING A DEALER EXCHANGE PART OR COMPONENT IN ITS PLACE. REMOVE EXISTING COMPONENT AND INSTALL A DEALER EXCHANGE COMPONENT.  DEALER EXCHANGE WOULD CONSIST OF COMPONENTS REBUILT BY THE DEALER OR PROCURED FROM SOME SOURCE OTHER THAN CATERPILLAR.',0000000004,0.00,0.00,0.00,0000000000,0,0.00,1,'METALSIGMAUSER','2019-02-27 11:09:06','METALSIGMAUSER','2019-04-25 17:18:46'),(0000000015,'014','','REPLACE GASKET / SEAL','REMOVING EXISTING GASKET(S) OR SEAL(S) AND INSTALL NEW GASKET(S) OR SEAL(S). TYPICALLY WOULD USE THIS CODE FOR RESEALING CYLINDERS. ANOTHER EXAMPLE IS USED FOR REPAIRING A LEAKING VALVE COVER GASKET.',0000000004,0.00,0.00,0.00,0000000000,0,0.00,1,'METALSIGMAUSER','2019-02-27 11:09:06','METALSIGMAUSER','2019-04-25 17:18:46'),(0000000016,'015','','DISASSEMBLE','DISASSEMBLE OR TAKE APART. TO TAKE APART OR TEAR DOWN (INCLUDING CRITICAL INSPECTION OF PARTS). USE 017-DISASSEMBLE & ASSEMBLE',0000000004,0.00,0.00,0.00,0000000000,0,0.00,1,'METALSIGMAUSER','2019-02-27 11:09:06','METALSIGMAUSER','2019-04-25 17:18:46'),(0000000017,'016','','ASSEMBLE','ASSEMBLE OR FITTING TOGETHER. TO PUT OR JOIN (INCLUDING NORMAL TORQUE MEASUREMENTS AND ADJUSTMENTS). USE 017-DISASSEMBLE & ASSEMBLE',0000000004,0.00,0.00,0.00,0000000000,0,0.00,1,'METALSIGMAUSER','2019-02-27 11:09:06','METALSIGMAUSER','2019-04-25 17:18:46'),(0000000018,'017','','DISASSEMBLE & ASSEMBLE','DISASSEMBLE OR TAKE APART AND ASSEMBLE AND FIT TOGETHER. A COMBINATION OF DISASSEMBLY AND ASSEMBLY.  A JOB OPERATION GENERALLY USED IN RECONDITIONING WORK. DOES NOT INCLUDE THE REMOVAL AND INSTALLATION OF COMPONENT FROM THE MACHINE.',0000000004,0.00,0.00,0.00,0000000000,0,0.00,1,'METALSIGMAUSER','2019-02-27 11:09:06','METALSIGMAUSER','2019-04-25 17:18:46'),(0000000019,'018','','PIN & BUSHING TURN','REMOVAL, ROTATION AND INSTALLATION OF TRACK PINS AND BUSHINGS.  ROTATION TO EXPOSE A NEW WEAR SURFACE.',0000000004,0.00,0.00,0.00,0000000000,0,0.00,1,'METALSIGMAUSER','2019-02-27 11:09:06','METALSIGMAUSER','2019-04-25 17:18:46'),(0000000020,'019','','RECONDITN BEFORE FAILURE','USED FOR CALCULATOR APPLICATION. TO REBUILD OR RESTORE AN OPERABLE COMPONENT TO LIKE NEW OPERATING CONDITION, AND THE COMPONENT REPAIR CAN BE BASED ON A \"PLANNED\" INTERVAL. FOR QUOTING PURPOSES ONLY.',0000000004,0.00,0.00,0.00,0000000000,0,0.00,1,'METALSIGMAUSER','2019-02-27 11:09:06','METALSIGMAUSER','2019-04-25 17:18:46'),(0000000021,'020','','RECONDITION','TO REBUILD OR RESTORE AN OPERABLE COMPONENT TO LIKE NEW OPERATING CONDITION.  USE THIS JOB CODE WHEN \"BEFORE\" OR \"AFTER\" FAILURE IS NOT REQUIRED TO DEFINE THE JOB. USE AT SINGULAR PART LEVEL, NOT AT AN ASSEMBLY OR GROUP LEVEL.',0000000004,0.00,0.00,0.00,0000000000,0,0.00,1,'METALSIGMAUSER','2019-02-27 11:09:06','METALSIGMAUSER','2019-04-25 17:18:46'),(0000000022,'021','','RECONDITION FOR EXCHANGE','TO REBUILD OR RESTORE TO LIKE NEW OPERATING CONDITION FOR DEALER EXCHANGE.',0000000004,0.00,0.00,0.00,0000000000,0,0.00,1,'METALSIGMAUSER','2019-02-27 11:09:06','METALSIGMAUSER','2019-04-25 17:18:46'),(0000000023,'022','','REMV RECONDITION & INSTL','THE REMOVAL OF AN OPERABLE COMPONENT FOLLOWED BY THE REBUILDING OR RESTORING OF THAT COMPONENT TO LIKE NEW OPERATING CONDITION, AND SUBSEQUENT REINSTALLATION OF THE SAME COMPONENT.  USE WHEN NO PLANNED INTERVAL IS DEFINABLE OR APPROPRIATE.',0000000004,0.00,0.00,0.00,0000000000,0,0.00,1,'METALSIGMAUSER','2019-02-27 11:09:06','METALSIGMAUSER','2019-04-25 17:18:46'),(0000000024,'023','','REPAIR','TO RESTORE TO OPERATING CONDITION. USE WHEN THERE IS NO SPECIFIC JOB CODE THAT DEFINES THE SPECIFIC WORK BEING PERFORMED.',0000000004,0.00,0.00,0.00,0000000000,0,0.00,1,'METALSIGMAUSER','2019-02-27 11:09:06','METALSIGMAUSER','2019-04-25 17:18:46'),(0000000025,'024','','ALIGN','PUTTING AN ENGINE, GENERATOR, TRANSMISSION, OR COMPONENT INTO THE CORRECT OR APPROPRIATE RELATIVE POSITIONS. OFTEN ASSOCIATED WITH GENERATORS AND MARINE ENGINES. TO RESTORE AN ESTABLISHED LINEAR OR ANGULAR RELATIONSHIP.',0000000004,0.00,0.00,0.00,0000000000,0,0.00,1,'METALSIGMAUSER','2019-02-27 11:09:06','METALSIGMAUSER','2019-04-25 17:18:46'),(0000000026,'025','','ADJUST','MOVING PARTS OF A COMPONENT OR PRODUCT TO ACHIEVE THE CORRECT ORIENTATION, MEASUREMENT, OR ADJUSTMENT. ANY STATIC OR DYNAMIC ADJUSTMENTS MADE INDEPENDENTLY OF ANY OTHER ACTIVITY.',0000000004,0.00,0.00,0.00,0000000000,0,0.00,1,'METALSIGMAUSER','2019-02-27 11:09:06','METALSIGMAUSER','2019-04-25 17:18:46'),(0000000027,'026','','RECONDITION IN FRAME','TO REBUILD OR RESTORE A COMPONENT TO LIKE NEW CONDITION WITHOUT REMOVING THE ASSOCIATED MAJOR COMPONENT FROM THE PRIMARY MACHINE OR VEHICLE.',0000000004,0.00,0.00,0.00,0000000000,0,0.00,1,'METALSIGMAUSER','2019-02-27 11:09:06','METALSIGMAUSER','2019-04-25 17:18:46'),(0000000028,'027','','ORIGINAL INSTALLATION','TO PLACE IN POSITION FOR THE FIRST TIME, INCLUDING PRODUCT MODIFICATIONS REQUIRED TO COMPLETE PLACEMENT.',0000000004,0.00,0.00,0.00,0000000000,0,0.00,1,'METALSIGMAUSER','2019-02-27 11:09:06','METALSIGMAUSER','2019-04-25 17:18:46'),(0000000029,'028','','REPLACE BEARINGS & SEALS','REMOVE EXISTING BEARING/BUSHING, AND INSTALL NEW BEARING/BUSHING AND SEALS IF NEEDED.',0000000004,0.00,0.00,0.00,0000000000,0,0.00,1,'METALSIGMAUSER','2019-02-27 11:09:06','METALSIGMAUSER','2019-04-25 17:18:46'),(0000000030,'029','','SEPARATE & CONNECT','DIVIDING CONSTITUENT OR DISTINCT PARTS OR COMPONENTS AND BRINGING TOGETHER SUCH AS CONNECTING THE GENERATOR TO THE ENGINE. TO PULL APART TWO OR MORE COMPONENTS FOLLOWED LATER BY RE-CONNECTING OF SAME COMPONENTS.',0000000004,0.00,0.00,0.00,0000000000,0,0.00,1,'METALSIGMAUSER','2019-02-27 11:09:06','METALSIGMAUSER','2019-04-25 17:18:46'),(0000000031,'030','','TEST AFTER REPAIR','TESTING A MACHINE, ENGINE, OR COMPONENT AFTER REPAIR COMPLETION TO VALIDATE CORRECT OPERATION AND REPAIR ACCURACY. CHECKING OF COMPONENT AFTER REPAIR TO DETERMINE ACCEPTABLE OPERATION OF THE PRIMARY MACHINE OR VEHICLE.',0000000004,0.00,0.00,0.00,0000000000,0,0.00,1,'METALSIGMAUSER','2019-02-27 11:09:06','METALSIGMAUSER','2019-04-25 17:18:46'),(0000000032,'031','','DYNAMOMETER TEST','OPERATING AN ARTIFICIALLY LOADED AN ENGINE TO EVALUATE RATING AND FUNCTION UTILIZING A DYNAMOMETER. CHECKING ACCEPTABLE OPERATION USING A DYNAMOMETER.',0000000004,0.00,0.00,0.00,0000000000,0,0.00,1,'METALSIGMAUSER','2019-02-27 11:09:06','METALSIGMAUSER','2019-04-25 17:18:46'),(0000000033,'032','','HYDRAULIC TEST','PERFORMANCE MEASUREMENT OF ANY HYDRAULIC COMPONENT OR SYSTEM.',0000000004,0.00,0.00,0.00,0000000000,0,0.00,1,'METALSIGMAUSER','2019-02-27 11:09:06','METALSIGMAUSER','2019-04-25 17:18:46'),(0000000034,'033','','LOAD BANK TEST','ARTIFICIALLY LOADING A GENERATOR AND BRINGING THE ENGINE TO OPERATING TEMPERATURE, VALIDATING FUNCTIONALITY. PERFORMANCE MEASUREMENT OF A POWER GENERATING SYSTEM.',0000000004,0.00,0.00,0.00,0000000000,0,0.00,1,'METALSIGMAUSER','2019-02-27 11:09:06','METALSIGMAUSER','2019-04-25 17:18:46'),(0000000035,'034','','CRACK/LEAK TEST','PROCESS OF USING MECHANICAL OR CHEMICAL MEANS TO IDENTIFY STRUCTURAL PART(S) DEFECTS OR IMPROPER SEAL.',0000000004,0.00,0.00,0.00,0000000000,0,0.00,1,'METALSIGMAUSER','2019-02-27 11:09:06','METALSIGMAUSER','2019-04-25 17:18:46'),(0000000036,'035','','TROUBLESHOOT','LOCATE THE ROOT CAUSE OF THE FAILURE OR COMPLAINT. TO DETERMINE EXTENT AND CAUSE OF MALFUNCTION OR PROBLEM.',0000000004,0.00,0.00,0.00,0000000000,0,0.00,1,'METALSIGMAUSER','2019-02-27 11:09:06','METALSIGMAUSER','2019-04-25 17:18:46'),(0000000037,'036','','TEST/CHECK & ADJUST','USE OF TEST INSTRUMENTS ON A COMPONENT, VISUAL CHECK & INSPECTION, AND PERFORMING ADJUSTMENTS AS NEEDED.',0000000004,0.00,0.00,0.00,0000000000,0,0.00,1,'METALSIGMAUSER','2019-02-27 11:09:06','METALSIGMAUSER','2019-04-25 17:18:46'),(0000000038,'037','','REMOVE, CLEAN & INSTALL','COMBINATION OF REMOVAL, CLEANING, AND REINSTALLATION OF A COMPONENT.',0000000004,0.00,0.00,0.00,0000000000,0,0.00,1,'METALSIGMAUSER','2019-02-27 11:09:06','METALSIGMAUSER','2019-04-25 17:18:46'),(0000000039,'038','','DIAGNOSTIC TEST','TESTING USED TO DETERMINE THE GENERAL FAILURE OR COMPLAINT. THE USE OF INSTRUMENTS ACCORDING TO A PRESCRIBED PROCEDURE TO MEASURE SYSTEM PERFORMANCE AND COMPARE IT TO STANDARDS.',0000000004,0.00,0.00,0.00,0000000000,0,0.00,1,'METALSIGMAUSER','2019-02-27 11:09:06','METALSIGMAUSER','2019-04-25 17:18:46'),(0000000040,'039','','REMV, TEST, ADJ, INSTALL','COMBINATION OF REMOVAL, PERFORMING TESTS, MAKING ADJUSTMENTS, AND REINSTALLATION OF A COMPONENT.',0000000004,0.00,0.00,0.00,0000000000,0,0.00,1,'METALSIGMAUSER','2019-02-27 11:09:06','METALSIGMAUSER','2019-04-25 17:18:46'),(0000000041,'040','','INSPECT','INSPECT OR EVALUATE TO DETERMINE ACCURACY, QUALITY, SATISFACTORY CONDITION, OR LEVEL. TO DETERMINE CONDITION.',0000000004,0.00,0.00,0.00,0000000000,0,0.00,1,'METALSIGMAUSER','2019-02-27 11:09:06','METALSIGMAUSER','2019-04-25 17:18:46'),(0000000042,'041','','PERFORM MAINTENANCE ON','TO PERFORM ACTIVITIES DESCRIBED IN THE OPERATION AND MAINTENANCE MANUAL.',0000000004,0.00,0.00,0.00,0000000000,0,0.00,1,'METALSIGMAUSER','2019-02-27 11:09:06','METALSIGMAUSER','2019-04-25 17:18:46'),(0000000043,'042','','INSPECT & MAINTAIN','A COMBINATION OF CHECKING CONDITION AND PERFORMING MAINTENANCE ACTIVITY. EXAMPLES: INSPECT AND ADJUST V-BELTS, INSPECT AND DRAIN WATER FROM WATER/FUEL SEPARATOR',0000000004,0.00,0.00,0.00,0000000000,0,0.00,1,'METALSIGMAUSER','2019-02-27 11:09:06','METALSIGMAUSER','2019-04-25 17:18:46'),(0000000044,'043','','APPRAISE','APPRAISE OR ASSESS THE VALUE OR QUALITY OF. TO DETERMINE THE VALUE.',0000000004,0.00,0.00,0.00,0000000000,0,0.00,1,'METALSIGMAUSER','2019-02-27 11:09:06','METALSIGMAUSER','2019-04-25 17:18:46'),(0000000045,'044','','DRAIN / REFILL','REMOVING FLUID FROM SOMETHING AND FILLING AGAIN. TO REMOVE LIQUID CONTENTS FROM WITHIN A COMPONENT AND REFILL TO SPECIFIED LEVEL.',0000000004,0.00,0.00,0.00,0000000000,0,0.00,1,'METALSIGMAUSER','2019-02-27 11:09:06','METALSIGMAUSER','2019-04-25 17:18:46'),(0000000046,'045','','CHARGE','REFILL A PRESSURIZED SYSTEM WITH FLUID OR AIR (EX. AIR CONDITIONER OR ACCUMULATOR). TO PRESSURIZE OR ELECTRICALLY ENERGIZE TO A SPECIFIED LEVEL.',0000000004,0.00,0.00,0.00,0000000000,0,0.00,1,'METALSIGMAUSER','2019-02-27 11:09:06','METALSIGMAUSER','2019-04-25 17:18:46'),(0000000047,'046','','FLUSH','FLUSH OR CLEANSE BY CAUSING LARGE QUANTITIES OF WATER OR SOLVENT TO PASS THROUGH',0000000004,0.00,0.00,0.00,0000000000,0,0.00,1,'METALSIGMAUSER','2019-02-27 11:09:06','METALSIGMAUSER','2019-04-25 17:18:46'),(0000000048,'047','','TUNE-UP','PERFORM THE NECESSARY TESTS AND THE RESULTING ADJUSTMENTS AND/OR REPLACEMENTS ON AN ENGINE TO RESTORE PERFORMANCE.',0000000004,0.00,0.00,0.00,0000000000,0,0.00,1,'METALSIGMAUSER','2019-02-27 11:09:06','METALSIGMAUSER','2019-04-25 17:18:46'),(0000000049,'048','','START','INITIATE THE RUNNING OR OPERATION OF A COMPONENT.',0000000004,0.00,0.00,0.00,0000000000,0,0.00,1,'METALSIGMAUSER','2019-02-27 11:09:06','METALSIGMAUSER','2019-04-25 17:18:46'),(0000000050,'049','','HONE','USING A ROTATING FINE GRIT STONE TO SMOOTH A FINISHED SURFACE.',0000000004,0.00,0.00,0.00,0000000000,0,0.00,1,'METALSIGMAUSER','2019-02-27 11:09:06','METALSIGMAUSER','2019-04-25 17:18:46'),(0000000051,'050','','PRE-DELIVER','PERFORM ACTIVITIES REQUIRED TO MAKE READY FOR INITIAL USE.',0000000004,0.00,0.00,0.00,0000000000,0,0.00,1,'METALSIGMAUSER','2019-02-27 11:09:06','METALSIGMAUSER','2019-04-25 17:18:46'),(0000000052,'051','','DELIVER','BRING, TRANSPORT, OR DELIVER TO THE PROPER PLACE OR RECIPIENT. PERFORM ACTIVITIES WHEN PLACING A UNIT WITH THE CUSTOMER.',0000000004,0.00,0.00,0.00,0000000000,0,0.00,1,'METALSIGMAUSER','2019-02-27 11:09:06','METALSIGMAUSER','2019-04-25 17:18:46'),(0000000053,'052','','TRANSPORT','TO MOVE FROM ONE POINT TO ANOTHER POINT.',0000000004,0.00,0.00,0.00,0000000000,0,0.00,1,'METALSIGMAUSER','2019-02-27 11:09:06','METALSIGMAUSER','2019-04-25 17:18:46'),(0000000054,'053','','DEMONSTRATE','TO SHOW PRODUCT OPERATING CHARACTERISTICS OR CAPABILITY THROUGH EXAMPLE.',0000000004,0.00,0.00,0.00,0000000000,0,0.00,1,'METALSIGMAUSER','2019-02-27 11:09:06','METALSIGMAUSER','2019-04-25 17:18:46'),(0000000055,'054','','REVISIT','COME BACK TO OR VISIT AGAIN.',0000000004,0.00,0.00,0.00,0000000000,0,0.00,1,'METALSIGMAUSER','2019-02-27 11:09:06','METALSIGMAUSER','2019-04-25 17:18:46'),(0000000056,'055','','LOAD/UNLOAD','LOADING GOODS INTO AND REMOVING GOODS FROM (A VEHICLE, SHIP, CONTAINER, ETC.).',0000000004,0.00,0.00,0.00,0000000000,0,0.00,1,'METALSIGMAUSER','2019-02-27 11:09:06','METALSIGMAUSER','2019-04-25 17:18:46'),(0000000057,'056','','TRAVEL TO/FROM','TRAVEL FROM ONE PLACE TO ANOTHER BY VEHICLE, TRAIN, PLANE, OR SHIP. MOVEMENT BETWEEN LOCATIONS.',0000000004,0.00,0.00,0.00,0000000000,0,0.00,1,'METALSIGMAUSER','2019-02-27 11:09:06','METALSIGMAUSER','2019-04-25 17:18:46'),(0000000058,'057','','TRAINING','THE ACTION OF TEACHING A PERSON A SKILL OR TYPE OF BEHAVIOR.',0000000004,0.00,0.00,0.00,0000000000,0,0.00,1,'METALSIGMAUSER','2019-02-27 11:09:06','METALSIGMAUSER','2019-04-25 17:18:46'),(0000000059,'058','','WAIT','TO WAIT OR DELAY ACTION (EX. WAITING ON CUSTOMER).',0000000004,0.00,0.00,0.00,0000000000,0,0.00,1,'METALSIGMAUSER','2019-02-27 11:09:06','METALSIGMAUSER','2019-04-25 17:18:46'),(0000000060,'059','','CUT OFF & WELD ON','TO DETACH AN ITEM USING A CUTTING TORCH FOLLOWED BY USE OF A WELDER TO REPAIR, AND SUBSEQUENT REATTACHMENT-USING WELDER OR CUTTING TORCH.',0000000004,0.00,0.00,0.00,0000000000,0,0.00,1,'METALSIGMAUSER','2019-02-27 11:09:06','METALSIGMAUSER','2019-04-25 17:18:46'),(0000000061,'060','','TRIM','TO REMOVE MATERIAL, USUALLY METALLIC, USING A CUTTING TORCH, SAW, SHEAR, ETC.',0000000004,0.00,0.00,0.00,0000000000,0,0.00,1,'METALSIGMAUSER','2019-02-27 11:09:06','METALSIGMAUSER','2019-04-25 17:18:46'),(0000000062,'061','','FABRICATE','CONSTRUCT OR MANUFACTURE SOMETHING FROM RAW MATERIAL OR COMPONENTS.',0000000004,0.00,0.00,0.00,0000000000,0,0.00,1,'METALSIGMAUSER','2019-02-27 11:09:06','METALSIGMAUSER','2019-04-25 17:18:46'),(0000000063,'062','','WELD','WELDING OR JOINING TOGETHER BY HEATING THE SURFACES TO THE POINT OF MELTING USING A BLOWTORCH, ELECTRIC ARC, OR OTHER MEANS, AND UNITING THEM BY PRESSING, HAMMERING, ETC.',0000000004,0.00,0.00,0.00,0000000000,0,0.00,1,'METALSIGMAUSER','2019-02-27 11:09:06','METALSIGMAUSER','2019-04-25 17:18:46'),(0000000064,'063','','MACHINE/GRIND/MILL','USE OF MECHANICAL TOOLS TO REMOVE METAL FROM A COMPONENT SURFACE.',0000000004,0.00,0.00,0.00,0000000000,0,0.00,1,'METALSIGMAUSER','2019-02-27 11:09:06','METALSIGMAUSER','2019-04-25 17:18:46'),(0000000065,'064','','REAM/BORE/DRILL','TO MAKE A HOLE OR ENLARGE AN EXISTING HOLE IN A COMPONENT.',0000000004,0.00,0.00,0.00,0000000000,0,0.00,1,'METALSIGMAUSER','2019-02-27 11:09:06','METALSIGMAUSER','2019-04-25 17:18:46'),(0000000066,'065','','METALLIZE','PROCESS OTHER THAN WELDING THAT ADDS METAL TO AN EXISTING COMPONENT SURFACE.',0000000004,0.00,0.00,0.00,0000000000,0,0.00,1,'METALSIGMAUSER','2019-02-27 11:09:06','METALSIGMAUSER','2019-04-25 17:18:46'),(0000000067,'066','','AUTOMATIC WELD','USING A SELF-ACTING MACHINE (WHERE BOTH FEED AND MOVEMENT ARE CONTROLED) TO BUILD UP A METALLIC SURFACE, OR TO JOIN TWO METALLIC SURFACES USING A FUSION PROCESS.',0000000004,0.00,0.00,0.00,0000000000,0,0.00,1,'METALSIGMAUSER','2019-02-27 11:09:06','METALSIGMAUSER','2019-04-25 17:18:46'),(0000000068,'067','','SEMIAUTOMATIC WELD','USING A HAND-HELD UNIT (WHERE ONLY FEED IS CONTROLLED) TO BUILD UP A METALLIC SURFACE, OR TO JOIN TWO METALLIC SURFACES USING A FUSION PROCESS.',0000000004,0.00,0.00,0.00,0000000000,0,0.00,1,'METALSIGMAUSER','2019-02-27 11:09:06','METALSIGMAUSER','2019-04-25 17:18:46'),(0000000069,'068','','STRAIGHTEN','MAKE OR CAUSE TO BECOME STRAIGHT.',0000000004,0.00,0.00,0.00,0000000000,0,0.00,1,'METALSIGMAUSER','2019-02-27 11:09:06','METALSIGMAUSER','2019-04-25 17:18:46'),(0000000070,'069','','REINFORCE','STRENGTHEN OR SUPPORT, ESPECIALLY WITH ADDITIONAL MATERIAL.',0000000004,0.00,0.00,0.00,0000000000,0,0.00,1,'METALSIGMAUSER','2019-02-27 11:09:06','METALSIGMAUSER','2019-04-25 17:18:46'),(0000000071,'070','','CLEAN','REMOVE DIRT, GREASE, OIL OR MESS, ESPECIALLY BY WASHING, WIPING, OR BRUSHING. TO REMOVE FOREIGN OR UNWANTED MATERIAL FROM A LOCALIZED AREA ON A MACHINE OR ENGINE BY STEAM, CHEMICAL, OR MECHANICAL MEANS. THIS WOULD BE USED AS AN OPERATION, NOT A STAND ALONE WORK ORDER SEGMENT.',0000000004,0.00,0.00,0.00,0000000000,0,0.00,1,'METALSIGMAUSER','2019-02-27 11:09:06','METALSIGMAUSER','2019-04-25 17:18:46'),(0000000072,'071','','REMOVE PAINT FROM','USING ABRASIVE OR CHEMICAL MEANS TO SEPARATE PAINT FROM A SURFACE.',0000000004,0.00,0.00,0.00,0000000000,0,0.00,1,'METALSIGMAUSER','2019-02-27 11:09:06','METALSIGMAUSER','2019-04-25 17:18:46'),(0000000073,'072','','PAINT','PAINTING OR COVERING A SURFACE WITH A PROTECTIVE FINISH INCLUDING PRIMER',0000000004,0.00,0.00,0.00,0000000000,0,0.00,1,'METALSIGMAUSER','2019-02-27 11:09:06','METALSIGMAUSER','2019-04-25 17:18:46'),(0000000074,'073','','TOUCH-UP','TO APPLY PAINT AS REQUIRED RESTORING APPEARANCE OF UNIT.',0000000004,0.00,0.00,0.00,0000000000,0,0.00,1,'METALSIGMAUSER','2019-02-27 11:09:06','METALSIGMAUSER','2019-04-25 17:18:46'),(0000000075,'074','','WASH','TO REMOVE FOREIGN OR UNWANTED MATERIAL FROM A MACHINE BY MEANS OF A FLOWING LIQUID. THIS WOULD BE USED AS A STAND ALONE WORK ORDER SEGMENT.',0000000004,0.00,0.00,0.00,0000000000,0,0.00,1,'METALSIGMAUSER','2019-02-27 11:09:06','METALSIGMAUSER','2019-04-25 17:18:46'),(0000000076,'075','','PACKAGE','TO ATTACH TOGETHER MULTIPLE UNITS.',0000000004,0.00,0.00,0.00,0000000000,0,0.00,1,'METALSIGMAUSER','2019-02-27 11:09:06','METALSIGMAUSER','2019-04-25 17:18:46'),(0000000077,'076','','SEPARATE','SEPARATING OR DIVIDING INTO CONSTITUENT OR DISTINCT PARTS SUCH AS SEPARATING THE ENGINE FROM GENERATOR. USE 029-SEPARATE & CONNECT',0000000004,0.00,0.00,0.00,0000000000,0,0.00,1,'METALSIGMAUSER','2019-02-27 11:09:06','METALSIGMAUSER','2019-04-25 17:18:46'),(0000000078,'077','','CONNECT','CONNECTING OR BRINGING TOGETHER INTO CONTACT SUCH AS CONNECTING THE GENERATOR TO THE ENGINE. USE 029-SEPARATE & CONNECT',0000000004,0.00,0.00,0.00,0000000000,0,0.00,1,'METALSIGMAUSER','2019-02-27 11:09:06','METALSIGMAUSER','2019-04-25 17:18:46'),(0000000079,'078','','FASTEN','TO ATTACH ONE COMPONENT TO ANOTHER COMPONENT.',0000000004,0.00,0.00,0.00,0000000000,0,0.00,1,'METALSIGMAUSER','2019-02-27 11:09:06','METALSIGMAUSER','2019-04-25 17:18:46'),(0000000080,'079','','TORQUE','TO TIGHTEN DOWN FASTENERS (IE NUTS AND BOLTS) TO A SPECIFIED MEASUREMENT.',0000000004,0.00,0.00,0.00,0000000000,0,0.00,1,'METALSIGMAUSER','2019-02-27 11:09:06','METALSIGMAUSER','2019-04-25 17:18:46'),(0000000081,'080','','POLISH','USING A FINE CROCUS CLOTH OR EMERY CLOTH TO CREATE A SMOOTH SURFACE ON A MACHINED COMPONENT.\r\n',0000000004,0.00,0.00,0.00,0000000000,0,0.00,1,'METALSIGMAUSER','2019-02-27 11:09:06','METALSIGMAUSER','2019-04-25 17:18:46'),(0000000082,'081','','TEST','PROCEDURE INTENDED TO ESTABLISH THE QUALITY, PERFORMANCE, OR RELIABILITY OF SOMETHING',0000000004,0.00,0.00,0.00,0000000000,0,0.00,1,'METALSIGMAUSER','2019-02-27 11:09:06','METALSIGMAUSER','2019-04-25 17:18:46'),(0000000083,'082','','MEASURE','ASCERTAIN THE SIZE, AMOUNT, OR DEGREE OF (SOMETHING) BY USING AN INSTRUMENT OR DEVICE MARKED IN STANDARD UNITS OR BY COMPARING IT WITH AN OBJECT OF KNOWN SIZE.',0000000004,0.00,0.00,0.00,0000000000,0,0.00,1,'METALSIGMAUSER','2019-02-27 11:09:06','METALSIGMAUSER','2019-04-25 17:18:46'),(0000000084,'083','','COUNTERBORE','PERFORM MACHINING PROCESS TO ENLARGE AN EXISTING BORE.',0000000004,0.00,0.00,0.00,0000000000,0,0.00,1,'METALSIGMAUSER','2019-02-27 11:09:06','METALSIGMAUSER','2019-04-25 17:18:46'),(0000000085,'084','','TILT','TO SITUATE A COMPONENT AT AN ANGLE ON THE UNIT, WHICH ALLOWS FOR FURTHER WORK TO BE PERFORMED.',0000000004,0.00,0.00,0.00,0000000000,0,0.00,1,'METALSIGMAUSER','2019-02-27 11:09:06','METALSIGMAUSER','2019-04-25 17:18:46'),(0000000086,'085','','CHROME PLATE','PROCESS OF COATING A METALLIC SURFACE WITH A LAYER OF CHROME METAL.',0000000004,0.00,0.00,0.00,0000000000,0,0.00,1,'METALSIGMAUSER','2019-02-27 11:09:06','METALSIGMAUSER','2019-04-25 17:18:46'),(0000000087,'086','','LUBRICATE','INJECT OR APPLY A SUBSTANCE SUCH AS OIL OR GREASE TO AN ENGINE OR COMPONENT TO MINIMIZE FRICTION AND ALLOW SMOOTH MOVEMENT.',0000000004,0.00,0.00,0.00,0000000000,0,0.00,1,'METALSIGMAUSER','2019-02-27 11:09:06','METALSIGMAUSER','2019-04-25 17:18:46'),(0000000088,'087','','PREPARE DYNAMOMETER TEST','TO MAKE THE DYNAMOMETER TEST AREA READY FOR TESTING.',0000000004,0.00,0.00,0.00,0000000000,0,0.00,1,'METALSIGMAUSER','2019-02-27 11:09:06','METALSIGMAUSER','2019-04-25 17:18:46'),(0000000089,'088','','PREPARE LOAD BANK TEST','TO CONNECT ELECTRICAL CONNECTORS OF A POWER GENERATOR SET TO A SPECIFIED LOAD TEST TO CHECK KW, AMPERES, AND VOLTAGE.',0000000004,0.00,0.00,0.00,0000000000,0,0.00,1,'METALSIGMAUSER','2019-02-27 11:09:06','METALSIGMAUSER','2019-04-25 17:18:46'),(0000000090,'089','','INTERVIEW CUSTOMER ABOUT','QUESTIONING OR INTERVIEWING CUSTOMER TO DISCOVER THEIR OPINIONS OR EXPERIENCE.',0000000004,0.00,0.00,0.00,0000000000,0,0.00,1,'METALSIGMAUSER','2019-02-27 11:09:06','METALSIGMAUSER','2019-04-25 17:18:46'),(0000000091,'500','','LABOR EXCEEDING TRG','TO IDENTIFY SITUATIONS WHERE ACTUAL LABOR HOURS PERFORMED WERE GREATER THAN THE TRUCK ENGINE REPAIR GUIDE HOURS AND CLAIM FOR ACTUAL HOURS.',0000000004,0.00,0.00,0.00,0000000000,0,0.00,1,'METALSIGMAUSER','2019-02-27 11:09:06','METALSIGMAUSER','2019-04-25 17:18:46'),(0000000092,'501','','TRG OVERTIME','THE AMOUNT OF TIME ABOVE THE NORMAL/PUBLISHED TIME REQUIRED TO PERFORM THE IDENTIFIED WORK.',0000000004,0.00,0.00,0.00,0000000000,0,0.00,1,'METALSIGMAUSER','2019-02-27 11:09:06','METALSIGMAUSER','2019-04-25 17:18:46'),(0000000093,'502','','SHARPEN','PROCESS OF REMOVING METAL FROM A DULL EDGE OR POINT.',0000000004,0.00,0.00,0.00,0000000000,0,0.00,1,'METALSIGMAUSER','2019-02-27 11:09:06','METALSIGMAUSER','2019-04-25 17:18:46'),(0000000094,'503','','PRINT','INFORMATION TRANSLATED THROUGH A PRINTER AND PUT ON PAPER.',0000000004,0.00,0.00,0.00,0000000000,0,0.00,1,'METALSIGMAUSER','2019-02-27 11:09:06','METALSIGMAUSER','2019-04-25 17:18:46'),(0000000095,'504','','CONFIGURE','TO SET UP FOR THE PURPOSE OF USING THE CAT ELECTRONIC TECHNICIAN (ET).',0000000004,0.00,0.00,0.00,0000000000,0,0.00,1,'METALSIGMAUSER','2019-02-27 11:09:06','METALSIGMAUSER','2019-04-25 17:18:46'),(0000000096,'505','','CONTAIN','KEEP WITHIN LIMITS.',0000000004,0.00,0.00,0.00,0000000000,0,0.00,1,'METALSIGMAUSER','2019-02-27 11:09:06','METALSIGMAUSER','2019-04-25 17:18:46'),(0000000097,'506','','RAISE','TO TAKE A UNIT UP FROM ITS CURRENT POSITION TO ANOTHER POSITION OR LEVEL.',0000000004,0.00,0.00,0.00,0000000000,0,0.00,1,'METALSIGMAUSER','2019-02-27 11:09:06','METALSIGMAUSER','2019-04-25 17:18:46'),(0000000098,'507','','CUT & ANALYZE','THE ACT OF CUTTING APART OR INTO PIECES AND THE PROCESS OF MAKING A DETERMINATION.',0000000004,0.00,0.00,0.00,0000000000,0,0.00,1,'METALSIGMAUSER','2019-02-27 11:09:06','METALSIGMAUSER','2019-04-25 17:18:46'),(0000000099,'508','','LIFT & BLOCK','RAISE A UNIT USING A JACK OR HOIST, PLACE THE UNIT ON A PLATFORM OR BLOCKS, AND LOWER THE UNIT.',0000000004,0.00,0.00,0.00,0000000000,0,0.00,1,'METALSIGMAUSER','2019-02-27 11:09:06','METALSIGMAUSER','2019-04-25 17:18:46'),(0000000100,'509','','LOWER','TO TAKE A UNIT DOWN FROM ITS CURRENT POSITION TO ANOTHER POSITION OR LEVEL.',0000000004,0.00,0.00,0.00,0000000000,0,0.00,1,'METALSIGMAUSER','2019-02-27 11:09:06','METALSIGMAUSER','2019-04-25 17:18:46'),(0000000101,'510','','REPLACE','USE A NEW COMPONENT TO TAKE THE PLACE OF AN EXISTING COMPONENT.',0000000004,0.00,0.00,0.00,0000000000,0,0.00,1,'METALSIGMAUSER','2019-02-27 11:09:06','METALSIGMAUSER','2019-04-25 17:18:46'),(0000000102,'511','','REPLACE WITH NEW','UTILIZING A NEW CAT PART OR COMPONENT, INCLUDES THE INCREMENTAL LABOR NEEDED TO UNPACK, REMOVE PROTECTIVE SHIPPING GREASE OR ITEMS, TRANSFER NECESSARY REUSABLE COMPONENTS AS NEEDED. DOES NOT INCLUDE THE NORMAL REMOVAL AND INSTALLATION LABOR OF THE COMPONENT.',0000000004,0.00,0.00,0.00,0000000000,0,0.00,1,'METALSIGMAUSER','2019-02-27 11:09:06','METALSIGMAUSER','2019-04-25 17:18:46'),(0000000103,'513','','REPLACE WITH CAT REMAN','UTILIZING A CAT REMAN PART OR COMPONENT, INCLUDES THE INCREMENTAL LABOR NEEDED TO UNPACK, REMOVE PROTECTIVE SHIPPING GREASE OR ITEMS, TRANSFER NECESSARY REUSABLE COMPONENTS AS NEEDED, AND INSPECTING AND PACKAGING A CORE FOR RETURN. DOES NOT INCLUDE THE NORMAL REMOVAL AND INSTALLATION LABOR OF THE CO',0000000004,0.00,0.00,0.00,0000000000,0,0.00,1,'METALSIGMAUSER','2019-02-27 11:09:06','METALSIGMAUSER','2019-04-25 17:18:46'),(0000000104,'515','','REGENERATE','BURNING OFF THE COLLECTED SOOT IN THE DIESEL PARTICULATE FILTER AT HIGH TEMPERATURE TO LEAVE ONLY A TINY ASH RESIDUE.',0000000004,0.00,0.00,0.00,0000000000,0,0.00,1,'METALSIGMAUSER','2019-02-27 11:09:06','METALSIGMAUSER','2019-04-25 17:18:46'),(0000000105,'517','','FIT & SHIM','FIT OR PUT (SOMETHING) INTO PLACE WITH A THIN SHEET OR METAL TO COMPENSATE FOR WEAR OR UNEVENNESS.',0000000004,0.00,0.00,0.00,0000000000,0,0.00,1,'METALSIGMAUSER','2019-02-27 11:09:06','METALSIGMAUSER','2019-04-25 17:18:46'),(0000000106,'518','','ROTATE','ROTATE ROLLERS FOR PM',0000000004,0.00,0.00,0.00,0000000000,0,0.00,1,'METALSIGMAUSER','2019-02-27 11:09:06','METALSIGMAUSER','2019-04-25 17:18:46'),(0000000107,'520','','OVERHAUL','GENERIC TERM USED TO DESCRIBE A NON-SPECIFIC ENGINE RECONDITION.',0000000004,0.00,0.00,0.00,0000000000,0,0.00,1,'METALSIGMAUSER','2019-02-27 11:09:06','METALSIGMAUSER','2019-04-25 17:18:46'),(0000000108,'522','','R&I, RECON BEFORE FAILURE','BASED ON A PLANNED INTERVAL (SMU, ETC.), THE REMOVAL OF AN OPERABLE COMPONENT FOLLOWED BY A REBUILDING OR RESTORING OF THAT COMPONENT TO LIKE NEW CONDITION, AND A SUBSEQUENT REINSTALLATION OF THE SAME COMPONENT.  USE WHEN THERE IS NO OBVIOUS REASON TO HAVE A SEPARATE JOB TO REMOVE & INSTALL AND A SE',0000000004,0.00,0.00,0.00,0000000000,0,0.00,1,'METALSIGMAUSER','2019-02-27 11:09:06','METALSIGMAUSER','2019-04-25 17:18:46'),(0000000109,'523','','R&I, RECON AFTER FAILURE','THE REMOVAL OF AN INOPERABLE COMPONENT, FOLLOWED BY A REBUILDING OR RESTORING OF THAT COMPONENT TO LIKE NEW CONDITION, AND A SUBSEQUENT REINSTALLATION OF THE SAME COMPONENT.  USE WHEN THERE IS NO OBVIOUS REASON TO HAVE A SEPARATE JOB TO R&I, AND A SECOND JOB TO RECONDITION, AND THE COMPONENT HAS FAI',0000000004,0.00,0.00,0.00,0000000000,0,0.00,1,'METALSIGMAUSER','2019-02-27 11:09:06','METALSIGMAUSER','2019-04-25 17:18:46'),(0000000110,'524','','CALIBRATE','CORRELATE THE READINGS OF MACHINE, ENGINE, GENERATOR, OR TOOL WITH THOSE OF A STANDARD TO CHECK THE ACCURACY.',0000000004,0.00,0.00,0.00,0000000000,0,0.00,1,'METALSIGMAUSER','2019-02-27 11:09:06','METALSIGMAUSER','2019-04-25 17:18:46'),(0000000111,'525','','LOOSEN & TIGHTEN','TO MAKE LESS TIGHT AND THEN MAKE TIGHTER.',0000000004,0.00,0.00,0.00,0000000000,0,0.00,1,'METALSIGMAUSER','2019-02-27 11:09:06','METALSIGMAUSER','2019-04-25 17:18:46'),(0000000112,'526','','LOOSEN','TO MAKE LESS TIGHT.',0000000004,0.00,0.00,0.00,0000000000,0,0.00,1,'METALSIGMAUSER','2019-02-27 11:09:06','METALSIGMAUSER','2019-04-25 17:18:46'),(0000000113,'527','','TIGHTEN/TORQUE','MAKE OR BECOME TIGHT OR TIGHTER. INCLUDES UTILIZING A TORQUE WRENCH IF REQUIRED.',0000000004,0.00,0.00,0.00,0000000000,0,0.00,1,'METALSIGMAUSER','2019-02-27 11:09:06','METALSIGMAUSER','2019-04-25 17:18:46'),(0000000114,'528','','REPLACE BUSHING/BEARING','REMOVE EXISTING BUSHING OR BEARING AND INSTALL NEW BUSHING OR BEARING. DOES NOT INCLUDE SEALS.',0000000004,0.00,0.00,0.00,0000000000,0,0.00,1,'METALSIGMAUSER','2019-02-27 11:09:06','METALSIGMAUSER','2019-04-25 17:18:46'),(0000000115,'529','','SET','THE ACT OF PUTTING SOMETHING IN POSITION.',0000000004,0.00,0.00,0.00,0000000000,0,0.00,1,'METALSIGMAUSER','2019-02-27 11:09:06','METALSIGMAUSER','2019-04-25 17:18:46'),(0000000116,'530','','ROAD TEST','TO OPERATE ON THE ROAD FOR PERFORMANCE.',0000000004,0.00,0.00,0.00,0000000000,0,0.00,1,'METALSIGMAUSER','2019-02-27 11:09:06','METALSIGMAUSER','2019-04-25 17:18:46'),(0000000117,'531','','TIME','ADJUST SO THAT A FORCE IS APPLIED AN ACTION OCCURS AT THE DESIRED TIME.',0000000004,0.00,0.00,0.00,0000000000,0,0.00,1,'METALSIGMAUSER','2019-02-27 11:09:06','METALSIGMAUSER','2019-04-25 17:18:46'),(0000000118,'532','','VIMS TEST','VERIFY PERFORMANCE OF THE VITAL INFORMATION MANAGEMENT SYSTEM.',0000000004,0.00,0.00,0.00,0000000000,0,0.00,1,'METALSIGMAUSER','2019-02-27 11:09:06','METALSIGMAUSER','2019-04-25 17:18:46'),(0000000119,'535','','CHECK','THE ACT OF VERIFYING. PRIMARILY FOR PM USE',0000000004,0.00,0.00,0.00,0000000000,0,0.00,1,'METALSIGMAUSER','2019-02-27 11:09:06','METALSIGMAUSER','2019-04-25 17:18:46'),(0000000120,'536','','RUN','THE ACT OF TESTING ENGINE PERFORMANCE.',0000000004,0.00,0.00,0.00,0000000000,0,0.00,1,'METALSIGMAUSER','2019-02-27 11:09:06','METALSIGMAUSER','2019-04-25 17:18:46'),(0000000121,'538','','ADD',' TO PUT SOMETHING IN OR ADD SOMETHING TO IMPROVE OR ALTER THE LEVEL, QUALITY, OR MAKEUP. PRIMARILY FOR PM USE',0000000004,0.00,0.00,0.00,0000000000,0,0.00,1,'METALSIGMAUSER','2019-02-27 11:09:06','METALSIGMAUSER','2019-04-25 17:18:46'),(0000000122,'539','','CUSTOMER PERFORMS','THE CUSTOMER CARRIES OUT AN ACTION.',0000000004,0.00,0.00,0.00,0000000000,0,0.00,1,'METALSIGMAUSER','2019-02-27 11:09:06','METALSIGMAUSER','2019-04-25 17:18:46'),(0000000123,'540','','PERFORM','PERFORM, COMPLETE, CARRY-OUT, OR FULFILL. TO CARRY OUT AN ACTION.',0000000004,0.00,0.00,0.00,0000000000,0,0.00,1,'METALSIGMAUSER','2019-02-27 11:09:06','METALSIGMAUSER','2019-04-25 17:18:46'),(0000000124,'541','','EVACUATE & SAVE','TO REMOVE GAS/REFRIGERANT FROM A COMPONENT AND COLLECT THE EXTRACTED GAS/REFRIGERANT IN A STORAGE CONTAINER.',0000000004,0.00,0.00,0.00,0000000000,0,0.00,1,'METALSIGMAUSER','2019-02-27 11:09:06','METALSIGMAUSER','2019-04-25 17:18:46'),(0000000125,'542','','PURGE','TO REMOVE AIR FROM PRESSURIZED HYDRAULIC OR BRAKE LINES.',0000000004,0.00,0.00,0.00,0000000000,0,0.00,1,'METALSIGMAUSER','2019-02-27 11:09:06','METALSIGMAUSER','2019-04-25 17:18:46'),(0000000126,'543','','DRAIN','TO REMOVE LIQUIDS FROM COMPONENTS.',0000000004,0.00,0.00,0.00,0000000000,0,0.00,1,'METALSIGMAUSER','2019-02-27 11:09:06','METALSIGMAUSER','2019-04-25 17:18:46'),(0000000127,'544','','REFILL','TO FILL FLUID INTO SOMETHING.',0000000004,0.00,0.00,0.00,0000000000,0,0.00,1,'METALSIGMAUSER','2019-02-27 11:09:06','METALSIGMAUSER','2019-04-25 17:18:46'),(0000000128,'545','','RECEIVE','TO ACKNOWLEDGE THE ARRIVAL OF A UNIT OR COMPONENT.',0000000004,0.00,0.00,0.00,0000000000,0,0.00,1,'METALSIGMAUSER','2019-02-27 11:09:06','METALSIGMAUSER','2019-04-25 17:18:46'),(0000000129,'546','','IDENTIFY','ESTABLISH THE IDENTITY OF SOMETHING.',0000000004,0.00,0.00,0.00,0000000000,0,0.00,1,'METALSIGMAUSER','2019-02-27 11:09:06','METALSIGMAUSER','2019-04-25 17:18:46'),(0000000130,'547','','VACUUMIZE','TO CREATE A VACUUM IN.',0000000004,0.00,0.00,0.00,0000000000,0,0.00,1,'METALSIGMAUSER','2019-02-27 11:09:06','METALSIGMAUSER','2019-04-25 17:18:46'),(0000000131,'548','','PRIME','TO ADD WITH NECESSARY FLUID BEFORE STARTING.',0000000004,0.00,0.00,0.00,0000000000,0,0.00,1,'METALSIGMAUSER','2019-02-27 11:09:06','METALSIGMAUSER','2019-04-25 17:18:46'),(0000000132,'549','','KNURL','PERFORM MACHINING PROCESS TO CREATE A SERIES OF RIDGES ON A METAL SURFACE.',0000000004,0.00,0.00,0.00,0000000000,0,0.00,1,'METALSIGMAUSER','2019-02-27 11:09:06','METALSIGMAUSER','2019-04-25 17:18:46'),(0000000133,'550','','COMPRESS','TO PLACE UNDER PRESSURE OR TO SQUEEZE INTO A SMALL SPACE.',0000000004,0.00,0.00,0.00,0000000000,0,0.00,1,'METALSIGMAUSER','2019-02-27 11:09:06','METALSIGMAUSER','2019-04-25 17:18:46'),(0000000134,'551','','MOVE','TO TAKE AN ITEM FROM ONE AREA OR LOCATION TO ANOTHER.',0000000004,0.00,0.00,0.00,0000000000,0,0.00,1,'METALSIGMAUSER','2019-02-27 11:09:06','METALSIGMAUSER','2019-04-25 17:18:46'),(0000000135,'552','','TOW','TO PULL OR HAUL (A TRUCK, TRAILER, MACHINE, ENGINE ETC.) BY A ROPE, CHAIN, OR OTHER DEVICE.',0000000004,0.00,0.00,0.00,0000000000,0,0.00,1,'METALSIGMAUSER','2019-02-27 11:09:06','METALSIGMAUSER','2019-04-25 17:18:46'),(0000000136,'553','','RELEASE','TO LET GO OR DISCHARGE.',0000000004,0.00,0.00,0.00,0000000000,0,0.00,1,'METALSIGMAUSER','2019-02-27 11:09:06','METALSIGMAUSER','2019-04-25 17:18:46'),(0000000137,'554','','OBTAIN','TO COME INTO POSSESSION OF.',0000000004,0.00,0.00,0.00,0000000000,0,0.00,1,'METALSIGMAUSER','2019-02-27 11:09:06','METALSIGMAUSER','2019-04-25 17:18:46'),(0000000138,'555','','UNLOAD','TO UNSECURE AND REMOVE A UNIT FROM THE TRANSPORTING VEHICLE.',0000000004,0.00,0.00,0.00,0000000000,0,0.00,1,'METALSIGMAUSER','2019-02-27 11:09:06','METALSIGMAUSER','2019-04-25 17:18:46'),(0000000139,'556','','LOAD','TO PLACE A UNIT ONTO AND SECURE TO A TRANSPORTING VEHICLE.',0000000004,0.00,0.00,0.00,0000000000,0,0.00,1,'METALSIGMAUSER','2019-02-27 11:09:06','METALSIGMAUSER','2019-04-25 17:18:46'),(0000000140,'557','','SUPPLY PARTS','PROVIDE PARTS FOR USE.',0000000004,0.00,0.00,0.00,0000000000,0,0.00,1,'METALSIGMAUSER','2019-02-27 11:09:06','METALSIGMAUSER','2019-04-25 17:18:46'),(0000000141,'558','','RESHELL','TO REBUILD UNDERCARRIAGE COMPONENTS, TYPICALLY ROLLERS.',0000000004,0.00,0.00,0.00,0000000000,0,0.00,1,'METALSIGMAUSER','2019-02-27 11:09:06','METALSIGMAUSER','2019-04-25 17:18:46'),(0000000142,'560','','CUT','TO SEVER AN OBJECT, USUALLY IN RELATION TO METAL.',0000000004,0.00,0.00,0.00,0000000000,0,0.00,1,'METALSIGMAUSER','2019-02-27 11:09:06','METALSIGMAUSER','2019-04-25 17:18:46'),(0000000143,'561','','RECYCLE','USE AGAIN AFTER PROCESSING.',0000000004,0.00,0.00,0.00,0000000000,0,0.00,1,'METALSIGMAUSER','2019-02-27 11:09:06','METALSIGMAUSER','2019-04-25 17:18:46'),(0000000144,'569','','DRY','TO ELIMINATE MOISTURE.',0000000004,0.00,0.00,0.00,0000000000,0,0.00,1,'METALSIGMAUSER','2019-02-27 11:09:06','METALSIGMAUSER','2019-04-25 17:18:46'),(0000000145,'570','','STEAM CLEAN','TO CLEAN WITH A HIGH-PRESSURE JET OF STEAM.',0000000004,0.00,0.00,0.00,0000000000,0,0.00,1,'METALSIGMAUSER','2019-02-27 11:09:06','METALSIGMAUSER','2019-04-25 17:18:46'),(0000000146,'571','','CLEAN & INSPECT','A COMBINATION OF CLEAN AND INSPECT.',0000000004,0.00,0.00,0.00,0000000000,0,0.00,1,'METALSIGMAUSER','2019-02-27 11:09:06','METALSIGMAUSER','2019-04-25 17:18:46'),(0000000147,'572','','OPEN','TO MAKE AVAILABLE.',0000000004,0.00,0.00,0.00,0000000000,0,0.00,1,'METALSIGMAUSER','2019-02-27 11:09:06','METALSIGMAUSER','2019-04-25 17:18:46'),(0000000148,'573','','CLOSE','TO MAKE UNAVAILABLE.',0000000004,0.00,0.00,0.00,0000000000,0,0.00,1,'METALSIGMAUSER','2019-02-27 11:09:06','METALSIGMAUSER','2019-04-25 17:18:46'),(0000000149,'574','','VACUUM','TO CREATE AN ABSENCE OF MATTER.',0000000004,0.00,0.00,0.00,0000000000,0,0.00,1,'METALSIGMAUSER','2019-02-27 11:09:06','METALSIGMAUSER','2019-04-25 17:18:46'),(0000000150,'575','','SHRINK WRAP','A CLEAR PLASTIC FILM, WHEN HEATED, MOLDS TO THE OBJECT TO PROTECT FROM DUST AND MOISTURE.',0000000004,0.00,0.00,0.00,0000000000,0,0.00,1,'METALSIGMAUSER','2019-02-27 11:09:06','METALSIGMAUSER','2019-04-25 17:18:46'),(0000000151,'576','','RECOVER','THE PROCESS OF RECLAIMING FOR REUSE.',0000000004,0.00,0.00,0.00,0000000000,0,0.00,1,'METALSIGMAUSER','2019-02-27 11:09:06','METALSIGMAUSER','2019-04-25 17:18:46'),(0000000152,'577','','UNPACK','TO TAKE THE CONTENTS OUT OF A CONTAINER.',0000000004,0.00,0.00,0.00,0000000000,0,0.00,1,'METALSIGMAUSER','2019-02-27 11:09:06','METALSIGMAUSER','2019-04-25 17:18:46'),(0000000153,'578','','UNPACK / PACK','A COMBINATION OF REMOVING CONTENTS OF A CONTAINER AND PLACING CONTENTS BACK INTO A CONTAINER.',0000000004,0.00,0.00,0.00,0000000000,0,0.00,1,'METALSIGMAUSER','2019-02-27 11:09:06','METALSIGMAUSER','2019-04-25 17:18:46'),(0000000154,'580','','SPECIAL CLEAN','TO CLEAN IN MORE DETAIL REQUIRING MORE TIME THAN A CLEAN JOB.',0000000004,0.00,0.00,0.00,0000000000,0,0.00,1,'METALSIGMAUSER','2019-02-27 11:09:06','METALSIGMAUSER','2019-04-25 17:18:46'),(0000000155,'581','','MEGATEST','SPECIAL ELECTRICAL TEST ON ROTORS, STATORS, EXCITER, BEFORE AND AFTER REPAIR.',0000000004,0.00,0.00,0.00,0000000000,0,0.00,1,'METALSIGMAUSER','2019-02-27 11:09:06','METALSIGMAUSER','2019-04-25 17:18:46'),(0000000156,'587','','SET UP','THE PROCESS OF MAKING SOMETHING (SUCH AS A MACHINE OR ENGINE) READY TO BE USED.',0000000004,0.00,0.00,0.00,0000000000,0,0.00,1,'METALSIGMAUSER','2019-02-27 11:09:06','METALSIGMAUSER','2019-04-25 17:18:46'),(0000000157,'590','','MODIFY','TO MAKE A UNIQUE CHANGE TO A COMPONENT OR ITEM BEING REPAIRED.',0000000004,0.00,0.00,0.00,0000000000,0,0.00,1,'METALSIGMAUSER','2019-02-27 11:09:06','METALSIGMAUSER','2019-04-25 17:18:46'),(0000000158,'591','','REPROGRAM','FLASH UPDATE OR PROGRAM AN ENGINE CONTROL MODULE (ECM), OR ANY OTHER CONTROL MODULE, ETC.',0000000004,0.00,0.00,0.00,0000000000,0,0.00,1,'METALSIGMAUSER','2019-02-27 11:09:06','METALSIGMAUSER','2019-04-25 17:18:46'),(0000000159,'595','','PERFORM PRODUCT UPDATE ON','CODE IS USED WHEN PERFORMING FACTORY DIRECTED PRODUCT REPAIRS SUCH AS SERVICE LETTERS. TO APPLY CHANGES TO A MACHINE OR COMPONENT WHICH UPDATES THE PRODUCT TO NEWER SPECIFICATIONS.',0000000004,0.00,0.00,0.00,0000000000,0,0.00,1,'METALSIGMAUSER','2019-02-27 11:09:06','METALSIGMAUSER','2019-04-25 17:18:46'),(0000000160,'596','','PERF EPA EMISS TEST ON','TO VALIDATE ENGINE EMISSIONS WITHIN THE ENVIRONMENTAL PROTECTION AGENCY (EPA) GUIDELINES/REGULATIONS.',0000000004,0.00,0.00,0.00,0000000000,0,0.00,1,'METALSIGMAUSER','2019-02-27 11:09:06','METALSIGMAUSER','2019-04-25 17:18:46'),(0000000161,'597','','EVACUATE & CHARGE','TRG USE. TO EVACUATE A/C REFRIGERANT FROM A/C SYSTEM, PULL A VACUUM FOR A LENGTH OF TIME, RECHARGE A/C SYSTEM WITH REFRIGERANT',0000000004,0.00,0.00,0.00,0000000000,0,0.00,1,'METALSIGMAUSER','2019-02-27 11:09:06','METALSIGMAUSER','2019-04-25 17:18:46'),(0000000162,'598','','DOWNLOAD/UPLOAD','OBTAIN SOFTWARE, PASSWORDS, ETC. VIA ELECTRONIC MEANS.',0000000004,0.00,0.00,0.00,0000000000,0,0.00,1,'METALSIGMAUSER','2019-02-27 11:09:06','METALSIGMAUSER','2019-04-25 17:18:46'),(0000000163,'600','','ACTIVATE','TO MAKE ACTIVE OR OPERATIVE.',0000000004,0.00,0.00,0.00,0000000000,0,0.00,1,'METALSIGMAUSER','2019-02-27 11:09:06','METALSIGMAUSER','2019-04-25 17:18:46'),(0000000164,'601','','DEACTIVATION','TO MAKE INACTIVE, INEFFECTIVE, OR INOPERABLE.',0000000004,0.00,0.00,0.00,0000000000,0,0.00,1,'METALSIGMAUSER','2019-02-27 11:09:06','METALSIGMAUSER','2019-04-25 17:18:46'),(0000000165,'602','','ASH BURN','SPECIFIC TO BURNING OFF ASH BUILDUP IN AN AFTERTREATMENT COMPONENT',0000000004,0.00,0.00,0.00,0000000000,0,0.00,1,'METALSIGMAUSER','2019-02-27 11:09:06','METALSIGMAUSER','2019-04-25 17:18:46'),(0000000166,'603','','ABRASIVE BLAST','BEAD BLASTING, SAND BLASTING, MEDIA BLASTING, SHOT BLASTING, WET ABRASIVE BLASTING',0000000004,0.00,0.00,0.00,0000000000,0,0.00,1,'METALSIGMAUSER','2019-02-27 11:09:06','METALSIGMAUSER','2019-04-25 17:18:46'),(0000000167,'604','','THERMAL SPRAY','PROCESSES (BESIDES WELDING) IN WHICH MELTED (HEATED) MATERIALS ARE SPRAYED ON A SURFACE. PLASMA SPRAYING, DETONATION SPRAYING, WIRE ARC SPRAYING, FLAME SPRAYING, HIGH VELOCITY OXY-FUEL COATING SPRAYING (HVOF), HIGH VELOCITY AIR FUEL (HVAF), WARM SPRAYING, COLD SPRAYING.',0000000004,0.00,0.00,0.00,0000000000,0,0.00,1,'METALSIGMAUSER','2019-02-27 11:09:06','METALSIGMAUSER','2019-04-25 17:18:46'),(0000000168,'605','','TURN / REPOSITION','TRG USE, JOB OPERATION DETAIL TO MOVE A PART OR COMPONENT OUT OF THE WAY FOR ANOTHER COMPONENT REMOVAL.',0000000004,0.00,0.00,0.00,0000000000,0,0.00,1,'METALSIGMAUSER','2019-02-27 11:09:06','METALSIGMAUSER','2019-04-25 17:18:46'),(0000000169,'606','','COMMISSION','THE FUNCTIONAL VERIFICATION OF EQUIPMENT GROUPED TOGETHER IN A SYSTEM. TESTING, OBSERVATIONS, AND MEASUREMENTS ARE PERFORMED TO ENSURE THAT THE INSTALLED EQUIPMENT AND SYSTEMS MEET THE DESIGN SPECIFICATIONS.',0000000004,0.00,0.00,0.00,0000000000,0,0.00,1,'METALSIGMAUSER','2019-02-27 11:09:06','METALSIGMAUSER','2019-04-25 17:18:46'),(0000000170,'607','','KIDNEY LOOP','TO INSTALL, PERFORM, AND REMOVE A KIDNEY LOOP FILTRATION SYSTEM TO CLEAN OIL OR FLUID TO A KNOWN CLEANLINESS SPECIFICATION.',0000000004,0.00,0.00,0.00,0000000000,0,0.00,1,'METALSIGMAUSER','2019-02-27 11:09:06','METALSIGMAUSER','2019-04-25 17:18:46'),(0000000171,'608','','FURNISH','TO SUPPLY, PROVIDE, OR GIVE (SOMETHING)',0000000004,0.00,0.00,0.00,0000000000,0,0.00,1,'METALSIGMAUSER','2019-02-27 11:09:06','METALSIGMAUSER','2019-04-25 17:18:46'),(0000000172,'609','','HVOF','TO UTILIZE THE HIGH-VELOCITY OXYGEN FUEL SPRAYING PROCESS',0000000004,0.00,0.00,0.00,0000000000,0,0.00,1,'METALSIGMAUSER','2019-02-27 11:09:06','METALSIGMAUSER','2019-04-25 17:18:46'),(0000000173,'610','','PRELIMINARY / POST-INSPEC','TO DOCUMENT THE CONDITION OF THE MACHINE WHEN IT ARRIVES AND BEFORE IT LEAVES.  IT ELIMINATES CUSTOMER DISPUTES LETTING THEM KNOW THE CONDITION OF THEIR MACHINE WHEN IT CAME IN AND BEFORE IT LEAVES.',0000000004,0.00,0.00,0.00,0000000000,0,0.00,1,'METALSIGMAUSER','2019-02-27 11:09:06','METALSIGMAUSER','2019-04-25 17:18:46'),(0000000174,'611','','PERFORM UPGRADE','USED WHEN UPGRADING COMPONENTS ON A MACHINE OR ENGINE, EXAMPLES ARE ENGINE EMISSIONS REPOWERS, ADDING UPGRADES AND ENHANCEMENT COMPONENTS LIKE STAIR LADDERS, LED LIGHTS ETC.',0000000004,0.00,0.00,0.00,0000000000,0,0.00,1,'METALSIGMAUSER','2019-02-27 11:09:06','METALSIGMAUSER','2019-04-25 17:18:46'),(0000000175,'612','','PERFORM FAILURE ANALYSIS','THE PROCESS OF ESTABLISHING THE ROOT CAUSE OF A FAILED COMPONENT OR PART.',0000000004,0.00,0.00,0.00,0000000000,0,0.00,1,'METALSIGMAUSER','2019-02-27 11:09:06','METALSIGMAUSER','2019-04-25 17:18:46'),(0000000176,'613','','PERF REMOTE TROUBLESHOOT','FOR FUTURE USE - REMOTE SERVICES - READ/TROUBLESHOOT ECM(S) INFO VIA WIFI ENABLED EQUIPMENT. USE COMPONENT + 035-ZM TROUBLESHOOT-REMOTE',0000000004,0.00,0.00,0.00,0000000000,0,0.00,1,'METALSIGMAUSER','2019-02-27 11:09:06','METALSIGMAUSER','2019-04-25 17:18:46'),(0000000177,'614','','PERFORM REMOTE FLASH','REMOTE SERVICES - FLASH ECM(S) INFO VIA WIFI ENABLED EQUIPMENT',0000000004,0.00,0.00,0.00,0000000000,0,0.00,1,'METALSIGMAUSER','2019-02-27 11:09:06','METALSIGMAUSER','2019-04-25 17:18:46'),(0000000178,'787','','REWORK','THIS CODE IS USED TO IDENTIFY DEALER JOBS REQUIRING TO BE REDONE OR REWORKED AFTER DELIVERY BACK TO THE CUSTOMER. CODE TO DETERMINE REWORK % METRIC',0000000004,0.00,0.00,0.00,0000000000,0,0.00,1,'METALSIGMAUSER','2019-02-27 11:09:06','METALSIGMAUSER','2019-04-25 17:18:46'),(0000000179,'805','','BATCH SALVAGE','',0000000004,0.00,0.00,0.00,0000000000,0,0.00,1,'METALSIGMAUSER','2019-02-27 11:09:06','METALSIGMAUSER','2019-04-25 17:18:46'),(0000000180,'807','','BATCH RECON AFTER FAILURE','',0000000004,0.00,0.00,0.00,0000000000,0,0.00,1,'METALSIGMAUSER','2019-02-27 11:09:06','METALSIGMAUSER','2019-04-25 17:18:46'),(0000000181,'815','','BATCH DISASSEMBLE','',0000000004,0.00,0.00,0.00,0000000000,0,0.00,1,'METALSIGMAUSER','2019-02-27 11:09:06','METALSIGMAUSER','2019-04-25 17:18:46'),(0000000182,'816','','BATCH ASSEMBLE','',0000000004,0.00,0.00,0.00,0000000000,0,0.00,1,'METALSIGMAUSER','2019-02-27 11:09:06','METALSIGMAUSER','2019-04-25 17:18:46'),(0000000183,'817','','BATCH D&A','',0000000004,0.00,0.00,0.00,0000000000,0,0.00,1,'METALSIGMAUSER','2019-02-27 11:09:06','METALSIGMAUSER','2019-04-25 17:18:46'),(0000000184,'819','','BATCH RECON BEF FAILURE','',0000000004,0.00,0.00,0.00,0000000000,0,0.00,1,'METALSIGMAUSER','2019-02-27 11:09:06','METALSIGMAUSER','2019-04-25 17:18:46'),(0000000185,'820','','BATCH RECONDITION','',0000000004,0.00,0.00,0.00,0000000000,0,0.00,1,'METALSIGMAUSER','2019-02-27 11:09:06','METALSIGMAUSER','2019-04-25 17:18:46'),(0000000186,'821','','BATCH RECON FOR EXCHANGE','',0000000004,0.00,0.00,0.00,0000000000,0,0.00,1,'METALSIGMAUSER','2019-02-27 11:09:06','METALSIGMAUSER','2019-04-25 17:18:46'),(0000000187,'825','','BATCH ADJUST','',0000000004,0.00,0.00,0.00,0000000000,0,0.00,1,'METALSIGMAUSER','2019-02-27 11:09:06','METALSIGMAUSER','2019-04-25 17:18:46'),(0000000188,'830','','BATCH PERFORMANCE TEST','',0000000004,0.00,0.00,0.00,0000000000,0,0.00,1,'METALSIGMAUSER','2019-02-27 11:09:06','METALSIGMAUSER','2019-04-25 17:18:46'),(0000000189,'840','','BATCH INSPECT','',0000000004,0.00,0.00,0.00,0000000000,0,0.00,1,'METALSIGMAUSER','2019-02-27 11:09:06','METALSIGMAUSER','2019-04-25 17:18:46'),(0000000190,'844','','BATCH DRAIN & REFILL','',0000000004,0.00,0.00,0.00,0000000000,0,0.00,1,'METALSIGMAUSER','2019-02-27 11:09:06','METALSIGMAUSER','2019-04-25 17:18:46'),(0000000191,'848','','BATCH TUNE-UP','',0000000004,0.00,0.00,0.00,0000000000,0,0.00,1,'METALSIGMAUSER','2019-02-27 11:09:06','METALSIGMAUSER','2019-04-25 17:18:46'),(0000000192,'849','','BATCH HONE/KNURL','',0000000004,0.00,0.00,0.00,0000000000,0,0.00,1,'METALSIGMAUSER','2019-02-27 11:09:06','METALSIGMAUSER','2019-04-25 17:18:46'),(0000000193,'852','','BATCH TRANSPORT','',0000000004,0.00,0.00,0.00,0000000000,0,0.00,1,'METALSIGMAUSER','2019-02-27 11:09:06','METALSIGMAUSER','2019-04-25 17:18:46'),(0000000194,'863','','BATCH MACHINE/GRIND/MILL','',0000000004,0.00,0.00,0.00,0000000000,0,0.00,1,'METALSIGMAUSER','2019-02-27 11:09:06','METALSIGMAUSER','2019-04-25 17:18:46'),(0000000195,'865','','BATCH METALLIZE','',0000000004,0.00,0.00,0.00,0000000000,0,0.00,1,'METALSIGMAUSER','2019-02-27 11:09:06','METALSIGMAUSER','2019-04-25 17:18:46'),(0000000196,'868','','BATCH STRAIGHTEN','',0000000004,0.00,0.00,0.00,0000000000,0,0.00,1,'METALSIGMAUSER','2019-02-27 11:09:06','METALSIGMAUSER','2019-04-25 17:18:46'),(0000000197,'870','','BATCH CLEAN','',0000000004,0.00,0.00,0.00,0000000000,0,0.00,1,'METALSIGMAUSER','2019-02-27 11:09:06','METALSIGMAUSER','2019-04-25 17:18:46'),(0000000198,'872','','BATCH PAINT','',0000000004,0.00,0.00,0.00,0000000000,0,0.00,1,'METALSIGMAUSER','2019-02-27 11:09:06','METALSIGMAUSER','2019-04-25 17:18:46'),(0000000199,'874','','BATCH WASH','',0000000004,0.00,0.00,0.00,0000000000,0,0.00,1,'METALSIGMAUSER','2019-02-27 11:09:06','METALSIGMAUSER','2019-04-25 17:18:46'),(0000000200,'875','','BATCH PACKAGE','',0000000004,0.00,0.00,0.00,0000000000,0,0.00,1,'METALSIGMAUSER','2019-02-27 11:09:06','METALSIGMAUSER','2019-04-25 17:18:46'),(0000000201,'880','','BATCH POLISH1','',0000000004,0.00,0.00,0.00,0000000000,0,0.00,1,'METALSIGMAUSER','2019-02-27 11:09:06','METALSIGMAUSER','2019-04-25 17:18:46'),(0000000202,'888','','CCR CATCH ALL','DO NOT USE - CCR MEDIA DEVELOPMENT USE ONLY.',0000000004,0.00,0.00,0.00,0000000000,0,0.00,1,'METALSIGMAUSER','2019-02-27 11:09:06','METALSIGMAUSER','2019-04-25 17:18:46'),(0000000203,'890','','MISCELLANEOUS REPAIRS','USE 890 IN PLACE OF THE 900 JOB CODE IF USED IN MINING BUILDER FILES.',0000000004,0.00,0.00,0.00,0000000000,0,0.00,1,'METALSIGMAUSER','2019-02-27 11:09:06','METALSIGMAUSER','2019-04-25 17:18:46'),(0000000204,'02A','','RECONDITION W/ LVL 1 PRTS','INCLUDES REPLACING ALL GASKETS/SEALS AND DESIGNED WEAR COMPONENTS THAT ARE NOT REUSABLE BY THE CATERPILLAR REUSE AND SALVAGE GUIDELINES.  THESE ARE THE MINIMUM 100% REPLACEMENT PARTS THAT CAN RESTORE LIFE AND PERFORMANCE TO A COMPONENT. TO BE USED A LOWEST COST PRICE POINT FOR CUSTOMER QUOTING.',0000000004,0.00,0.00,0.00,0000000000,0,0.00,1,'METALSIGMAUSER','2019-02-27 11:09:06','METALSIGMAUSER','2019-04-25 17:18:46'),(0000000205,'02B','','RECONDITION W/ LVL 2 PRTS','INCLUDES ALL LEVEL 1 PARTS IN ADDITION TO A LIST OF POTENTIAL FAILED/WEAR COMPONENTS THAT ARE DETERMINED BASED ON INSPECTION AND DEALER INPUT.',0000000004,0.00,0.00,0.00,0000000000,0,0.00,1,'METALSIGMAUSER','2019-02-27 11:09:06','METALSIGMAUSER','2019-04-25 17:18:46'),(0000000206,'02C','','RECONDITION W/ LVL 3 PRTS','A FULL DEALER REBUILD. INCLUDES ALL LEVEL 2 PARTS PLUS A LIST OF ANY REMAINING PARTS BASED ON INSPECTION AND DEALER INPUT. COULD BE USED IN INSTANCES WHERE THE CUSTOMER WANTS TO KEEP THE ORIGINAL COMPONENT, OR AS A DEALER EXCHANGE.',0000000004,0.00,0.00,0.00,0000000000,0,0.00,1,'METALSIGMAUSER','2019-02-27 11:09:06','METALSIGMAUSER','2019-04-25 17:18:46'),(0000000207,'02D','','RECON W/CAT CERT REBUILD','REBUILD AS CLEARLY DEFINED BY THE CATERPILLAR CCR PROGRAM, BRINGS THE COMPONENT BACK TO LIKE NEW PERFORMANCE, AND AN ENTIRE SECOND LIFESPAN.',0000000004,0.00,0.00,0.00,0000000000,0,0.00,1,'METALSIGMAUSER','2019-02-27 11:09:06','METALSIGMAUSER','2019-04-25 17:18:46'),(0000000208,'02E','','RECON W/CAT CERT CPT RBLD','REBUILD AS CLEARLY DEFINED BY THE CATERPILLAR CCR PROGRAM FOR CAT CERTIFIED POWERTRAIN REBUILD (CPT)',0000000004,0.00,0.00,0.00,0000000000,0,0.00,1,'METALSIGMAUSER','2019-02-27 11:09:06','METALSIGMAUSER','2019-04-25 17:18:46'),(0000000209,'02F','','RECON W/CAT CERT HYD RBLD','REBUILD AS CLEARLY DEFINED BY THE CATERPILLAR CCR PROGRAM FOR CAT CERTIFIED HYDRAULIC REBUILD (CHR)',0000000004,0.00,0.00,0.00,0000000000,0,0.00,1,'METALSIGMAUSER','2019-02-27 11:09:06','METALSIGMAUSER','2019-04-25 17:18:46'),(0000000210,'02G','','RECON W/CAT CERT CER RBLD','REBUILD AS CLEARLY DEFINED BY THE CATERPILLAR CCR PROGRAM FOR CAT CERTIFIED ENGINE REBUILD (CER)',0000000004,0.00,0.00,0.00,0000000000,0,0.00,1,'METALSIGMAUSER','2019-02-27 11:09:06','METALSIGMAUSER','2019-04-25 17:18:46'),(0000000211,'02L','','RECON W/YELLOWMARK PARTS','REPLACE PARTS UTILIZING CAT YELLOWMARK PARTS.',0000000004,0.00,0.00,0.00,0000000000,0,0.00,1,'METALSIGMAUSER','2019-02-27 11:09:06','METALSIGMAUSER','2019-04-25 17:18:46'),(0000000212,'B08','','PREP & PAINT','INCLUDES MASKING, TAPING, FINAL SOLVENT CLEANING, PAINTING, AND REMOVAL OF TAPE AND MASKING SUPPLIES.',0000000004,0.00,0.00,0.00,0000000000,0,0.00,1,'METALSIGMAUSER','2019-02-27 11:09:06','METALSIGMAUSER','2019-04-25 17:18:46'),(0000000213,'B27','','NON DESTRUCTIVE TEST','TECHNIQUE USED TO EVALUATE THE PROPERTIES OF A MATERIAL, COMPONENT OR SYSTEM WITHOUT CAUSING DAMAGE',0000000004,0.00,0.00,0.00,0000000000,0,0.00,1,'METALSIGMAUSER','2019-02-27 11:09:06','METALSIGMAUSER','2019-04-25 17:18:46'),(0000000214,'FPR','','SPECIAL USE','',0000000004,0.00,0.00,0.00,0000000000,0,0.00,1,'METALSIGMAUSER','2019-02-27 11:09:06','METALSIGMAUSER','2019-04-25 17:18:46'),(0000000736,'6T-9165','','GB-SHIM','',0000000001,2960.00,0.00,0.00,0000000000,2,2960.00,1,'METALSIGMAUSER','2019-03-12 18:02:58','GPETIT','2019-09-26 10:51:53'),(0000000737,'208-8240','','SEAL ',NULL,0000000001,35740.00,0.00,0.00,0000000000,1,35740.00,1,'METALSIGMAUSER','2019-03-12 18:02:58','METALSIGMAUSER','2019-03-13 17:18:22'),(0000000738,'2N-7174','','GASKET',NULL,0000000001,1000.00,0.00,0.00,0000000000,10,1000.00,1,'METALSIGMAUSER','2019-03-12 18:02:58','METALSIGMAUSER','2019-03-13 17:18:22'),(0000000739,'283-3367','','HARNESS',NULL,0000000001,200208.00,0.00,0.00,0000000000,1,200208.00,1,'METALSIGMAUSER','2019-03-12 18:03:49','METALSIGMAUSER','2019-03-13 17:18:22'),(0000000740,'348-1862','','ELEMENT',NULL,0000000001,42684.00,0.00,0.00,0000000000,1,42684.00,1,'METALSIGMAUSER','2019-03-12 18:03:49','METALSIGMAUSER','2019-03-13 17:18:22'),(0000000741,'453-6511','','ABRAZADERA',NULL,0000000001,71182.00,0.00,0.00,0000000000,1,71182.00,1,'METALSIGMAUSER','2019-03-12 18:03:49','METALSIGMAUSER','2019-03-13 17:18:22'),(0000000742,'416-5884','','FILTER',NULL,0000000001,14174.00,0.00,0.00,0000000000,1,14174.00,1,'METALSIGMAUSER','2019-03-12 18:03:49','METALSIGMAUSER','2019-03-13 17:18:22'),(0000000743,'215-7488','','SHAFT',NULL,0000000001,88653.00,0.00,0.00,0000000000,4,88653.00,1,'METALSIGMAUSER','2019-03-12 18:03:49','METALSIGMAUSER','2019-03-13 17:18:22'),(0000000744,'353-2205','','KIT BEARING',NULL,0000000001,28706.00,0.00,0.00,0000000000,1,28706.00,1,'METALSIGMAUSER','2019-03-12 18:03:49','METALSIGMAUSER','2019-03-13 17:18:22'),(0000000745,'426-4052','','NIPLE',NULL,0000000001,45753.00,0.00,0.00,0000000000,1,45753.00,1,'METALSIGMAUSER','2019-03-12 18:03:49','METALSIGMAUSER','2019-03-13 17:18:22'),(0000000746,'146-1843','','BEARING SLEE',NULL,0000000001,96388.00,0.00,0.00,0000000000,1,96388.00,1,'METALSIGMAUSER','2019-03-12 18:03:49','METALSIGMAUSER','2019-03-13 17:18:22'),(0000000747,'173-2205','','COVER',NULL,0000000001,20781.00,0.00,0.00,0000000000,1,20781.00,1,'METALSIGMAUSER','2019-03-12 18:03:49','METALSIGMAUSER','2019-03-13 17:18:22'),(0000000748,'249-7160','','VALVE GP',NULL,0000000001,151176.00,0.00,0.00,0000000000,1,151176.00,1,'METALSIGMAUSER','2019-03-12 18:03:49','METALSIGMAUSER','2019-03-13 17:18:22'),(0000000749,'252-6338','','CONJUNTO DE FILTRO COMBUSTIBLE','ACTUAL 441-5111',0000000001,8863.00,0.00,0.00,0000000000,1,8863.00,1,'METALSIGMAUSER','2019-03-12 18:03:49','GPETIT','2019-10-08 15:58:35'),(0000000750,'032-9020','','ABRAZADERA','',0000000001,4621.00,0.00,0.00,0000000000,18,4621.00,1,'METALSIGMAUSER','2019-03-12 18:03:49','ADMINISTRADOR','2019-03-14 11:48:08'),(0000000751,'6T-9166','','GB-SHIM',NULL,0000000001,2908.00,0.00,0.00,0000000000,2,2908.00,1,'METALSIGMAUSER','2019-03-12 18:03:49','METALSIGMAUSER','2019-03-13 17:18:22'),(0000000753,'233-9408','','GASKET',NULL,0000000001,3968.00,0.00,0.00,0000000000,1,3968.00,1,'METALSIGMAUSER','2019-03-12 18:03:49','METALSIGMAUSER','2019-03-13 17:18:22'),(0000000754,'276-8123','','COTTER',NULL,0000000001,5012.00,0.00,0.00,0000000000,32,5012.00,1,'METALSIGMAUSER','2019-03-12 18:03:49','METALSIGMAUSER','2019-03-13 17:18:22'),(0000000755,'225-7944','','GASKET',NULL,0000000001,3859.00,0.00,0.00,0000000000,2,3859.00,1,'METALSIGMAUSER','2019-03-12 18:03:49','METALSIGMAUSER','2019-03-13 17:18:22'),(0000000756,'466-4938','','PUNTA DE SELLO','',0000000001,60836.00,0.00,0.00,0000000000,1,0.00,1,'METALSIGMAUSER','2019-03-12 18:03:49','YVILLALOBOS','2019-10-22 09:25:48'),(0000000758,'3S-9643','','SELLOS',NULL,0000000001,15147.00,0.00,0.00,0000000000,6,15147.00,1,'METALSIGMAUSER','2019-03-12 18:03:49','METALSIGMAUSER','2019-03-13 17:18:22'),(0000000759,'121-2060','','SHIM',NULL,0000000001,8291.00,0.00,0.00,0000000000,1,8291.00,1,'METALSIGMAUSER','2019-03-12 18:03:49','METALSIGMAUSER','2019-03-13 17:18:22'),(0000000760,'6T-9147','','SHIM',NULL,0000000001,922.00,0.00,0.00,0000000000,1,922.00,1,'METALSIGMAUSER','2019-03-12 18:03:49','METALSIGMAUSER','2019-03-13 17:18:22'),(0000000761,'286-2890','','WASHER',NULL,0000000001,11291.00,0.00,0.00,0000000000,2,11291.00,1,'METALSIGMAUSER','2019-03-12 18:03:49','METALSIGMAUSER','2019-03-13 17:18:22'),(0000000762,'095-0924','','RING',NULL,0000000001,4945.00,0.00,0.00,0000000000,4,4945.00,1,'METALSIGMAUSER','2019-03-12 18:03:49','METALSIGMAUSER','2019-03-13 17:18:22'),(0000000763,'5M-6126','','BEARING',NULL,0000000001,11611.00,0.00,0.00,0000000000,2,11611.00,1,'METALSIGMAUSER','2019-03-12 18:03:49','METALSIGMAUSER','2019-03-13 17:18:22'),(0000000764,'3P-1896','','PLUG',NULL,0000000001,6859.00,0.00,0.00,0000000000,6,6859.00,1,'METALSIGMAUSER','2019-03-12 18:03:49','METALSIGMAUSER','2019-03-13 17:18:22'),(0000000765,'114-2579','','GASKET',NULL,0000000001,3757.00,0.00,0.00,0000000000,1,3757.00,1,'METALSIGMAUSER','2019-03-12 18:03:49','METALSIGMAUSER','2019-03-13 17:18:22'),(0000000766,'104-3288','','SHIM',NULL,0000000001,1183.00,0.00,0.00,0000000000,1,1183.00,1,'METALSIGMAUSER','2019-03-12 18:03:49','METALSIGMAUSER','2019-03-13 17:18:22'),(0000000767,'225-8530','','GASKET',NULL,0000000001,7734.00,0.00,0.00,0000000000,1,7734.00,1,'METALSIGMAUSER','2019-03-12 18:03:49','METALSIGMAUSER','2019-03-13 17:18:22'),(0000000768,'5I-7677','','GASKET',NULL,0000000001,7815.00,0.00,0.00,0000000000,1,7815.00,1,'METALSIGMAUSER','2019-03-12 18:03:49','METALSIGMAUSER','2019-03-13 17:18:22'),(0000000769,'5I-7678','','GASKET',NULL,0000000001,2578.00,0.00,0.00,0000000000,1,2578.00,1,'METALSIGMAUSER','2019-03-12 18:03:49','METALSIGMAUSER','2019-03-13 17:18:22'),(0000000770,'174-9711','','GASKET',NULL,0000000001,3847.00,0.00,0.00,0000000000,2,3847.00,1,'METALSIGMAUSER','2019-03-12 18:03:49','METALSIGMAUSER','2019-03-13 17:18:22'),(0000000771,'067-6213','','GASKET',NULL,0000000001,1281.00,0.00,0.00,0000000000,2,1281.00,1,'METALSIGMAUSER','2019-03-12 18:03:49','METALSIGMAUSER','2019-03-13 17:18:22'),(0000000772,'311-0523','','FILM',NULL,0000000001,8407.00,0.00,0.00,0000000000,4,8407.00,1,'METALSIGMAUSER','2019-03-12 18:03:49','METALSIGMAUSER','2019-03-13 17:18:22'),(0000000773,'298-4560','','GASKET',NULL,0000000001,31787.00,0.00,0.00,0000000000,2,31787.00,1,'METALSIGMAUSER','2019-03-12 18:03:49','METALSIGMAUSER','2019-03-13 17:18:22'),(0000000774,'4N-0865','','GASKET',NULL,0000000001,1427.00,0.00,0.00,0000000000,1,1427.00,1,'METALSIGMAUSER','2019-03-12 18:03:49','METALSIGMAUSER','2019-03-13 17:18:22'),(0000000775,'095-2011','','CAP',NULL,0000000001,10443.00,0.00,0.00,0000000000,1,10443.00,1,'METALSIGMAUSER','2019-03-12 18:03:49','METALSIGMAUSER','2019-03-13 17:18:22'),(0000000776,'214-3203','','WASHER',NULL,0000000001,4572.00,0.00,0.00,0000000000,2,4572.00,1,'METALSIGMAUSER','2019-03-12 18:03:49','METALSIGMAUSER','2019-03-13 17:18:22'),(0000000777,'232-1328','','CAP',NULL,0000000001,4892.00,0.00,0.00,0000000000,1,4892.00,1,'METALSIGMAUSER','2019-03-12 18:03:49','METALSIGMAUSER','2019-03-13 17:18:22'),(0000000778,'6E-1135','','SELLO',NULL,0000000001,11752.00,0.00,0.00,0000000000,2,11752.00,1,'METALSIGMAUSER','2019-03-12 18:03:49','METALSIGMAUSER','2019-03-13 17:18:22'),(0000000780,'346-0007','','WASHER',NULL,0000000001,4651.00,0.00,0.00,0000000000,1,4651.00,1,'METALSIGMAUSER','2019-03-12 18:03:49','METALSIGMAUSER','2019-03-13 17:18:22'),(0000000781,'353-3477','','GASKET',NULL,0000000001,3692.00,0.00,0.00,0000000000,1,3692.00,1,'METALSIGMAUSER','2019-03-12 18:03:49','METALSIGMAUSER','2019-03-13 17:18:22'),(0000000782,'276-7478','','BUSHING',NULL,0000000001,14734.00,0.00,0.00,0000000000,4,14734.00,1,'METALSIGMAUSER','2019-03-12 18:03:49','METALSIGMAUSER','2019-03-13 17:18:22'),(0000000783,'129-4536','','BEARING',NULL,0000000001,47095.00,0.00,0.00,0000000000,1,47095.00,1,'METALSIGMAUSER','2019-03-12 18:03:49','METALSIGMAUSER','2019-03-13 17:18:22'),(0000000784,'261-5052','','SWITCH',NULL,0000000001,20183.00,0.00,0.00,0000000000,1,20183.00,1,'METALSIGMAUSER','2019-03-12 18:03:49','METALSIGMAUSER','2019-03-13 17:18:22'),(0000000785,'138-1509','','DRAIN',NULL,0000000001,142805.00,0.00,0.00,0000000000,1,142805.00,1,'METALSIGMAUSER','2019-03-12 18:03:49','METALSIGMAUSER','2019-03-13 17:18:22'),(0000000786,'166-1487','','SHIM',NULL,0000000001,20999.00,0.00,0.00,0000000000,1,20999.00,1,'METALSIGMAUSER','2019-03-12 18:03:49','METALSIGMAUSER','2019-03-13 17:18:22'),(0000000787,'262-3764','','SENSOR',NULL,0000000001,249287.00,0.00,0.00,0000000000,1,249287.00,1,'METALSIGMAUSER','2019-03-12 18:03:50','METALSIGMAUSER','2019-03-13 17:18:22'),(0000000788,'305-3431','','PISTON',NULL,0000000001,131908.00,0.00,0.00,0000000000,1,131908.00,1,'METALSIGMAUSER','2019-03-12 18:03:50','METALSIGMAUSER','2019-03-13 17:18:22'),(0000000789,'265-6722','','COVER',NULL,0000000001,33967.00,0.00,0.00,0000000000,1,33967.00,1,'METALSIGMAUSER','2019-03-12 18:03:50','METALSIGMAUSER','2019-03-13 17:18:22'),(0000000790,'243-6652','','COVER',NULL,0000000001,43680.00,0.00,0.00,0000000000,1,43680.00,1,'METALSIGMAUSER','2019-03-12 18:03:50','METALSIGMAUSER','2019-03-13 17:18:22'),(0000000791,'200-8152','','SOPORTE',NULL,0000000001,42153.00,0.00,0.00,0000000000,1,42153.00,1,'METALSIGMAUSER','2019-03-12 18:03:50','METALSIGMAUSER','2019-03-13 17:18:22'),(0000000792,'200-8153','','SOPORTE',NULL,0000000001,42153.00,0.00,0.00,0000000000,1,42153.00,1,'METALSIGMAUSER','2019-03-12 18:03:50','METALSIGMAUSER','2019-03-13 17:18:22'),(0000000793,'161-7632','','PERNOS',NULL,0000000001,1280.00,0.00,0.00,0000000000,9,1280.00,1,'METALSIGMAUSER','2019-03-12 18:03:50','METALSIGMAUSER','2019-03-13 17:18:22'),(0000000794,'511-9191','','STRIKER',NULL,0000000001,71980.00,0.00,0.00,0000000000,1,71980.00,1,'METALSIGMAUSER','2019-03-12 18:03:50','METALSIGMAUSER','2019-03-13 17:18:22'),(0000000795,'276-1318','','PLETINA',NULL,0000000001,51792.00,0.00,0.00,0000000000,2,51792.00,1,'METALSIGMAUSER','2019-03-12 18:03:50','METALSIGMAUSER','2019-03-13 17:18:22'),(0000000796,'227-7449','','FILTER',NULL,0000000001,38099.00,0.00,0.00,0000000000,1,38099.00,1,'METALSIGMAUSER','2019-03-12 18:03:50','METALSIGMAUSER','2019-03-13 17:18:22'),(0000000797,'293-4053','','FILTER',NULL,0000000001,59718.00,0.00,0.00,0000000000,1,59718.00,1,'METALSIGMAUSER','2019-03-12 18:03:50','METALSIGMAUSER','2019-03-13 17:18:22'),(0000000798,'328-4314','','GP VALVULA',NULL,0000000001,226803.00,0.00,0.00,0000000000,1,226803.00,1,'METALSIGMAUSER','2019-03-12 18:03:50','METALSIGMAUSER','2019-03-13 17:18:22'),(0000000799,'8T-4778','','LOCKNUT',NULL,0000000001,3636.00,0.00,0.00,0000000000,14,3636.00,1,'METALSIGMAUSER','2019-03-12 18:03:50','METALSIGMAUSER','2019-07-31 14:08:39'),(0000000800,'4M-0189','','SELLO',NULL,0000000001,5447.00,0.00,0.00,0000000000,10,5447.00,1,'METALSIGMAUSER','2019-03-12 18:03:50','METALSIGMAUSER','2019-03-13 17:18:22'),(0000000801,'101-0032','','BOOT',NULL,0000000001,18861.00,0.00,0.00,0000000000,4,18861.00,1,'METALSIGMAUSER','2019-03-12 18:03:50','METALSIGMAUSER','2019-03-13 17:18:22'),(0000000802,'288-0422','','ARO RETROFIT',NULL,0000000001,9958.00,0.00,0.00,0000000000,1,9958.00,1,'METALSIGMAUSER','2019-03-12 18:03:50','METALSIGMAUSER','2019-03-13 17:18:22'),(0000000803,'201-1919','','NUT HEX',NULL,0000000001,2873.00,0.00,0.00,0000000000,4,2873.00,1,'METALSIGMAUSER','2019-03-12 18:03:50','METALSIGMAUSER','2019-03-13 17:18:22'),(0000000804,'388-7978','','PLATE',NULL,0000000001,34637.00,0.00,0.00,0000000000,1,34637.00,1,'METALSIGMAUSER','2019-03-12 18:03:50','METALSIGMAUSER','2019-03-13 17:18:22'),(0000000805,'5K-9090','','SELLO',NULL,0000000001,1499.00,0.00,0.00,0000000000,7,1499.00,1,'METALSIGMAUSER','2019-03-12 18:03:50','METALSIGMAUSER','2019-03-13 17:18:22'),(0000000806,'6V-9832','','GOLILLA',NULL,0000000001,10968.00,0.00,0.00,0000000000,2,10968.00,1,'METALSIGMAUSER','2019-03-12 18:03:50','METALSIGMAUSER','2019-03-13 17:18:22'),(0000000807,'090-8865','','SPACER',NULL,0000000001,6282.00,0.00,0.00,0000000000,2,6282.00,1,'METALSIGMAUSER','2019-03-12 18:03:50','METALSIGMAUSER','2019-03-13 17:18:22'),(0000000808,'365-4592','','CLAMP CLIP',NULL,0000000001,4898.00,0.00,0.00,0000000000,1,4898.00,1,'METALSIGMAUSER','2019-03-12 18:03:50','METALSIGMAUSER','2019-03-13 17:18:22'),(0000000809,'326-7289','','SEAL',NULL,0000000001,6652.00,0.00,0.00,0000000000,1,6652.00,1,'METALSIGMAUSER','2019-03-12 18:03:50','METALSIGMAUSER','2019-03-13 17:18:22'),(0000000810,'4D-6695','','SEAL',NULL,0000000001,8326.00,0.00,0.00,0000000000,2,8326.00,1,'METALSIGMAUSER','2019-03-12 18:03:50','METALSIGMAUSER','2019-03-13 17:18:22'),(0000000811,'113-1504','','ORING',NULL,0000000001,4940.00,0.00,0.00,0000000000,1,4940.00,1,'METALSIGMAUSER','2019-03-12 18:03:50','METALSIGMAUSER','2019-03-13 17:18:22'),(0000000812,'391-3809','','SEAL',NULL,0000000001,10631.00,0.00,0.00,0000000000,3,10631.00,1,'METALSIGMAUSER','2019-03-12 18:03:50','METALSIGMAUSER','2019-03-13 17:18:22'),(0000000813,'453-9682','','EXTENSION',NULL,0000000001,135559.00,0.00,0.00,0000000000,1,135559.00,1,'METALSIGMAUSER','2019-03-12 18:03:50','METALSIGMAUSER','2019-03-13 17:18:22'),(0000000814,'9M-3786','','SEAL',NULL,0000000001,6758.00,0.00,0.00,0000000000,2,6758.00,1,'METALSIGMAUSER','2019-03-12 18:03:50','METALSIGMAUSER','2019-03-13 17:18:22'),(0000000815,'152-5718','','CAP',NULL,0000000001,4989.00,0.00,0.00,0000000000,1,4989.00,1,'METALSIGMAUSER','2019-03-12 18:03:50','METALSIGMAUSER','2019-03-13 17:18:22'),(0000000816,'217-9039','','STRAP CABLE',NULL,0000000001,4572.00,0.00,0.00,0000000000,1,4572.00,1,'METALSIGMAUSER','2019-03-12 18:03:50','METALSIGMAUSER','2019-03-13 17:18:22'),(0000000817,'394-3910','','COUPLING',NULL,0000000001,4740.00,0.00,0.00,0000000000,4,4740.00,1,'METALSIGMAUSER','2019-03-12 18:03:50','METALSIGMAUSER','2019-03-13 17:18:22'),(0000000818,'335-7585','','SEAL',NULL,0000000001,665.00,0.00,0.00,0000000000,1,665.00,1,'METALSIGMAUSER','2019-03-12 18:03:50','METALSIGMAUSER','2019-03-13 17:18:22'),(0000000819,'306-2337','','SEAL',NULL,0000000001,9929.00,0.00,0.00,0000000000,1,9929.00,1,'METALSIGMAUSER','2019-03-12 18:03:50','METALSIGMAUSER','2019-03-13 17:18:22'),(0000000820,'275-1038','','SEAL',NULL,0000000001,4572.00,0.00,0.00,0000000000,3,4572.00,1,'METALSIGMAUSER','2019-03-12 18:03:50','METALSIGMAUSER','2019-03-13 17:18:22'),(0000000821,'156-5198','','SEAL',NULL,0000000001,29093.00,0.00,0.00,0000000000,1,29093.00,1,'METALSIGMAUSER','2019-03-12 18:03:50','METALSIGMAUSER','2019-03-13 17:18:22'),(0000000822,'109-0077','','SEAL',NULL,0000000001,12311.00,0.00,0.00,0000000000,4,12311.00,1,'METALSIGMAUSER','2019-03-12 18:03:50','METALSIGMAUSER','2019-03-13 17:18:22'),(0000000823,'391-3815','','SELLO LIMPIAPARABRISAS',NULL,0000000001,40011.00,0.00,0.00,0000000000,4,40011.00,1,'METALSIGMAUSER','2019-03-12 18:03:50','METALSIGMAUSER','2019-03-13 17:18:22'),(0000000824,'124-0786','','COVER',NULL,0000000001,18559.00,0.00,0.00,0000000000,1,18559.00,1,'METALSIGMAUSER','2019-03-12 18:03:50','METALSIGMAUSER','2019-03-13 17:18:22'),(0000000825,'256-7704','','SEAL',NULL,0000000001,66682.00,0.00,0.00,0000000000,1,66682.00,1,'METALSIGMAUSER','2019-03-12 18:03:50','METALSIGMAUSER','2019-03-13 17:18:22'),(0000000826,'3J-5553','','GASKET',NULL,0000000001,2957.00,0.00,0.00,0000000000,2,2957.00,1,'METALSIGMAUSER','2019-03-12 18:03:50','METALSIGMAUSER','2019-03-13 17:18:22'),(0000000827,'2P-1293','','CONTRATUERCA',NULL,0000000001,13338.00,0.00,0.00,0000000000,2,13338.00,1,'METALSIGMAUSER','2019-03-12 18:03:50','METALSIGMAUSER','2019-03-13 17:18:22'),(0000000828,'175-0054','','SEAL-ORING',NULL,0000000001,7271.00,0.00,0.00,0000000000,1,7271.00,1,'METALSIGMAUSER','2019-03-12 18:03:50','METALSIGMAUSER','2019-03-13 17:18:22'),(0000000829,'109-0079','','SEAL',NULL,0000000001,10454.00,0.00,0.00,0000000000,2,10454.00,1,'METALSIGMAUSER','2019-03-12 18:03:50','METALSIGMAUSER','2019-03-13 17:18:22'),(0000000830,'193-0042','','ARC RETROFIT',NULL,0000000001,8941.00,0.00,0.00,0000000000,2,8941.00,1,'METALSIGMAUSER','2019-03-12 18:03:50','METALSIGMAUSER','2019-03-13 17:18:22'),(0000000831,'195-5951','','BUSHING',NULL,0000000001,13404.00,0.00,0.00,0000000000,1,13404.00,1,'METALSIGMAUSER','2019-03-12 18:03:50','METALSIGMAUSER','2019-03-13 17:18:22'),(0000000832,'254-2270','','SEAL',NULL,0000000001,3340.00,0.00,0.00,0000000000,1,3340.00,1,'METALSIGMAUSER','2019-03-12 18:03:50','METALSIGMAUSER','2019-03-13 17:18:22'),(0000000833,'175-7904','','SEAL',NULL,0000000001,6497.00,0.00,0.00,0000000000,1,6497.00,1,'METALSIGMAUSER','2019-03-12 18:03:50','METALSIGMAUSER','2019-03-13 17:18:22'),(0000000834,'341-1429','','SEAL',NULL,0000000001,7876.00,0.00,0.00,0000000000,1,7876.00,1,'METALSIGMAUSER','2019-03-12 18:03:50','METALSIGMAUSER','2019-03-13 17:18:22'),(0000000835,'2S-8439','','SEAL O RING','',0000000001,6423.00,0.00,0.00,0000000000,1,0.00,1,'METALSIGMAUSER','2019-03-12 18:03:50','GPETIT','2019-08-21 16:20:59'),(0000000836,'5M-6200','','SEAL',NULL,0000000001,12419.00,0.00,0.00,0000000000,1,12419.00,1,'METALSIGMAUSER','2019-03-12 18:03:50','METALSIGMAUSER','2019-03-13 17:18:22'),(0000000837,'160-8500','','COUPLING',NULL,0000000001,183.00,0.00,0.00,0000000000,2,183.00,1,'METALSIGMAUSER','2019-03-12 18:03:50','METALSIGMAUSER','2019-03-13 17:18:22'),(0000000838,'6V-9746','','ORFS O-RING','',0000000001,1373.00,0.00,0.00,0000000000,8,0.00,1,'METALSIGMAUSER','2019-03-12 18:03:50','GPETIT','2019-08-27 12:10:05'),(0000000839,'8M-5253','','SEAL',NULL,0000000001,2488.00,0.00,0.00,0000000000,1,2488.00,1,'METALSIGMAUSER','2019-03-12 18:03:50','METALSIGMAUSER','2019-03-13 17:18:22'),(0000000840,'8M-4389','','SEAL',NULL,0000000001,2611.00,0.00,0.00,0000000000,1,2611.00,1,'METALSIGMAUSER','2019-03-12 18:03:50','METALSIGMAUSER','2019-03-13 17:18:22'),(0000000841,'3D-2824','','SEAL',NULL,0000000001,1836.00,0.00,0.00,0000000000,4,1836.00,1,'METALSIGMAUSER','2019-03-12 18:03:50','METALSIGMAUSER','2019-03-13 17:18:22'),(0000000842,'4J-0520','','SEAL',NULL,0000000001,2300.00,0.00,0.00,0000000000,10,2300.00,1,'METALSIGMAUSER','2019-03-12 18:03:50','METALSIGMAUSER','2019-03-13 17:18:22'),(0000000843,'6V-8398','','SEAL',NULL,0000000001,1222.00,0.00,0.00,0000000000,10,1222.00,1,'METALSIGMAUSER','2019-03-12 18:03:50','METALSIGMAUSER','2019-03-13 17:18:22'),(0000000844,'7N-0718','','SWITCH',NULL,0000000001,86906.00,0.00,0.00,0000000000,1,86906.00,1,'METALSIGMAUSER','2019-03-12 18:03:50','METALSIGMAUSER','2019-03-13 17:18:22'),(0000000845,'367-8470','','SEAL - LINKAGE',NULL,0000000001,25276.00,0.00,0.00,0000000000,2,25276.00,1,'METALSIGMAUSER','2019-03-12 18:03:50','METALSIGMAUSER','2019-03-13 17:18:22'),(0000000846,'5P-9890','','SEAL',NULL,0000000001,10149.00,0.00,0.00,0000000000,2,10149.00,1,'METALSIGMAUSER','2019-03-12 18:03:50','METALSIGMAUSER','2019-03-13 17:18:22'),(0000000847,'3E-6747','','SEAL',NULL,0000000001,7969.00,0.00,0.00,0000000000,12,7969.00,1,'METALSIGMAUSER','2019-03-12 18:03:50','METALSIGMAUSER','2019-03-13 17:18:22'),(0000000848,'6V-9027','','SEAL',NULL,0000000001,1000.00,0.00,0.00,0000000000,1,1000.00,1,'METALSIGMAUSER','2019-03-12 18:03:50','METALSIGMAUSER','2019-03-13 17:18:22'),(0000000849,'133-7068','','GASKET',NULL,0000000001,2465.00,0.00,0.00,0000000000,1,2465.00,1,'METALSIGMAUSER','2019-03-12 18:03:50','METALSIGMAUSER','2019-03-13 17:18:22'),(0000000850,'6V-3830','','SEAL',NULL,0000000001,13625.00,0.00,0.00,0000000000,3,13625.00,1,'METALSIGMAUSER','2019-03-12 18:03:50','METALSIGMAUSER','2019-03-13 17:18:22'),(0000000851,'061-8561','','SEAL',NULL,0000000001,11371.00,0.00,0.00,0000000000,12,11371.00,1,'METALSIGMAUSER','2019-03-12 18:03:50','METALSIGMAUSER','2019-03-13 17:18:22'),(0000000852,'9X-2044','','SCREW',NULL,0000000001,930.00,0.00,0.00,0000000000,24,930.00,1,'METALSIGMAUSER','2019-03-12 18:03:50','METALSIGMAUSER','2019-03-13 17:18:22'),(0000000853,'8N-6739','','RING',NULL,0000000001,11386.00,0.00,0.00,0000000000,2,11386.00,1,'METALSIGMAUSER','2019-03-12 18:03:50','METALSIGMAUSER','2019-03-13 17:18:22'),(0000000854,'9X-7681','','SEAL O-RING',NULL,0000000001,4699.00,0.00,0.00,0000000000,10,4699.00,1,'METALSIGMAUSER','2019-03-12 18:03:50','METALSIGMAUSER','2019-03-13 17:18:22'),(0000000855,'116-7221','','SEAL',NULL,0000000001,6429.00,0.00,0.00,0000000000,24,6429.00,1,'METALSIGMAUSER','2019-03-12 18:03:50','METALSIGMAUSER','2019-03-13 17:18:22'),(0000000856,'5P-8068','','SEAL O-RING',NULL,0000000001,14617.00,0.00,0.00,0000000000,6,14617.00,1,'METALSIGMAUSER','2019-03-12 18:03:50','METALSIGMAUSER','2019-03-13 17:18:22'),(0000000857,'107-9570','','SEAL O-RING',NULL,0000000001,3717.00,0.00,0.00,0000000000,23,3717.00,1,'METALSIGMAUSER','2019-03-12 18:03:50','METALSIGMAUSER','2019-03-13 17:18:22'),(0000000858,'6V-5266','','SEAL',NULL,0000000001,10362.00,0.00,0.00,0000000000,12,10362.00,1,'METALSIGMAUSER','2019-03-12 18:03:50','METALSIGMAUSER','2019-03-13 17:18:22'),(0000000859,'061-7540','','SEAL',NULL,0000000001,10697.00,0.00,0.00,0000000000,2,10697.00,1,'METALSIGMAUSER','2019-03-12 18:03:50','METALSIGMAUSER','2019-03-13 17:18:22'),(0000000860,'109-0073','','SEAL',NULL,0000000001,7737.00,0.00,0.00,0000000000,4,7737.00,1,'METALSIGMAUSER','2019-03-12 18:03:50','METALSIGMAUSER','2019-03-13 17:18:22'),(0000000861,'8J-4351','','ORING','',0000000001,11695.00,0.00,0.00,0000000000,3,0.00,1,'METALSIGMAUSER','2019-03-12 18:03:50','GPETIT','2019-08-27 12:10:06'),(0000000862,'6V-5063','','SEAL',NULL,0000000001,1640.00,0.00,0.00,0000000000,1,1640.00,1,'METALSIGMAUSER','2019-03-12 18:03:50','METALSIGMAUSER','2019-03-13 17:18:22'),(0000000863,'100-8525','','GASKET',NULL,0000000001,1394.00,0.00,0.00,0000000000,1,1394.00,1,'METALSIGMAUSER','2019-03-12 18:03:50','METALSIGMAUSER','2019-03-13 17:18:22'),(0000000864,'128-8614','','SEAL KIT-BOWL','',0000000001,3700.00,0.00,0.00,0000000000,5,0.00,1,'METALSIGMAUSER','2019-03-12 18:03:50','YVILLALOBOS','2019-09-26 10:44:24'),(0000000865,'2W-6687','','ADAPTER',NULL,0000000001,156946.00,0.00,0.00,0000000000,2,156946.00,1,'METALSIGMAUSER','2019-03-12 18:03:50','METALSIGMAUSER','2019-03-13 17:18:22'),(0000000866,'7X-4777','','MX SEAL',NULL,0000000001,42674.00,0.00,0.00,0000000000,1,42674.00,1,'METALSIGMAUSER','2019-03-12 18:03:50','METALSIGMAUSER','2019-03-13 17:18:22'),(0000000867,'5P-8472','','RING',NULL,0000000001,30640.00,0.00,0.00,0000000000,1,30640.00,1,'METALSIGMAUSER','2019-03-12 18:03:50','METALSIGMAUSER','2019-03-13 17:18:22'),(0000000868,'419-4175','','SEAL',NULL,0000000001,28485.00,0.00,0.00,0000000000,2,28485.00,1,'METALSIGMAUSER','2019-03-12 18:03:50','METALSIGMAUSER','2019-03-13 17:18:22'),(0000000869,'7T-2530','','SEAL',NULL,0000000001,89091.00,0.00,0.00,0000000000,2,89091.00,1,'METALSIGMAUSER','2019-03-12 18:03:50','METALSIGMAUSER','2019-03-13 17:18:22'),(0000000870,'121-4480','','BASE KIT',NULL,0000000001,71395.00,0.00,0.00,0000000000,2,71395.00,1,'METALSIGMAUSER','2019-03-12 18:03:50','METALSIGMAUSER','2019-03-13 17:18:22'),(0000000871,'8T-4994','','GOLILLAS',NULL,0000000001,1401.00,0.00,0.00,0000000000,20,1401.00,1,'METALSIGMAUSER','2019-03-12 18:03:50','METALSIGMAUSER','2019-04-26 10:21:19'),(0000000872,'3T-5923','','RETAINER',NULL,0000000001,61482.00,0.00,0.00,0000000000,1,61482.00,1,'METALSIGMAUSER','2019-03-12 18:03:50','METALSIGMAUSER','2019-03-13 17:18:22'),(0000000873,'8J-1665','','ORING',NULL,0000000001,7136.00,0.00,0.00,0000000000,1,7136.00,1,'METALSIGMAUSER','2019-03-12 18:03:50','METALSIGMAUSER','2019-03-13 17:18:22'),(0000000874,'8E-0618','','TAPON',NULL,0000000001,35689.00,0.00,0.00,0000000000,1,35689.00,1,'METALSIGMAUSER','2019-03-12 18:03:50','METALSIGMAUSER','2019-03-13 17:18:22'),(0000000875,'2R-0098','','SEAL',NULL,0000000001,13541.00,0.00,0.00,0000000000,1,13541.00,1,'METALSIGMAUSER','2019-03-12 18:03:50','METALSIGMAUSER','2019-03-13 17:18:22'),(0000000876,'3K-0360','','STOR O-RING','',0000000001,1337.00,0.00,0.00,0000000000,11,0.00,1,'METALSIGMAUSER','2019-03-12 18:03:50','YVILLALOBOS','2019-10-15 14:21:30'),(0000000877,'5F-7054','','SEAL',NULL,0000000001,1572.00,0.00,0.00,0000000000,1,1572.00,1,'METALSIGMAUSER','2019-03-12 18:03:50','METALSIGMAUSER','2019-03-13 17:18:22'),(0000000878,'6Y-0859','','SEAL G',NULL,0000000001,209179.00,0.00,0.00,0000000000,1,209179.00,1,'METALSIGMAUSER','2019-03-12 18:03:50','METALSIGMAUSER','2019-03-13 17:18:22'),(0000000879,'8N-6740','','RETAINER',NULL,0000000001,22485.00,0.00,0.00,0000000000,2,22485.00,1,'METALSIGMAUSER','2019-03-12 18:03:50','METALSIGMAUSER','2019-03-13 17:18:22'),(0000000880,'8N-2299','','ADAPTER',NULL,0000000001,38053.00,0.00,0.00,0000000000,2,38053.00,1,'METALSIGMAUSER','2019-03-12 18:03:50','METALSIGMAUSER','2019-03-13 17:18:22'),(0000000881,'142-5867','','SEAL GP',NULL,0000000001,98857.00,0.00,0.00,0000000000,2,98857.00,1,'METALSIGMAUSER','2019-03-12 18:03:50','METALSIGMAUSER','2019-03-13 17:18:22'),(0000000882,'142-5868','','SEAL GP',NULL,0000000001,98858.00,0.00,0.00,0000000000,2,98858.00,1,'METALSIGMAUSER','2019-03-12 18:03:50','METALSIGMAUSER','2019-03-13 17:18:22'),(0000000883,'1R-0716','','FILTER AS-OIL','',0000000001,25740.00,0.00,0.00,0000000000,2,0.00,1,'METALSIGMAUSER','2019-03-12 18:03:50','GPETIT','2019-08-21 16:20:59'),(0000000884,'129-9452','','GASKET',NULL,0000000001,4877.00,0.00,0.00,0000000000,12,4877.00,1,'METALSIGMAUSER','2019-03-12 18:03:50','METALSIGMAUSER','2019-03-13 17:18:22'),(0000000885,'363-0388','','LOCK PIN',NULL,0000000001,6002.00,0.00,0.00,0000000000,1,6002.00,1,'METALSIGMAUSER','2019-03-12 18:03:50','METALSIGMAUSER','2019-03-13 17:18:22'),(0000000886,'155-2271','','CONJUNTO TAPONES C',NULL,0000000001,6600.00,0.00,0.00,0000000000,2,6600.00,1,'METALSIGMAUSER','2019-03-12 18:03:50','METALSIGMAUSER','2019-03-13 17:18:22'),(0000000887,'155-2260','','JGO TAPONES',NULL,0000000001,4907.00,0.00,0.00,0000000000,1,4907.00,1,'METALSIGMAUSER','2019-03-12 18:03:50','METALSIGMAUSER','2019-03-13 17:18:22'),(0000000888,'155-2276','','CUÑA DE TAPON',NULL,0000000001,134.00,0.00,0.00,0000000000,1,134.00,1,'METALSIGMAUSER','2019-03-12 18:03:50','METALSIGMAUSER','2019-03-13 17:18:22'),(0000000889,'155-2274','','CONJUNTO TAPONES C',NULL,0000000001,8070.00,0.00,0.00,0000000000,1,8070.00,1,'METALSIGMAUSER','2019-03-12 18:03:50','METALSIGMAUSER','2019-03-13 17:18:22'),(0000000890,'155-2259','','CUÑA',NULL,0000000001,300.00,0.00,0.00,0000000000,1,300.00,1,'METALSIGMAUSER','2019-03-12 18:03:50','METALSIGMAUSER','2019-03-13 17:18:22'),(0000000891,'102-8805','','CONJUNTO RECIPIENT',NULL,0000000001,7907.00,0.00,0.00,0000000000,1,7907.00,1,'METALSIGMAUSER','2019-03-12 18:03:50','METALSIGMAUSER','2019-03-13 17:18:22'),(0000000892,'102-8806','','CONJUNTO RECIPIENT',NULL,0000000001,9664.00,0.00,0.00,0000000000,1,9664.00,1,'METALSIGMAUSER','2019-03-12 18:03:50','METALSIGMAUSER','2019-03-13 17:18:22'),(0000000893,'277-4993','','SEAL O-RING',NULL,0000000001,5368.00,0.00,0.00,0000000000,1,5368.00,1,'METALSIGMAUSER','2019-03-12 18:03:50','METALSIGMAUSER','2019-03-13 17:18:22'),(0000000894,'102-8803','','CONJUNTO RECIPIENT',NULL,0000000001,5573.00,0.00,0.00,0000000000,3,5573.00,1,'METALSIGMAUSER','2019-03-12 18:03:50','METALSIGMAUSER','2019-03-13 17:18:22'),(0000000895,'3E-3365','','CUÑA',NULL,0000000001,4694.00,0.00,0.00,0000000000,10,4694.00,1,'METALSIGMAUSER','2019-03-12 18:03:50','METALSIGMAUSER','2019-03-13 17:18:22'),(0000000896,'3E-5180','','CUÑA',NULL,0000000001,316.00,0.00,0.00,0000000000,4,316.00,1,'METALSIGMAUSER','2019-03-12 18:03:50','METALSIGMAUSER','2019-03-13 17:18:22'),(0000000897,'3E-3383','','CUÑA',NULL,0000000001,251.00,0.00,0.00,0000000000,5,251.00,1,'METALSIGMAUSER','2019-03-12 18:03:50','METALSIGMAUSER','2019-03-13 17:18:22'),(0000000898,'102-8802','','CONJUNTO RECIPIENT',NULL,0000000001,6706.00,0.00,0.00,0000000000,1,6706.00,1,'METALSIGMAUSER','2019-03-12 18:03:50','METALSIGMAUSER','2019-03-13 17:18:22'),(0000000899,'206-1345','','AMARRA PLASTICA DE ARNES DE INYECTORES',NULL,0000000001,943.00,0.00,0.00,0000000000,2,943.00,1,'METALSIGMAUSER','2019-03-12 18:03:50','METALSIGMAUSER','2019-03-13 17:18:22'),(0000000900,'106-0406','','COUPLER',NULL,0000000001,71373.00,0.00,0.00,0000000000,2,71373.00,1,'METALSIGMAUSER','2019-03-12 18:03:50','METALSIGMAUSER','2019-03-13 17:18:22'),(0000000901,'394-3903','','SELLO ORING',NULL,0000000001,10397.00,0.00,0.00,0000000000,2,10397.00,1,'METALSIGMAUSER','2019-03-12 18:03:50','METALSIGMAUSER','2019-03-13 17:18:22'),(0000000902,'388-8110','','FILM CAT',NULL,0000000001,12122.00,0.00,0.00,0000000000,1,12122.00,1,'METALSIGMAUSER','2019-03-12 18:03:50','METALSIGMAUSER','2019-03-13 17:18:22'),(0000000903,'233-0695','','SELLO DE VALVULA',NULL,0000000001,32295.00,0.00,0.00,0000000000,1,32295.00,1,'METALSIGMAUSER','2019-03-12 18:03:50','METALSIGMAUSER','2019-03-13 17:18:22'),(0000000904,'480-3493','','BEARING','',0000000001,69243.00,0.00,0.00,0000000000,1,0.00,1,'METALSIGMAUSER','2019-03-12 18:03:50','GPETIT','2019-09-26 10:50:13'),(0000000905,'198-4768','','ARANDELA DURA',NULL,0000000001,1995.00,0.00,0.00,0000000000,8,1995.00,1,'METALSIGMAUSER','2019-03-12 18:03:50','METALSIGMAUSER','2019-03-13 17:18:22'),(0000000906,'106-0401','','COUPLER',NULL,0000000001,141771.00,0.00,0.00,0000000000,2,141771.00,1,'METALSIGMAUSER','2019-03-12 18:03:50','METALSIGMAUSER','2019-03-13 17:18:22'),(0000000907,'7G-8839','','ESPACIADOR',NULL,0000000001,6718.00,0.00,0.00,0000000000,2,6718.00,1,'METALSIGMAUSER','2019-03-12 18:03:50','METALSIGMAUSER','2019-03-13 17:18:22'),(0000000908,'099-4691','','PERNOS',NULL,0000000001,1156.00,0.00,0.00,0000000000,2,1156.00,1,'METALSIGMAUSER','2019-03-12 18:03:50','METALSIGMAUSER','2019-03-13 17:18:22'),(0000000909,'7M-8485','','STOR ORING','',0000000001,2017.00,0.00,0.00,0000000000,4,0.00,1,'METALSIGMAUSER','2019-03-12 18:03:50','GPETIT','2019-08-26 10:32:41'),(0000000910,'9R-1510','','WASHER',NULL,0000000001,4707.00,0.00,0.00,0000000000,6,4707.00,1,'METALSIGMAUSER','2019-03-12 18:03:50','METALSIGMAUSER','2019-03-13 17:18:22'),(0000000911,'341-1787','','FILM BLUE',NULL,0000000001,9849.00,0.00,0.00,0000000000,6,9849.00,1,'METALSIGMAUSER','2019-03-12 18:03:50','METALSIGMAUSER','2019-03-13 17:18:22'),(0000000912,'384-0965','','PLUG',NULL,0000000001,20923.00,0.00,0.00,0000000000,2,20923.00,1,'METALSIGMAUSER','2019-03-12 18:03:50','METALSIGMAUSER','2019-03-13 17:18:22'),(0000000913,'296-0638','',' FILM-WARNING',NULL,0000000001,8997.00,0.00,0.00,0000000000,6,8997.00,1,'METALSIGMAUSER','2019-03-12 18:03:50','METALSIGMAUSER','2019-03-13 17:18:22'),(0000000914,'398-8225','','COVER',NULL,0000000001,2438.00,0.00,0.00,0000000000,1,2438.00,1,'METALSIGMAUSER','2019-03-12 18:03:50','METALSIGMAUSER','2019-03-13 17:18:22'),(0000000915,'379-0211','','PLUG',NULL,0000000001,10562.00,0.00,0.00,0000000000,1,10562.00,1,'METALSIGMAUSER','2019-03-12 18:03:50','METALSIGMAUSER','2019-03-13 17:18:22'),(0000000916,'279-6497','','FILM-GREASE',NULL,0000000001,12215.00,0.00,0.00,0000000000,2,12215.00,1,'METALSIGMAUSER','2019-03-12 18:03:50','METALSIGMAUSER','2019-03-13 17:18:22'),(0000000917,'9G-0286','','SELLO-ORING',NULL,0000000001,53016.00,0.00,0.00,0000000000,5,53016.00,1,'METALSIGMAUSER','2019-03-12 18:03:50','METALSIGMAUSER','2019-03-13 17:18:22'),(0000000918,'4H-0019','','RACE&ROLLER',NULL,0000000001,128213.00,0.00,0.00,0000000000,1,128213.00,1,'METALSIGMAUSER','2019-03-12 18:03:50','METALSIGMAUSER','2019-03-13 17:18:22'),(0000000919,'4F-2129','','BEARING',NULL,0000000001,122272.00,0.00,0.00,0000000000,1,122272.00,1,'METALSIGMAUSER','2019-03-12 18:03:50','METALSIGMAUSER','2019-03-13 17:18:22'),(0000000920,'8D-1817','','CUP',NULL,0000000001,42099.00,0.00,0.00,0000000000,2,42099.00,1,'METALSIGMAUSER','2019-03-12 18:03:50','METALSIGMAUSER','2019-03-13 17:18:22'),(0000000921,'8D-1819','','CONE',NULL,0000000001,105171.00,0.00,0.00,0000000000,2,105171.00,1,'METALSIGMAUSER','2019-03-12 18:03:50','METALSIGMAUSER','2019-03-13 17:18:22'),(0000000922,'6B-6863','','GREAT BRITIAN',NULL,0000000001,1000.00,0.00,0.00,0000000000,1,1000.00,1,'METALSIGMAUSER','2019-03-12 18:03:50','METALSIGMAUSER','2019-03-13 17:18:22'),(0000000923,'6S-2829','','CONE',NULL,0000000001,53563.00,0.00,0.00,0000000000,2,53563.00,1,'METALSIGMAUSER','2019-03-12 18:03:50','METALSIGMAUSER','2019-03-13 17:18:22'),(0000000924,'5P-7592','','RACE',NULL,0000000001,40619.00,0.00,0.00,0000000000,1,40619.00,1,'METALSIGMAUSER','2019-03-12 18:03:50','METALSIGMAUSER','2019-03-13 17:18:22'),(0000000925,'1P-3934','','CUP',NULL,0000000001,39997.00,0.00,0.00,0000000000,2,39997.00,1,'METALSIGMAUSER','2019-03-12 18:03:50','METALSIGMAUSER','2019-03-13 17:18:22'),(0000000926,'1P-3935','','CONE',NULL,0000000001,84615.00,0.00,0.00,0000000000,2,84615.00,1,'METALSIGMAUSER','2019-03-12 18:03:50','METALSIGMAUSER','2019-03-13 17:18:22'),(0000000927,'6S-2828','','CUP',NULL,0000000001,37360.00,0.00,0.00,0000000000,2,37360.00,1,'METALSIGMAUSER','2019-03-12 18:03:50','METALSIGMAUSER','2019-03-13 17:18:22'),(0000000928,'8X-7317','','HOSE',NULL,0000000001,25712.00,0.00,0.00,0000000000,1,25712.00,1,'METALSIGMAUSER','2019-03-12 18:03:50','METALSIGMAUSER','2019-03-13 17:18:22'),(0000000929,'258-2829','','BREATHER',NULL,0000000001,27047.00,0.00,0.00,0000000000,1,27047.00,1,'METALSIGMAUSER','2019-03-12 18:03:50','METALSIGMAUSER','2019-09-05 13:09:05'),(0000000930,'435-1962','','PLUG',NULL,0000000001,105878.00,0.00,0.00,0000000000,1,105878.00,1,'METALSIGMAUSER','2019-03-12 18:03:50','METALSIGMAUSER','2019-03-13 17:18:22'),(0000000931,'3E-8017','','TUERCA',NULL,0000000001,5799.00,0.00,0.00,0000000000,8,5799.00,1,'METALSIGMAUSER','2019-03-12 18:03:50','METALSIGMAUSER','2019-03-13 17:18:22'),(0000000932,'294-1706','',' SEAL','',0000000001,24636.00,0.00,0.00,0000000000,1,0.00,1,'METALSIGMAUSER','2019-03-12 18:03:50','YVILLALOBOS','2019-09-26 10:44:24'),(0000000933,'433-9673','','DAMPER-BOTTO',NULL,0000000001,230691.00,0.00,0.00,0000000000,1,230691.00,1,'METALSIGMAUSER','2019-03-12 18:03:50','METALSIGMAUSER','2019-03-13 17:18:22'),(0000000934,'142-7072','','SELLO ANULAR',NULL,0000000001,7063.00,0.00,0.00,0000000000,6,7063.00,1,'METALSIGMAUSER','2019-03-12 18:03:50','METALSIGMAUSER','2019-03-13 17:18:22'),(0000000935,'6D-1734','','CUP',NULL,0000000001,27924.00,0.00,0.00,0000000000,1,27924.00,1,'METALSIGMAUSER','2019-03-12 18:03:50','METALSIGMAUSER','2019-03-13 17:18:22'),(0000000936,'416-5220','','HOSE',NULL,0000000001,20087.00,0.00,0.00,0000000000,1,20087.00,1,'METALSIGMAUSER','2019-03-12 18:03:50','METALSIGMAUSER','2019-03-13 17:18:22'),(0000000937,'156-7485','','BUJE',NULL,0000000001,22341.00,0.00,0.00,0000000000,6,22341.00,1,'METALSIGMAUSER','2019-03-12 18:03:50','METALSIGMAUSER','2019-03-13 17:18:22'),(0000000938,'1M-3909','','BEARING',NULL,0000000001,38852.00,0.00,0.00,0000000000,6,38852.00,1,'METALSIGMAUSER','2019-03-12 18:03:50','METALSIGMAUSER','2019-03-13 17:18:22'),(0000000939,'393-1241','','COVER-DUST',NULL,0000000001,52670.00,0.00,0.00,0000000000,2,52670.00,1,'METALSIGMAUSER','2019-03-12 18:03:50','METALSIGMAUSER','2019-03-13 17:18:22'),(0000000940,'3P-7898','','BUJE',NULL,0000000001,28290.00,0.00,0.00,0000000000,4,28290.00,1,'METALSIGMAUSER','2019-03-12 18:03:50','METALSIGMAUSER','2019-03-13 17:18:22'),(0000000941,'443-7409','','KIT-GASKET',NULL,0000000001,224157.00,0.00,0.00,0000000000,1,224157.00,1,'METALSIGMAUSER','2019-03-12 18:03:50','METALSIGMAUSER','2019-03-13 17:18:22'),(0000000942,'7Y-1647','',' GASKET','',0000000001,9523.00,0.00,0.00,0000000000,1,0.00,1,'METALSIGMAUSER','2019-03-12 18:03:50','YVILLALOBOS','2019-09-26 10:44:24'),(0000000943,'337-5100','','KIT SEAL',NULL,0000000001,177792.00,0.00,0.00,0000000000,1,177792.00,1,'METALSIGMAUSER','2019-03-12 18:03:50','METALSIGMAUSER','2019-03-13 17:18:22'),(0000000944,'249-1120','','COVER TOP',NULL,0000000001,111464.00,0.00,0.00,0000000000,1,111464.00,1,'METALSIGMAUSER','2019-03-12 18:03:50','METALSIGMAUSER','2019-03-13 17:18:22'),(0000000945,'276-7476','','RING-KIT ',NULL,0000000001,84454.00,0.00,0.00,0000000000,1,84454.00,1,'METALSIGMAUSER','2019-03-12 18:03:50','METALSIGMAUSER','2019-03-13 17:18:22'),(0000000946,'4J-7533','','SEAL',NULL,0000000001,946.00,0.00,0.00,0000000000,8,946.00,1,'METALSIGMAUSER','2019-03-12 18:03:50','METALSIGMAUSER','2019-03-13 17:18:22'),(0000000947,'239-1080','','TACHOMETER',NULL,0000000001,196636.00,0.00,0.00,0000000000,1,196636.00,1,'METALSIGMAUSER','2019-03-12 18:03:50','METALSIGMAUSER','2019-03-13 17:18:22'),(0000000948,'435-1963','','PLUG',NULL,0000000001,18756.00,0.00,0.00,0000000000,1,18756.00,1,'METALSIGMAUSER','2019-03-12 18:03:50','METALSIGMAUSER','2019-03-13 17:18:22'),(0000000949,'233-5483','','GASKET',NULL,0000000001,27939.00,0.00,0.00,0000000000,1,27939.00,1,'METALSIGMAUSER','2019-03-12 18:03:50','METALSIGMAUSER','2019-03-13 17:18:22'),(0000000950,'130-3216','','V-BELT SET',NULL,0000000001,51486.00,0.00,0.00,0000000000,1,51486.00,1,'METALSIGMAUSER','2019-03-12 18:03:50','METALSIGMAUSER','2019-03-13 17:18:22'),(0000000951,'251-6789','','BELT VEE',NULL,0000000001,16281.00,0.00,0.00,0000000000,1,16281.00,1,'METALSIGMAUSER','2019-03-12 18:03:50','METALSIGMAUSER','2019-03-13 17:18:22'),(0000000952,'323-3309','','ARC RETROFIT',NULL,0000000001,661.00,0.00,0.00,0000000000,4,661.00,1,'METALSIGMAUSER','2019-03-12 18:03:50','METALSIGMAUSER','2019-03-13 17:18:22'),(0000000953,'322-6274','','FILM NITROGE',NULL,0000000001,7981.00,0.00,0.00,0000000000,3,7981.00,1,'METALSIGMAUSER','2019-03-12 18:03:50','METALSIGMAUSER','2019-03-13 17:18:22'),(0000000954,'3Q-7749','','SEAL',NULL,0000000001,3023.00,0.00,0.00,0000000000,2,3023.00,1,'METALSIGMAUSER','2019-03-12 18:03:50','METALSIGMAUSER','2019-03-13 17:18:22'),(0000000955,'394-3905','','SEAL ORING',NULL,0000000001,7946.00,0.00,0.00,0000000000,3,7946.00,1,'METALSIGMAUSER','2019-03-12 18:03:50','METALSIGMAUSER','2019-03-13 17:18:22'),(0000000956,'3E-6734','','SEAL ORING',NULL,0000000001,13540.00,0.00,0.00,0000000000,1,13540.00,1,'METALSIGMAUSER','2019-03-12 18:03:50','METALSIGMAUSER','2019-03-13 17:18:22'),(0000000957,'391-3805','','SEAL U CUP',NULL,0000000001,11258.00,0.00,0.00,0000000000,2,11258.00,1,'METALSIGMAUSER','2019-03-12 18:03:50','METALSIGMAUSER','2019-03-13 17:18:22'),(0000000958,'391-3813','','SEAL U CUP',NULL,0000000001,56211.00,0.00,0.00,0000000000,1,56211.00,1,'METALSIGMAUSER','2019-03-12 18:03:50','METALSIGMAUSER','2019-03-13 17:18:22'),(0000000959,'3B-4632','','PASADOR CHAVETA',NULL,0000000001,273.00,0.00,0.00,0000000000,2,273.00,1,'METALSIGMAUSER','2019-03-12 18:03:50','METALSIGMAUSER','2019-03-13 17:18:22'),(0000000960,'3E-6704','','SEAL ORING',NULL,0000000001,17317.00,0.00,0.00,0000000000,1,17317.00,1,'METALSIGMAUSER','2019-03-12 18:03:50','METALSIGMAUSER','2019-03-13 17:18:22'),(0000000961,'394-3908','','SEAL ORING',NULL,0000000001,8431.00,0.00,0.00,0000000000,1,8431.00,1,'METALSIGMAUSER','2019-03-12 18:03:50','METALSIGMAUSER','2019-03-13 17:18:22'),(0000000962,'394-3907','','SEAL ORING',NULL,0000000001,10218.00,0.00,0.00,0000000000,8,10218.00,1,'METALSIGMAUSER','2019-03-12 18:03:50','METALSIGMAUSER','2019-03-13 17:18:22'),(0000000963,'394-3911','','SEAL ORING',NULL,0000000001,18648.00,0.00,0.00,0000000000,1,18648.00,1,'METALSIGMAUSER','2019-03-12 18:03:50','METALSIGMAUSER','2019-03-13 17:18:22'),(0000000964,'394-3904','','SEAL ORING',NULL,0000000001,8517.00,0.00,0.00,0000000000,1,8517.00,1,'METALSIGMAUSER','2019-03-12 18:03:50','METALSIGMAUSER','2019-03-13 17:18:22'),(0000000965,'3Q-7690','','SEAL',NULL,0000000001,32487.00,0.00,0.00,0000000000,1,32487.00,1,'METALSIGMAUSER','2019-03-12 18:03:50','METALSIGMAUSER','2019-03-13 17:18:22'),(0000000966,'369-1557','','RETAINER',NULL,0000000001,5051.00,0.00,0.00,0000000000,1,5051.00,1,'METALSIGMAUSER','2019-03-12 18:03:50','METALSIGMAUSER','2019-03-13 17:18:22'),(0000000967,'303-2116','','CLIP',NULL,0000000001,4572.00,0.00,0.00,0000000000,4,4572.00,1,'METALSIGMAUSER','2019-03-12 18:03:50','METALSIGMAUSER','2019-03-13 17:18:22'),(0000000968,'346-6688','','ELEMENT SEC',NULL,0000000001,31558.00,0.00,0.00,0000000000,2,31558.00,1,'METALSIGMAUSER','2019-03-12 18:03:50','METALSIGMAUSER','2019-03-13 17:18:22'),(0000000969,'365-4591','','CLAM-CLIP',NULL,0000000001,3307.00,0.00,0.00,0000000000,1,3307.00,1,'METALSIGMAUSER','2019-03-12 18:03:50','METALSIGMAUSER','2019-03-13 17:18:22'),(0000000970,'391-3807','','SEAL',NULL,0000000001,31442.00,0.00,0.00,0000000000,1,31442.00,1,'METALSIGMAUSER','2019-03-12 18:03:50','METALSIGMAUSER','2019-03-13 17:18:22'),(0000000971,'361-9555','','ELEMENT AS','',0000000001,22345.00,0.00,0.00,0000000000,0,22345.00,1,'METALSIGMAUSER','2019-03-12 18:03:50','GPETIT','2019-10-22 09:29:26'),(0000000972,'364-1270','','PIN AS',NULL,0000000001,129769.00,0.00,0.00,0000000000,1,129769.00,1,'METALSIGMAUSER','2019-03-12 18:03:50','METALSIGMAUSER','2019-03-13 17:18:22'),(0000000973,'399-6521','','STEP',NULL,0000000001,39161.00,0.00,0.00,0000000000,2,39161.00,1,'METALSIGMAUSER','2019-03-12 18:03:50','METALSIGMAUSER','2019-03-13 17:18:22'),(0000000974,'3T-0996','','BEARING',NULL,0000000001,76736.00,0.00,0.00,0000000000,2,76736.00,1,'METALSIGMAUSER','2019-03-12 18:03:50','METALSIGMAUSER','2019-03-13 17:18:22'),(0000000975,'359-1439','','SEAL',NULL,0000000001,3303.00,0.00,0.00,0000000000,24,3303.00,1,'METALSIGMAUSER','2019-03-12 18:03:50','METALSIGMAUSER','2019-03-13 17:18:22'),(0000000976,'353-5995','','KIT SEAL',NULL,0000000001,38504.00,0.00,0.00,0000000000,1,38504.00,1,'METALSIGMAUSER','2019-03-12 18:03:50','METALSIGMAUSER','2019-03-13 17:18:22'),(0000000977,'305-0333','','SOPORTE',NULL,0000000001,37246.00,0.00,0.00,0000000000,1,37246.00,1,'METALSIGMAUSER','2019-03-12 18:03:50','METALSIGMAUSER','2019-03-13 17:18:22'),(0000000978,'357-1752','','GASKET',NULL,0000000001,26171.00,0.00,0.00,0000000000,1,26171.00,1,'METALSIGMAUSER','2019-03-12 18:03:50','METALSIGMAUSER','2019-03-13 17:18:22'),(0000000979,'341-9211','','GASKET',NULL,0000000001,2069.00,0.00,0.00,0000000000,4,2069.00,1,'METALSIGMAUSER','2019-03-12 18:03:50','METALSIGMAUSER','2019-03-13 17:18:22'),(0000000980,'3B-8489','',' GREASE FITTING','',0000000001,1745.00,0.00,0.00,0000000000,1,0.00,1,'METALSIGMAUSER','2019-03-12 18:03:50','YVILLALOBOS','2019-09-30 15:25:17'),(0000000981,'347-3148','','CLAMP-BAND',NULL,0000000001,4300.00,0.00,0.00,0000000000,2,4300.00,1,'METALSIGMAUSER','2019-03-12 18:03:50','METALSIGMAUSER','2019-03-13 17:18:22'),(0000000982,'308-1906','','ATOMISER',NULL,0000000001,180042.00,0.00,0.00,0000000000,4,180042.00,1,'METALSIGMAUSER','2019-03-12 18:03:50','METALSIGMAUSER','2019-03-13 17:18:22'),(0000000983,'349-7901','','SPACER',NULL,0000000001,16623.00,0.00,0.00,0000000000,14,16623.00,1,'METALSIGMAUSER','2019-03-12 18:03:50','METALSIGMAUSER','2019-03-13 17:18:22'),(0000000984,'335-9802','','TUBE-TURBO',NULL,0000000001,76621.00,0.00,0.00,0000000000,1,76621.00,1,'METALSIGMAUSER','2019-03-12 18:03:50','METALSIGMAUSER','2019-03-13 17:18:22'),(0000000985,'390-0536','','BELT',NULL,0000000001,61048.00,0.00,0.00,0000000000,1,61048.00,1,'METALSIGMAUSER','2019-03-12 18:03:50','METALSIGMAUSER','2019-03-13 17:18:22'),(0000000986,'357-0351','','STUD-TAPERLOCK','',0000000001,23631.00,0.00,0.00,0000000000,7,0.00,1,'METALSIGMAUSER','2019-03-12 18:03:50','GPETIT','2019-08-27 12:10:08'),(0000000987,'398-4230','','PLATE',NULL,0000000001,23725.00,0.00,0.00,0000000000,3,23725.00,1,'METALSIGMAUSER','2019-03-12 18:03:50','METALSIGMAUSER','2019-03-13 17:18:22'),(0000000988,'304-5061','','EMPAQUETADURA','',0000000001,10810.00,0.00,0.00,0000000000,2,0.00,1,'METALSIGMAUSER','2019-03-12 18:03:50','GPETIT','2019-08-26 10:50:23'),(0000000989,'344-5674','','NUT HEX',NULL,0000000001,281.00,0.00,0.00,0000000000,10,281.00,1,'METALSIGMAUSER','2019-03-12 18:03:50','METALSIGMAUSER','2019-03-13 17:18:22'),(0000000990,'358-7876','','MANGUITO',NULL,0000000001,23923.00,0.00,0.00,0000000000,3,23923.00,1,'METALSIGMAUSER','2019-03-12 18:03:50','METALSIGMAUSER','2019-03-13 17:18:22'),(0000000991,'375-2467','','CONTRATUERCA',NULL,0000000001,2962.00,0.00,0.00,0000000000,4,2962.00,1,'METALSIGMAUSER','2019-03-12 18:03:50','METALSIGMAUSER','2019-03-13 17:18:22'),(0000000992,'3P-1155','','SEAL ORING',NULL,0000000001,7877.00,0.00,0.00,0000000000,2,7877.00,1,'METALSIGMAUSER','2019-03-12 18:03:50','METALSIGMAUSER','2019-03-13 17:18:22'),(0000000993,'3J-7354','','SELLO ANULAR',NULL,0000000001,1035.00,0.00,0.00,0000000000,18,1035.00,1,'METALSIGMAUSER','2019-03-12 18:03:50','METALSIGMAUSER','2019-07-04 12:49:28'),(0000000994,'345-0412','','GASKET',NULL,0000000001,101171.00,0.00,0.00,0000000000,2,101171.00,1,'METALSIGMAUSER','2019-03-12 18:03:50','METALSIGMAUSER','2019-03-13 17:18:22'),(0000000995,'369-1548','','TOOL',NULL,0000000001,407087.00,0.00,0.00,0000000000,1,407087.00,1,'METALSIGMAUSER','2019-03-12 18:03:50','METALSIGMAUSER','2019-03-13 17:18:22'),(0000000996,'9W-0607','','BULB',NULL,0000000001,5540.00,0.00,0.00,0000000000,4,5540.00,1,'METALSIGMAUSER','2019-03-12 18:03:50','METALSIGMAUSER','2019-03-13 17:18:22'),(0000000997,'9X-7357','','SEAL ORING',NULL,0000000001,2970.00,0.00,0.00,0000000000,4,2970.00,1,'METALSIGMAUSER','2019-03-12 18:03:50','METALSIGMAUSER','2019-03-13 17:18:22'),(0000000998,'9R-1005','','ARC RETROFIT',NULL,0000000001,7101.00,0.00,0.00,0000000000,2,7101.00,1,'METALSIGMAUSER','2019-03-12 18:03:50','METALSIGMAUSER','2019-03-13 17:18:22'),(0000000999,'9R-7802','','BROCHE',NULL,0000000001,8083.00,0.00,0.00,0000000000,2,8083.00,1,'METALSIGMAUSER','2019-03-12 18:03:50','METALSIGMAUSER','2019-03-13 17:18:22'),(0000001000,'9R-7803','','BROCHE',NULL,0000000001,4753.00,0.00,0.00,0000000000,2,4753.00,1,'METALSIGMAUSER','2019-03-12 18:03:50','METALSIGMAUSER','2019-03-13 17:18:22'),(0000001001,'9X-8257','','ARANDELA PLANA','',0000000001,1165.00,0.00,0.00,0000000000,8,0.00,1,'METALSIGMAUSER','2019-03-12 18:03:50','GPETIT','2019-08-27 12:10:08'),(0000001002,'9F-4446','','SEAL ORING','',0000000001,5646.00,0.00,0.00,0000000000,1,5646.00,1,'METALSIGMAUSER','2019-03-12 18:03:50','GPETIT','2019-08-21 16:20:59'),(0000001003,'9L-5854','','SEAL',NULL,0000000001,5743.00,0.00,0.00,0000000000,6,5743.00,1,'METALSIGMAUSER','2019-03-12 18:03:50','METALSIGMAUSER','2019-03-13 17:18:22'),(0000001004,'9N-0869','','GOLILLA',NULL,0000000001,693.00,0.00,0.00,0000000000,1,693.00,1,'METALSIGMAUSER','2019-03-12 18:03:50','METALSIGMAUSER','2019-03-13 17:18:22'),(0000001005,'9C-2741','','SPACER',NULL,0000000001,20745.00,0.00,0.00,0000000000,1,20745.00,1,'METALSIGMAUSER','2019-03-12 18:03:50','METALSIGMAUSER','2019-03-13 17:18:22'),(0000001006,'9G-7683','','BEARING',NULL,0000000001,10325.00,0.00,0.00,0000000000,2,10325.00,1,'METALSIGMAUSER','2019-03-12 18:03:50','METALSIGMAUSER','2019-03-13 17:18:22'),(0000001007,'9V-4924','','SPACER','',0000000001,13220.00,0.00,0.00,0000000000,0,13330.00,1,'METALSIGMAUSER','2019-03-12 18:03:50','ABOLIVAR','2019-07-30 14:33:33'),(0000001008,'9X-8256','','SEAL',NULL,0000000001,297.00,0.00,0.00,0000000000,1,297.00,1,'METALSIGMAUSER','2019-03-12 18:03:50','METALSIGMAUSER','2019-03-13 17:18:22'),(0000001009,'9X-2125','','BOLT',NULL,0000000001,831.00,0.00,0.00,0000000000,7,831.00,1,'METALSIGMAUSER','2019-03-12 18:03:50','METALSIGMAUSER','2019-03-13 17:18:22'),(0000001010,'9X-2045','','TORNILLO',NULL,0000000001,1049.00,0.00,0.00,0000000000,4,1049.00,1,'METALSIGMAUSER','2019-03-12 18:03:50','METALSIGMAUSER','2019-03-13 17:18:22'),(0000001011,'9S-8004','','TAPON',NULL,0000000001,6847.00,0.00,0.00,0000000000,1,6847.00,1,'METALSIGMAUSER','2019-03-12 18:03:50','METALSIGMAUSER','2019-03-13 17:18:22'),(0000001012,'5K-5129','','RING',NULL,0000000001,6943.00,0.00,0.00,0000000000,3,6943.00,1,'METALSIGMAUSER','2019-03-12 18:03:50','METALSIGMAUSER','2019-03-13 17:18:22'),(0000001013,'5P-0599','','CLAMP',NULL,0000000001,6497.00,0.00,0.00,0000000000,2,6497.00,1,'METALSIGMAUSER','2019-03-12 18:03:50','METALSIGMAUSER','2019-03-13 17:18:22'),(0000001014,'5P-4116','','WASHER',NULL,0000000001,590.00,0.00,0.00,0000000000,31,590.00,1,'METALSIGMAUSER','2019-03-12 18:03:50','METALSIGMAUSER','2019-03-13 17:18:22'),(0000001015,'5P-8077','','BRIDAS',NULL,0000000001,19349.00,0.00,0.00,0000000000,3,19349.00,1,'METALSIGMAUSER','2019-03-12 18:03:50','METALSIGMAUSER','2019-03-13 17:18:22'),(0000001016,'5P-7701','','SEAL ORING',NULL,0000000001,7843.00,0.00,0.00,0000000000,4,7843.00,1,'METALSIGMAUSER','2019-03-12 18:03:50','METALSIGMAUSER','2019-03-13 17:18:22'),(0000001017,'5P-8439','','ARANDELA DE GOMA',NULL,0000000001,6128.00,0.00,0.00,0000000000,2,6128.00,1,'METALSIGMAUSER','2019-03-12 18:03:50','METALSIGMAUSER','2019-03-13 17:18:22'),(0000001018,'519-7637','','TUBE AS',NULL,0000000001,53960.00,0.00,0.00,0000000000,1,53960.00,1,'METALSIGMAUSER','2019-03-12 18:03:50','METALSIGMAUSER','2019-03-13 17:18:22'),(0000001019,'5P-2230','','CLAMP',NULL,0000000001,4159.00,0.00,0.00,0000000000,7,4159.00,1,'METALSIGMAUSER','2019-03-12 18:03:50','METALSIGMAUSER','2019-03-13 17:18:22'),(0000001020,'5P-5678','','SELLO','',0000000001,16290.00,0.00,0.00,0000000000,1,0.00,1,'METALSIGMAUSER','2019-03-12 18:03:50','GPETIT','2019-07-30 14:33:33'),(0000001021,'5P-0840','','SEAL ORING',NULL,0000000001,5671.00,0.00,0.00,0000000000,2,5671.00,1,'METALSIGMAUSER','2019-03-12 18:03:50','METALSIGMAUSER','2019-03-13 17:18:22'),(0000001022,'5P-5846','','SEAL ORING',NULL,0000000001,15649.00,0.00,0.00,0000000000,1,15649.00,1,'METALSIGMAUSER','2019-03-12 18:03:50','METALSIGMAUSER','2019-03-13 17:18:22'),(0000001023,'5P-5598','','SEAL ORING',NULL,0000000001,5906.00,0.00,0.00,0000000000,1,5906.00,1,'METALSIGMAUSER','2019-03-12 18:03:50','METALSIGMAUSER','2019-03-13 17:18:22'),(0000001024,'5P-4115','','WASHER',NULL,0000000001,384.00,0.00,0.00,0000000000,2,384.00,1,'METALSIGMAUSER','2019-03-12 18:03:50','METALSIGMAUSER','2019-03-13 17:18:22'),(0000001025,'6V-0937','','BOLT',NULL,0000000001,1150.00,0.00,0.00,0000000000,0,1150.00,1,'METALSIGMAUSER','2019-03-12 18:03:50','METALSIGMAUSER','2019-07-03 15:25:20'),(0000001026,'5C-9553','','BOLT',NULL,0000000001,242.00,0.00,0.00,0000000000,3,242.00,1,'METALSIGMAUSER','2019-03-12 18:03:50','METALSIGMAUSER','2019-03-13 17:18:22'),(0000001027,'5E-8771','','SEAL ORING',NULL,0000000001,20835.00,0.00,0.00,0000000000,1,20835.00,1,'METALSIGMAUSER','2019-03-12 18:03:50','METALSIGMAUSER','2019-03-13 17:18:22'),(0000001028,'540-0331','','NUT  HEX',NULL,0000000001,297.00,0.00,0.00,0000000000,1,297.00,1,'METALSIGMAUSER','2019-03-12 18:03:50','METALSIGMAUSER','2019-03-13 17:18:22'),(0000001029,'6V-3831','','SEAL ORING',NULL,0000000001,19588.00,0.00,0.00,0000000000,1,19588.00,1,'METALSIGMAUSER','2019-03-12 18:03:50','METALSIGMAUSER','2019-03-13 17:18:22'),(0000001030,'6V-1197','','SEAL ORING',NULL,0000000001,22212.00,0.00,0.00,0000000000,1,22212.00,1,'METALSIGMAUSER','2019-03-12 18:03:50','METALSIGMAUSER','2019-03-13 17:18:22'),(0000001031,'6V-6609','','SEAL ORING',NULL,0000000001,1295.00,0.00,0.00,0000000000,6,1295.00,1,'METALSIGMAUSER','2019-03-12 18:03:50','METALSIGMAUSER','2019-03-13 17:18:22'),(0000001032,'6V-3251','','SEAL ORING',NULL,0000000001,1280.00,0.00,0.00,0000000000,1,1280.00,1,'METALSIGMAUSER','2019-03-12 18:03:50','METALSIGMAUSER','2019-03-13 17:18:22'),(0000001033,'6V-3683','','SEAL ORING',NULL,0000000001,7512.00,0.00,0.00,0000000000,1,7512.00,1,'METALSIGMAUSER','2019-03-12 18:03:50','METALSIGMAUSER','2019-03-13 17:18:22'),(0000001034,'6V-0128','','SEAL',NULL,0000000001,2340.00,0.00,0.00,0000000000,1,2340.00,1,'METALSIGMAUSER','2019-03-12 18:03:50','METALSIGMAUSER','2019-03-13 17:18:22'),(0000001035,'6V-7744','','TUERCA',NULL,0000000001,1313.00,0.00,0.00,0000000000,1,1313.00,1,'METALSIGMAUSER','2019-03-12 18:03:50','METALSIGMAUSER','2019-03-13 17:18:22'),(0000001036,'6V-7644','','RING',NULL,0000000001,3345.00,0.00,0.00,0000000000,1,3345.00,1,'METALSIGMAUSER','2019-03-12 18:03:50','METALSIGMAUSER','2019-03-13 17:18:22'),(0000001037,'6V-2317','','BOLT',NULL,0000000001,398.00,0.00,0.00,0000000000,2,398.00,1,'METALSIGMAUSER','2019-03-12 18:03:50','METALSIGMAUSER','2019-03-13 17:18:22'),(0000001038,'6V-0852','','TAPA ANTIPOLVO','',0000000001,4765.00,0.00,0.00,0000000000,1,0.00,1,'METALSIGMAUSER','2019-03-12 18:03:50','GPETIT','2019-06-27 11:36:35'),(0000001039,'6V-7350','','SELLO ANULAR','',0000000001,19902.00,0.00,0.00,0000000000,2,0.00,1,'METALSIGMAUSER','2019-03-12 18:03:50','GPETIT','2019-06-27 11:36:35'),(0000001040,'6V-8397','','SEAL ORING',NULL,0000000001,1186.00,0.00,0.00,0000000000,21,1186.00,1,'METALSIGMAUSER','2019-03-12 18:03:50','METALSIGMAUSER','2019-03-13 17:18:22'),(0000001041,'6V-7359','','GROMMET',NULL,0000000001,24982.00,0.00,0.00,0000000000,2,24982.00,1,'METALSIGMAUSER','2019-03-12 18:03:50','METALSIGMAUSER','2019-03-13 17:18:22'),(0000001042,'6V-5064','','SEAL ORING',NULL,0000000001,1980.00,0.00,0.00,0000000000,1,1980.00,1,'METALSIGMAUSER','2019-03-12 18:03:50','METALSIGMAUSER','2019-03-13 17:18:22'),(0000001043,'6V-8716','','COUPLER',NULL,0000000001,10835.00,0.00,0.00,0000000000,2,10835.00,1,'METALSIGMAUSER','2019-03-12 18:03:50','METALSIGMAUSER','2019-03-13 17:18:22'),(0000001044,'6V-5686','','BOLT',NULL,0000000001,2358.00,0.00,0.00,0000000000,4,2358.00,1,'METALSIGMAUSER','2019-03-12 18:03:50','METALSIGMAUSER','2019-03-13 17:18:22'),(0000001045,'6J-2419','','SEAL ORING',NULL,0000000001,1881.00,0.00,0.00,0000000000,1,1881.00,1,'METALSIGMAUSER','2019-03-12 18:03:50','METALSIGMAUSER','2019-03-13 17:18:22'),(0000001046,'445-0188','','CLAMP',NULL,0000000001,6891.00,0.00,0.00,0000000000,2,6891.00,1,'METALSIGMAUSER','2019-03-12 18:03:50','METALSIGMAUSER','2019-03-13 17:18:22'),(0000001047,'448-0629','','BLOCK',NULL,0000000001,8429.00,0.00,0.00,0000000000,1,8429.00,1,'METALSIGMAUSER','2019-03-12 18:03:50','METALSIGMAUSER','2019-03-13 17:18:22'),(0000001048,'456-8224','','DAMPER BOTTO',NULL,0000000001,69836.00,0.00,0.00,0000000000,1,69836.00,1,'METALSIGMAUSER','2019-03-12 18:03:50','METALSIGMAUSER','2019-03-13 17:18:22'),(0000001049,'4J-0524','','ORING','',0000000001,3040.00,0.00,0.00,0000000000,7,0.00,1,'METALSIGMAUSER','2019-03-12 18:03:50','GPETIT','2019-08-27 12:10:07'),(0000001050,'4N-7266','','GASKET',NULL,0000000001,6745.00,0.00,0.00,0000000000,1,6745.00,1,'METALSIGMAUSER','2019-03-12 18:03:50','METALSIGMAUSER','2019-03-13 17:18:22'),(0000001051,'453-8033','','WASHER HARD',NULL,0000000001,1178.00,0.00,0.00,0000000000,10,1178.00,1,'METALSIGMAUSER','2019-03-12 18:03:50','METALSIGMAUSER','2019-03-13 17:18:22'),(0000001052,'453-5032','','WASHER HARD',NULL,0000000001,2010.00,0.00,0.00,0000000000,1,2010.00,1,'METALSIGMAUSER','2019-03-12 18:03:50','METALSIGMAUSER','2019-03-13 17:18:22'),(0000001053,'426-4357','','GASKET',NULL,0000000001,946.00,0.00,0.00,0000000000,4,946.00,1,'METALSIGMAUSER','2019-03-12 18:03:50','METALSIGMAUSER','2019-03-13 17:18:22'),(0000001054,'4I-8019','','SUPPORT',NULL,0000000001,37038.00,0.00,0.00,0000000000,2,37038.00,1,'METALSIGMAUSER','2019-03-12 18:03:50','METALSIGMAUSER','2019-03-13 17:18:22'),(0000001055,'476-2738','','KIT SEAL',NULL,0000000001,11377.00,0.00,0.00,0000000000,1,11377.00,1,'METALSIGMAUSER','2019-03-12 18:03:50','METALSIGMAUSER','2019-03-13 17:18:22'),(0000001056,'4P-4460','','GASKET',NULL,0000000001,871.00,0.00,0.00,0000000000,1,871.00,1,'METALSIGMAUSER','2019-03-12 18:03:50','METALSIGMAUSER','2019-03-13 17:18:22'),(0000001057,'447-1707','','BOLT HEX',NULL,0000000001,3003.00,0.00,0.00,0000000000,5,3003.00,1,'METALSIGMAUSER','2019-03-12 18:03:50','METALSIGMAUSER','2019-03-13 17:18:22'),(0000001058,'453-8032','','BOLT HEX',NULL,0000000001,1173.00,0.00,0.00,0000000000,2,1173.00,1,'METALSIGMAUSER','2019-03-12 18:03:50','METALSIGMAUSER','2019-03-13 17:18:22'),(0000001059,'418-6781','','STUD',NULL,0000000001,21853.00,0.00,0.00,0000000000,12,21853.00,1,'METALSIGMAUSER','2019-03-12 18:03:50','METALSIGMAUSER','2019-03-13 17:18:22'),(0000001060,'4I-5005','','PLATE',NULL,0000000001,73388.00,0.00,0.00,0000000000,2,73388.00,1,'METALSIGMAUSER','2019-03-12 18:03:50','METALSIGMAUSER','2019-03-13 17:18:22'),(0000001061,'4I-4043','','SHIM',NULL,0000000001,17026.00,0.00,0.00,0000000000,6,17026.00,1,'METALSIGMAUSER','2019-03-12 18:03:50','METALSIGMAUSER','2019-03-13 17:18:22'),(0000001062,'445-0189','','CLAMP',NULL,0000000001,7242.00,0.00,0.00,0000000000,1,7242.00,1,'METALSIGMAUSER','2019-03-12 18:03:50','METALSIGMAUSER','2019-03-13 17:18:22'),(0000001063,'468-4106','','SHIM',NULL,0000000001,5502.00,0.00,0.00,0000000000,12,5502.00,1,'METALSIGMAUSER','2019-03-12 18:03:50','METALSIGMAUSER','2019-09-23 16:27:19'),(0000001064,'099-3649','','BOLT',NULL,0000000001,673.00,0.00,0.00,0000000000,2,673.00,1,'METALSIGMAUSER','2019-03-12 18:03:50','METALSIGMAUSER','2019-03-13 17:18:22'),(0000001065,'061-9455','','SEAL ORING',NULL,0000000001,12652.00,0.00,0.00,0000000000,1,12652.00,1,'METALSIGMAUSER','2019-03-12 18:03:50','METALSIGMAUSER','2019-03-13 17:18:22'),(0000001066,'095-1681','','SEAL ORING',NULL,0000000001,5778.00,0.00,0.00,0000000000,1,5778.00,1,'METALSIGMAUSER','2019-03-12 18:03:50','METALSIGMAUSER','2019-03-13 17:18:22'),(0000001067,'095-1700','','SEAL ORING',NULL,0000000001,2021.00,0.00,0.00,0000000000,2,2021.00,1,'METALSIGMAUSER','2019-03-12 18:03:50','METALSIGMAUSER','2019-03-13 17:18:22'),(0000001068,'087-5548','','BEARING',NULL,0000000001,237429.00,0.00,0.00,0000000000,1,237429.00,1,'METALSIGMAUSER','2019-03-12 18:03:50','METALSIGMAUSER','2019-03-13 17:18:22'),(0000001069,'038-9317','','LIJA',NULL,0000000001,17010.00,0.00,0.00,0000000000,1,17010.00,1,'METALSIGMAUSER','2019-03-12 18:03:50','METALSIGMAUSER','2019-03-13 17:18:22'),(0000001070,'0T-0924','','BOLT',NULL,0000000001,691.00,0.00,0.00,0000000000,8,691.00,1,'METALSIGMAUSER','2019-03-12 18:03:50','METALSIGMAUSER','2019-03-13 17:18:22'),(0000001071,'7C-7431','','EMPAQUETADURA',NULL,0000000001,7435.00,0.00,0.00,0000000000,4,7435.00,1,'METALSIGMAUSER','2019-03-12 18:03:50','METALSIGMAUSER','2019-07-04 12:49:29'),(0000001072,'7W-0845','','GASKET',NULL,0000000001,5764.00,0.00,0.00,0000000000,1,5764.00,1,'METALSIGMAUSER','2019-03-12 18:03:50','METALSIGMAUSER','2019-03-13 17:18:22'),(0000001073,'7X-2564','','BOLT',NULL,0000000001,13009.00,0.00,0.00,0000000000,7,13009.00,1,'METALSIGMAUSER','2019-03-12 18:03:50','METALSIGMAUSER','2019-03-13 17:18:22'),(0000001074,'7N-7559','','GASKET',NULL,0000000001,1182.00,0.00,0.00,0000000000,1,1182.00,1,'METALSIGMAUSER','2019-03-12 18:03:50','METALSIGMAUSER','2019-03-13 17:18:22'),(0000001075,'7J-9108','','ORFS O-RING','',0000000001,1295.00,0.00,0.00,0000000000,8,0.00,1,'METALSIGMAUSER','2019-03-12 18:03:50','GPETIT','2019-08-27 12:10:07'),(0000001076,'7F-8268','','SEAL ORING',NULL,0000000001,3317.00,0.00,0.00,0000000000,1,3317.00,1,'METALSIGMAUSER','2019-03-12 18:03:50','METALSIGMAUSER','2019-03-13 17:18:22'),(0000001077,'7H-3607','','LOCKNUT',NULL,0000000001,1348.00,0.00,0.00,0000000000,24,1348.00,1,'METALSIGMAUSER','2019-03-12 18:03:50','METALSIGMAUSER','2019-07-03 15:26:53'),(0000001078,'8T-4194','','BOLT',NULL,0000000001,1836.00,0.00,0.00,0000000000,6,1836.00,1,'METALSIGMAUSER','2019-03-12 18:03:50','METALSIGMAUSER','2019-03-13 17:18:22'),(0000001079,'8T-4136','','BOLT-HEX HEAD','',0000000001,704.00,0.00,0.00,0000000000,3,0.00,1,'METALSIGMAUSER','2019-03-12 18:03:50','GPETIT','2019-08-21 16:21:02'),(0000001080,'8T-0100','','BOLT',NULL,0000000001,673.00,0.00,0.00,0000000000,1,673.00,1,'METALSIGMAUSER','2019-03-12 18:03:50','METALSIGMAUSER','2019-03-13 17:18:22'),(0000001081,'8D-7341','','GASKET',NULL,0000000001,5886.00,0.00,0.00,0000000000,1,5886.00,1,'METALSIGMAUSER','2019-03-12 18:03:50','METALSIGMAUSER','2019-03-13 17:18:22'),(0000001082,'8T-6912','','BOLT',NULL,0000000001,814.00,0.00,0.00,0000000000,3,814.00,1,'METALSIGMAUSER','2019-03-12 18:03:50','METALSIGMAUSER','2019-03-13 17:18:22'),(0000001083,'8T-4173','','BOLT',NULL,0000000001,6446.00,0.00,0.00,0000000000,2,6446.00,1,'METALSIGMAUSER','2019-03-12 18:03:50','METALSIGMAUSER','2019-07-31 14:08:39'),(0000001084,'8T-4121','','WASHER-HARD','',0000000001,654.00,0.00,0.00,0000000000,10,0.00,1,'METALSIGMAUSER','2019-03-12 18:03:50','GPETIT','2019-08-21 16:21:01'),(0000001085,'8T-4172','','BOLT',NULL,0000000001,1898.00,0.00,0.00,0000000000,1,1898.00,1,'METALSIGMAUSER','2019-03-12 18:03:50','METALSIGMAUSER','2019-03-13 17:18:22'),(0000001086,'8T-9655','','MONTAJE MATERIAL AISLANTE','',0000000001,2438.00,0.00,0.00,0000000000,24,0.00,1,'METALSIGMAUSER','2019-03-12 18:03:50','GPETIT','2019-08-27 12:10:05'),(0000001087,'8T-4956','','BOLT','',0000000001,1336.00,0.00,0.00,0000000000,0,1348.00,1,'METALSIGMAUSER','2019-03-12 18:03:50','ABOLIVAR','2019-07-30 14:33:33'),(0000001088,'8T-4189','','BOLT',NULL,0000000001,381.00,0.00,0.00,0000000000,3,381.00,1,'METALSIGMAUSER','2019-03-12 18:03:50','METALSIGMAUSER','2019-03-13 17:18:22'),(0000001089,'8L-6557','','FITTING',NULL,0000000001,2914.00,0.00,0.00,0000000000,1,2914.00,1,'METALSIGMAUSER','2019-03-12 18:03:50','METALSIGMAUSER','2019-03-13 17:18:22'),(0000001090,'8T-4171','','BOLT',NULL,0000000001,174.00,0.00,0.00,0000000000,3,174.00,1,'METALSIGMAUSER','2019-03-12 18:03:50','METALSIGMAUSER','2019-03-13 17:18:22'),(0000001091,'8T-4222','','WASHER',NULL,0000000001,1130.00,0.00,0.00,0000000000,1,1130.00,1,'METALSIGMAUSER','2019-03-12 18:03:50','METALSIGMAUSER','2019-03-13 17:18:22'),(0000001092,'8T-4244','','HEX HEAD NUT','',0000000001,580.00,0.00,0.00,0000000000,12,0.00,1,'METALSIGMAUSER','2019-03-12 18:03:50','GPETIT','2019-08-21 16:21:01'),(0000001093,'8T-4137','','BOLT-HEX HEAD','',0000000001,620.00,0.00,0.00,0000000000,15,0.00,1,'METALSIGMAUSER','2019-03-12 18:03:50','GPETIT','2019-08-27 12:10:07'),(0000001094,'8T-9527','','SEAL ORING',NULL,0000000001,22424.00,0.00,0.00,0000000000,1,22424.00,1,'METALSIGMAUSER','2019-03-12 18:03:50','METALSIGMAUSER','2019-03-13 17:18:22'),(0000001095,'8L-2779','','SEAL ORING',NULL,0000000001,3818.00,0.00,0.00,0000000000,4,3818.00,1,'METALSIGMAUSER','2019-03-12 18:03:50','METALSIGMAUSER','2019-03-13 17:18:22'),(0000001096,'8L-2786','','SEAL ORING',NULL,0000000001,5466.00,0.00,0.00,0000000000,1,5466.00,1,'METALSIGMAUSER','2019-03-12 18:03:50','METALSIGMAUSER','2019-03-13 17:18:22'),(0000001097,'8T-4123','','ARANDELA PLANA','',0000000001,1383.00,0.00,0.00,0000000000,17,0.00,1,'METALSIGMAUSER','2019-03-12 18:03:50','GPETIT','2019-08-21 16:21:02'),(0000001098,'8T-4192','','PERNOS DE CABEZA','',0000000001,981.00,0.00,0.00,0000000000,4,0.00,1,'METALSIGMAUSER','2019-03-12 18:03:50','GPETIT','2019-08-21 16:21:01'),(0000001099,'8T-4131','','TUERCAS HEXAGONALES','',0000000001,2459.00,0.00,0.00,0000000000,17,0.00,1,'METALSIGMAUSER','2019-03-12 18:03:50','GPETIT','2019-08-27 12:10:05'),(0000001100,'8C-8778','','STUD',NULL,0000000001,4240.00,0.00,0.00,0000000000,1,4240.00,1,'METALSIGMAUSER','2019-03-12 18:03:50','METALSIGMAUSER','2019-03-13 17:18:22'),(0000001101,'8U-5746','','BOLT',NULL,0000000001,605.00,0.00,0.00,0000000000,1,605.00,1,'METALSIGMAUSER','2019-03-12 18:03:50','METALSIGMAUSER','2019-03-13 17:18:22'),(0000001102,'218-6146','','HOSE',NULL,0000000001,69189.00,0.00,0.00,0000000000,3,69189.00,1,'METALSIGMAUSER','2019-03-12 18:03:50','METALSIGMAUSER','2019-03-13 17:18:22'),(0000001103,'232-1115','','CLIP-PIPE',NULL,0000000001,2497.00,0.00,0.00,0000000000,1,2497.00,1,'METALSIGMAUSER','2019-03-12 18:03:50','METALSIGMAUSER','2019-03-13 17:18:22'),(0000001104,'2P-3760','','GASKET',NULL,0000000001,1200.00,0.00,0.00,0000000000,1,1200.00,1,'METALSIGMAUSER','2019-03-12 18:03:50','METALSIGMAUSER','2019-03-13 17:18:22'),(0000001105,'295-0440','','CAP',NULL,0000000001,4651.00,0.00,0.00,0000000000,4,4651.00,1,'METALSIGMAUSER','2019-03-12 18:03:50','METALSIGMAUSER','2019-03-13 17:18:22'),(0000001106,'278-5209','','BREACKET',NULL,0000000001,4790.00,0.00,0.00,0000000000,1,4790.00,1,'METALSIGMAUSER','2019-03-12 18:03:50','METALSIGMAUSER','2019-03-13 17:18:22'),(0000001107,'2S-5658','','WASHER',NULL,0000000001,839.00,0.00,0.00,0000000000,50,839.00,1,'METALSIGMAUSER','2019-03-12 18:03:50','METALSIGMAUSER','2019-03-13 17:18:22'),(0000001108,'281-8744','','GASKET',NULL,0000000001,10459.00,0.00,0.00,0000000000,1,10459.00,1,'METALSIGMAUSER','2019-03-12 18:03:50','METALSIGMAUSER','2019-03-13 17:18:22'),(0000001109,'238-5078','','GASKET',NULL,0000000001,3526.00,0.00,0.00,0000000000,4,3526.00,1,'METALSIGMAUSER','2019-03-12 18:03:50','METALSIGMAUSER','2019-03-13 17:18:22'),(0000001110,'298-4576','','CLIP',NULL,0000000001,4701.00,0.00,0.00,0000000000,3,4701.00,1,'METALSIGMAUSER','2019-03-12 18:03:50','METALSIGMAUSER','2019-03-13 17:18:22'),(0000001111,'220-7108','','WASHER',NULL,0000000001,1481.00,0.00,0.00,0000000000,2,1481.00,1,'METALSIGMAUSER','2019-03-12 18:03:50','METALSIGMAUSER','2019-03-13 17:18:22'),(0000001112,'286-3086','','SPACER',NULL,0000000001,25530.00,0.00,0.00,0000000000,1,25530.00,1,'METALSIGMAUSER','2019-03-12 18:03:50','METALSIGMAUSER','2019-03-13 17:18:22'),(0000001113,'254-1126','','PLATE',NULL,0000000001,1900.00,0.00,0.00,0000000000,1,1900.00,1,'METALSIGMAUSER','2019-03-12 18:03:50','METALSIGMAUSER','2019-03-13 17:18:22'),(0000001114,'2M-9780','','SEAL ORING',NULL,0000000001,1462.00,0.00,0.00,0000000000,3,1462.00,1,'METALSIGMAUSER','2019-03-12 18:03:50','METALSIGMAUSER','2019-03-13 17:18:22'),(0000001115,'258-3697','','ARANDELA',NULL,0000000001,7983.00,0.00,0.00,0000000000,1,7983.00,1,'METALSIGMAUSER','2019-03-12 18:03:50','METALSIGMAUSER','2019-03-13 17:18:22'),(0000001116,'222-7944','','FILM',NULL,0000000001,8031.00,0.00,0.00,0000000000,6,8031.00,1,'METALSIGMAUSER','2019-03-12 18:03:50','METALSIGMAUSER','2019-03-13 17:18:22'),(0000001117,'201-1239','','CODO',NULL,0000000001,4647.00,0.00,0.00,0000000000,2,4647.00,1,'METALSIGMAUSER','2019-03-12 18:03:50','METALSIGMAUSER','2019-03-13 17:18:22'),(0000001118,'275-9883','','SEAL ORING',NULL,0000000001,1098.00,0.00,0.00,0000000000,2,1098.00,1,'METALSIGMAUSER','2019-03-12 18:03:50','METALSIGMAUSER','2019-03-13 17:18:22'),(0000001119,'231-0167','','FILTRO  DE AIRE DEL MOTOR','',0000000001,28105.00,0.00,0.00,0000000000,2,0.00,1,'METALSIGMAUSER','2019-03-12 18:03:50','GPETIT','2019-08-21 16:21:00'),(0000001120,'219-2340','','GASKET',NULL,0000000001,4245.00,0.00,0.00,0000000000,1,4245.00,1,'METALSIGMAUSER','2019-03-12 18:03:50','METALSIGMAUSER','2019-03-13 17:18:22'),(0000001121,'218-6381','','SPACER',NULL,0000000001,17522.00,0.00,0.00,0000000000,4,17522.00,1,'METALSIGMAUSER','2019-03-12 18:03:50','METALSIGMAUSER','2019-03-13 17:18:22'),(0000001122,'242-9537','','SEAL',NULL,0000000001,51279.00,0.00,0.00,0000000000,3,51279.00,1,'METALSIGMAUSER','2019-03-12 18:03:50','METALSIGMAUSER','2019-03-13 17:18:22'),(0000001123,'243-1159','','BOLT',NULL,0000000001,7934.00,0.00,0.00,0000000000,18,7934.00,1,'METALSIGMAUSER','2019-03-12 18:03:50','METALSIGMAUSER','2019-03-13 17:18:22'),(0000001124,'285-4106','','SEAL',NULL,0000000001,57283.00,0.00,0.00,0000000000,1,57283.00,1,'METALSIGMAUSER','2019-03-12 18:03:50','METALSIGMAUSER','2019-03-13 17:18:22'),(0000001125,'210-9246','','SEAL ORING',NULL,0000000001,8899.00,0.00,0.00,0000000000,2,8899.00,1,'METALSIGMAUSER','2019-03-12 18:03:50','METALSIGMAUSER','2019-03-13 17:18:22'),(0000001126,'233-2623','','KIT SEAL',NULL,0000000001,104177.00,0.00,0.00,0000000000,1,104177.00,1,'METALSIGMAUSER','2019-03-12 18:03:50','METALSIGMAUSER','2019-03-13 17:18:22'),(0000001127,'239-0232','','SPARRAGO',NULL,0000000001,8586.00,0.00,0.00,0000000000,3,8586.00,1,'METALSIGMAUSER','2019-03-12 18:03:50','METALSIGMAUSER','2019-03-13 17:18:22'),(0000001128,'2A-1162','','WASHER',NULL,0000000001,1590.00,0.00,0.00,0000000000,1,1590.00,1,'METALSIGMAUSER','2019-03-12 18:03:50','METALSIGMAUSER','2019-03-13 17:18:22'),(0000001129,'202-1196','','WASHER',NULL,0000000001,7269.00,0.00,0.00,0000000000,1,7269.00,1,'METALSIGMAUSER','2019-03-12 18:03:50','METALSIGMAUSER','2019-03-13 17:18:22'),(0000001130,'258-2305','','BEARING',NULL,0000000001,30539.00,0.00,0.00,0000000000,4,30539.00,1,'METALSIGMAUSER','2019-03-12 18:03:50','METALSIGMAUSER','2019-03-13 17:18:22'),(0000001131,'283-9478','','HOSE',NULL,0000000001,49196.00,0.00,0.00,0000000000,2,49196.00,1,'METALSIGMAUSER','2019-03-12 18:03:50','METALSIGMAUSER','2019-03-13 17:18:22'),(0000001132,'270-2668','','KIT SEAL',NULL,0000000001,62077.00,0.00,0.00,0000000000,1,62077.00,1,'METALSIGMAUSER','2019-03-12 18:03:50','METALSIGMAUSER','2019-03-13 17:18:22'),(0000001133,'272-0390','','SEAL',NULL,0000000001,104842.00,0.00,0.00,0000000000,1,104842.00,1,'METALSIGMAUSER','2019-03-12 18:03:50','METALSIGMAUSER','2019-03-13 17:18:22'),(0000001134,'206-5143','','BOLT',NULL,0000000001,2027.00,0.00,0.00,0000000000,2,2027.00,1,'METALSIGMAUSER','2019-03-12 18:03:50','METALSIGMAUSER','2019-03-13 17:18:22'),(0000001135,'227-5904','','SEAL ORING',NULL,0000000001,22287.00,0.00,0.00,0000000000,1,22287.00,1,'METALSIGMAUSER','2019-03-12 18:03:50','METALSIGMAUSER','2019-03-13 17:18:22'),(0000001136,'246-3150','','PLATE',NULL,0000000001,33030.00,0.00,0.00,0000000000,2,33030.00,1,'METALSIGMAUSER','2019-03-12 18:03:50','METALSIGMAUSER','2019-03-13 17:18:22'),(0000001137,'258-2307','','BEARING',NULL,0000000001,23259.00,0.00,0.00,0000000000,1,23259.00,1,'METALSIGMAUSER','2019-03-12 18:03:50','METALSIGMAUSER','2019-03-13 17:18:22'),(0000001138,'225-8533','','EMPAQUETADURA','',0000000001,4973.00,0.00,0.00,0000000000,2,0.00,1,'METALSIGMAUSER','2019-03-12 18:03:50','GPETIT','2019-08-26 10:32:40'),(0000001139,'293-9659','','FILM',NULL,0000000001,8015.00,0.00,0.00,0000000000,2,8015.00,1,'METALSIGMAUSER','2019-03-12 18:03:50','METALSIGMAUSER','2019-03-13 17:18:22'),(0000001140,'234-6593','','FASTENER',NULL,0000000001,1131.00,0.00,0.00,0000000000,1,1131.00,1,'METALSIGMAUSER','2019-03-12 18:03:50','METALSIGMAUSER','2019-03-13 17:18:22'),(0000001141,'247-7133','','REGULATOR',NULL,0000000001,51563.00,0.00,0.00,0000000000,1,51563.00,1,'METALSIGMAUSER','2019-03-12 18:03:50','METALSIGMAUSER','2019-03-13 17:18:22'),(0000001142,'220-1523','','FILTRO DE ACEITE DEL MOTOR','',0000000001,9575.00,0.00,0.00,0000000000,2,0.00,1,'METALSIGMAUSER','2019-03-12 18:03:50','GPETIT','2019-08-21 16:21:00'),(0000001143,'258-2303','','BEARING',NULL,0000000001,35203.00,0.00,0.00,0000000000,2,35203.00,1,'METALSIGMAUSER','2019-03-12 18:03:50','METALSIGMAUSER','2019-03-13 17:18:22'),(0000001144,'220-8678','','SEAL','',0000000001,674.00,0.00,0.00,0000000000,1,0.00,1,'METALSIGMAUSER','2019-03-12 18:03:50','YVILLALOBOS','2019-09-26 10:44:24'),(0000001145,'2S-3440','','CLAMP',NULL,0000000001,2856.00,0.00,0.00,0000000000,4,2856.00,1,'METALSIGMAUSER','2019-03-12 18:03:50','METALSIGMAUSER','2019-03-13 17:18:22'),(0000001146,'244-4500','','RESORTE',NULL,0000000001,7000.00,0.00,0.00,0000000000,1,7000.00,1,'METALSIGMAUSER','2019-03-12 18:03:50','METALSIGMAUSER','2019-03-13 17:18:22'),(0000001147,'214-7566','','SEAL ORING',NULL,0000000001,4184.00,0.00,0.00,0000000000,7,4184.00,1,'METALSIGMAUSER','2019-03-12 18:03:50','METALSIGMAUSER','2019-03-13 17:18:22'),(0000001148,'214-7568','','SELLO ANULAR','',0000000001,4630.00,0.00,0.00,0000000000,15,0.00,1,'METALSIGMAUSER','2019-03-12 18:03:50','GPETIT','2019-06-27 11:36:35'),(0000001149,'226-8766','','GASKET',NULL,0000000001,36538.00,0.00,0.00,0000000000,1,36538.00,1,'METALSIGMAUSER','2019-03-12 18:03:50','METALSIGMAUSER','2019-03-13 17:18:22'),(0000001150,'227-1204','','GASKET',NULL,0000000001,60341.00,0.00,0.00,0000000000,1,60341.00,1,'METALSIGMAUSER','2019-03-12 18:03:51','METALSIGMAUSER','2019-03-13 17:18:22'),(0000001151,'228-4947','','SEAL ORING',NULL,0000000001,5148.00,0.00,0.00,0000000000,3,5148.00,1,'METALSIGMAUSER','2019-03-12 18:03:51','METALSIGMAUSER','2019-03-13 17:18:22'),(0000001152,'228-7089','','ORFS O-RING','',0000000001,4593.00,0.00,0.00,0000000000,3,0.00,1,'METALSIGMAUSER','2019-03-12 18:03:51','GPETIT','2019-08-26 10:32:42'),(0000001153,'228-7091','','SEAL ORING',NULL,0000000001,5008.00,0.00,0.00,0000000000,1,5008.00,1,'METALSIGMAUSER','2019-03-12 18:03:51','METALSIGMAUSER','2019-03-13 17:18:22'),(0000001154,'238-5080','','SEAL ORING',NULL,0000000001,5466.00,0.00,0.00,0000000000,13,5466.00,1,'METALSIGMAUSER','2019-03-12 18:03:51','METALSIGMAUSER','2019-03-13 17:18:22'),(0000001155,'238-5081','','SEAL ORING',NULL,0000000001,5928.00,0.00,0.00,0000000000,1,5928.00,1,'METALSIGMAUSER','2019-03-12 18:03:51','METALSIGMAUSER','2019-03-13 17:18:22'),(0000001156,'238-5084','','SEAL ORING',NULL,0000000001,8464.00,0.00,0.00,0000000000,1,8464.00,1,'METALSIGMAUSER','2019-03-12 18:03:51','METALSIGMAUSER','2019-03-13 17:18:22'),(0000001157,'257-2015','','GASKET',NULL,0000000001,36289.00,0.00,0.00,0000000000,1,36289.00,1,'METALSIGMAUSER','2019-03-12 18:03:51','METALSIGMAUSER','2019-03-13 17:18:22'),(0000001158,'258-3423','','FILM',NULL,0000000001,21708.00,0.00,0.00,0000000000,1,21708.00,1,'METALSIGMAUSER','2019-03-12 18:03:51','METALSIGMAUSER','2019-03-13 17:18:22'),(0000001159,'258-3424','','FILM',NULL,0000000001,34763.00,0.00,0.00,0000000000,1,34763.00,1,'METALSIGMAUSER','2019-03-12 18:03:51','METALSIGMAUSER','2019-03-13 17:18:22'),(0000001160,'258-3427','','FILM CAT',NULL,0000000001,151273.00,0.00,0.00,0000000000,1,151273.00,1,'METALSIGMAUSER','2019-03-12 18:03:51','METALSIGMAUSER','2019-03-13 17:18:22'),(0000001161,'272-2583','','SEAL ORING',NULL,0000000001,11386.00,0.00,0.00,0000000000,1,11386.00,1,'METALSIGMAUSER','2019-03-12 18:03:51','METALSIGMAUSER','2019-03-13 17:18:22'),(0000001162,'277-3012','','GASKET',NULL,0000000001,16172.00,0.00,0.00,0000000000,1,16172.00,1,'METALSIGMAUSER','2019-03-12 18:03:51','METALSIGMAUSER','2019-03-13 17:18:22'),(0000001163,'2F-5326','','TORNILLO DE AJUSTE','',0000000001,2281.00,0.00,0.00,0000000000,17,0.00,1,'METALSIGMAUSER','2019-03-12 18:03:51','GPETIT','2019-08-21 16:21:00'),(0000001164,'183-4494','','BOLT',NULL,0000000001,74290.00,0.00,0.00,0000000000,1,74290.00,1,'METALSIGMAUSER','2019-03-12 18:03:51','METALSIGMAUSER','2019-03-13 17:18:22'),(0000001165,'138-7436','','SHIM PACK','',0000000001,45771.00,0.00,0.00,0000000000,0,46151.00,1,'METALSIGMAUSER','2019-03-12 18:03:51','ABOLIVAR','2019-07-30 14:33:34'),(0000001166,'1R-0734','','FILTER','',0000000001,10026.00,0.00,0.00,0000000000,0,10026.00,1,'METALSIGMAUSER','2019-03-12 18:03:51','GPETIT','2019-09-05 13:09:05'),(0000001167,'163-6814','','COVER',NULL,0000000001,24106.00,0.00,0.00,0000000000,1,24106.00,1,'METALSIGMAUSER','2019-03-12 18:03:51','METALSIGMAUSER','2019-03-13 17:18:22'),(0000001168,'101-7538','','MOUNT',NULL,0000000001,103684.00,0.00,0.00,0000000000,2,103684.00,1,'METALSIGMAUSER','2019-03-12 18:03:51','METALSIGMAUSER','2019-03-13 17:18:22'),(0000001169,'191-4457','','GASKET',NULL,0000000001,3583.00,0.00,0.00,0000000000,1,3583.00,1,'METALSIGMAUSER','2019-03-12 18:03:51','METALSIGMAUSER','2019-03-13 17:18:22'),(0000001170,'131-4164','','GASKET',NULL,0000000001,4924.00,0.00,0.00,0000000000,1,4924.00,1,'METALSIGMAUSER','2019-03-12 18:03:51','METALSIGMAUSER','2019-03-13 17:18:22'),(0000001171,'101-3125','','GASKET',NULL,0000000001,6173.00,0.00,0.00,0000000000,1,6173.00,1,'METALSIGMAUSER','2019-03-12 18:03:51','METALSIGMAUSER','2019-03-13 17:18:22'),(0000001172,'1P-3703','','RECTANGULAR SEAL','',0000000001,2540.00,0.00,0.00,0000000000,13,0.00,1,'METALSIGMAUSER','2019-03-12 18:03:51','GPETIT','2019-08-26 10:50:22'),(0000001173,'142-6217','','SEAL',NULL,0000000001,27639.00,0.00,0.00,0000000000,6,27639.00,1,'METALSIGMAUSER','2019-03-12 18:03:51','METALSIGMAUSER','2019-03-13 17:18:22'),(0000001174,'1M-9011','','SEAL',NULL,0000000001,16180.00,0.00,0.00,0000000000,3,16180.00,1,'METALSIGMAUSER','2019-03-12 18:03:51','METALSIGMAUSER','2019-03-13 17:18:22'),(0000001175,'1P-3706','','SEAL',NULL,0000000001,3684.00,0.00,0.00,0000000000,2,3684.00,1,'METALSIGMAUSER','2019-03-12 18:03:51','METALSIGMAUSER','2019-03-13 17:18:22'),(0000001176,'166-1497','','SEAL-LIPTYP',NULL,0000000001,43325.00,0.00,0.00,0000000000,4,43325.00,1,'METALSIGMAUSER','2019-03-12 18:03:51','METALSIGMAUSER','2019-03-13 17:18:22'),(0000001177,'166-1496','','SEAL-LIPTYP',NULL,0000000001,44835.00,0.00,0.00,0000000000,11,44835.00,1,'METALSIGMAUSER','2019-03-12 18:03:51','METALSIGMAUSER','2019-07-30 14:33:34'),(0000001178,'150-8599','','VALVE-AS-TR',NULL,0000000001,6326.00,0.00,0.00,0000000000,8,6326.00,1,'METALSIGMAUSER','2019-03-12 18:03:51','METALSIGMAUSER','2019-03-13 17:18:22'),(0000001179,'106-9586','','SEAL-ORING',NULL,0000000001,5217.00,0.00,0.00,0000000000,4,5217.00,1,'METALSIGMAUSER','2019-03-12 18:03:51','METALSIGMAUSER','2019-03-13 17:18:22'),(0000001180,'110-2220','','SEAL',NULL,0000000001,12593.00,0.00,0.00,0000000000,6,12593.00,1,'METALSIGMAUSER','2019-03-12 18:03:51','METALSIGMAUSER','2019-03-13 17:18:22'),(0000001181,'123-2003','','O-RING','',0000000001,6423.00,0.00,0.00,0000000000,2,0.00,1,'METALSIGMAUSER','2019-03-12 18:03:51','YVILLALOBOS','2019-09-26 10:44:24'),(0000001182,'136-9066','','FILM',NULL,0000000001,8340.00,0.00,0.00,0000000000,1,8340.00,1,'METALSIGMAUSER','2019-03-12 18:03:51','METALSIGMAUSER','2019-03-13 17:18:22'),(0000001183,'142-8997','','BLOQUE','',0000000001,10244.00,0.00,0.00,0000000000,2,0.00,1,'METALSIGMAUSER','2019-03-12 18:03:51','GPETIT','2019-08-26 10:32:40'),(0000001184,'144-0367','','CLAMP',NULL,0000000001,15651.00,0.00,0.00,0000000000,4,15651.00,1,'METALSIGMAUSER','2019-03-12 18:03:51','METALSIGMAUSER','2019-03-13 17:18:22'),(0000001185,'152-5878','','CONJUNTO DE MONTAJE','',0000000001,15724.00,0.00,0.00,0000000000,2,0.00,1,'METALSIGMAUSER','2019-03-12 18:03:51','GPETIT','2019-08-26 10:32:41'),(0000001186,'155-8009','','BOLT',NULL,0000000001,528.00,0.00,0.00,0000000000,4,528.00,1,'METALSIGMAUSER','2019-03-12 18:03:51','METALSIGMAUSER','2019-03-13 17:18:22'),(0000001187,'160-7271','','SEAL',NULL,0000000001,44416.00,0.00,0.00,0000000000,2,44416.00,1,'METALSIGMAUSER','2019-03-12 18:03:51','METALSIGMAUSER','2019-03-13 17:18:22'),(0000001188,'165-6170','','TAPON',NULL,0000000001,8023.00,0.00,0.00,0000000000,3,8023.00,1,'METALSIGMAUSER','2019-03-12 18:03:51','METALSIGMAUSER','2019-03-13 17:18:22'),(0000001189,'167-3456','','HARNESS',NULL,0000000001,7017.00,0.00,0.00,0000000000,1,7017.00,1,'METALSIGMAUSER','2019-03-12 18:03:51','METALSIGMAUSER','2019-03-13 17:18:22'),(0000001190,'185-3241','','SEAL-ORING',NULL,0000000001,17499.00,0.00,0.00,0000000000,1,17499.00,1,'METALSIGMAUSER','2019-03-12 18:03:51','METALSIGMAUSER','2019-03-13 17:18:22'),(0000001191,'185-6643','','SEAL',NULL,0000000001,18210.00,0.00,0.00,0000000000,1,18210.00,1,'METALSIGMAUSER','2019-03-12 18:03:51','METALSIGMAUSER','2019-03-13 17:18:22'),(0000001192,'193-1736','','SEAL',NULL,0000000001,16894.00,0.00,0.00,0000000000,1,16894.00,1,'METALSIGMAUSER','2019-03-12 18:03:51','METALSIGMAUSER','2019-03-13 17:18:22'),(0000001193,'197-8419','','GASKET','',0000000001,3169.00,0.00,0.00,0000000000,4,0.00,1,'METALSIGMAUSER','2019-03-12 18:03:51','GPETIT','2019-08-26 10:33:57'),(0000001194,'159-5797','','SPRING',NULL,0000000001,11668.00,0.00,0.00,0000000000,1,11668.00,1,'METALSIGMAUSER','2019-03-12 18:03:51','METALSIGMAUSER','2019-03-13 17:18:22'),(0000001195,'125-9794','','SEAL',NULL,0000000001,23688.00,0.00,0.00,0000000000,1,23688.00,1,'METALSIGMAUSER','2019-03-12 18:03:51','METALSIGMAUSER','2019-03-13 17:18:22'),(0000001196,'132-7551','','WASHER HARD',NULL,0000000001,9778.00,0.00,0.00,0000000000,1,9778.00,1,'METALSIGMAUSER','2019-03-12 18:03:51','METALSIGMAUSER','2019-03-13 17:18:22'),(0000001197,'165-7095','','ARANDELA','',0000000001,5005.00,0.00,0.00,0000000000,8,0.00,1,'METALSIGMAUSER','2019-03-12 18:03:51','GPETIT','2019-08-21 16:21:01'),(0000001198,'126-1757','','GOLILLA',NULL,0000000001,2894.00,0.00,0.00,0000000000,9,2894.00,1,'METALSIGMAUSER','2019-03-12 18:03:51','METALSIGMAUSER','2019-03-13 17:18:22'),(0000001199,'129-5427','','GOLILLA',NULL,0000000001,2953.00,0.00,0.00,0000000000,2,2953.00,1,'METALSIGMAUSER','2019-03-12 18:03:51','METALSIGMAUSER','2019-03-13 17:18:22'),(0000001200,'195-0937','','INSERT',NULL,0000000001,6623.00,0.00,0.00,0000000000,2,6623.00,1,'METALSIGMAUSER','2019-03-12 18:03:51','METALSIGMAUSER','2019-03-13 17:18:22'),(0000001201,'107-2348','','CLIP',NULL,0000000001,897.00,0.00,0.00,0000000000,2,897.00,1,'METALSIGMAUSER','2019-03-12 18:03:51','METALSIGMAUSER','2019-03-13 17:18:22'),(0000001202,'157-2857','','FILM',NULL,0000000001,13503.00,0.00,0.00,0000000000,1,13503.00,1,'METALSIGMAUSER','2019-03-12 18:03:51','METALSIGMAUSER','2019-03-13 17:18:22'),(0000001203,'157-2856','','FILM',NULL,0000000001,12555.00,0.00,0.00,0000000000,1,12555.00,1,'METALSIGMAUSER','2019-03-12 18:03:51','METALSIGMAUSER','2019-03-13 17:18:22'),(0000001204,'190-7634','','SEAL',NULL,0000000001,4434.00,0.00,0.00,0000000000,1,4434.00,1,'METALSIGMAUSER','2019-03-12 18:03:51','METALSIGMAUSER','2019-03-13 17:18:22'),(0000001205,'1P-3705','','SEAL',NULL,0000000001,3299.00,0.00,0.00,0000000000,3,3299.00,1,'METALSIGMAUSER','2019-03-12 18:03:51','METALSIGMAUSER','2019-03-13 17:18:22'),(0000001206,'126-4935','','GASKET',NULL,0000000001,6665.00,0.00,0.00,0000000000,2,6665.00,1,'METALSIGMAUSER','2019-03-12 18:03:51','METALSIGMAUSER','2019-03-13 17:18:22'),(0000001207,'167-4407','','SEAL',NULL,0000000001,3985.00,0.00,0.00,0000000000,1,3985.00,1,'METALSIGMAUSER','2019-03-12 18:03:51','METALSIGMAUSER','2019-03-13 17:18:22'),(0000001208,'1P-4278','','CLAMP',NULL,0000000001,1725.00,0.00,0.00,0000000000,1,1725.00,1,'METALSIGMAUSER','2019-03-12 18:03:51','METALSIGMAUSER','2019-03-13 17:18:22'),(0000001209,'193-8329','','CLAMP-BATTER',NULL,0000000001,26937.00,0.00,0.00,0000000000,1,26937.00,1,'METALSIGMAUSER','2019-03-12 18:03:51','METALSIGMAUSER','2019-03-13 17:18:22'),(0000001210,'142-2329','','SEAL',NULL,0000000001,16860.00,0.00,0.00,0000000000,1,16860.00,1,'METALSIGMAUSER','2019-03-12 18:03:51','METALSIGMAUSER','2019-03-13 17:18:22'),(0000001211,'1P-3704','','SEAL',NULL,0000000001,2908.00,0.00,0.00,0000000000,1,2908.00,1,'METALSIGMAUSER','2019-03-12 18:03:51','METALSIGMAUSER','2019-03-13 17:18:22'),(0000001212,'117-8801','','SEAL',NULL,0000000001,22441.00,0.00,0.00,0000000000,1,22441.00,1,'METALSIGMAUSER','2019-03-12 18:03:51','METALSIGMAUSER','2019-03-13 17:18:22'),(0000001213,'170-6888','','TOOL',NULL,0000000001,8441.00,0.00,0.00,0000000000,1,8441.00,1,'METALSIGMAUSER','2019-03-12 18:03:51','METALSIGMAUSER','2019-03-13 17:18:22'),(0000001214,'178-2593','','BUMPER',NULL,0000000001,9032.00,0.00,0.00,0000000000,1,9032.00,1,'METALSIGMAUSER','2019-03-12 18:03:51','METALSIGMAUSER','2019-03-13 17:18:22'),(0000001215,'161-6282','','KIT-BRAKE',NULL,0000000001,70125.00,0.00,0.00,0000000000,1,70125.00,1,'METALSIGMAUSER','2019-03-12 18:03:51','METALSIGMAUSER','2019-03-13 17:18:22'),(0000001216,'178-3336','','NUTHEX',NULL,0000000001,351.00,0.00,0.00,0000000000,1,351.00,1,'METALSIGMAUSER','2019-03-12 18:03:51','METALSIGMAUSER','2019-03-13 17:18:22'),(0000001217,'180-8424','','SEAL',NULL,0000000001,1039.00,0.00,0.00,0000000000,2,1039.00,1,'METALSIGMAUSER','2019-03-12 18:03:51','METALSIGMAUSER','2019-03-13 17:18:22'),(0000001218,'171-4358','','SEAL',NULL,0000000001,4744.00,0.00,0.00,0000000000,2,4744.00,1,'METALSIGMAUSER','2019-03-12 18:03:51','METALSIGMAUSER','2019-03-13 17:18:22'),(0000001219,'118-5068','','SEAL',NULL,0000000001,2437.00,0.00,0.00,0000000000,1,2437.00,1,'METALSIGMAUSER','2019-03-12 18:03:51','METALSIGMAUSER','2019-03-13 17:18:22'),(0000001220,'107-5769','','SEAL',NULL,0000000001,7046.00,0.00,0.00,0000000000,2,7046.00,1,'METALSIGMAUSER','2019-03-12 18:03:51','METALSIGMAUSER','2019-03-13 17:18:22'),(0000001221,'122-3772','','SEAL',NULL,0000000001,14283.00,0.00,0.00,0000000000,1,14283.00,1,'METALSIGMAUSER','2019-03-12 18:03:51','METALSIGMAUSER','2019-03-13 17:18:22'),(0000001222,'117-2242','','SHIMPACK','',0000000001,507671.00,0.00,0.00,0000000000,0,511879.00,1,'METALSIGMAUSER','2019-03-12 18:03:51','ABOLIVAR','2019-07-30 14:33:34'),(0000001223,'155-9524','','SEAL',NULL,0000000001,120689.00,0.00,0.00,0000000000,1,120689.00,1,'METALSIGMAUSER','2019-03-12 18:03:51','METALSIGMAUSER','2019-03-13 17:18:22'),(0000001224,'166-9144','','GASKET','',0000000001,80459.00,0.00,0.00,0000000000,2,0.00,1,'METALSIGMAUSER','2019-03-12 18:03:51','GPETIT','2019-08-27 12:10:05'),(0000001225,'130-6951','','HIDRAULIC ',NULL,0000000001,12442.00,0.00,0.00,0000000000,5,12442.00,1,'METALSIGMAUSER','2019-03-12 18:03:51','METALSIGMAUSER','2019-03-13 17:18:22'),(0000001226,'130-0229','','SEAL-O-RING','',0000000001,25475.00,0.00,0.00,0000000000,1,0.00,1,'METALSIGMAUSER','2019-03-12 18:03:51','GPETIT','2019-08-21 16:20:59'),(0000001227,'1P-3702','','SELLO',NULL,0000000001,2167.00,0.00,0.00,0000000000,1,2167.00,1,'METALSIGMAUSER','2019-03-12 18:03:51','METALSIGMAUSER','2019-03-13 17:18:22'),(0000001228,'1P-9005','','SELLO',NULL,0000000001,6203.00,0.00,0.00,0000000000,1,6203.00,1,'METALSIGMAUSER','2019-03-12 18:03:51','METALSIGMAUSER','2019-03-13 17:18:22'),(0000001229,'107-3114','','SELLO',NULL,0000000001,26482.00,0.00,0.00,0000000000,2,26482.00,1,'METALSIGMAUSER','2019-03-12 18:03:51','METALSIGMAUSER','2019-03-13 17:18:22'),(0000001230,'187-9630','','SELLO ANULAR','',0000000001,1589.00,0.00,0.00,0000000000,12,0.00,1,'METALSIGMAUSER','2019-03-12 18:03:51','GPETIT','2019-08-26 10:50:23'),(0000001231,'1H-1023','','SELLO',NULL,0000000001,932.00,0.00,0.00,0000000000,4,932.00,1,'METALSIGMAUSER','2019-03-12 18:03:51','METALSIGMAUSER','2019-03-13 17:18:22'),(0000001232,'3E-6761','','SEAL',NULL,0000000001,1173.00,0.00,0.00,0000000000,2,1173.00,1,'METALSIGMAUSER','2019-03-12 18:03:51','METALSIGMAUSER','2019-03-13 17:18:22'),(0000001233,'361-3549','','SELLO ANULAR','',0000000001,1539.00,0.00,0.00,0000000000,11,0.00,1,'METALSIGMAUSER','2019-03-12 18:03:51','YVILLALOBOS','2019-10-15 14:21:31'),(0000001234,'4J-5267','','SEAL',NULL,0000000001,1945.00,0.00,0.00,0000000000,7,1945.00,1,'METALSIGMAUSER','2019-03-12 18:03:51','METALSIGMAUSER','2019-03-13 17:18:22'),(0000001235,'7X-0366','','BOLT',NULL,0000000001,3627.00,0.00,0.00,0000000000,29,3627.00,1,'METALSIGMAUSER','2019-03-12 18:03:51','METALSIGMAUSER','2019-03-13 17:18:22'),(0000001236,'4J-5351','','SEAL',NULL,0000000001,1296.00,0.00,0.00,0000000000,2,1296.00,1,'METALSIGMAUSER','2019-03-12 18:03:51','METALSIGMAUSER','2019-03-13 17:18:22'),(0000001237,'4T-5072','','ORING',NULL,0000000001,5564.00,0.00,0.00,0000000000,2,5564.00,1,'METALSIGMAUSER','2019-03-12 18:03:51','METALSIGMAUSER','2019-03-13 17:18:22'),(0000001238,'4J-8997','','SEAL',NULL,0000000001,1937.00,0.00,0.00,0000000000,2,1937.00,1,'METALSIGMAUSER','2019-03-12 18:03:51','METALSIGMAUSER','2019-03-13 17:18:22'),(0000001239,'4K-1388','','SEAL',NULL,0000000001,1980.00,0.00,0.00,0000000000,8,1980.00,1,'METALSIGMAUSER','2019-03-12 18:03:51','METALSIGMAUSER','2019-03-13 17:18:22'),(0000001240,'4T-5073','','ANILLO',NULL,0000000001,6220.00,0.00,0.00,0000000000,1,6220.00,1,'METALSIGMAUSER','2019-03-12 18:03:51','METALSIGMAUSER','2019-03-13 17:18:22'),(0000001241,'4J-0522','','SELLO ANULAR',NULL,0000000001,2558.00,0.00,0.00,0000000000,1,2558.00,1,'METALSIGMAUSER','2019-03-12 18:03:51','METALSIGMAUSER','2019-03-13 17:18:22'),(0000001242,'4K-2039','','SEAL ORING',NULL,0000000001,1000.00,0.00,0.00,0000000000,10,1000.00,1,'METALSIGMAUSER','2019-03-12 18:03:51','METALSIGMAUSER','2019-03-13 17:18:22'),(0000001243,'9X-7737','','SEAL',NULL,0000000001,4614.00,0.00,0.00,0000000000,2,4614.00,1,'METALSIGMAUSER','2019-03-12 18:03:51','METALSIGMAUSER','2019-03-13 17:18:22'),(0000001244,'8T-4191','','BOLT-HEX HEAD','',0000000001,466.00,0.00,0.00,0000000000,10,0.00,1,'METALSIGMAUSER','2019-03-12 18:03:51','GPETIT','2019-08-27 12:10:06'),(0000001245,'6J-2680','','SELLO ANILLO',NULL,0000000001,4093.00,0.00,0.00,0000000000,1,4093.00,1,'METALSIGMAUSER','2019-03-12 18:03:51','METALSIGMAUSER','2019-03-13 17:18:22'),(0000001246,'6V-5555','','SELLO ORING',NULL,0000000001,1072.00,0.00,0.00,0000000000,2,1072.00,1,'METALSIGMAUSER','2019-03-12 18:03:51','METALSIGMAUSER','2019-03-13 17:18:22'),(0000001247,'6M-5062','','SELLO ORING',NULL,0000000001,965.00,0.00,0.00,0000000000,10,965.00,1,'METALSIGMAUSER','2019-03-12 18:03:51','METALSIGMAUSER','2019-03-13 17:18:22'),(0000001248,'5M-2057','','SELLO',NULL,0000000001,1962.00,0.00,0.00,0000000000,2,1962.00,1,'METALSIGMAUSER','2019-03-12 18:03:51','METALSIGMAUSER','2019-03-13 17:18:22'),(0000001249,'8T-4986','','BELLEVILLE','',0000000001,17174.00,0.00,0.00,0000000000,4,0.00,1,'METALSIGMAUSER','2019-03-12 18:03:51','GPETIT','2019-08-21 16:20:59'),(0000001250,'7X-2537','','PERNOS',NULL,0000000001,590.00,0.00,0.00,0000000000,2,590.00,1,'METALSIGMAUSER','2019-03-12 18:03:51','METALSIGMAUSER','2019-03-13 17:18:22'),(0000001251,'6V-8978','','SELLO',NULL,0000000001,1747.00,0.00,0.00,0000000000,8,1747.00,1,'METALSIGMAUSER','2019-03-12 18:03:51','METALSIGMAUSER','2019-03-13 17:18:22'),(0000001252,'194-9487','','CONJUNTO DE PARACHOQUES',NULL,0000000001,7820.00,0.00,0.00,0000000000,2,7820.00,1,'METALSIGMAUSER','2019-03-12 18:03:51','METALSIGMAUSER','2019-03-13 17:18:22'),(0000001253,'188-3953','','SOPORTE',NULL,0000000001,8827.00,0.00,0.00,0000000000,2,8827.00,1,'METALSIGMAUSER','2019-03-12 18:03:51','METALSIGMAUSER','2019-03-13 17:18:22'),(0000001254,'241-2894','','CORREA TRAPECIAL NO DENTADA',NULL,0000000001,20411.00,0.00,0.00,0000000000,1,20411.00,1,'METALSIGMAUSER','2019-03-12 18:03:51','METALSIGMAUSER','2019-03-13 17:18:22'),(0000001255,'241-0888','','PLACA',NULL,0000000001,30978.00,0.00,0.00,0000000000,2,30978.00,1,'METALSIGMAUSER','2019-03-12 18:03:51','METALSIGMAUSER','2019-03-13 17:18:22'),(0000001256,'318-8228','','CONJUNTO DE PLACA',NULL,0000000001,50799.00,0.00,0.00,0000000000,2,50799.00,1,'METALSIGMAUSER','2019-03-12 18:03:51','METALSIGMAUSER','2019-03-13 17:18:22'),(0000001257,'352-4169','','CORREA ','',0000000001,17144.00,0.00,0.00,0000000000,0,0.00,1,'GPETIT','2019-03-13 11:32:23','GPETIT','2019-05-23 09:53:50'),(0000001258,'1G-8878','','HYDRAULIC & TRANSMISSION FILTERS','',0000000001,64049.00,0.00,0.00,0000000000,0,0.00,1,'GPETIT','2019-03-13 11:32:59','YVILLALOBOS','2019-09-25 17:07:18'),(0000001260,'110-6326','','ENGINE AIR FILTER','',0000000001,41536.00,0.00,0.00,0000000000,0,0.00,1,'GPETIT','2019-03-13 11:44:14','GPETIT','2019-09-05 13:09:05'),(0000001261,'110-6331','','FIILTRO DE AIRE DEL MOTOR','',0000000001,30406.00,0.00,0.00,0000000000,0,0.00,1,'GPETIT','2019-03-13 11:45:57','GPETIT','2019-10-22 09:29:26'),(0000001262,'216-8311','','PERNO','',0000000001,0.00,0.00,0.00,0000000000,0,0.00,1,'GPETIT','2019-03-13 14:38:13','METALSIGMAUSER','2019-03-13 17:18:22'),(0000001263,'445-0280','','COJINETE','',0000000001,0.00,0.00,0.00,0000000000,0,0.00,1,'GPETIT','2019-03-13 14:39:27','GPETIT','2019-04-26 09:46:13'),(0000001264,'259-2896','','PLATE','',0000000001,36342.00,0.00,0.00,0000000000,0,0.00,1,'GPETIT','2019-03-13 14:40:00','GPETIT','2019-09-26 10:51:04'),(0000001265,'291-9916','','PIN','',0000000001,93327.00,0.00,0.00,0000000000,0,0.00,1,'GPETIT','2019-03-13 14:41:03','GPETIT','2019-09-26 10:51:33'),(0000001272,'294-0884','','CAP','',0000000001,129593.00,0.00,0.00,0000000000,0,0.00,1,'GPETIT','2019-03-13 15:08:38','GPETIT','2019-09-26 10:52:13'),(0000001273,'445-0281','','COJINETE','',0000000001,0.00,0.00,0.00,0000000000,0,0.00,1,'GPETIT','2019-03-13 15:10:26','GPETIT','2019-04-26 09:46:13'),(0000001274,'302-5541','','PAD-WEAR','',0000000001,30032.00,0.00,0.00,0000000000,0,0.00,1,'GPETIT','2019-03-13 15:14:33','GPETIT','2019-09-26 10:52:37'),(0000001275,'313-3812','','RING','',0000000001,6463.00,0.00,0.00,0000000000,0,0.00,1,'GPETIT','2019-03-13 15:16:37','GPETIT','2019-09-26 10:53:00'),(0000001276,'360-7295','','PASADOR','',0000000001,0.00,0.00,0.00,0000000000,0,0.00,1,'GPETIT','2019-03-13 15:18:36','GPETIT','2019-04-26 09:46:13'),(0000001277,'360-7296','','PLACA ','',0000000001,0.00,0.00,0.00,0000000000,0,0.00,1,'GPETIT','2019-03-13 15:19:53','GPETIT','2019-04-26 09:46:13'),(0000001278,'360-7297','','ENCHUFE','',0000000001,0.00,0.00,0.00,0000000000,0,0.00,1,'GPETIT','2019-03-13 15:20:43','GPETIT','2019-04-26 09:46:13'),(0000001279,'541-7577','','PLACA','',0000000001,0.00,0.00,0.00,0000000000,0,0.00,1,'GPETIT','2019-03-13 15:21:29','GPETIT','2019-04-26 09:46:13'),(0000001280,'105-3478','','PERNO','',0000000001,0.00,0.00,0.00,0000000000,0,0.00,1,'GPETIT','2019-03-13 15:22:02','GPETIT','2019-05-17 14:20:35'),(0000001281,'6V-8757','','RING-RETAINING','',0000000001,6813.00,0.00,0.00,0000000000,0,0.00,1,'GPETIT','2019-03-13 15:22:40','GPETIT','2019-09-26 10:53:17'),(0000001282,'6V-9189','','LOCKNUT','',0000000001,535.00,0.00,0.00,0000000000,0,0.00,1,'GPETIT','2019-03-13 15:25:01','GPETIT','2019-09-26 10:53:31'),(0000001283,'7X-2542','','BOLT','',0000000001,2299.00,0.00,0.00,0000000000,0,0.00,1,'GPETIT','2019-03-13 15:25:24','GPETIT','2019-09-26 10:53:45'),(0000001284,'8T-0707','','RING-RETAINING','',0000000001,13534.00,0.00,0.00,0000000000,0,0.00,1,'GPETIT','2019-03-13 15:26:22','GPETIT','2019-09-26 10:54:02'),(0000001285,'8T-4186','','PERNO','',0000000001,0.00,0.00,0.00,0000000000,0,0.00,1,'GPETIT','2019-03-13 15:26:58','GPETIT','2019-04-26 09:46:13'),(0000001286,'8T-4196','','BOLT-HEX HEAD','',0000000001,871.00,0.00,0.00,0000000000,2,0.00,1,'GPETIT','2019-03-13 15:27:52','GPETIT','2019-08-21 16:21:02'),(0000001287,'138-2172','','SHIM','',0000000001,32445.00,0.00,0.00,0000000000,0,0.00,1,'GPETIT','2019-03-13 15:29:14','GPETIT','2019-09-26 10:54:27'),(0000001288,'498-2909','','CALCE','',0000000001,0.00,0.00,0.00,0000000000,0,0.00,1,'GPETIT','2019-03-13 15:29:48','GPETIT','2019-04-26 09:46:13'),(0000001289,'498-2910','','CALCE','',0000000001,0.00,0.00,0.00,0000000000,0,0.00,1,'GPETIT','2019-03-13 15:30:07','GPETIT','2019-04-26 09:46:13'),(0000001290,'000001','','TRANSLADO','EXCAVADORA 329D DESDE CAT RENTAL A HEAVYTECH',0000000003,0.00,0.00,0.00,0000000000,0,250000.00,1,'GPETIT','2019-03-13 15:37:29','METALSIGMAUSER','2019-04-25 17:18:46'),(0000001291,'1J6762/1A','','PERNO CUCH.3/4 X 3 1/8','',0000000001,0.00,0.00,0.00,0000000000,0,0.00,1,'GPETIT','2019-03-13 15:41:49','GPETIT','2019-04-26 09:46:13'),(0000001292,'2J-3506A','','TUERCA 3/4','',0000000001,0.00,0.00,0.00,0000000000,0,0.00,1,'GPETIT','2019-03-13 15:42:27','GPETIT','2019-04-26 09:46:13'),(0000001293,'K90A','','DIENTE EXTRA DUTY','',0000000001,0.00,0.00,0.00,0000000000,0,0.00,1,'GPETIT','2019-03-13 16:24:04','GPETIT','2019-04-26 09:46:13'),(0000001294,'K80/K90/K100A','','SEGURO','',0000000001,0.00,0.00,0.00,0000000000,0,0.00,1,'GPETIT','2019-03-13 16:24:37','GPETIT','2019-04-26 09:46:13'),(0000001295,'K90A_','','ADAPTADOR CENTRAL','',0000000001,0.00,0.00,0.00,0000000000,0,0.00,1,'GPETIT','2019-03-13 16:25:09','GPETIT','2019-04-26 09:46:13'),(0000001296,'250-6052','','MANGUERA INTERCOOLER (SUPERIOR)','',0000000001,0.00,0.00,0.00,0000000000,0,0.00,1,'GPETIT','2019-03-14 14:44:11','METALSIGMAUSER','2019-04-26 09:46:13'),(0000001297,'241-4891','','CORREA ALTERNADOR','',0000000001,0.00,0.00,0.00,0000000000,0,0.00,1,'GPETIT','2019-03-14 14:44:39','METALSIGMAUSER','2019-04-26 09:46:13'),(0000001298,'5G-9842','','SELLO','',0000000001,0.00,0.00,0.00,0000000000,0,0.00,1,'GPETIT','2019-03-14 14:45:02','METALSIGMAUSER','2019-04-26 09:46:13'),(0000001299,'365-8408','','ANILLO','',0000000001,0.00,0.00,0.00,0000000000,0,0.00,1,'GPETIT','2019-03-14 14:45:22','METALSIGMAUSER','2019-04-26 09:46:13'),(0000001300,'294-3342','','TAPA RADIADOR','',0000000001,0.00,0.00,0.00,0000000000,0,0.00,1,'GPETIT','2019-03-14 14:45:44','METALSIGMAUSER','2019-04-26 09:46:13'),(0000001301,'6V-5043','','SELLO ANULAR','',0000000001,0.00,0.00,0.00,0000000000,0,0.00,1,'GPETIT','2019-03-14 14:46:05','METALSIGMAUSER','2019-04-26 09:46:13'),(0000001302,'1R-0762','','FILTER','',0000000001,27898.00,0.00,0.00,0000000000,0,0.00,1,'GPETIT','2019-03-14 15:14:39','GPETIT','2019-08-12 12:27:10'),(0000001303,'326-1644','','FILTRO DE AGUA  SEP','',0000000001,37396.00,0.00,0.00,0000000000,0,0.00,1,'GPETIT','2019-03-14 15:15:18','YVILLALOBOS','2019-09-27 09:43:18'),(0000001304,'1R-1808','','FILTER ELEMENT AS-ENGINE','',0000000001,33977.00,0.00,0.00,0000000000,0,0.00,1,'GPETIT','2019-03-14 15:16:05','GPETIT','2019-08-12 12:27:10'),(0000001305,'6I-2502','','FILTRO DE AIRE DEL MOTOR','',0000000001,47083.00,0.00,0.00,0000000000,0,0.00,1,'GPETIT','2019-03-14 15:17:17','YVILLALOBOS','2019-09-25 10:40:16'),(0000001306,'6I-2501','','FILTRO DE AIRE DEL MOTOR','',0000000001,61806.00,0.00,0.00,0000000000,0,0.00,1,'GPETIT','2019-03-14 15:17:54','YVILLALOBOS','2019-09-25 10:40:16'),(0000001307,'328-3655','','FILTER ELEMENT AS-OIL','',0000000001,84674.00,0.00,0.00,0000000000,0,0.00,1,'GPETIT','2019-03-14 15:21:02','GPETIT','2019-08-12 12:27:10'),(0000001308,'3J-1907','','SEAL','',0000000001,1178.00,0.00,0.00,0000000000,0,0.00,1,'GPETIT','2019-03-14 15:21:54','GPETIT','2019-08-12 12:27:10'),(0000001309,'465-6504','','FILTRO HIDRAULICO','',0000000001,0.00,0.00,0.00,0000000000,0,0.00,1,'GPETIT','2019-03-14 15:22:42','METALSIGMAUSER','2019-04-26 09:46:13'),(0000001310,'9H-6454','','GASKET','',0000000001,2789.00,0.00,0.00,0000000000,0,0.00,1,'GPETIT','2019-03-14 15:23:17','GPETIT','2019-08-12 12:27:10'),(0000001311,'6V-9633','','GASKET','',0000000001,8935.00,0.00,0.00,0000000000,0,0.00,1,'GPETIT','2019-03-14 15:23:58','GPETIT','2019-08-12 12:27:10'),(0000001312,'8F-9206','','SEAL-O-RING','',0000000001,1149.00,0.00,0.00,0000000000,0,0.00,1,'GPETIT','2019-03-14 15:24:24','GPETIT','2019-08-12 12:27:10'),(0000001313,'1R-0777','','HYDRAULIC FILTER','',0000000001,39804.00,0.00,0.00,0000000000,0,0.00,1,'GPETIT','2019-03-14 15:25:09','GPETIT','2019-08-12 12:27:10'),(0000001314,'54302','','ACEITE TRANSMISIONES TO-4 SAE10 208 LT','CEPSA',0000000002,369835.00,0.00,0.00,0000000000,0,0.00,1,'GPETIT','2019-03-14 15:40:11','GPETIT','2019-09-27 15:27:42'),(0000001315,'54303','','ACEITE TRANSMISIONES TO-4 SAE30 208 LT','CEPSA',0000000002,357569.00,0.00,0.00,0000000000,0,0.00,1,'GPETIT','2019-03-14 15:41:31','GPETIT','2019-09-27 15:25:32'),(0000001316,'54305','','ACEITE TRANSMISIONES TO-4 SAE50 208 LT','CEPSA',0000000002,338507.00,0.00,0.00,0000000000,0,0.00,1,'GPETIT','2019-03-14 15:42:52','GPETIT','2019-09-27 15:23:57'),(0000001317,'52209','','ACEITE EUROMAX 15W40 208 LT','CEPSA',0000000002,284638.00,0.00,0.00,0000000000,0,0.00,1,'GPETIT','2019-03-14 15:44:29','GPETIT','2019-09-27 15:21:01'),(0000001318,'66294','','REFRIGERANTE SUPER COOLANT 35% 208 LT','CEPSA',0000000002,231900.00,0.00,0.00,0000000000,0,0.00,1,'GPETIT','2019-03-14 16:30:23','GPETIT','2019-09-27 15:29:49'),(0000001319,'543021','','ACEITE TRANSMISIONES TO-4 SAE10 20 LT','CEPSA',0000000002,37483.00,0.00,0.00,0000000000,0,0.00,1,'GPETIT','2019-03-14 16:50:29','GPETIT','2019-09-27 15:28:32'),(0000001320,'543031','','ACEITE TRANSMISIONES TO-4 SAE30 20 LT','CEPSA',0000000002,40629.00,0.00,0.00,0000000000,0,0.00,1,'GPETIT','2019-03-14 16:52:59','GPETIT','2019-09-27 15:26:33'),(0000001321,'543051','','ACEITE TRANSMISIONES TO-4 SAE50 20 LT','CEPSA',0000000002,37967.00,0.00,0.00,0000000000,0,0.00,1,'GPETIT','2019-03-14 16:54:53','GPETIT','2019-09-27 15:23:15'),(0000001322,'522091','','ACEITE EUROMAX 15W40 20 LT','CEPSA',0000000002,31481.00,0.00,0.00,0000000000,0,0.00,1,'GPETIT','2019-03-14 16:56:47','GPETIT','2019-09-27 15:19:43'),(0000001323,'662941','','REFRIGERANTE SUPER COOLANT 35% 20 LT','CEPSA',0000000002,21185.00,0.00,0.00,0000000000,0,0.00,1,'GPETIT','2019-03-14 17:00:04','GPETIT','2019-09-27 15:30:18'),(0000001324,'000002','','BARRENAR ALOJAMIENTO PASADOR CENTRAL','',0000000003,0.00,0.00,0.00,0000000000,0,0.00,1,'GPETIT','2019-03-15 10:53:37','METALSIGMAUSER','2019-04-26 09:46:13'),(0000001325,'000003','','FIERRO','RECTANGULAR 250X100X5MM',0000000002,107910.00,0.00,0.00,0000000000,0,0.00,1,'GPETIT','2019-03-15 10:54:21','GPETIT','2019-06-07 21:41:15'),(0000001326,'000004','','FIERRO','RECTANGULAR 250X160X8MM',0000000002,290000.00,0.00,0.00,0000000000,0,0.00,1,'GPETIT','2019-03-15 10:54:54','GPETIT','2019-06-07 21:41:15'),(0000001327,'000005','','FIERRO','PLETINA 100X5MM',0000000002,17669.00,0.00,0.00,0000000000,0,0.00,1,'GPETIT','2019-03-15 10:56:28','GPETIT','2019-06-07 21:41:15'),(0000001328,'000006','','FIERRO','PLANCHA 300X1700X10MM',0000000002,40180.00,0.00,0.00,0000000000,0,0.00,1,'GPETIT','2019-03-15 10:59:15','GPETIT','2019-06-07 21:41:15'),(0000001329,'4T-2069','','TAPON','',0000000001,19638.00,0.00,0.00,0000000000,4,0.00,1,'GPETIT','2019-03-25 11:02:47','GPETIT','2019-07-31 14:18:28'),(0000001330,'000001_','','FIERRO','CUADRADO 100*100*5.0MM',0000000002,50145.00,0.00,0.00,0000000000,0,0.00,1,'ABOLIVAR','2019-03-28 10:51:37','DAVID','2019-06-07 17:01:49'),(0000001331,'000002_','','FIERRO','CUADRADO 200*100*5.0MM',0000000002,82806.00,0.00,0.00,0000000000,0,0.00,1,'ABOLIVAR','2019-03-28 10:53:06','DAVID','2019-06-07 17:06:14'),(0000001332,'000007','','FIERRO','PLANCHA 350X430X20MM',0000000002,188800.00,0.00,0.00,0000000000,0,0.00,1,'GPETIT','2019-03-28 12:54:46','GPETIT','2019-06-10 12:29:09'),(0000001333,'000008','','FIERRO','RECTANGULAR 300X100X5MM',0000000002,115864.00,0.00,0.00,0000000000,0,0.00,1,'GPETIT','2019-03-28 13:03:19','GPETIT','2019-06-10 12:29:09'),(0000001334,'000009','','ALAMBRE TUBULAR 15KG','',0000000002,23880.00,0.00,0.00,0000000000,0,0.00,1,'GPETIT','2019-03-28 13:03:53','GPETIT','2019-06-10 12:47:41'),(0000001335,'000010','','GAS MIG 10M3','',0000000002,40000.00,0.00,0.00,0000000000,0,0.00,1,'GPETIT','2019-03-28 13:05:06','GPETIT','2019-06-10 12:47:41'),(0000001336,'000011','','OXIGENO 10M3','',0000000002,25000.00,0.00,0.00,0000000000,0,0.00,1,'GPETIT','2019-03-28 14:54:13','GPETIT','2019-06-10 12:47:41'),(0000001337,'336-8670','','HUB AS SPROCKET','',0000000001,0.00,0.00,0.00,0000000000,0,0.00,1,'GPETIT','2019-03-28 17:26:56','METALSIGMAUSER','2019-04-26 09:46:13'),(0000001338,'P551315A','','FILTER AS-FUEL','',0000000001,10441.00,0.00,0.00,0000000000,0,0.00,1,'GPETIT','2019-03-29 12:15:31','GPETIT','2019-06-18 12:34:18'),(0000001339,'P536492A','','AIR FILTRO SAFETY','',0000000001,35237.00,0.00,0.00,0000000000,0,0.00,1,'GPETIT','2019-03-29 12:16:05','GPETIT','2019-06-18 12:34:35'),(0000001340,'P536457A','','AIR FILTER PRIMARY','',0000000001,45098.00,0.00,0.00,0000000000,0,0.00,1,'GPETIT','2019-03-29 12:16:52','GPETIT','2019-06-18 12:34:52'),(0000001341,'P551430A','','ELEMENT-WATER SEPARATOR','',0000000001,16196.00,0.00,0.00,0000000000,0,0.00,1,'GPETIT','2019-03-29 12:17:24','GPETIT','2019-06-18 12:35:08'),(0000001342,'P554004A','','FILTER AS','',0000000001,7153.00,0.00,0.00,0000000000,0,0.00,1,'GPETIT','2019-03-29 12:18:11','GPETIT','2019-06-18 12:35:24'),(0000001343,'424-1424','','ACEITE 15W-40 CAT DEO-ULS','',0000000002,31606.00,0.00,0.00,0000000000,4,0.00,1,'GPETIT','2019-03-29 12:47:03','GPETIT','2019-10-22 09:31:21'),(0000001344,'9X-8469','',' ACEITE SAE30 TDT 19LT CAT','',0000000002,31454.00,0.00,0.00,0000000000,0,0.00,1,'GPETIT','2019-03-29 12:49:18','GPETIT','2019-09-27 14:58:04'),(0000001345,'309-6943','','ACEITE SAE10 HYDO ADVANCE CAT 19LT','',0000000002,27220.00,0.00,0.00,0000000000,0,0.00,1,'GPETIT','2019-03-29 12:50:09','GPETIT','2019-09-27 14:53:58'),(0000001346,'216-8311_','','BOLT-SOCKET HEAD','',0000000001,0.00,0.00,0.00,0000000000,0,0.00,1,'GPETIT','2019-04-01 13:25:17','METALSIGMAUSER','2019-04-26 09:46:13'),(0000001348,'000012','','PINTURA ESMALTE','',0000000002,35000.00,0.00,0.00,0000000000,0,0.00,1,'GPETIT','2019-04-01 17:08:19','GPETIT','2019-06-14 10:33:55'),(0000001349,'000013','','CANCAMO SOLDABLE 8 PULGADAS','',0000000002,36931.00,0.00,0.00,0000000000,0,0.00,1,'GPETIT','2019-04-01 17:11:50','GPETIT','2019-06-20 14:17:13'),(0000001350,'9Z-0001','','MUESTRA DE ACEITE INDIVIDUAL ','',0000000002,17230.00,0.00,0.00,0000000000,3,0.00,1,'GPETIT','2019-04-03 12:47:19','GPETIT','2019-09-23 10:24:22'),(0000001351,'7W-2326','','FILTER ENGINE OIL','',0000000001,12157.00,0.00,0.00,0000000000,2,0.00,1,'ABOLIVAR','2019-04-04 12:21:17','GPETIT','2019-10-22 09:32:02'),(0000001352,'206-5234','','FILTER ELEMENT AIR PRIMARY','',0000000001,40133.00,0.00,0.00,0000000000,2,0.00,1,'ABOLIVAR','2019-04-04 12:21:49','GPETIT','2019-10-22 09:32:02'),(0000001353,'206-5235','','FILTER ELEMENT AIR SECONDARY','',0000000001,33770.00,0.00,0.00,0000000000,2,0.00,1,'ABOLIVAR','2019-04-04 12:22:41','GPETIT','2019-10-22 09:32:02'),(0000001354,'1G-8878_','','FILTER OIL HYD (ADVANCED)','',0000000001,0.00,0.00,0.00,0000000000,0,0.00,0,'ABOLIVAR','2019-04-04 12:23:11','GPETIT','2019-04-30 11:22:28'),(0000001355,'308-7298','','FUEL WATER SEPARATOR','',0000000001,29184.00,0.00,0.00,0000000000,1,0.00,1,'ABOLIVAR','2019-04-04 12:23:39','GPETIT','2019-09-16 12:50:55'),(0000001356,'299-8229','','FILTRO DE COMBUSTIBLE','',0000000001,23917.00,0.00,0.00,0000000000,1,0.00,1,'ABOLIVAR','2019-04-04 12:24:12','GPETIT','2019-09-16 12:50:55'),(0000001357,'328-1336','','FILTRO DE AIRE ACONDICIONADO','',0000000001,88049.00,0.00,0.00,0000000000,1,0.00,1,'ABOLIVAR','2019-04-04 12:24:57','GPETIT','2019-08-26 10:50:25'),(0000001358,'314-5632','','COMPRESSOR A/C BELT','',0000000001,22760.00,0.00,0.00,0000000000,0,0.00,1,'ABOLIVAR','2019-04-04 12:25:25','GPETIT','2019-08-30 12:39:48'),(0000001359,'327-4184','','CORREA VENTILADOR','',0000000001,29485.00,0.00,0.00,0000000000,1,0.00,1,'ABOLIVAR','2019-04-04 12:25:56','GPETIT','2019-08-21 16:21:00'),(0000001360,'358-9922','','FILTER ELEMENT CABIN','',0000000001,24001.00,0.00,0.00,0000000000,0,0.00,1,'ABOLIVAR','2019-04-04 12:26:24','GPETIT','2019-08-30 12:40:43'),(0000001361,'320-0690','','GRUPO DE INYECTORES','',0000000001,0.00,0.00,0.00,0000000000,0,0.00,1,'GPETIT','2019-04-12 10:30:10','METALSIGMAUSER','2019-04-26 09:46:13'),(0000001362,'9W-3138','','ESLABÓN ','',0000000001,0.00,0.00,0.00,0000000000,0,0.00,1,'GPETIT','2019-04-12 16:31:39','METALSIGMAUSER','2019-04-26 09:46:13'),(0000001363,'422-5497','','CHAVETA','',0000000001,0.00,0.00,0.00,0000000000,0,0.00,1,'GPETIT','2019-04-12 16:32:21','METALSIGMAUSER','2019-04-26 09:46:13'),(0000001364,'8E-8586','','ESLABÓN MAESTRO','',0000000001,0.00,0.00,0.00,0000000000,0,0.00,1,'GPETIT','2019-04-12 16:33:02','METALSIGMAUSER','2019-04-26 09:46:13'),(0000001365,'190-3524','','BUJE CADENA MAESTRA','',0000000001,0.00,0.00,0.00,0000000000,0,0.00,1,'GPETIT','2019-04-12 16:33:42','METALSIGMAUSER','2019-04-26 09:46:13'),(0000001366,'8E-8585','','ESLABÓN MAESTRO','',0000000001,0.00,0.00,0.00,0000000000,0,0.00,1,'GPETIT','2019-04-12 16:34:20','METALSIGMAUSER','2019-04-26 09:46:13'),(0000001367,'188-3064','','PASADOR CADENA MAESTRA','',0000000001,0.00,0.00,0.00,0000000000,0,0.00,1,'GPETIT','2019-04-12 16:34:49','METALSIGMAUSER','2019-04-26 09:46:13'),(0000001368,'158-4381','','SELLO CADENA MAESTRA','',0000000001,0.00,0.00,0.00,0000000000,0,0.00,1,'GPETIT','2019-04-12 16:35:28','GPETIT','2019-05-17 14:20:35'),(0000001369,'9W-3137','','ESLABÓN','',0000000001,0.00,0.00,0.00,0000000000,0,0.00,1,'GPETIT','2019-04-12 16:36:06','METALSIGMAUSER','2019-04-26 09:46:13'),(0000001370,'6Y-8186','','PASADOR','',0000000001,0.00,0.00,0.00,0000000000,0,0.00,1,'GPETIT','2019-04-12 16:36:33','METALSIGMAUSER','2019-04-26 09:46:13'),(0000001371,'158-4380','','SELLO CADENA','',0000000001,0.00,0.00,0.00,0000000000,0,0.00,1,'GPETIT','2019-04-12 16:37:00','GPETIT','2019-05-17 14:20:35'),(0000001372,'190-3523','','BUJE CADENAS','',0000000001,0.00,0.00,0.00,0000000000,0,0.00,1,'GPETIT','2019-04-12 16:37:25','METALSIGMAUSER','2019-04-26 09:46:13'),(0000001373,'000014','','ROLLO POLYBACK ','FORMATO 100CM X 100CM (DERRAMES)',0000000002,100000.00,0.00,0.00,0000000000,1,0.00,1,'GPETIT','2019-04-15 14:04:59','GPETIT','2019-09-26 11:39:24'),(0000001374,'6002111341K','','FILTRO DE ACEITE MOTOR','',0000000001,0.00,0.00,0.00,0000000000,0,0.00,1,'GPETIT','2019-04-18 14:21:09','METALSIGMAUSER','2019-04-26 09:46:13'),(0000001375,'6003193550K','','FILTRO COMBUSTIBLE','',0000000001,0.00,0.00,0.00,0000000000,0,0.00,1,'GPETIT','2019-04-18 14:21:37','METALSIGMAUSER','2019-04-26 09:46:13'),(0000001376,'6003194540K','','PREFILTRO COMBUSTIBLE','',0000000001,0.00,0.00,0.00,0000000000,0,0.00,1,'GPETIT','2019-04-18 14:22:21','METALSIGMAUSER','2019-04-26 09:46:13'),(0000001377,'6001856100K','','CONJUNTO FILTRO AIRE 2P','',0000000001,0.00,0.00,0.00,0000000000,0,0.00,1,'GPETIT','2019-04-18 14:23:17','METALSIGMAUSER','2019-04-26 09:46:13'),(0000001378,'17M9113530K','','FILTRO AIRE CABINA','',0000000001,0.00,0.00,0.00,0000000000,0,0.00,1,'GPETIT','2019-04-18 14:24:01','METALSIGMAUSER','2019-04-26 09:46:13'),(0000001379,'20Y9796261K','','FILTRO AIRE ACONDICIONADO','',0000000001,0.00,0.00,0.00,0000000000,0,0.00,1,'GPETIT','2019-04-18 14:24:41','METALSIGMAUSER','2019-04-26 09:46:13'),(0000001380,'4216035170K','','FILTRO RESPIRADERO','',0000000001,0.00,0.00,0.00,0000000000,0,0.00,1,'GPETIT','2019-04-18 14:25:10','METALSIGMAUSER','2019-04-26 09:46:13'),(0000001381,'0706351100K','','FILTRO HIDRÁULICO','',0000000001,0.00,0.00,0.00,0000000000,0,0.00,1,'GPETIT','2019-04-18 14:26:01','METALSIGMAUSER','2019-04-26 09:46:13'),(0000001382,'20Y6251691K','','FILTRO HIDRÁULICO','',0000000001,0.00,0.00,0.00,0000000000,0,0.00,1,'GPETIT','2019-04-18 14:26:42','METALSIGMAUSER','2019-04-26 09:46:13'),(0000001383,'2076071182K','','FILTRO HIDRÁULICO','',0000000001,0.00,0.00,0.00,0000000000,0,0.00,1,'GPETIT','2019-04-18 14:27:20','METALSIGMAUSER','2019-04-26 09:46:13'),(0000001384,'0700015195K','','SELLO ANULAR','',0000000001,0.00,0.00,0.00,0000000000,0,0.00,1,'GPETIT','2019-04-18 14:27:47','METALSIGMAUSER','2019-04-26 09:46:13'),(0000001385,'FT1665/1','','RODILLO INFERIOR ROCL8','',0000000001,0.00,0.00,0.00,0000000000,0,0.00,1,'GPETIT','2019-04-23 13:24:07','METALSIGMAUSER','2019-04-26 09:46:13'),(0000001386,'VA2001/1','','RUEDA GUIA ROC L8-25','',0000000001,0.00,0.00,0.00,0000000000,0,0.00,1,'GPETIT','2019-04-23 13:24:47','ADMINISTRADOR','2019-04-26 10:21:19'),(0000001387,'7H3596/KIT','','PERNO Y TUERCA DE ZAPATA 9/16','',0000000001,0.00,0.00,0.00,0000000000,0,0.00,1,'GPETIT','2019-04-23 13:25:31','METALSIGMAUSER','2019-04-26 09:46:13'),(0000001388,'CR3002','','RODILLO SUPERIOR ROCL8','',0000000001,0.00,0.00,0.00,0000000000,0,0.00,1,'GPETIT','2019-04-23 13:26:01','METALSIGMAUSER','2019-04-26 09:46:13'),(0000001390,'203-9381','','ANILLO',NULL,0000000001,0.00,0.00,0.00,0000000000,2,0.00,1,'METALSIGMAUSER','2019-04-24 16:20:08','METALSIGMAUSER','2019-07-04 12:49:28'),(0000001391,'229-8352','','COJINETE',NULL,0000000001,0.00,0.00,0.00,0000000000,2,0.00,1,'METALSIGMAUSER','2019-04-24 16:20:08','METALSIGMAUSER','2019-07-04 12:49:28'),(0000001393,'8T-5361','','ARANDELA PLANA',NULL,0000000001,0.00,0.00,0.00,0000000000,4,0.00,1,'METALSIGMAUSER','2019-04-24 16:20:08','METALSIGMAUSER','2019-07-04 12:49:28'),(0000001394,'133-5631','','TAPON','',0000000001,0.00,0.00,0.00,0000000000,2,0.00,1,'METALSIGMAUSER','2019-04-24 16:20:08','GPETIT','2019-07-04 12:49:28'),(0000001396,'5F-1678','','SELLO ANULAR',NULL,0000000001,0.00,0.00,0.00,0000000000,2,0.00,1,'METALSIGMAUSER','2019-04-24 16:20:08','METALSIGMAUSER','2019-07-04 12:49:28'),(0000001397,'7X-0406','','PERNOS DE CABEZA',NULL,0000000001,0.00,0.00,0.00,0000000000,4,0.00,1,'METALSIGMAUSER','2019-04-24 16:20:08','METALSIGMAUSER','2019-07-04 12:49:29'),(0000001399,'203-9382','','PROTECTOR DE SELLO',NULL,0000000001,0.00,0.00,0.00,0000000000,2,0.00,1,'METALSIGMAUSER','2019-04-24 16:20:08','METALSIGMAUSER','2019-07-04 12:49:29'),(0000001400,'203-9383','','PLACA',NULL,0000000001,0.00,0.00,0.00,0000000000,2,0.00,1,'METALSIGMAUSER','2019-04-24 16:20:08','METALSIGMAUSER','2019-07-04 12:49:29'),(0000001401,'1T-0068','','PASADORES DE RESORTE',NULL,0000000001,0.00,0.00,0.00,0000000000,7,0.00,1,'METALSIGMAUSER','2019-04-24 16:20:08','METALSIGMAUSER','2019-07-04 12:49:29'),(0000001402,'8T-4835','','PERNOS DE CABEZA',NULL,0000000001,0.00,0.00,0.00,0000000000,12,0.00,1,'METALSIGMAUSER','2019-04-24 16:20:08','METALSIGMAUSER','2019-07-04 12:49:29'),(0000001403,'8F-8733','','SELLO ANULAR',NULL,0000000001,0.00,0.00,0.00,0000000000,3,0.00,1,'METALSIGMAUSER','2019-04-24 16:20:08','METALSIGMAUSER','2019-07-04 12:49:29'),(0000001404,'5P-1076','','WASHER-HARD','',0000000001,1520.00,0.00,0.00,0000000000,77,0.00,1,'METALSIGMAUSER','2019-04-24 16:20:09','GPETIT','2019-08-27 12:10:07'),(0000001405,'2H-3932','','SELLO ANULAR',NULL,0000000001,0.00,0.00,0.00,0000000000,6,0.00,1,'METALSIGMAUSER','2019-04-24 16:20:09','METALSIGMAUSER','2019-07-04 12:49:29'),(0000001407,'1P-7405','','CÁNCAMO',NULL,0000000001,0.00,0.00,0.00,0000000000,1,0.00,1,'METALSIGMAUSER','2019-04-24 16:20:09','METALSIGMAUSER','2019-07-04 12:49:30'),(0000001408,'8T-4122','','ARANDELA PLANA','',0000000001,1396.00,0.00,0.00,0000000000,89,0.00,1,'METALSIGMAUSER','2019-04-24 16:20:09','GPETIT','2019-08-27 12:10:06'),(0000001410,'3B-1915','','PERNOS DE CABEZA',NULL,0000000001,0.00,0.00,0.00,0000000000,2,0.00,1,'METALSIGMAUSER','2019-04-24 16:20:09','METALSIGMAUSER','2019-07-04 12:49:30'),(0000001411,'6V-2360','','ARANDELA',NULL,0000000001,0.00,0.00,0.00,0000000000,2,0.00,1,'METALSIGMAUSER','2019-04-24 16:20:09','METALSIGMAUSER','2019-07-04 12:49:30'),(0000001412,'1K-6872','','TUERCAS ',NULL,0000000001,0.00,0.00,0.00,0000000000,12,0.00,1,'METALSIGMAUSER','2019-04-24 16:20:09','METALSIGMAUSER','2019-07-04 12:49:30'),(0000001413,'8T-8917','','PERNOS ',NULL,0000000001,0.00,0.00,0.00,0000000000,8,0.00,1,'METALSIGMAUSER','2019-04-24 16:20:09','METALSIGMAUSER','2019-07-04 12:49:30'),(0000001414,'8T-9389','','PERNOS',NULL,0000000001,0.00,0.00,0.00,0000000000,16,0.00,1,'METALSIGMAUSER','2019-04-24 16:20:09','METALSIGMAUSER','2019-07-04 12:49:30'),(0000001415,'8T-4223','','WASHER-HARD','',0000000001,882.00,0.00,0.00,0000000000,58,0.00,1,'METALSIGMAUSER','2019-04-24 16:20:09','GPETIT','2019-08-27 12:10:08'),(0000001416,'6V-8849','','PERNOS',NULL,0000000001,0.00,0.00,0.00,0000000000,24,0.00,1,'METALSIGMAUSER','2019-04-24 16:20:09','METALSIGMAUSER','2019-07-04 12:49:30'),(0000001417,'7X-0328','','PERNOS',NULL,0000000001,0.00,0.00,0.00,0000000000,16,0.00,1,'METALSIGMAUSER','2019-04-24 16:20:09','METALSIGMAUSER','2019-07-04 12:49:30'),(0000001418,'306-9447','','CONJUNTO DE TAPA CADENA',NULL,0000000001,0.00,0.00,0.00,0000000000,7,0.00,1,'METALSIGMAUSER','2019-04-24 16:20:09','METALSIGMAUSER','2019-07-04 12:49:30'),(0000001419,'9Z-0001_','','MUESTRA DE ACEITE INDIVIDUAL','',0000000001,0.00,0.00,0.00,0000000000,0,0.00,0,'METALSIGMAUSER','2019-04-24 16:20:09','GPETIT','2019-04-26 09:46:13'),(0000001420,'226-7635','','BRIDA',NULL,0000000001,0.00,0.00,0.00,0000000000,1,0.00,1,'METALSIGMAUSER','2019-04-24 16:20:09','METALSIGMAUSER','2019-07-04 12:49:30'),(0000001421,'9X-8399','','ARANDELA PLANA','',0000000001,0.00,0.00,0.00,0000000000,8,0.00,1,'METALSIGMAUSER','2019-04-24 16:20:09','GPETIT','2019-07-04 12:49:30'),(0000001422,'8T-1583','','TUERCAS ',NULL,0000000001,0.00,0.00,0.00,0000000000,4,0.00,1,'METALSIGMAUSER','2019-04-24 16:20:09','METALSIGMAUSER','2019-07-04 12:49:30'),(0000001423,'AT201','','QB RUEDA MOTRIZ','',0000000001,0.00,0.00,0.00,0000000000,0,0.00,1,'GPETIT','2019-04-25 11:12:34','METALSIGMAUSER','2019-04-26 09:46:13'),(0000001424,'267-2528','','FILTRO DE ACEITE DEL MOTOR','',0000000001,0.00,0.00,0.00,0000000000,0,0.00,1,'GPETIT','2019-04-30 11:21:10','METALSIG_USUARIO','2019-05-17 14:20:35'),(0000001425,'257-3226','','SECADOR','',0000000001,53953.00,0.00,0.00,0000000000,1,0.00,1,'GPETIT','2019-04-30 11:23:42','GPETIT','2019-08-21 16:21:00'),(0000001426,'304-4010','','CORREA TRAPECIAL DENTADA','',0000000001,20931.00,0.00,0.00,0000000000,0,0.00,1,'GPETIT','2019-04-30 11:24:31','GPETIT','2019-08-23 16:42:03'),(0000001427,'319-8499','','CORREA','',0000000001,27821.00,0.00,0.00,0000000000,0,0.00,1,'GPETIT','2019-04-30 11:25:01','GPETIT','2019-08-23 16:43:28'),(0000001428,'270-9018','','AIR FILTER CABIN','',0000000001,31904.00,0.00,0.00,0000000000,0,0.00,1,'GPETIT','2019-04-30 11:25:40','GPETIT','2019-08-26 11:52:51'),(0000001429,'313-2458','','AIR FILTER CABIN','',0000000001,5728.00,0.00,0.00,0000000000,0,0.00,1,'GPETIT','2019-04-30 11:26:17','GPETIT','2019-08-26 11:53:11'),(0000001430,'252-5165','','TURBOCOMPRESOR CAT','',0000000001,0.00,0.00,0.00,0000000000,0,0.00,0,'GPETIT','2019-05-08 10:31:04','GPETIT','2019-05-17 14:20:35'),(0000001431,'252-5165A','','TURBO COMPRESOR','',0000000001,0.00,0.00,0.00,0000000000,0,0.00,1,'GPETIT','2019-05-08 10:32:20','METALSIG_USUARIO','2019-05-17 14:20:35'),(0000001432,'000015','','ROLLO FORTEX','FORMATO 100CM X 300M LINEALES',0000000002,100000.00,0.00,0.00,0000000000,1,0.00,1,'GPETIT','2019-05-08 10:39:09','GPETIT','2019-09-26 11:39:24'),(0000001433,'000016','','CAJA DE 50PACK X30UNID WIPE MASTER WM70','FORMATO 23X40',0000000002,75000.00,0.00,0.00,0000000000,2,0.00,1,'GPETIT','2019-05-08 17:05:39','GPETIT','2019-09-26 11:39:24'),(0000001434,'000017','','ENGRANAJES HP 220, 208 LTS.','',0000000002,283210.00,0.00,0.00,0000000000,0,0.00,1,'GPETIT','2019-05-08 17:06:16','GPETIT','2019-07-31 12:36:44'),(0000001435,'000018','','HIDRAULICO HM 32, 208 LTS.','',0000000002,240474.00,0.00,0.00,0000000000,0,0.00,1,'GPETIT','2019-05-08 17:26:56','GPETIT','2019-07-31 12:36:44'),(0000001436,'1001','','MANGUERA 1 1/4 R2','',0000000001,0.00,0.00,0.00,0000000000,0,0.00,1,'GPETIT','2019-05-09 12:58:13','METALSIG_USUARIO','2019-05-17 14:20:35'),(0000001437,'1002','','MANGUERA 1 R2','',0000000001,0.00,0.00,0.00,0000000000,0,0.00,1,'GPETIT','2019-05-09 13:00:17','METALSIG_USUARIO','2019-05-17 14:20:35'),(0000001438,'1003','','MANGUERA 1/4 R1','',0000000001,0.00,0.00,0.00,0000000000,0,0.00,1,'GPETIT','2019-05-09 13:00:43','METALSIG_USUARIO','2019-05-17 14:20:35'),(0000001439,'1004','','MANGUERA 3/8 R2 FULL TRACTOR','',0000000001,0.00,0.00,0.00,0000000000,0,0.00,1,'GPETIT','2019-05-09 13:01:14','METALSIG_USUARIO','2019-05-17 14:20:35'),(0000001440,'155-5161','','SELLO ACEITE','',0000000001,0.00,0.00,0.00,0000000000,0,0.00,1,'GPETIT','2019-05-09 14:17:01','METALSIG_USUARIO','2019-05-17 14:20:35'),(0000001441,'260-2351','','ARANDELA','',0000000001,0.00,0.00,0.00,0000000000,0,0.00,1,'GPETIT','2019-05-09 14:17:22','METALSIG_USUARIO','2019-05-17 14:20:35'),(0000001442,'165-4854','','SELLO ANULAR','',0000000001,0.00,0.00,0.00,0000000000,0,0.00,1,'GPETIT','2019-05-09 14:17:43','METALSIG_USUARIO','2019-05-17 14:20:35'),(0000001443,'170-8592','','PIN','',0000000001,0.00,0.00,0.00,0000000000,0,0.00,1,'GPETIT','2019-05-09 14:18:40','METALSIG_USUARIO','2019-05-17 14:20:35'),(0000001444,'177-6979','','FILTRO DE ACEITE','',0000000001,0.00,0.00,0.00,0000000000,0,0.00,1,'GPETIT','2019-05-09 14:19:25','METALSIG_USUARIO','2019-05-17 14:20:35'),(0000001445,'180-4362','','SELLO RECTANGULAR','',0000000001,0.00,0.00,0.00,0000000000,0,0.00,1,'GPETIT','2019-05-09 14:19:52','METALSIG_USUARIO','2019-05-17 14:20:35'),(0000001446,'1H-5728','','SELLO ANULAR','',0000000001,0.00,0.00,0.00,0000000000,0,0.00,1,'GPETIT','2019-05-09 14:20:13','METALSIG_USUARIO','2019-05-17 14:20:35'),(0000001447,'1J-9671','','SELLO ANULAR','',0000000001,0.00,0.00,0.00,0000000000,0,0.00,1,'GPETIT','2019-05-09 14:20:34','METALSIG_USUARIO','2019-05-17 14:20:35'),(0000001448,'1P-4578','','MEDIA BRIDA','',0000000001,0.00,0.00,0.00,0000000000,0,0.00,1,'GPETIT','2019-05-09 14:20:58','METALSIG_USUARIO','2019-05-17 14:20:35'),(0000001449,'1S-9799','','SELLO ANULAR','',0000000001,0.00,0.00,0.00,0000000000,0,0.00,1,'GPETIT','2019-05-09 14:21:44','METALSIG_USUARIO','2019-05-17 14:20:35'),(0000001450,'204-4444','','BREATHER CRANKCASE','',0000000001,0.00,0.00,0.00,0000000000,0,0.00,1,'GPETIT','2019-05-09 14:22:25','METALSIG_USUARIO','2019-05-17 14:20:35'),(0000001451,'214-7567','','SELLO ANULAR','',0000000001,0.00,0.00,0.00,0000000000,0,0.00,1,'GPETIT','2019-05-09 14:22:48','METALSIG_USUARIO','2019-05-17 14:20:35'),(0000001452,'224-4536','','GRUPO SENSOR PRESION','',0000000001,0.00,0.00,0.00,0000000000,0,0.00,1,'GPETIT','2019-05-09 14:23:27','METALSIG_USUARIO','2019-05-17 14:20:35'),(0000001453,'227-3149','','PIN','',0000000001,0.00,0.00,0.00,0000000000,0,0.00,1,'GPETIT','2019-05-09 14:23:48','METALSIG_USUARIO','2019-05-17 14:20:35'),(0000001454,'230-9796','','CONJUNTO DUCTO','',0000000001,0.00,0.00,0.00,0000000000,0,0.00,1,'GPETIT','2019-05-09 14:24:12','METALSIG_USUARIO','2019-05-17 14:20:35'),(0000001455,'240-0041','','BREATHER CRANKCASE','',0000000001,0.00,0.00,0.00,0000000000,0,0.00,1,'GPETIT','2019-05-09 14:24:40','METALSIG_USUARIO','2019-05-17 14:20:35'),(0000001456,'241-4981','','BELT SERPENTINE','',0000000001,0.00,0.00,0.00,0000000000,0,0.00,1,'GPETIT','2019-05-09 14:25:14','METALSIG_USUARIO','2019-05-17 14:20:35'),(0000001457,'248-5513','','REGULATOR TEMPERATURE','',0000000001,0.00,0.00,0.00,0000000000,0,0.00,1,'GPETIT','2019-05-09 14:25:42','METALSIG_USUARIO','2019-05-17 14:20:35'),(0000001458,'2K-8257','','SELLO ANULAR','',0000000001,0.00,0.00,0.00,0000000000,0,0.00,1,'GPETIT','2019-05-09 14:26:05','METALSIG_USUARIO','2019-05-17 14:20:35'),(0000001459,'2S-2251','','SELLO ANULAR','',0000000001,0.00,0.00,0.00,0000000000,0,0.00,1,'GPETIT','2019-05-09 14:26:26','METALSIG_USUARIO','2019-05-17 14:20:35'),(0000001460,'2S-4078','','SELLO ANULAR','',0000000001,0.00,0.00,0.00,0000000000,0,0.00,1,'GPETIT','2019-05-09 14:26:49','METALSIG_USUARIO','2019-05-17 14:20:35'),(0000001461,'4J-5477','','SELLO ANULAR','',0000000001,0.00,0.00,0.00,0000000000,0,0.00,1,'GPETIT','2019-05-09 14:27:10','METALSIG_USUARIO','2019-05-17 14:20:35'),(0000001462,'6L-5359','','SELLO ANULAR','',0000000001,0.00,0.00,0.00,0000000000,0,0.00,1,'GPETIT','2019-05-09 14:28:13','METALSIG_USUARIO','2019-05-17 14:20:35'),(0000001463,'6V-0400','','BRIDA DIVIDIDA','',0000000001,11194.00,0.00,0.00,0000000000,4,0.00,1,'GPETIT','2019-05-09 14:28:39','GPETIT','2019-08-26 10:32:40'),(0000001464,'6V-1792','','PERNO DE CADENA','',0000000001,0.00,0.00,0.00,0000000000,0,0.00,1,'GPETIT','2019-05-09 14:29:13','METALSIG_USUARIO','2019-05-17 14:20:35'),(0000001465,'6V-8400','','SELLO ANULAR','',0000000001,0.00,0.00,0.00,0000000000,0,0.00,1,'GPETIT','2019-05-09 14:29:43','METALSIG_USUARIO','2019-05-17 14:20:35'),(0000001466,'7X-2488','','PERNO','',0000000001,0.00,0.00,0.00,0000000000,0,0.00,1,'GPETIT','2019-05-09 14:31:53','METALSIG_USUARIO','2019-05-17 14:20:35'),(0000001467,'8H-9818','','GASKET','',0000000001,0.00,0.00,0.00,0000000000,0,0.00,1,'GPETIT','2019-05-09 14:32:32','METALSIG_USUARIO','2019-05-17 14:20:35'),(0000001468,'8M-4986','','SELLO ANULAR','',0000000001,0.00,0.00,0.00,0000000000,0,0.00,1,'GPETIT','2019-05-09 14:32:56','METALSIG_USUARIO','2019-05-17 14:20:35'),(0000001469,'8M-5254','','SELLO ANULAR','',0000000001,0.00,0.00,0.00,0000000000,0,0.00,1,'GPETIT','2019-05-09 14:33:26','METALSIG_USUARIO','2019-05-17 14:20:35'),(0000001470,'8M-8157','','SELLO ANULAR ','',0000000001,0.00,0.00,0.00,0000000000,0,0.00,1,'GPETIT','2019-05-09 14:33:52','METALSIG_USUARIO','2019-05-17 14:20:35'),(0000001471,'9H-0846','','SELLO ANULAR','',0000000001,0.00,0.00,0.00,0000000000,0,0.00,1,'GPETIT','2019-05-09 14:34:17','METALSIG_USUARIO','2019-05-17 14:20:35'),(0000001472,'44','44','ARTICULO PARA PROBAR QUE EL PRECIO ESTA BIEN INGRE','ES UNA PRUEBA',0000000001,0.00,0.00,0.00,0000000000,0,0.00,1,'ADMINISTRADOR','2019-05-09 15:55:35','METALSIG_USUARIO','2019-05-17 14:20:35'),(0000001473,'6V-1179','','SELLO ANULAR','',0000000001,0.00,0.00,0.00,0000000000,0,0.00,1,'GPETIT','2019-05-09 17:01:27','METALSIG_USUARIO','2019-05-17 14:20:35'),(0000001474,'000019','','ARGA EP-2 ESPECIAL, 181 KGS.','',0000000002,391956.00,0.00,0.00,0000000000,0,0.00,1,'GPETIT','2019-05-10 10:04:02','GPETIT','2019-07-31 12:36:44'),(0000001475,'000020','','ENGRANAJES HP 150, 208 LTS.','',0000000002,314039.00,0.00,0.00,0000000000,0,0.00,1,'GPETIT','2019-05-10 10:04:31','GPETIT','2019-07-31 12:36:44'),(0000001476,'126-5065A','','ZAPATA CAT329 700MM','',0000000001,0.00,0.00,0.00,0000000000,0,0.00,1,'GPETIT','2019-05-10 11:52:17','METALSIG_USUARIO','2019-05-17 14:20:35'),(0000001477,'79035814/KIT','','PERNO Y TUERCA M20 X 63MM CAT329','',0000000001,0.00,0.00,0.00,0000000000,0,0.00,1,'GPETIT','2019-05-10 11:53:22','METALSIG_USUARIO','2019-05-17 14:20:35'),(0000001478,'000021','','SANITIZANTE DE BAÑO AROMA CHERRY 20 KGS.','',0000000002,42340.00,0.00,0.00,0000000000,1,0.00,1,'GPETIT','2019-05-10 14:19:39','GPETIT','2019-09-26 11:46:08'),(0000001479,'000022','','BLANQUEADOR DE BALDOSAS 20 KGS.','',0000000002,47600.00,0.00,0.00,0000000000,1,0.00,1,'GPETIT','2019-05-10 14:42:57','GPETIT','2019-09-26 11:46:08'),(0000001480,'383-1992','','BOMBA DE COMBUSTIBLE','',0000000001,0.00,0.00,0.00,0000000000,0,0.00,1,'GPETIT','2019-05-16 09:50:04','METALSIG_USUARIO','2019-05-17 14:20:35'),(0000001481,'239-2402','','SELLO COMBUSTIBLE','',0000000001,0.00,0.00,0.00,0000000000,0,0.00,1,'GPETIT','2019-05-16 10:02:08','METALSIG_USUARIO','2019-05-17 14:20:35'),(0000001482,'149-5240','','ANILLO SOPORTE','',0000000001,0.00,0.00,0.00,0000000000,0,0.00,1,'GPETIT','2019-05-16 10:03:12','METALSIG_USUARIO','2019-05-17 14:20:35'),(0000001484,'293-0730','','ANILLO RESPALDO','',0000000001,0.00,0.00,0.00,0000000000,0,0.00,1,'GPETIT','2019-05-16 10:04:18','METALSIG_USUARIO','2019-05-17 14:20:35'),(0000001486,'109-3207','','SELLO ANILLO','',0000000001,0.00,0.00,0.00,0000000000,0,0.00,1,'GPETIT','2019-05-16 10:05:29','METALSIG_USUARIO','2019-05-17 14:20:35'),(0000001487,'148-2903','','SELLO','',0000000001,0.00,0.00,0.00,0000000000,0,0.00,1,'GPETIT','2019-05-16 10:05:55','METALSIG_USUARIO','2019-05-17 14:20:35'),(0000001488,'1R-0739','','ENGINE OIL FILTERS','',0000000001,14502.00,0.00,0.00,0000000000,0,0.00,1,'GPETIT','2019-05-16 10:06:31','YVILLALOBOS','2019-09-25 10:40:16'),(0000001489,'1005','','MANGUERA Y ADAPTADOR','',0000000003,50000.00,0.00,0.00,0000000000,0,0.00,1,'GPETIT','2019-05-20 14:59:05','METALSIG_USUARIO','2019-06-27 11:36:35'),(0000001490,'179-8128','','SELLO ANULAR','',0000000001,6030.00,0.00,0.00,0000000000,0,0.00,1,'GPETIT','2019-05-20 15:14:22','METALSIG_USUARIO','2019-06-27 11:36:35'),(0000001491,'1R-1804','','SEPARADOR DE AGUA DEL COMBUSTIBLE  ','',0000000001,18382.00,0.00,0.00,0000000000,1,0.00,1,'GPETIT','2019-05-20 15:17:05','YVILLALOBOS','2019-10-08 15:27:20'),(0000001492,'5N-9303','','CORREA TRAPECIAL DENTADA','',0000000001,56235.00,0.00,0.00,0000000000,0,0.00,1,'GPETIT','2019-05-20 15:19:30','GPETIT','2019-08-30 12:39:16'),(0000001493,'441-5111','','CONJUNTO DE FILTRO COMBUSTIBLE','',0000000001,9025.00,0.00,0.00,0000000000,0,0.00,1,'GPETIT','2019-05-23 09:28:34','METALSIG_USUARIO','2019-06-27 11:36:35'),(0000001494,'9R-9925','','ELEMENTO DE FILTRO','',0000000001,3269.00,0.00,0.00,0000000000,0,0.00,1,'GPETIT','2019-05-23 09:30:09','GPETIT','2019-08-30 12:38:07'),(0000001495,'480-4406','','COLECTOR','',0000000001,333225.00,0.00,0.00,0000000000,0,0.00,1,'GPETIT','2019-05-23 15:25:12','METALSIG_USUARIO','2019-06-27 11:36:35'),(0000001496,'471-2882','','EMPAQUETADURA','',0000000001,53932.00,0.00,0.00,0000000000,0,0.00,1,'GPETIT','2019-05-23 15:25:37','METALSIG_USUARIO','2019-06-27 11:36:35'),(0000001497,'478-7932','','GRUPO DE CONTROL','',0000000001,2647046.00,0.00,0.00,0000000000,0,0.00,1,'GPETIT','2019-06-05 09:41:31','METALSIG_USUARIO','2019-06-27 11:36:35'),(0000001498,'3E-8700','','SENSOR DE TEMPERATURA','',0000000001,188391.00,0.00,0.00,0000000000,0,0.00,1,'ADMINISTRADOR','2019-06-07 10:38:55','GPETIT','2019-06-07 16:07:36'),(0000001499,'3E-8701','','ARTICULO DE PRUEBA 2','DESCRIPCION DE PRUEBA ART 2',0000000002,30000.00,0.00,0.00,0000000000,0,0.00,1,'ADMINISTRADOR','2019-06-07 10:38:55','GPETIT','2019-06-07 16:20:20'),(0000001500,'3E-8702','','ARTICULO DE PRUEBA 3','OTRA DESCRIPCION ART 3',0000000005,0.00,0.00,0.00,0000000000,0,0.00,1,'ADMINISTRADOR','2019-06-07 10:38:55','ADMINISTRADOR','2019-06-07 10:39:08'),(0000001501,'183-8597','','SENSOR DE VELOCIDAD','',0000000001,156195.00,0.00,0.00,0000000000,0,0.00,1,'GPETIT','2019-06-07 16:48:04','METALSIG_USUARIO','2019-06-27 11:36:35'),(0000001502,'180-9285','','GRUPO DE CONTROL','',0000000001,526295.00,0.00,0.00,0000000000,0,0.00,1,'GPETIT','2019-06-07 16:48:04','METALSIG_USUARIO','2019-06-27 11:36:35'),(0000001503,'107-1983','','LAMPARA 24 VOLT','',0000000001,763.00,0.00,0.00,0000000000,0,0.00,1,'GPETIT','2019-06-07 16:48:04','METALSIG_USUARIO','2019-06-27 11:36:35'),(0000001504,'132-8875','','FILTRO DE ACEITE HIDRAULICO','',0000000001,50211.00,0.00,0.00,0000000000,0,0.00,1,'GPETIT','2019-06-07 16:48:04','METALSIG_USUARIO','2019-06-27 11:36:35'),(0000001505,'2G-1034','','VALVULA','',0000000001,21873.00,0.00,0.00,0000000000,0,0.00,1,'GPETIT','2019-06-07 16:48:04','METALSIG_USUARIO','2019-06-27 11:36:35'),(0000001506,'5F-5434','','CONJUNTO DE VENTILACION','',0000000001,2414.00,0.00,0.00,0000000000,0,0.00,1,'GPETIT','2019-06-07 16:48:04','METALSIG_USUARIO','2019-06-27 11:36:35'),(0000001507,'117-0291','','ADAPTADOR','',0000000001,68986.00,0.00,0.00,0000000000,0,0.00,1,'GPETIT','2019-06-07 16:48:04','METALSIG_USUARIO','2019-06-27 11:36:35'),(0000001508,'6V-3965','','CONJUNTO DE ENGRASADOR','',0000000001,20008.00,0.00,0.00,0000000000,0,0.00,1,'GPETIT','2019-06-07 16:48:04','METALSIG_USUARIO','2019-06-27 11:36:35'),(0000001509,'124-5572','','CONJUNTO DE VALVULA','',0000000001,25282.00,0.00,0.00,0000000000,0,0.00,1,'GPETIT','2019-06-07 16:48:04','METALSIG_USUARIO','2019-06-27 11:36:35'),(0000001510,'349-2654','','CONJUNTO DE SELLOS','',0000000001,59632.00,0.00,0.00,0000000000,0,0.00,1,'GPETIT','2019-06-07 16:56:42','METALSIG_USUARIO','2019-06-27 11:36:35'),(0000001511,'223-9143','','IMPELLER','',0000000001,104997.00,0.00,0.00,0000000000,0,0.00,1,'GPETIT','2019-06-07 16:56:42','METALSIG_USUARIO','2019-06-27 11:36:35'),(0000001512,'291-6905','','EJE AGUA','',0000000001,91986.00,0.00,0.00,0000000000,0,0.00,1,'GPETIT','2019-06-07 16:56:42','METALSIG_USUARIO','2019-06-27 11:36:35'),(0000001513,'1B-3867','','COJINETE','',0000000001,24993.00,0.00,0.00,0000000000,1,0.00,1,'GPETIT','2019-06-07 16:56:42','GPETIT','2019-08-27 12:10:06'),(0000001514,'8C-3100','','SELLO','',0000000001,11172.00,0.00,0.00,0000000000,0,0.00,1,'GPETIT','2019-06-07 16:56:42','METALSIG_USUARIO','2019-06-27 11:36:35'),(0000001515,'229-8810','','SELLO PRENSA','',0000000001,5276.00,0.00,0.00,0000000000,0,0.00,1,'GPETIT','2019-06-07 16:56:42','METALSIG_USUARIO','2019-06-27 11:36:35'),(0000001516,'225-7003','','SELLO ANULAR','',0000000001,6516.00,0.00,0.00,0000000000,0,0.00,1,'GPETIT','2019-06-07 16:56:42','METALSIG_USUARIO','2019-06-27 11:36:35'),(0000001517,'SST_1','','TRANSLADO EXC.329D RENTAL','TRANSLADO EXC.329D RENTAL',0000000003,250000.00,0.00,0.00,0000000000,0,0.00,1,'ADMINISTRADOR','2019-06-10 14:26:29','METALSIG_USUARIO','2019-06-27 11:36:35'),(0000001518,'SST_2','','BARRENAR ALOJAMIENTO PASADOR CENTRAL','BARRENAR ALOJAMIENTO PASADOR CENTRAL',0000000003,550000.00,0.00,0.00,0000000000,0,0.00,1,'ADMINISTRADOR','2019-06-10 14:26:29','METALSIG_USUARIO','2019-06-27 11:36:35'),(0000001519,'SST_3','','REPARACION CILINDRO LEVANTE 1 S/CROMADO','REPARACION CILINDRO LEVANTE 1 S/CROMADO',0000000003,355400.00,0.00,0.00,0000000000,0,0.00,1,'ADMINISTRADOR','2019-06-10 14:26:29','METALSIG_USUARIO','2019-06-27 11:36:35'),(0000001520,'SST_4','','REPARACION CILINDRO LEVANTE 2 C/CROMADO','REPARACION CILINDRO LEVANTE 2 C/CROMADO',0000000003,605400.00,0.00,0.00,0000000000,0,0.00,1,'ADMINISTRADOR','2019-06-10 14:26:29','METALSIG_USUARIO','2019-06-27 11:36:35'),(0000001521,'SST_5','','REPARACION CILINDRO RIPPER','REPARACION CILINDRO RIPPER',0000000003,275400.00,0.00,0.00,0000000000,0,0.00,1,'ADMINISTRADOR','2019-06-10 14:26:29','METALSIG_USUARIO','2019-06-27 11:36:35'),(0000001522,'SST_6','','LIJADO COMPLETO Y PINTADO BULLDOZER D6 CAT ','LIJADO COMPLETO Y PINTADO BULLDOZER D6 CAT ',0000000003,720000.00,0.00,0.00,0000000000,0,0.00,1,'ADMINISTRADOR','2019-06-10 14:26:29','METALSIG_USUARIO','2019-06-27 11:36:35'),(0000001523,'SST_7','','HORAS DE SERVICIO GRUA HORQUILLA 25 TONELADAS ','',0000000003,0.00,0.00,0.00,0000000000,0,0.00,1,'ADMINISTRADOR','2019-06-10 14:26:29','GPETIT','2019-08-29 09:26:37'),(0000001524,'SST_8','','HORAS DE SERVICIO GRUA HORQUILLA 16 TONELADAS ','HORAS DE SERVICIO GRUA HORQUILLA 16 TONELADAS ',0000000003,26000.00,0.00,0.00,0000000000,0,0.00,1,'ADMINISTRADOR','2019-06-10 14:26:29','METALSIG_USUARIO','2019-06-27 11:36:35'),(0000001525,'SST_9','','HORAS DE SERVICIO GRUA HORQUILLA 11 TONELADAS ','HORAS DE SERVICIO GRUA HORQUILLA 11 TONELADAS ',0000000003,0.00,0.00,0.00,0000000000,0,0.00,1,'ADMINISTRADOR','2019-06-10 14:26:29','YVILLALOBOS','2019-09-26 14:17:47'),(0000001526,'SST_10','','HORAS DE SERVICIO GRUA HORQUILLA 7 TONELADAS ','HORAS DE SERVICIO GRUA HORQUILLA 7 TONELADAS ',0000000003,18000.00,0.00,0.00,0000000000,0,0.00,1,'ADMINISTRADOR','2019-06-10 14:26:29','METALSIG_USUARIO','2019-06-27 11:36:35'),(0000001527,'SST_11','','TRASLADO MAQ. (HYDRONOR-HEAVYTECH)','TRASLADO MAQ. (HYDRONOR-HEAVYTECH)',0000000003,220000.00,0.00,0.00,0000000000,0,0.00,1,'ADMINISTRADOR','2019-06-10 14:26:29','METALSIG_USUARIO','2019-06-27 11:36:35'),(0000001528,'SST_12','','FABRICACION CUCHILLAS PARA CARGADOR FRONTAL HYUNDA','FABRICACION CUCHILLAS PARA CARGADOR FRONTAL HYUNDAI',0000000003,180000.00,0.00,0.00,0000000000,0,0.00,1,'ADMINISTRADOR','2019-06-10 14:26:29','METALSIG_USUARIO','2019-06-27 11:36:35'),(0000001529,'SST_13','','RECUPERAR Y BARRENAR ALOJAMIENTOS DELANTEROS Y TRA','RECUPERAR Y BARRENAR ALOJAMIENTOS DELANTEROS Y TRASEROS DE ARTICULACION CENTRAL',0000000003,1150000.00,0.00,0.00,0000000000,0,0.00,1,'ADMINISTRADOR','2019-06-10 14:26:29','METALSIG_USUARIO','2019-06-27 11:36:35'),(0000001530,'SST_14','','KIT SECCION COMUN Y MAESTRA CADENA CAT 320','KIT SECCION COMUN Y MAESTRA CADENA CAT 320',0000000003,192830.00,0.00,0.00,0000000000,0,0.00,1,'ADMINISTRADOR','2019-06-10 14:26:29','METALSIG_USUARIO','2019-06-27 11:36:35'),(0000001531,'SST_15','','SERVICIO DE TURBO COMPRESOR CAT','SERVICIO DE TURBO COMPRESOR CAT',0000000003,738000.00,0.00,0.00,0000000000,0,0.00,1,'ADMINISTRADOR','2019-06-10 14:26:29','METALSIG_USUARIO','2019-06-27 11:36:35'),(0000001532,'SST_16','','SERVICIO MOTOR DE PARTIDA ARRANQUE CAT 24V','SERVICIO MOTOR DE PARTIDA ARRANQUE CAT 24V',0000000003,185965.00,0.00,0.00,0000000000,0,0.00,1,'ADMINISTRADOR','2019-06-10 14:26:29','METALSIG_USUARIO','2019-06-27 11:36:35'),(0000001533,'SST_17','','SERVICIO ALTERNADOR CAT 150 AMP.','SERVICIO ALTERNADOR CAT 150 AMP.',0000000003,54410.00,0.00,0.00,0000000000,0,0.00,1,'ADMINISTRADOR','2019-06-10 14:26:29','METALSIG_USUARIO','2019-06-27 11:36:35'),(0000001534,'SST_18','','TRASLADO MAQ. (HYDRONOR-HEAVYTECH)','TRASLADO MAQ. (HYDRONOR-HEAVYTECH)',0000000003,200000.00,0.00,0.00,0000000000,0,0.00,1,'ADMINISTRADOR','2019-06-10 14:26:29','METALSIG_USUARIO','2019-06-27 11:36:35'),(0000001535,'SST_19','','REPARACION CILINDRO STICK CAT 329D','REPARACION CILINDRO STICK CAT 329D',0000000003,595200.00,0.00,0.00,0000000000,0,0.00,1,'ADMINISTRADOR','2019-06-10 14:26:29','METALSIG_USUARIO','2019-06-27 11:36:35'),(0000001536,'SST_20','','REPARACION CILINDRO BOOM CAT 329D','REPARACION CILINDRO BOOM CAT 329D',0000000003,495100.00,0.00,0.00,0000000000,0,0.00,1,'ADMINISTRADOR','2019-06-10 14:26:29','METALSIG_USUARIO','2019-06-27 11:36:35'),(0000001537,'SST_21','','MANTENCION Y LIMPIEZA DE ENFRIADORES X6','MANTENCION Y LIMPIEZA DE ENFRIADORES X6',0000000003,500000.00,0.00,0.00,0000000000,0,0.00,1,'ADMINISTRADOR','2019-06-10 14:26:29','METALSIG_USUARIO','2019-06-27 11:36:35'),(0000001538,'SST_22','','SERVICIO DE RECTIFICADORA MOTOR C9','SERVICIO DE RECTIFICADORA MOTOR C9',0000000003,746500.00,0.00,0.00,0000000000,0,0.00,1,'ADMINISTRADOR','2019-06-10 14:26:29','METALSIG_USUARIO','2019-06-27 11:36:35'),(0000001539,'1006','','PERNO ZAPATA','M12X39X1.25',0000000001,450.00,0.00,0.00,0000000000,392,450.00,1,'GPETIT','2019-06-11 10:21:15','GPETIT','2019-06-27 11:36:35'),(0000001540,'1007','','TUERCA ZAPATA','M12X1.25',0000000001,320.00,0.00,0.00,0000000000,390,0.00,1,'GPETIT','2019-06-11 10:21:15','GPETIT','2019-07-10 11:46:44'),(0000001541,'230-2610','','CONJUNTO DE TUBO','CONJUNTO DE TUBO',0000000001,518832.00,0.00,0.00,0000000000,0,0.00,1,'GPETIT','2019-06-12 10:17:15','METALSIG_USUARIO','2019-06-27 11:36:35'),(0000001542,'1008','','DIENTE SERIE K40 ROCK CHISEL','',0000000001,42000.00,0.00,0.00,0000000000,0,0.00,1,'GPETIT','2019-06-13 11:07:55','METALSIG_USUARIO','2019-06-27 11:36:35'),(0000001543,'1009','','SEGURO SERIE K40 KOMATSU','',0000000001,9980.00,0.00,0.00,0000000000,0,0.00,1,'GPETIT','2019-06-13 11:07:55','METALSIG_USUARIO','2019-06-27 11:36:35'),(0000001544,'SST_23','','DESMONTAJE Y MONTAJE DE ZAPATAS EN CADENAS 49 SECC','DESMONTAJE Y MONTAJE DE ZAPATAS EN CADENAS 49 SECCIONES',0000000003,202602.00,0.00,0.00,0000000000,0,0.00,1,'GPETIT','2019-06-14 09:31:03','METALSIG_USUARIO','2019-06-27 11:36:35'),(0000001545,'SST_24','','MODIFICACION DE CADENAS EN 49 SECCIONES','MODIFICACION DE CADENAS EN 49 SECCIONES',0000000003,147398.00,0.00,0.00,0000000000,0,0.00,1,'GPETIT','2019-06-14 09:31:03','METALSIG_USUARIO','2019-06-27 11:36:35'),(0000001546,'1010','','KIT DE SELLOS','',0000000001,22832.00,0.00,0.00,0000000000,0,0.00,1,'GPETIT','2019-06-14 10:26:13','METALSIG_USUARIO','2019-06-27 11:36:35'),(0000001547,'1011','','KIT PERNERIA','',0000000001,90990.00,0.00,0.00,0000000000,0,0.00,1,'GPETIT','2019-06-14 10:26:13','GPETIT','2019-06-14 11:18:22'),(0000001548,'SST_25','','TRASLADOS DE COMPONENTES ','TRASLADOS DE COMPONENTES ',0000000003,150000.00,0.00,0.00,0000000000,0,0.00,1,'GPETIT','2019-06-14 11:20:18','METALSIG_USUARIO','2019-06-27 11:36:35'),(0000001549,'387-9427','','INYECTOR GP','',0000000001,808803.00,0.00,0.00,0000000000,0,0.00,1,'GPETIT','2019-06-18 12:37:49','METALSIG_USUARIO','2019-06-27 11:36:35'),(0000001550,'1R-1807','','FILTRO ACEITE','',0000000001,18577.00,0.00,0.00,0000000000,0,0.00,1,'GPETIT','2019-06-18 12:37:49','METALSIG_USUARIO','2019-06-27 11:36:35'),(0000001551,'SST_26','','MEMORIA DE CALCULO P/BASES DE TRASLADO MODULO DE M','',0000000003,1000000.00,0.00,0.00,0000000000,0,0.00,1,'GPETIT','2019-06-20 13:48:18','METALSIG_USUARIO','2019-06-27 11:36:35'),(0000001552,'SST_27','','PRUEBA DE HERMETICIDAD DE CABINA','',0000000003,350000.00,0.00,0.00,0000000000,0,0.00,1,'GPETIT','2019-07-04 16:50:56','METALSIG_USUARIO','2019-07-10 11:31:47'),(0000001553,'236-8152','','BEARING','',0000000002,168164.00,0.00,0.00,0000000000,0,0.00,1,'GPETIT','2019-07-04 17:04:25','METALSIG_USUARIO','2019-07-10 11:31:47'),(0000001554,'259-2858','','PLATE','',0000000002,43249.00,0.00,0.00,0000000000,0,0.00,1,'GPETIT','2019-07-04 17:04:25','METALSIG_USUARIO','2019-07-10 11:31:47'),(0000001555,'279-3438','','SHIM','',0000000002,20067.00,0.00,0.00,0000000000,0,0.00,1,'GPETIT','2019-07-04 17:04:25','METALSIG_USUARIO','2019-07-10 11:31:47'),(0000001556,'291-9914','','PIN','',0000000002,117460.00,0.00,0.00,0000000000,0,0.00,1,'GPETIT','2019-07-04 17:04:25','METALSIG_USUARIO','2019-07-10 11:31:47'),(0000001557,'292-4876','','SHIM','',0000000002,19416.00,0.00,0.00,0000000000,0,0.00,1,'GPETIT','2019-07-04 17:04:25','METALSIG_USUARIO','2019-07-10 11:31:47'),(0000001558,'294-5579','','BEARING','',0000000002,236404.00,0.00,0.00,0000000000,0,0.00,1,'GPETIT','2019-07-04 17:04:25','METALSIG_USUARIO','2019-07-10 11:31:47'),(0000001559,'8T-4195','','BOLT-HEX HEAD','',0000000001,837.00,0.00,0.00,0000000000,13,0.00,1,'GPETIT','2019-07-04 17:04:25','GPETIT','2019-08-27 12:10:07'),(0000001560,'8T-4224','','WASHER-HARD','',0000000002,440.00,0.00,0.00,0000000000,0,0.00,1,'GPETIT','2019-07-04 17:04:25','METALSIG_USUARIO','2019-07-10 11:31:47'),(0000001561,'8T-9598','','RING-RETAINING','',0000000002,6949.00,0.00,0.00,0000000000,0,0.00,1,'GPETIT','2019-07-04 17:04:25','METALSIG_USUARIO','2019-07-10 11:31:47'),(0000001562,'6V-5200','','RING-RETAINING','',0000000002,2597.00,0.00,0.00,0000000000,0,0.00,1,'GPETIT','2019-07-04 17:04:25','METALSIG_USUARIO','2019-07-10 11:31:47'),(0000001563,'259-2877','','PIN','',0000000002,49593.00,0.00,0.00,0000000000,0,0.00,1,'GPETIT','2019-07-04 17:04:25','METALSIG_USUARIO','2019-07-10 11:31:47'),(0000001564,'300-8583','','PLATE','',0000000002,46738.00,0.00,0.00,0000000000,0,0.00,1,'GPETIT','2019-07-04 17:04:25','METALSIG_USUARIO','2019-07-10 11:31:47'),(0000001565,'320-1316','','PIN','',0000000002,49576.00,0.00,0.00,0000000000,0,0.00,1,'GPETIT','2019-07-04 17:04:25','METALSIG_USUARIO','2019-07-10 11:31:47'),(0000001566,'5P-8500','','KEY CAT','',0000000001,6636.00,0.00,0.00,0000000000,3,0.00,1,'ABOLIVAR','2019-07-08 12:37:45','GPETIT','2019-09-30 15:25:17'),(0000001567,'096-6331','','TUERCA','',0000000001,0.00,0.00,0.00,0000000000,0,0.00,1,'ABOLIVAR','2019-07-08 13:01:32','METALSIG_USUARIO','2019-07-10 11:31:47'),(0000001568,'356-5008','','GRUPO DE VALVULA','',0000000001,0.00,0.00,0.00,0000000000,0,0.00,1,'ABOLIVAR','2019-07-08 13:01:33','METALSIG_USUARIO','2019-07-10 11:31:47'),(0000001569,'631-4256','','GRUPO DE CONTROL DE MANIJA','',0000000001,0.00,0.00,0.00,0000000000,0,0.00,1,'ABOLIVAR','2019-07-08 13:01:33','METALSIG_USUARIO','2019-07-10 11:31:47'),(0000001570,'1012','','FOCO FAENERO LED 27W-FLOOD BEAM','',0000000001,0.00,0.00,0.00,0000000000,0,0.00,1,'GPETIT','2019-07-09 09:18:08','METALSIG_USUARIO','2019-07-10 11:31:47'),(0000001571,'1013','','PERTIGA 8 PIES COMPLETA CON LED ROJO','',0000000001,0.00,0.00,0.00,0000000000,0,0.00,1,'GPETIT','2019-07-09 09:18:08','METALSIG_USUARIO','2019-07-10 11:31:47'),(0000001572,'1014','','BALIZA 12-48V AMBAR','',0000000001,0.00,0.00,0.00,0000000000,0,0.00,1,'GPETIT','2019-07-09 09:18:08','METALSIG_USUARIO','2019-07-10 11:31:47'),(0000001573,'322-8074','','JUEGO BALANCIN','',0000000001,166825.00,0.00,0.00,0000000000,0,0.00,1,'GPETIT','2019-07-15 15:35:18','METALSIG_USUARIO','2019-07-30 14:33:33'),(0000001574,'322-8075','','JUEGO INTERRUPTOR','',0000000001,65963.00,0.00,0.00,0000000000,0,0.00,1,'GPETIT','2019-07-15 15:35:18','METALSIG_USUARIO','2019-07-30 14:33:33'),(0000001575,'322-8076','','JUEGO DE BOTON','',0000000001,48237.00,0.00,0.00,0000000000,0,0.00,1,'GPETIT','2019-07-15 15:35:18','METALSIG_USUARIO','2019-07-30 14:33:33'),(0000001576,'318-0418','','CONJ.MAZO DE CABLES','',0000000001,358523.00,0.00,0.00,0000000000,0,0.00,1,'GPETIT','2019-07-15 15:35:18','METALSIG_USUARIO','2019-07-30 14:33:33'),(0000001577,'214-8970','','TRANSMISION POSITION SENSOR','',0000000001,188961.00,0.00,0.00,0000000000,0,0.00,1,'GPETIT','2019-07-15 15:35:19','METALSIG_USUARIO','2019-07-30 14:33:33'),(0000001578,'252-9715','','GRUPO DE VALVULA MODULACION','',0000000001,220694.00,0.00,0.00,0000000000,0,0.00,1,'GPETIT','2019-07-15 15:35:19','METALSIG_USUARIO','2019-07-30 14:33:33'),(0000001579,'200-6210','','SELENOIDE DE MARCHA','',0000000001,83287.00,0.00,0.00,0000000000,0,0.00,1,'GPETIT','2019-07-17 17:46:22','METALSIG_USUARIO','2019-07-30 14:33:33'),(0000001580,'2674A841','','TURBOCOMPRESOR ORIGINAL','',0000000001,711000.00,0.00,0.00,0000000000,0,0.00,1,'GPETIT','2019-07-18 11:38:19','METALSIG_USUARIO','2019-07-30 14:33:33'),(0000001581,'SST_28','','SERVICIO MANTENCIÓN MOTOR MT50 DELCO REMY','',0000000003,0.00,0.00,0.00,0000000000,0,0.00,1,'ABOLIVAR','2019-07-22 12:47:59','GPETIT','2019-08-05 15:46:42'),(0000001582,'117-2190','','PLATE-RETAINER','PLACA',0000000001,14113.00,0.00,0.00,0000000000,0,0.00,1,'ABOLIVAR','2019-07-23 16:05:03','METALSIG_USUARIO','2019-07-30 14:33:33'),(0000001583,'138-7426','','PIN','PASADOR',0000000001,143127.00,0.00,0.00,0000000000,0,0.00,1,'ABOLIVAR','2019-07-23 16:05:03','METALSIG_USUARIO','2019-07-30 14:33:33'),(0000001584,'5G-8574','','PIN AS','CONJUNTO DE PASADOR',0000000001,184020.00,0.00,0.00,0000000000,0,0.00,1,'ABOLIVAR','2019-07-23 16:05:03','METALSIG_USUARIO','2019-07-30 14:33:33'),(0000001585,'7X-0590','','WASHER-HARD','',0000000001,4480.00,0.00,0.00,0000000000,0,0.00,1,'ABOLIVAR','2019-07-23 16:05:03','METALSIG_USUARIO','2019-07-30 14:33:33'),(0000001586,'194-6555','','PIN AS','',0000000001,230111.00,0.00,0.00,0000000000,0,0.00,1,'ABOLIVAR','2019-07-23 16:05:03','METALSIG_USUARIO','2019-07-30 14:33:33'),(0000001587,'443-6838','','STRIP-WEAR','TIRA DE DESGASTE',0000000001,96780.00,0.00,0.00,0000000000,0,0.00,1,'ABOLIVAR','2019-07-23 16:05:03','METALSIG_USUARIO','2019-07-30 14:33:33'),(0000001588,'443-6839','','STRIP-WEAR','TIRA DE DESGASTE',0000000001,113558.00,0.00,0.00,0000000000,0,0.00,1,'ABOLIVAR','2019-07-23 16:05:03','METALSIG_USUARIO','2019-07-30 14:33:33'),(0000001589,'140-8452','','PLATE ','PLACA INFERIOR',0000000001,45332.00,0.00,0.00,0000000000,0,0.00,1,'ABOLIVAR','2019-07-23 16:05:03','METALSIG_USUARIO','2019-07-30 14:33:33'),(0000001590,'140-8453','','PLATE ','PLACA: PARTE SUPERIOR',0000000001,42637.00,0.00,0.00,0000000000,0,0.00,1,'ABOLIVAR','2019-07-23 16:05:03','METALSIG_USUARIO','2019-07-30 14:33:33'),(0000001591,'140-8454','','SHIM','CALCE',0000000001,7218.00,0.00,0.00,0000000000,0,0.00,1,'ABOLIVAR','2019-07-23 16:05:03','METALSIG_USUARIO','2019-07-30 14:33:33'),(0000001592,'140-8455','','SHIM','CALCE',0000000001,4160.00,0.00,0.00,0000000000,0,0.00,1,'ABOLIVAR','2019-07-23 16:05:03','METALSIG_USUARIO','2019-07-30 14:33:33'),(0000001593,'8T-4139','','BOLT-HEX HEAD','',0000000001,1158.00,0.00,0.00,0000000000,6,0.00,1,'ABOLIVAR','2019-07-23 16:05:03','GPETIT','2019-08-21 16:21:02'),(0000001594,'9X-4597','','SEAL-LIP TYPE','',0000000001,44765.00,0.00,0.00,0000000000,0,0.00,1,'ABOLIVAR','2019-07-23 16:05:03','METALSIG_USUARIO','2019-07-30 14:33:33'),(0000001595,'138-7435','','SPACER','',0000000001,45761.00,0.00,0.00,0000000000,0,0.00,1,'ABOLIVAR','2019-07-23 16:05:03','METALSIG_USUARIO','2019-07-30 14:33:33'),(0000001596,'194-3857','','PIN','PASADOR',0000000001,681881.00,0.00,0.00,0000000000,0,0.00,1,'ABOLIVAR','2019-07-23 16:05:03','METALSIG_USUARIO','2019-07-30 14:33:33'),(0000001597,'087-5379','','BUSHING','',0000000001,258150.00,0.00,0.00,0000000000,0,0.00,1,'ABOLIVAR','2019-07-23 16:05:03','METALSIG_USUARIO','2019-07-30 14:33:33'),(0000001598,'8T-4193','','BOLT','',0000000001,3013.00,0.00,0.00,0000000000,0,0.00,1,'ABOLIVAR','2019-07-23 16:05:03','METALSIG_USUARIO','2019-07-30 14:33:33'),(0000001599,'9X-3927','','PLUG','',0000000001,668.00,0.00,0.00,0000000000,0,0.00,1,'ABOLIVAR','2019-07-23 16:05:03','METALSIG_USUARIO','2019-07-30 14:33:33'),(0000001600,'131-4764','','TRUNNION','MUÑON',0000000001,519029.00,0.00,0.00,0000000000,0,0.00,1,'ABOLIVAR','2019-07-23 16:05:03','METALSIG_USUARIO','2019-07-30 14:33:33'),(0000001601,'6G-4524','','STRIP-WEAR','TIRA DE DESGASTE',0000000001,56386.00,0.00,0.00,0000000000,0,0.00,1,'ABOLIVAR','2019-07-23 16:05:03','METALSIG_USUARIO','2019-07-30 14:33:33'),(0000001602,'275-0511','','SHIM','CALCE',0000000001,12222.00,0.00,0.00,0000000000,0,0.00,1,'ABOLIVAR','2019-07-23 16:05:03','METALSIG_USUARIO','2019-07-30 14:33:33'),(0000001603,'275-0512','','SHIM  ','CALCE',0000000001,5547.00,0.00,0.00,0000000000,0,0.00,1,'ABOLIVAR','2019-07-23 16:05:03','METALSIG_USUARIO','2019-07-30 14:33:33'),(0000001604,'117-2244','','STRIP-WEAR','TIRA DE DESGASTE',0000000001,177738.00,0.00,0.00,0000000000,0,0.00,1,'ABOLIVAR','2019-07-23 16:05:03','METALSIG_USUARIO','2019-07-30 14:33:33'),(0000001605,'8P-1438','','COVER','',0000000001,150585.00,0.00,0.00,0000000000,0,0.00,1,'ABOLIVAR','2019-07-23 16:05:03','METALSIG_USUARIO','2019-07-30 14:33:33'),(0000001606,'8T-4183','','BOLT','',0000000001,1494.00,0.00,0.00,0000000000,0,0.00,1,'ABOLIVAR','2019-07-23 16:05:03','METALSIG_USUARIO','2019-07-30 14:33:33'),(0000001607,'8T-5439','','ARANDELAS','',0000000001,4355.00,0.00,0.00,0000000000,0,0.00,1,'ABOLIVAR','2019-07-23 16:05:03','GPETIT','2019-09-09 16:46:54'),(0000001608,'7X-2563','','PERNOS','',0000000001,5939.00,0.00,0.00,0000000000,0,0.00,1,'ABOLIVAR','2019-07-23 16:05:03','GPETIT','2019-09-09 16:46:54'),(0000001609,'07000-13032','','ANILLO','',0000000001,627.00,0.00,0.00,0000000000,0,627.00,1,'ABOLIVAR','2019-07-26 15:28:06','METALSIG_USUARIO','2019-07-30 14:33:33'),(0000001610,'07000-12021','','ANILLO','',0000000001,1024.00,0.00,0.00,0000000000,0,1024.00,1,'ABOLIVAR','2019-07-26 15:28:33','METALSIG_USUARIO','2019-07-30 14:33:33'),(0000001611,'702-16-53920','','O-RING','',0000000001,8184.00,0.00,0.00,0000000000,0,8184.00,1,'ABOLIVAR','2019-07-26 15:30:52','METALSIG_USUARIO','2019-07-30 14:33:33'),(0000001612,'197-8394','','SENSOR GP','',0000000001,181432.00,0.00,0.00,0000000000,0,181432.00,1,'ABOLIVAR','2019-07-26 15:32:31','METALSIG_USUARIO','2019-07-30 14:33:33'),(0000001613,'219-6540','','HARNESS AS-SENSOR','',0000000001,46479.00,0.00,0.00,0000000000,0,46479.00,1,'ABOLIVAR','2019-07-26 15:33:26','METALSIG_USUARIO','2019-07-30 14:33:33'),(0000001614,'222-4086','','HASRNESS AS','',0000000001,562415.00,0.00,0.00,0000000000,0,562415.00,1,'ABOLIVAR','2019-07-26 15:34:31','METALSIG_USUARIO','2019-07-30 14:33:33'),(0000001615,'723-40-91500','','VALVULA','',0000000001,263145.00,0.00,0.00,0000000000,0,263145.00,1,'ABOLIVAR','2019-07-26 16:58:21','METALSIG_USUARIO','2019-07-30 14:33:33'),(0000001616,'109-5309','','ISOLATION SEAL','',0000000001,126469.00,0.00,0.00,0000000000,1,0.00,1,'GPETIT','2019-07-30 10:49:50','GPETIT','2019-08-27 12:10:05'),(0000001617,'5P-8823','','PERNOS PARA CUCHILLA','',0000000001,12653.00,0.00,0.00,0000000000,0,0.00,1,'GPETIT','2019-07-30 10:49:50','METALSIG_USUARIO','2019-07-30 14:33:33'),(0000001618,'3K-9770','','TUERCAS PARA CUCHILLA','',0000000001,6145.00,0.00,0.00,0000000000,0,0.00,1,'GPETIT','2019-07-30 10:49:50','METALSIG_USUARIO','2019-07-30 14:33:33'),(0000001619,'262-8382','','GASKET','',0000000001,36421.00,0.00,0.00,0000000000,1,0.00,1,'GPETIT','2019-07-30 10:49:50','GPETIT','2019-08-27 12:10:05'),(0000001620,'174-2475','','ENGINEERED SEAL','',0000000001,90751.00,0.00,0.00,0000000000,1,0.00,1,'GPETIT','2019-07-30 10:49:50','GPETIT','2019-08-27 12:10:05'),(0000001621,'158-0494','','BRIDA','',0000000001,38797.00,0.00,0.00,0000000000,0,0.00,1,'GPETIT','2019-07-31 16:31:44','METALSIG_USUARIO','2019-08-21 16:20:59'),(0000001622,'180-3657','','CONJUNTO DE TUBO','',0000000001,674301.00,0.00,0.00,0000000000,0,0.00,1,'GPETIT','2019-07-31 16:31:44','METALSIG_USUARIO','2019-08-21 16:20:59'),(0000001623,'4F-7389','','SELLO ANULAR ','',0000000001,3551.00,0.00,0.00,0000000000,0,0.00,1,'GPETIT','2019-07-31 16:31:44','METALSIG_USUARIO','2019-08-21 16:20:59'),(0000001624,'4J-0521','','SELLO ANULAR ','',0000000001,2231.00,0.00,0.00,0000000000,0,0.00,1,'GPETIT','2019-07-31 16:31:44','METALSIG_USUARIO','2019-08-21 16:20:59'),(0000001625,'294-1734','','EMPAQUETADURA','',0000000001,0.00,0.00,0.00,0000000000,0,0.00,1,'GPETIT','2019-08-01 17:01:40','METALSIG_USUARIO','2019-08-21 16:20:59'),(0000001626,'178-6537','','EMPAQUETADURA','',0000000001,0.00,0.00,0.00,0000000000,0,0.00,1,'GPETIT','2019-08-01 17:01:40','METALSIG_USUARIO','2019-08-21 16:20:59'),(0000001627,'096-9528','','SELLO ANULAR','',0000000001,0.00,0.00,0.00,0000000000,0,0.00,1,'GPETIT','2019-08-01 17:01:40','METALSIG_USUARIO','2019-08-21 16:20:59'),(0000001628,'1015','','MANTENEDOR DE BATERIA 44020300','MASTERVOLT CHARGEMASTER 24/30-3',0000000001,1050000.00,0.00,0.00,0000000000,0,0.00,1,'GPETIT','2019-08-02 16:20:11','METALSIG_USUARIO','2019-08-21 16:20:59'),(0000001629,'SST_30','','FIREWALL MICROTIK RB3011','',0000000003,0.00,0.00,0.00,0000000000,0,0.00,1,'GPETIT','2019-08-05 13:21:43','METALSIG_USUARIO','2019-08-21 16:20:59'),(0000001630,'SST_31','','ACCESS POINT CAMBIUM CN PILOT E410 PARA OFICINAS','',0000000003,0.00,0.00,0.00,0000000000,0,0.00,1,'GPETIT','2019-08-05 13:21:43','METALSIG_USUARIO','2019-08-21 16:20:59'),(0000001631,'SST_32','','PDU 12 ENTRADAS','',0000000003,0.00,0.00,0.00,0000000000,0,0.00,1,'GPETIT','2019-08-05 13:21:43','METALSIG_USUARIO','2019-08-21 16:20:59'),(0000001632,'SST_33','','SERVICIOS DE HABILITACIÓN DE CABLES Y CONFIGURACIO','',0000000003,0.00,0.00,0.00,0000000000,0,0.00,1,'GPETIT','2019-08-05 13:21:43','METALSIG_USUARIO','2019-08-21 16:20:59'),(0000001633,'SST_29','','REPARACIÓN COMPONENTES MOTONIVELADORA CAT 24H','',0000000003,0.00,0.00,0.00,0000000000,0,0.00,1,'GPETIT','2019-08-05 16:10:32','METALSIG_USUARIO','2019-08-21 16:20:59'),(0000001634,'140-8448','','PLACA','',0000000001,167319.00,0.00,0.00,0000000000,0,0.00,1,'GPETIT','2019-08-05 16:45:31','METALSIG_USUARIO','2019-08-21 16:20:59'),(0000001635,'1016','','MANTENEDOR DE ACEITE ','MURPHY LM305',0000000001,382500.00,0.00,0.00,0000000000,0,0.00,1,'GPETIT','2019-08-07 16:17:16','METALSIG_USUARIO','2019-08-21 16:20:59'),(0000001636,'SST_34','','MANTENCION MOTOR DE PARTIDA 39MT 24V','',0000000003,0.00,0.00,0.00,0000000000,0,0.00,1,'GPETIT','2019-08-08 15:19:33','METALSIG_USUARIO','2019-08-21 16:20:59'),(0000001637,'102-6331','','GRUPO DE ACCIONADOR','',0000000001,0.00,0.00,0.00,0000000000,0,0.00,1,'GPETIT','2019-08-12 10:31:40','METALSIG_USUARIO','2019-08-21 16:20:59'),(0000001638,'201-2194','','CONJUNTO DE PLACA','',0000000001,0.00,0.00,0.00,0000000000,0,0.00,1,'GPETIT','2019-08-12 10:31:40','METALSIG_USUARIO','2019-08-21 16:20:59'),(0000001639,'191-8283','','PASADOR','',0000000001,0.00,0.00,0.00,0000000000,0,0.00,1,'GPETIT','2019-08-12 10:31:40','METALSIG_USUARIO','2019-08-21 16:20:59'),(0000001640,'2D-4867','','CONEXIÓN','',0000000001,0.00,0.00,0.00,0000000000,0,0.00,1,'GPETIT','2019-08-12 11:00:57','GPETIT','2019-08-12 11:03:32'),(0000001641,'3B-8491','','CONEXIÓN','',0000000001,0.00,0.00,0.00,0000000000,0,0.00,1,'GPETIT','2019-08-12 11:00:57','GPETIT','2019-08-12 11:03:32'),(0000001642,'4E-6364','','ARANDELA','',0000000001,0.00,0.00,0.00,0000000000,0,0.00,1,'GPETIT','2019-08-12 11:00:57','GPETIT','2019-08-12 11:03:32'),(0000001643,'4V-2588','','CONJUNTO DE PASADOR','',0000000001,0.00,0.00,0.00,0000000000,0,0.00,1,'GPETIT','2019-08-12 11:00:57','GPETIT','2019-08-12 11:03:32'),(0000001644,'5B-0651','','CONEXIÓN','',0000000001,0.00,0.00,0.00,0000000000,0,0.00,1,'GPETIT','2019-08-12 11:00:57','GPETIT','2019-08-12 11:03:32'),(0000001645,'9C-7907','','ESPACIADOR','',0000000001,0.00,0.00,0.00,0000000000,0,0.00,1,'GPETIT','2019-08-12 11:00:57','GPETIT','2019-08-12 11:03:32'),(0000001646,'5V-6454','','ARANDELA','',0000000001,0.00,0.00,0.00,0000000000,0,0.00,1,'GPETIT','2019-08-12 11:00:57','GPETIT','2019-08-12 11:03:32'),(0000001647,'5V-6455','','ARANDELA','',0000000001,0.00,0.00,0.00,0000000000,0,0.00,1,'GPETIT','2019-08-12 11:00:57','GPETIT','2019-08-12 11:03:32'),(0000001648,'7K-9203','','SELLO','',0000000001,0.00,0.00,0.00,0000000000,0,0.00,1,'GPETIT','2019-08-12 11:00:57','GPETIT','2019-08-12 11:03:32'),(0000001649,'7K-9208','','SELLO','',0000000001,0.00,0.00,0.00,0000000000,0,0.00,1,'GPETIT','2019-08-12 11:00:57','GPETIT','2019-08-12 11:03:32'),(0000001650,'7K-9216','','SELLO','',0000000001,0.00,0.00,0.00,0000000000,0,0.00,1,'GPETIT','2019-08-12 11:00:57','GPETIT','2019-08-12 11:03:32'),(0000001651,'7X-0618','','ARANDELA','',0000000001,0.00,0.00,0.00,0000000000,0,0.00,1,'GPETIT','2019-08-12 11:00:57','GPETIT','2019-08-12 11:03:32'),(0000001652,'8T-4167','','ARANDELA PLANA','',0000000001,2385.00,0.00,0.00,0000000000,2,0.00,1,'GPETIT','2019-08-12 11:00:57','GPETIT','2019-08-21 16:21:00'),(0000001653,'4V-3619','','CONJUNTO DE PASADOR','',0000000001,0.00,0.00,0.00,0000000000,0,0.00,1,'GPETIT','2019-08-12 11:00:57','GPETIT','2019-08-12 11:03:32'),(0000001654,'8T-6430','','PERNOS','',0000000001,0.00,0.00,0.00,0000000000,0,0.00,1,'GPETIT','2019-08-12 11:00:57','GPETIT','2019-08-12 11:03:32'),(0000001655,'SST_35','','REPARACIÓN DE PANTÓGRAFO ','',0000000003,0.00,0.00,0.00,0000000000,0,0.00,1,'GPETIT','2019-08-12 11:37:02','GPETIT','2019-08-13 16:43:34'),(0000001656,'SST_36','','REPARACION DE BALDE','',0000000003,0.00,0.00,0.00,0000000000,0,0.00,1,'GPETIT','2019-08-12 11:37:02','GPETIT','2019-08-13 16:46:10'),(0000001657,'SST_37','','RECUPERAR Y BARRENAR HUESO PERRO; INCLUYE BUJES','',0000000003,0.00,0.00,0.00,0000000000,0,0.00,1,'GPETIT','2019-08-12 11:37:02','GPETIT','2019-08-13 16:48:25'),(0000001658,'9X-8600','','O-RING','',0000000001,6343.00,0.00,0.00,0000000000,0,0.00,1,'GPETIT','2019-08-12 12:27:10','YVILLALOBOS','2019-09-25 10:40:16'),(0000001659,'160-0526','','SEAL-O-RING','',0000000001,4611.00,0.00,0.00,0000000000,0,0.00,1,'GPETIT','2019-08-12 12:27:10','METALSIG_USUARIO','2019-08-21 16:20:59'),(0000001660,'341-0979','','SEAL-O-RING','',0000000001,4611.00,0.00,0.00,0000000000,0,0.00,1,'GPETIT','2019-08-12 12:27:10','METALSIG_USUARIO','2019-08-21 16:20:59'),(0000001661,'185-3159','','FILTER ELEMENT-BREATHER (CRANKCASE)','',0000000001,64100.00,0.00,0.00,0000000000,0,0.00,1,'GPETIT','2019-08-12 12:27:10','METALSIG_USUARIO','2019-08-21 16:20:59'),(0000001662,'6V-5188','','SEAL-O-RING','',0000000001,11413.00,0.00,0.00,0000000000,0,0.00,1,'GPETIT','2019-08-12 12:27:10','METALSIG_USUARIO','2019-08-21 16:20:59'),(0000001663,'9G-5127','','BREATHER AS','',0000000001,11331.00,0.00,0.00,0000000000,0,0.00,1,'GPETIT','2019-08-12 12:27:10','METALSIG_USUARIO','2019-08-21 16:20:59'),(0000001664,'465-6502','','FILTER-OIL','',0000000001,62145.00,0.00,0.00,0000000000,0,0.00,1,'GPETIT','2019-08-12 12:27:10','METALSIG_USUARIO','2019-08-21 16:20:59'),(0000001665,'000023','','FIERRO','RECTANGULAR 100X50X5MM X6MTS.',0000000002,47141.00,0.00,0.00,0000000000,0,0.00,1,'GPETIT','2019-08-13 11:38:22','METALSIG_USUARIO','2019-08-21 16:20:59'),(0000001666,'000024','','FIERRO','ANGULO LAMINADO 50X50X5MM X6MTS',0000000002,17291.00,0.00,0.00,0000000000,0,0.00,1,'GPETIT','2019-08-13 11:38:22','METALSIG_USUARIO','2019-08-21 16:20:59'),(0000001667,'000025','','FIERRO','RECTANGULAR 200X100X5MM X6MTRS',0000000002,93402.00,0.00,0.00,0000000000,0,0.00,1,'GPETIT','2019-08-13 11:38:22','METALSIG_USUARIO','2019-08-21 16:20:59'),(0000001668,'000026','','FIERRO','PLACA 400X200X14MM',0000000002,8781.00,0.00,0.00,0000000000,0,0.00,1,'GPETIT','2019-08-13 11:38:22','METALSIG_USUARIO','2019-08-21 16:20:59'),(0000001669,'SST_39','','FLETE','',0000000003,0.00,0.00,0.00,0000000000,0,0.00,1,'GPETIT','2019-08-13 11:38:22','GPETIT','2019-08-13 15:09:25'),(0000001670,'5N-4185','','SEALING WASHER ','',0000000001,2474.00,0.00,0.00,0000000000,0,0.00,1,'GPETIT','2019-08-16 09:57:05','METALSIG_USUARIO','2019-08-21 16:20:59'),(0000001671,'8M-4987','','ORING','',0000000001,4234.00,0.00,0.00,0000000000,0,0.00,1,'GPETIT','2019-08-16 10:03:28','METALSIG_USUARIO','2019-08-21 16:20:59'),(0000001672,'309-6938','','ACEITE SAE10 HYDO ADVANCED 208 LT CAT','',0000000002,287822.00,0.00,0.00,0000000000,0,0.00,1,'GPETIT','2019-08-16 11:24:59','GPETIT','2019-09-27 14:54:49'),(0000001673,'9X-6466','','ACEITE SAE30  CAT TDT OIL 208 LT ','',0000000002,325707.00,0.00,0.00,0000000000,0,0.00,1,'GPETIT','2019-08-16 11:24:59','GPETIT','2019-09-27 14:50:47'),(0000001674,'6I-2505','','FILTER ELEMENT AS-AIR','',0000000001,79708.00,0.00,0.00,0000000000,0,0.00,1,'GPETIT','2019-08-20 15:13:30','METALSIG_USUARIO','2019-08-21 16:20:59'),(0000001675,'6I-2506','','FILTER ELEMENT AS-AIR','',0000000001,70693.00,0.00,0.00,0000000000,0,0.00,1,'GPETIT','2019-08-20 15:13:30','METALSIG_USUARIO','2019-08-21 16:20:59'),(0000001676,'9Y-1758','','GASKET','',0000000001,3282.00,0.00,0.00,0000000000,0,0.00,1,'GPETIT','2019-08-20 15:13:30','GPETIT','2019-09-05 17:24:35'),(0000001677,'1R-0773','','ELEMENT AS','',0000000001,20684.00,0.00,0.00,0000000000,0,0.00,1,'GPETIT','2019-08-20 15:13:30','METALSIG_USUARIO','2019-08-21 16:20:59'),(0000001678,'8H-7521','','SEAL-O-RING','',0000000001,5251.00,0.00,0.00,0000000000,0,0.00,1,'GPETIT','2019-08-20 15:13:30','METALSIG_USUARIO','2019-08-21 16:20:59'),(0000001679,'1U-9891','','ADDITIVE - OIL','',0000000001,18143.00,0.00,0.00,0000000000,0,0.00,1,'GPETIT','2019-08-20 15:13:30','METALSIG_USUARIO','2019-08-21 16:20:59'),(0000001680,'7X-6041','','FILTER-CAB AIR','',0000000001,38432.00,0.00,0.00,0000000000,0,0.00,1,'GPETIT','2019-08-20 15:13:30','METALSIG_USUARIO','2019-08-21 16:20:59'),(0000001681,'156-6471','','VIDRIO','',0000000001,189110.00,0.00,0.00,0000000000,1,0.00,1,'GPETIT','2019-08-21 15:54:41','METALSIG_USUARIO','2019-08-21 16:20:59'),(0000001682,'154-5280','','PASADOR','',0000000001,221863.00,0.00,0.00,0000000000,1,0.00,1,'GPETIT','2019-08-21 15:54:41','METALSIG_USUARIO','2019-08-21 16:20:59'),(0000001683,'236-9544','','REVESTIMIENTO','',0000000001,21645.00,0.00,0.00,0000000000,1,0.00,1,'GPETIT','2019-08-21 15:54:41','METALSIG_USUARIO','2019-08-21 16:20:59'),(0000001684,'398-5020','','CONJUNTO DE MANGUERA','',0000000001,283074.00,0.00,0.00,0000000000,1,0.00,1,'GPETIT','2019-08-21 15:54:42','METALSIG_USUARIO','2019-08-21 16:20:59'),(0000001685,'328-8776','','CONJUNTO DE PASADOR','',0000000001,204389.00,0.00,0.00,0000000000,1,0.00,1,'GPETIT','2019-08-21 15:54:42','METALSIG_USUARIO','2019-08-21 16:20:59'),(0000001686,'219-5743','','PASADOR','',0000000001,467889.00,0.00,0.00,0000000000,1,0.00,1,'GPETIT','2019-08-21 15:54:42','METALSIG_USUARIO','2019-08-21 16:20:59'),(0000001687,'228-5617','','COJINETE','',0000000001,216287.00,0.00,0.00,0000000000,2,0.00,1,'GPETIT','2019-08-21 15:54:42','METALSIG_USUARIO','2019-08-21 16:20:59'),(0000001688,'156-6554','','CONJUNTO DE CABLE','',0000000001,316862.00,0.00,0.00,0000000000,1,0.00,1,'GPETIT','2019-08-21 15:54:42','METALSIG_USUARIO','2019-08-21 16:20:59'),(0000001689,'228-5615','','COJINETE','',0000000001,164775.00,0.00,0.00,0000000000,2,0.00,1,'GPETIT','2019-08-21 15:54:42','METALSIG_USUARIO','2019-08-21 16:20:59'),(0000001690,'9R-3182','','PASADOR','',0000000001,102909.00,0.00,0.00,0000000000,2,0.00,1,'GPETIT','2019-08-21 15:54:42','METALSIG_USUARIO','2019-08-21 16:20:59'),(0000001691,'300-5440','','PASADOR','',0000000001,98895.00,0.00,0.00,0000000000,1,0.00,1,'GPETIT','2019-08-21 15:54:42','METALSIG_USUARIO','2019-08-21 16:20:59'),(0000001692,'490-4986','','CONJUNTO DE SOPORTE','',0000000001,85266.00,0.00,0.00,0000000000,1,0.00,1,'GPETIT','2019-08-21 15:54:42','METALSIG_USUARIO','2019-08-21 16:21:00'),(0000001693,'9H-3360','','ORING','',0000000001,15363.00,0.00,0.00,0000000000,1,0.00,1,'GPETIT','2019-08-21 15:54:42','METALSIG_USUARIO','2019-08-21 16:21:00'),(0000001694,'231-0168','','FILTRO DE AIRE DEL MOTOR','',0000000001,21195.00,0.00,0.00,0000000000,1,0.00,1,'GPETIT','2019-08-21 15:54:42','METALSIG_USUARIO','2019-08-21 16:21:00'),(0000001695,'153-5592','','TUERCA','',0000000001,355.00,0.00,0.00,0000000000,4,0.00,1,'GPETIT','2019-08-21 15:54:42','GPETIT','2019-08-21 16:23:35'),(0000001696,'388-6647','','RETENEDOR','',0000000001,288.00,0.00,0.00,0000000000,1,0.00,1,'GPETIT','2019-08-21 15:54:42','METALSIG_USUARIO','2019-08-21 16:21:00'),(0000001697,'238-9196','','EMPAQUETADURA','',0000000001,11690.00,0.00,0.00,0000000000,2,0.00,1,'GPETIT','2019-08-21 15:54:42','GPETIT','2019-08-21 16:23:35'),(0000001698,'2K-5986','','PASADORES DE RESORTE','',0000000001,1810.00,0.00,0.00,0000000000,2,0.00,1,'GPETIT','2019-08-21 15:54:42','METALSIG_USUARIO','2019-08-21 16:21:00'),(0000001699,'388-6646','','TORNILLERIA','',0000000001,2565.00,0.00,0.00,0000000000,4,0.00,1,'GPETIT','2019-08-21 15:54:42','METALSIG_USUARIO','2019-08-21 16:21:00'),(0000001700,'6C-9149','','ARANDELA PLANA','',0000000001,8218.00,0.00,0.00,0000000000,7,0.00,1,'GPETIT','2019-08-21 15:54:42','METALSIG_USUARIO','2019-08-21 16:21:01'),(0000001701,'7X-2557','','PERNOS DE CABEZA','',0000000001,8344.00,0.00,0.00,0000000000,4,0.00,1,'GPETIT','2019-08-21 15:54:42','METALSIG_USUARIO','2019-08-21 16:21:01'),(0000001702,'7X-7729','','WASHER-HARD','',0000000001,918.00,0.00,0.00,0000000000,13,0.00,1,'GPETIT','2019-08-21 15:54:42','GPETIT','2019-08-27 12:10:08'),(0000001703,'8T-4910','','BOLT-HEX HEAD','',0000000001,2222.00,0.00,0.00,0000000000,1,0.00,1,'GPETIT','2019-08-21 15:54:42','METALSIG_USUARIO','2019-08-21 16:21:01'),(0000001704,'8C-8992','','PERNOS DE CABEZA','',0000000001,1376.00,0.00,0.00,0000000000,2,0.00,1,'GPETIT','2019-08-21 15:54:42','METALSIG_USUARIO','2019-08-21 16:21:02'),(0000001705,'8T-3652','','TUERCA','',0000000001,13598.00,0.00,0.00,0000000000,1,0.00,1,'GPETIT','2019-08-21 15:54:42','METALSIG_USUARIO','2019-08-21 16:21:02'),(0000001706,'8C-8723','','PERNOS DE CABEZA','',0000000001,16687.00,0.00,0.00,0000000000,1,0.00,1,'GPETIT','2019-08-21 15:54:42','METALSIG_USUARIO','2019-08-21 16:21:02'),(0000001707,'245-9216','','MAZA','',0000000001,19555.00,0.00,0.00,0000000000,1,0.00,1,'GPETIT','2019-08-21 15:54:42','METALSIG_USUARIO','2019-08-21 16:21:02'),(0000001708,'7X-2576','','PERNOS DE CABEZA','',0000000001,9369.00,0.00,0.00,0000000000,2,0.00,1,'GPETIT','2019-08-21 15:54:42','METALSIG_USUARIO','2019-08-21 16:21:02'),(0000001709,'8T-4896','','WASHER-HARD','',0000000001,459.00,0.00,0.00,0000000000,5,0.00,1,'GPETIT','2019-08-21 15:54:42','GPETIT','2019-08-27 12:10:08'),(0000001710,'6N-8863','','ARANDELA','',0000000001,938.00,0.00,0.00,0000000000,4,0.00,1,'GPETIT','2019-08-21 15:54:42','METALSIG_USUARIO','2019-08-26 10:32:39'),(0000001711,'096-6467','','ARANDELA','',0000000001,7346.00,0.00,0.00,0000000000,1,0.00,1,'GPETIT','2019-08-21 15:54:42','METALSIG_USUARIO','2019-08-26 10:32:39'),(0000001712,'6V-3918','','PERNOS DE CABEZA','',0000000001,594.00,0.00,0.00,0000000000,2,0.00,1,'GPETIT','2019-08-21 15:54:42','METALSIG_USUARIO','2019-08-26 10:32:39'),(0000001713,'9X-2042','','TORNILLO DE AJUSTE','',0000000001,921.00,0.00,0.00,0000000000,3,0.00,1,'GPETIT','2019-08-21 15:54:42','METALSIG_USUARIO','2019-08-26 10:32:39'),(0000001714,'6Y-0846','','PERNOS DE CABEZA','',0000000001,2131.00,0.00,0.00,0000000000,14,0.00,1,'GPETIT','2019-08-21 15:54:42','METALSIG_USUARIO','2019-08-26 10:32:39'),(0000001715,'177-5879','','ABRAZADERA','',0000000001,25021.00,0.00,0.00,0000000000,2,0.00,1,'GPETIT','2019-08-21 15:54:42','METALSIG_USUARIO','2019-08-26 10:32:40'),(0000001716,'9R-8291','','ESPACIADOR','',0000000001,12683.00,0.00,0.00,0000000000,2,0.00,1,'GPETIT','2019-08-21 15:54:42','METALSIG_USUARIO','2019-08-26 10:32:40'),(0000001717,'218-6011','','CONJUNTO DE SOPORTE','',0000000001,73800.00,0.00,0.00,0000000000,2,0.00,1,'GPETIT','2019-08-21 15:54:42','METALSIG_USUARIO','2019-08-26 10:32:40'),(0000001718,'8H-5306','','CHAVETA','',0000000001,4859.00,0.00,0.00,0000000000,1,0.00,1,'GPETIT','2019-08-21 15:54:42','METALSIG_USUARIO','2019-08-26 10:32:40'),(0000001719,'1G-7206','','FILTRO DE COMBUSTIBLE','',0000000001,13994.00,0.00,0.00,0000000000,1,0.00,1,'GPETIT','2019-08-21 15:54:42','METALSIG_USUARIO','2019-08-26 10:32:40'),(0000001720,'240-7356','','JUEGO DE SELLOS','',0000000001,20293.00,0.00,0.00,0000000000,4,0.00,1,'GPETIT','2019-08-21 15:54:42','GPETIT','2019-08-26 11:36:14'),(0000001721,'177-5880','','MANGUITO','',0000000001,13124.00,0.00,0.00,0000000000,4,0.00,1,'GPETIT','2019-08-21 15:54:42','GPETIT','2019-08-26 10:50:22'),(0000001722,'6I-6033','','TOPE','',0000000001,8331.00,0.00,0.00,0000000000,1,0.00,1,'GPETIT','2019-08-21 15:54:42','METALSIG_USUARIO','2019-08-26 10:32:40'),(0000001723,'388-6648','','BROCHE','',0000000001,919.00,0.00,0.00,0000000000,4,0.00,1,'GPETIT','2019-08-21 15:54:42','METALSIG_USUARIO','2019-08-26 10:32:40'),(0000001724,'5P-7466','','BROCHE','',0000000001,7163.00,0.00,0.00,0000000000,1,0.00,1,'GPETIT','2019-08-21 15:54:42','METALSIG_USUARIO','2019-08-26 10:32:41'),(0000001725,'159-5790','','SOPORTE','',0000000001,33465.00,0.00,0.00,0000000000,1,0.00,1,'GPETIT','2019-08-21 15:54:42','METALSIG_USUARIO','2019-08-26 10:32:41'),(0000001726,'159-5792','','CONJUNTO DE BARRA','',0000000001,65590.00,0.00,0.00,0000000000,1,0.00,1,'GPETIT','2019-08-21 15:54:42','METALSIG_USUARIO','2019-08-26 10:32:41'),(0000001727,'159-5794','','RESORTE','',0000000001,3897.00,0.00,0.00,0000000000,1,0.00,1,'GPETIT','2019-08-21 15:54:42','METALSIG_USUARIO','2019-08-26 10:32:41'),(0000001728,'195-6750','','ABRAZADERA DOBLE','',0000000001,8436.00,0.00,0.00,0000000000,4,0.00,1,'GPETIT','2019-08-21 15:54:42','GPETIT','2019-08-26 10:50:23'),(0000001729,'4T-5075','','ANILLO RESPALDO','',0000000001,8285.00,0.00,0.00,0000000000,1,0.00,1,'GPETIT','2019-08-21 15:54:42','METALSIG_USUARIO','2019-08-26 10:32:41'),(0000001730,'5F-9657','','ORING','',0000000001,2501.00,0.00,0.00,0000000000,3,0.00,1,'GPETIT','2019-08-21 15:54:42','METALSIG_USUARIO','2019-08-26 10:32:41'),(0000001731,'225-8526','','ARANDELA','',0000000001,4611.00,0.00,0.00,0000000000,2,0.00,1,'GPETIT','2019-08-21 15:54:42','METALSIG_USUARIO','2019-08-26 10:32:41'),(0000001732,'033-6027','','SELLO','',0000000001,5977.00,0.00,0.00,0000000000,2,0.00,1,'GPETIT','2019-08-21 15:54:42','METALSIG_USUARIO','2019-08-26 10:32:41'),(0000001733,'5P-7467','','BROCHE','',0000000001,6044.00,0.00,0.00,0000000000,1,0.00,1,'GPETIT','2019-08-21 15:54:42','METALSIG_USUARIO','2019-08-26 10:32:41'),(0000001734,'104-6730','','GASKET','',0000000001,1961.00,0.00,0.00,0000000000,1,0.00,1,'GPETIT','2019-08-21 15:54:42','METALSIG_USUARIO','2019-08-26 10:32:42'),(0000001735,'095-1600','','SELLO ANULAR','',0000000001,2180.00,0.00,0.00,0000000000,1,0.00,1,'GPETIT','2019-08-21 15:54:42','METALSIG_USUARIO','2019-08-26 10:32:42'),(0000001736,'116-0118','','CLIP','',0000000001,3520.00,0.00,0.00,0000000000,1,0.00,1,'GPETIT','2019-08-21 15:54:42','METALSIG_USUARIO','2019-08-26 10:32:42'),(0000001737,'6V-3213','','ANILLO','',0000000001,7006.00,0.00,0.00,0000000000,3,0.00,1,'GPETIT','2019-08-21 15:54:42','METALSIG_USUARIO','2019-08-26 10:32:42'),(0000001738,'5P-8065','','ORING','',0000000001,8294.00,0.00,0.00,0000000000,1,0.00,1,'GPETIT','2019-08-21 15:54:42','METALSIG_USUARIO','2019-08-26 10:32:42'),(0000001739,'6V-5393','','ORING','',0000000001,1897.00,0.00,0.00,0000000000,1,0.00,1,'GPETIT','2019-08-21 15:54:42','METALSIG_USUARIO','2019-08-26 10:32:42'),(0000001740,'9W-3361','','TUERCAS DE CADENA','',0000000001,1159.00,0.00,0.00,0000000000,2,0.00,1,'GPETIT','2019-08-21 15:54:42','METALSIG_USUARIO','2019-08-26 10:32:42'),(0000001741,'6V-8225','','TUERCAS HEXAGONALES','',0000000001,136.00,0.00,0.00,0000000000,7,0.00,1,'GPETIT','2019-08-21 15:54:42','METALSIG_USUARIO','2019-08-26 10:32:42'),(0000001742,'9X-8267','','ARANDELA PLANA','',0000000001,267.00,0.00,0.00,0000000000,14,0.00,1,'GPETIT','2019-08-21 15:54:42','METALSIG_USUARIO','2019-08-26 10:32:42'),(0000001743,'102-8703','','PLACA','',0000000001,2614.00,0.00,0.00,0000000000,2,0.00,1,'GPETIT','2019-08-21 15:54:42','METALSIG_USUARIO','2019-08-26 10:32:42'),(0000001744,'105-6431','','CONECTOR','',0000000001,5549.00,0.00,0.00,0000000000,2,0.00,1,'GPETIT','2019-08-21 15:54:42','METALSIG_USUARIO','2019-08-26 10:32:42'),(0000001745,'110-5602','','PERILLA','',0000000001,45724.00,0.00,0.00,0000000000,2,0.00,1,'GPETIT','2019-08-21 15:54:42','METALSIG_USUARIO','2019-08-26 10:32:42'),(0000001746,'161-3698','','SELLO','',0000000001,66997.00,0.00,0.00,0000000000,2,0.00,1,'GPETIT','2019-08-21 15:54:42','METALSIG_USUARIO','2019-08-26 10:50:22'),(0000001747,'178-5569','','SELLO','',0000000001,5851.00,0.00,0.00,0000000000,2,0.00,1,'GPETIT','2019-08-21 15:54:42','METALSIG_USUARIO','2019-08-26 10:50:22'),(0000001748,'367-8468','','SELLO ANULAR','',0000000001,19909.00,0.00,0.00,0000000000,1,0.00,1,'GPETIT','2019-08-21 15:54:42','METALSIG_USUARIO','2019-08-26 10:50:22'),(0000001749,'367-8469','','SELLO ANULAR','',0000000001,21545.00,0.00,0.00,0000000000,2,0.00,1,'GPETIT','2019-08-21 15:54:42','METALSIG_USUARIO','2019-08-26 10:50:22'),(0000001750,'349-1082','','SELLO ANULAR','',0000000001,3606.00,0.00,0.00,0000000000,1,0.00,1,'GPETIT','2019-08-21 15:54:42','METALSIG_USUARIO','2019-08-26 10:50:22'),(0000001751,'170-9722','','AMORTIGUADOR','',0000000001,18856.00,0.00,0.00,0000000000,1,0.00,1,'GPETIT','2019-08-21 15:54:42','METALSIG_USUARIO','2019-08-26 10:50:22'),(0000001752,'166-1495','','SELLO DE LABIO','',0000000001,44092.00,0.00,0.00,0000000000,2,0.00,1,'GPETIT','2019-08-21 15:54:42','METALSIG_USUARIO','2019-08-26 10:50:23'),(0000001753,'178-5573','','ESPACIADOR','',0000000001,4254.00,0.00,0.00,0000000000,4,0.00,1,'GPETIT','2019-08-21 15:54:42','METALSIG_USUARIO','2019-08-26 10:50:23'),(0000001754,'178-5574','','ESPACIADOR','',0000000001,1588.00,0.00,0.00,0000000000,1,0.00,1,'GPETIT','2019-08-21 15:54:42','METALSIG_USUARIO','2019-08-26 10:50:23'),(0000001755,'6V-8144','','ANILLO','',0000000001,5934.00,0.00,0.00,0000000000,2,0.00,1,'GPETIT','2019-08-21 15:54:42','METALSIG_USUARIO','2019-08-26 10:50:23'),(0000001756,'209-0792','','COJINETE','',0000000001,35920.00,0.00,0.00,0000000000,1,0.00,1,'GPETIT','2019-08-21 15:54:42','METALSIG_USUARIO','2019-08-26 10:50:23'),(0000001757,'5P-8112','','GROMMET','',0000000001,26210.00,0.00,0.00,0000000000,1,0.00,1,'GPETIT','2019-08-21 15:54:42','METALSIG_USUARIO','2019-08-26 10:50:23'),(0000001758,'9R-0366','','ARANDELA','',0000000001,60303.00,0.00,0.00,0000000000,1,0.00,1,'GPETIT','2019-08-21 15:54:42','METALSIG_USUARIO','2019-08-26 10:50:24'),(0000001759,'330-0422','','EMPAQUETADURA','',0000000001,3410.00,0.00,0.00,0000000000,1,0.00,1,'GPETIT','2019-08-21 15:54:42','METALSIG_USUARIO','2019-08-26 10:50:24'),(0000001760,'6V-5391','','ORING','',0000000001,1953.00,0.00,0.00,0000000000,1,0.00,1,'GPETIT','2019-08-21 15:54:42','METALSIG_USUARIO','2019-08-26 10:50:24'),(0000001761,'342-9922','','PERNO','',0000000001,1210.00,0.00,0.00,0000000000,2,0.00,1,'GPETIT','2019-08-21 15:54:42','METALSIG_USUARIO','2019-08-26 10:50:24'),(0000001762,'119-8349','','CAP','',0000000001,6343.00,0.00,0.00,0000000000,2,0.00,1,'GPETIT','2019-08-21 15:54:42','METALSIG_USUARIO','2019-08-26 10:50:24'),(0000001763,'194-8380','','CONJUNTO DE SOPORTE','',0000000001,94040.00,0.00,0.00,0000000000,1,0.00,1,'GPETIT','2019-08-21 15:54:42','METALSIG_USUARIO','2019-08-26 10:50:24'),(0000001764,'124-0914','','SOPORTE','',0000000001,45245.00,0.00,0.00,0000000000,1,0.00,1,'GPETIT','2019-08-21 15:54:42','METALSIG_USUARIO','2019-08-26 10:50:24'),(0000001765,'156-1200','','FUEL WATER SEPARATOR','',0000000001,24242.00,0.00,0.00,0000000000,1,0.00,1,'GPETIT','2019-08-21 15:54:42','METALSIG_USUARIO','2019-08-26 10:50:24'),(0000001766,'244-7895','','REVESTIMIENTO','',0000000001,35051.00,0.00,0.00,0000000000,1,0.00,1,'GPETIT','2019-08-21 15:54:42','METALSIG_USUARIO','2019-08-26 10:50:24'),(0000001767,'5D-8159','','CONJUNTO DE SEPARADOR','',0000000001,2528.00,0.00,0.00,0000000000,1,0.00,1,'GPETIT','2019-08-21 15:54:42','METALSIG_USUARIO','2019-08-26 10:50:24'),(0000001768,'102-8801','','JUEGO DE RECEPTACULO','',0000000001,14463.00,0.00,0.00,0000000000,1,0.00,1,'GPETIT','2019-08-21 15:54:42','METALSIG_USUARIO','2019-08-26 10:50:25'),(0000001769,'154-2427','','EMPAQUETADURA','',0000000001,7597.00,0.00,0.00,0000000000,1,0.00,1,'GPETIT','2019-08-21 15:54:42','METALSIG_USUARIO','2019-08-26 10:50:25'),(0000001770,'237-0944','','COJINETE','',0000000001,43635.00,0.00,0.00,0000000000,2,0.00,1,'GPETIT','2019-08-21 15:54:42','METALSIG_USUARIO','2019-08-26 10:50:25'),(0000001771,'262-7044','','COJINETE','',0000000001,81910.00,0.00,0.00,0000000000,1,0.00,1,'GPETIT','2019-08-21 15:54:42','METALSIG_USUARIO','2019-08-26 10:50:25'),(0000001772,'350-8887','','JUEGO TOPE','',0000000001,853560.00,0.00,0.00,0000000000,1,0.00,1,'GPETIT','2019-08-21 15:54:42','METALSIG_USUARIO','2019-08-26 10:50:25'),(0000001773,'213-6702','','COJINETE MANGUITO','',0000000001,35791.00,0.00,0.00,0000000000,4,0.00,1,'GPETIT','2019-08-21 15:54:42','METALSIG_USUARIO','2019-08-26 10:50:25'),(0000001774,'9R-0162','','COJINETE','',0000000001,36613.00,0.00,0.00,0000000000,2,0.00,1,'GPETIT','2019-08-21 15:54:42','METALSIG_USUARIO','2019-08-26 10:50:25'),(0000001775,'320-7356','','BUJE','',0000000001,55511.00,0.00,0.00,0000000000,1,0.00,1,'GPETIT','2019-08-21 15:54:42','METALSIG_USUARIO','2019-08-26 10:50:25'),(0000001776,'323-7232','','INTERRUPTOR','',0000000001,12718.00,0.00,0.00,0000000000,2,0.00,1,'GPETIT','2019-08-21 15:54:42','METALSIG_USUARIO','2019-08-26 10:50:25'),(0000001777,'262-7043','','COJINETE','',0000000001,56521.00,0.00,0.00,0000000000,2,0.00,1,'GPETIT','2019-08-21 15:54:42','METALSIG_USUARIO','2019-08-26 10:50:25'),(0000001778,'9R-0111','','COJINETE','',0000000001,27595.00,0.00,0.00,0000000000,2,0.00,1,'GPETIT','2019-08-21 15:54:42','METALSIG_USUARIO','2019-08-26 10:50:25'),(0000001779,'278-5454','','COJINETE','',0000000001,28631.00,0.00,0.00,0000000000,2,0.00,1,'GPETIT','2019-08-21 15:54:42','METALSIG_USUARIO','2019-08-26 10:50:26'),(0000001780,'209-7456','','BUJE','',0000000001,10982.00,0.00,0.00,0000000000,1,0.00,1,'GPETIT','2019-08-21 15:54:42','METALSIG_USUARIO','2019-08-26 10:50:26'),(0000001781,'466-2898','','COJINETE','',0000000001,35360.00,0.00,0.00,0000000000,1,0.00,1,'GPETIT','2019-08-21 15:54:42','METALSIG_USUARIO','2019-08-26 10:50:26'),(0000001782,'3S-8536','','ESPACIADOR','',0000000001,6943.00,0.00,0.00,0000000000,1,0.00,1,'GPETIT','2019-08-21 15:54:42','METALSIG_USUARIO','2019-08-26 10:50:26'),(0000001783,'SST_40','','MANTENCION INTERCOOLER','',0000000003,0.00,0.00,0.00,0000000000,0,0.00,1,'GPETIT','2019-08-22 17:18:58','METALSIG_USUARIO','2019-08-26 10:32:39'),(0000001784,'SST_41','','MANTENCION GENERAL RADIADOR','',0000000003,0.00,0.00,0.00,0000000000,0,0.00,1,'GPETIT','2019-08-22 17:18:58','METALSIG_USUARIO','2019-08-26 10:32:39'),(0000001785,'290-5728','','EMPAQUETADURA','',0000000001,8018.00,0.00,0.00,0000000000,0,0.00,1,'GPETIT','2019-08-22 17:27:07','METALSIG_USUARIO','2019-08-26 10:32:39'),(0000001786,'1017','','MANGUERA 1 R2','',0000000001,12934.00,0.00,0.00,0000000000,0,0.00,1,'GPETIT','2019-08-22 17:30:17','METALSIG_USUARIO','2019-08-26 10:32:39'),(0000001787,'SST_42','','MANTENIMIENTO DE MOTOR DE ARRANQUE','',0000000003,0.00,0.00,0.00,0000000000,0,0.00,1,'GPETIT','2019-08-22 17:46:59','METALSIG_USUARIO','2019-08-26 10:32:39'),(0000001788,'8F-4028','','ESPACIADOR','',0000000001,2292.00,0.00,0.00,0000000000,2,0.00,1,'GPETIT','2019-08-26 11:34:05','METALSIG_USUARIO','2019-08-26 11:36:14'),(0000001789,'5P-3703','','PLACA ROPS','',0000000001,78403.00,0.00,0.00,0000000000,3,0.00,1,'GPETIT','2019-08-26 11:34:05','METALSIG_USUARIO','2019-08-26 11:36:14'),(0000001790,'3E-7404','','ABRAZADERA MANGUERA','',0000000001,4986.00,0.00,0.00,0000000000,2,0.00,1,'GPETIT','2019-08-26 11:34:05','METALSIG_USUARIO','2019-08-26 11:36:14'),(0000001791,'4K-0367','','HEX HEAD NUT','',0000000001,954.00,0.00,0.00,0000000000,0,0.00,1,'GPETIT','2019-08-26 12:12:00','METALSIG_USUARIO','2019-08-27 12:10:04'),(0000001792,'248-2987','','GUIA','',0000000001,90739.00,0.00,0.00,0000000000,16,0.00,1,'GPETIT','2019-08-26 16:32:05','METALSIG_USUARIO','2019-08-27 12:10:04'),(0000001793,'520-2898','','SELLO EJE','',0000000001,177016.00,0.00,0.00,0000000000,2,0.00,1,'GPETIT','2019-08-26 16:32:05','METALSIG_USUARIO','2019-08-27 12:10:04'),(0000001794,'6T-1140','','PERNOS','',0000000001,3576.00,0.00,0.00,0000000000,65,0.00,1,'GPETIT','2019-08-26 16:32:05','METALSIG_USUARIO','2019-08-27 12:10:04'),(0000001795,'206-4231','','CONJUNTO DE ENGRANAJE','',0000000001,1027830.00,0.00,0.00,0000000000,1,0.00,1,'GPETIT','2019-08-26 16:32:05','METALSIG_USUARIO','2019-08-27 12:10:04'),(0000001796,'7T-1151','','SELLO','',0000000001,377443.00,0.00,0.00,0000000000,2,0.00,1,'GPETIT','2019-08-26 16:32:05','METALSIG_USUARIO','2019-08-27 12:10:04'),(0000001797,'440-9567','','ANILLO DE EMPUJE','',0000000001,213121.00,0.00,0.00,0000000000,1,0.00,1,'GPETIT','2019-08-26 16:32:05','METALSIG_USUARIO','2019-08-27 12:10:04'),(0000001798,'9W-2853','','SHIM PACK','',0000000001,123897.00,0.00,0.00,0000000000,1,0.00,1,'GPETIT','2019-08-26 16:32:05','METALSIG_USUARIO','2019-08-27 12:10:04'),(0000001799,'353-5065','','GASKET','',0000000001,74330.00,0.00,0.00,0000000000,1,0.00,1,'GPETIT','2019-08-26 16:32:05','METALSIG_USUARIO','2019-08-27 12:10:04'),(0000001800,'166-0357','','CONJUNTO DE MANGUERA','',0000000001,33763.00,0.00,0.00,0000000000,1,0.00,1,'GPETIT','2019-08-26 16:32:05','METALSIG_USUARIO','2019-08-27 12:10:05'),(0000001801,'7J-0204','','ORING','',0000000001,972.00,0.00,0.00,0000000000,12,0.00,1,'GPETIT','2019-08-26 16:32:05','METALSIG_USUARIO','2019-08-27 12:10:05'),(0000001802,'9X-8266','','ARANDELA','',0000000001,8169.00,0.00,0.00,0000000000,2,0.00,1,'GPETIT','2019-08-26 16:32:05','METALSIG_USUARIO','2019-08-27 12:10:05'),(0000001803,'8T-4184','','PERNOS DE CABEZA HEXAGONAL','',0000000001,1602.00,0.00,0.00,0000000000,8,0.00,1,'GPETIT','2019-08-26 16:32:05','METALSIG_USUARIO','2019-08-27 12:10:05'),(0000001804,'8T-4179','','PERNOS DE CABEZA HEXAGONAL','',0000000001,765.00,0.00,0.00,0000000000,6,0.00,1,'GPETIT','2019-08-26 16:32:05','METALSIG_USUARIO','2019-08-27 12:10:05'),(0000001805,'7N-2156','','COJINETE','',0000000001,54251.00,0.00,0.00,0000000000,16,0.00,1,'GPETIT','2019-08-26 16:32:05','METALSIG_USUARIO','2019-08-27 12:10:06'),(0000001806,'131-7123','','BEARING-SLEEVE','',0000000001,38953.00,0.00,0.00,0000000000,1,0.00,1,'GPETIT','2019-08-26 16:32:05','METALSIG_USUARIO','2019-08-27 12:10:06'),(0000001807,'3B-0645','','TAPON','',0000000001,5477.00,0.00,0.00,0000000000,20,0.00,1,'GPETIT','2019-08-26 16:32:05','METALSIG_USUARIO','2019-08-27 12:10:06'),(0000001808,'8S-6511','','COJINETE','',0000000001,10305.00,0.00,0.00,0000000000,2,0.00,1,'GPETIT','2019-08-26 16:32:05','METALSIG_USUARIO','2019-08-27 12:10:06'),(0000001809,'7X-2555','','PERNOS DE CABEZA HEXAGONAL','',0000000001,4806.00,0.00,0.00,0000000000,1,0.00,1,'GPETIT','2019-08-26 16:32:05','METALSIG_USUARIO','2019-08-27 12:10:06'),(0000001810,'6P-8269','','ARANDELA','',0000000001,15560.00,0.00,0.00,0000000000,1,0.00,1,'GPETIT','2019-08-26 16:32:05','METALSIG_USUARIO','2019-08-27 12:10:06'),(0000001811,'136-7227','','ORING','',0000000001,5819.00,0.00,0.00,0000000000,1,0.00,1,'GPETIT','2019-08-26 16:32:05','METALSIG_USUARIO','2019-08-27 12:10:06'),(0000001812,'2P-4305','','EMPAQUETADURA','',0000000001,2272.00,0.00,0.00,0000000000,1,0.00,1,'GPETIT','2019-08-26 16:32:05','METALSIG_USUARIO','2019-08-27 12:10:06'),(0000001813,'6I-2431','','SELLO','',0000000001,55499.00,0.00,0.00,0000000000,1,0.00,1,'GPETIT','2019-08-26 16:32:05','METALSIG_USUARIO','2019-08-27 12:10:07'),(0000001814,'6V-6353','','ORING','',0000000001,22612.00,0.00,0.00,0000000000,1,0.00,1,'GPETIT','2019-08-26 16:32:05','METALSIG_USUARIO','2019-08-27 12:10:07'),(0000001815,'228-7093','','ORFS O-RING','',0000000001,5888.00,0.00,0.00,0000000000,1,0.00,1,'GPETIT','2019-08-26 16:32:05','METALSIG_USUARIO','2019-08-27 12:10:07'),(0000001816,'118-8586','','ORING','',0000000001,5333.00,0.00,0.00,0000000000,2,0.00,1,'GPETIT','2019-08-26 16:32:05','METALSIG_USUARIO','2019-08-27 12:10:07'),(0000001817,'5D-5957','','ORING','',0000000001,22809.00,0.00,0.00,0000000000,2,0.00,1,'GPETIT','2019-08-26 16:32:05','METALSIG_USUARIO','2019-08-27 12:10:07'),(0000001818,'8S-9191','','BOLT','',0000000001,1568.00,0.00,0.00,0000000000,6,0.00,1,'GPETIT','2019-08-26 16:32:05','METALSIG_USUARIO','2019-08-27 12:10:07'),(0000001819,'8T-4779','','PERNOS DE CABEZA HEXAGONAL','',0000000001,2139.00,0.00,0.00,0000000000,8,0.00,1,'GPETIT','2019-08-26 16:32:05','METALSIG_USUARIO','2019-08-27 12:10:07'),(0000001820,'1F-7958','','HEX HEAD NUT','',0000000001,502.00,0.00,0.00,0000000000,2,0.00,1,'GPETIT','2019-08-26 16:32:05','METALSIG_USUARIO','2019-08-27 12:10:08'),(0000001821,'8T-4182','','PERNOS DE CABEZA HEXAGONAL','',0000000001,1214.00,0.00,0.00,0000000000,1,0.00,1,'GPETIT','2019-08-26 16:32:05','METALSIG_USUARIO','2019-08-27 12:10:08'),(0000001822,'7X-2532','','PERNOS DE CABEZA HEXAGONAL','',0000000001,12070.00,0.00,0.00,0000000000,3,0.00,1,'GPETIT','2019-08-26 16:32:05','METALSIG_USUARIO','2019-08-27 12:10:08'),(0000001823,'106-4572','','MANGUERA','',0000000001,4690.00,0.00,0.00,0000000000,5,0.00,1,'GPETIT','2019-08-26 16:32:05','METALSIG_USUARIO','2019-08-27 12:10:08'),(0000001824,'5P-8245','','ARANDELA PLANA','',0000000001,751.00,0.00,0.00,0000000000,8,0.00,1,'GPETIT','2019-08-26 16:32:05','METALSIG_USUARIO','2019-08-27 12:10:08'),(0000001825,'7X-2566','','PERNOS DE CABEZA HEXAGONAL','',0000000001,10224.00,0.00,0.00,0000000000,2,0.00,1,'GPETIT','2019-08-26 16:32:05','METALSIG_USUARIO','2019-08-27 12:10:08'),(0000001826,'8T-8924','','PERNOS DE CABEZA HEXAGONAL','',0000000001,4495.00,0.00,0.00,0000000000,2,0.00,1,'GPETIT','2019-08-26 16:32:05','METALSIG_USUARIO','2019-08-27 12:10:08'),(0000001827,'228-7090','','ORFS O-RING','',0000000001,5025.00,0.00,0.00,0000000000,4,0.00,1,'GPETIT','2019-08-27 13:15:15','METALSIG_USUARIO','2019-08-27 13:17:14'),(0000001828,'8T-8942','','BOLT','',0000000001,0.00,0.00,0.00,0000000000,29,0.00,1,'GPETIT','2019-08-27 13:15:15','METALSIG_USUARIO','2019-08-27 13:17:14'),(0000001829,'000027','',' DESENGRASANTE DEMO FORTE 20 KGS','DESCARBONIZANTE, BASE ACUOSA',0000000002,52404.00,0.00,0.00,0000000000,4,0.00,1,'GPETIT','2019-08-30 09:57:57','METALSIG_USUARIO','2019-09-26 11:44:27'),(0000001830,'000028','','DEEP GEL 20 KGS. JABON MECANICO LIQ.','',0000000002,39270.00,0.00,0.00,0000000000,1,0.00,1,'GPETIT','2019-08-30 09:57:57','METALSIG_USUARIO','2019-09-26 11:44:27'),(0000001831,'377-6969','','FILTRO LUBRICANTE','',0000000001,16374.00,0.00,0.00,0000000000,0,0.00,1,'GPETIT','2019-08-30 11:20:51','METALSIG_USUARIO','2019-09-05 13:09:05'),(0000001832,'363-5819','','CONJUNTO DE ELEMENTO','',0000000001,23712.00,0.00,0.00,0000000000,0,0.00,1,'GPETIT','2019-08-30 11:20:51','METALSIG_USUARIO','2019-09-05 13:09:05'),(0000001833,'463-2166','','CONJUNTO DE FILTRO','',0000000001,16458.00,0.00,0.00,0000000000,0,0.00,1,'GPETIT','2019-08-30 11:20:51','METALSIG_USUARIO','2019-09-05 13:09:05'),(0000001834,'421-5479','','CONJUNTO DE ELEMENTO','',0000000001,40524.00,0.00,0.00,0000000000,0,0.00,1,'GPETIT','2019-08-30 11:20:51','METALSIG_USUARIO','2019-09-05 13:09:05'),(0000001835,'9Y-4580','','CUBIERTA DE VALVULA ','',0000000001,117291.00,0.00,0.00,0000000000,0,0.00,1,'GPETIT','2019-09-05 17:24:35','METALSIG_USUARIO','2019-09-16 12:50:55'),(0000001836,'2P-0537','','ARANDELA PLANA','',0000000001,366.00,0.00,0.00,0000000000,0,0.00,1,'GPETIT','2019-09-05 17:24:35','METALSIG_USUARIO','2019-09-16 12:50:55'),(0000001837,'9F-6580','','PERNO','',0000000001,293.00,0.00,0.00,0000000000,0,0.00,1,'GPETIT','2019-09-05 17:24:35','METALSIG_USUARIO','2019-09-16 12:50:55'),(0000001838,'1B-7182','','PERNO HEXAGONAL','',0000000001,414.00,0.00,0.00,0000000000,0,0.00,1,'GPETIT','2019-09-05 17:24:35','METALSIG_USUARIO','2019-09-16 12:50:55'),(0000001839,'9M-1974','','ARANDELA PLANA','',0000000001,386.00,0.00,0.00,0000000000,0,0.00,1,'GPETIT','2019-09-05 17:24:35','METALSIG_USUARIO','2019-09-16 12:50:55'),(0000001840,'105-2508','','CONJUNTO DE BOMBA','',0000000001,121686.00,0.00,0.00,0000000000,0,0.00,1,'GPETIT','2019-09-05 17:24:35','METALSIG_USUARIO','2019-09-16 12:50:55'),(0000001841,'5P-0537','','ARANDELA PLANA','',0000000001,366.00,0.00,0.00,0000000000,0,0.00,1,'GPETIT','2019-09-06 14:25:18','METALSIG_USUARIO','2019-09-16 12:50:55'),(0000001842,'126-2081','','FILTRO HIDRAULICO','',0000000001,73053.00,0.00,0.00,0000000000,1,0.00,1,'GPETIT','2019-09-09 15:08:49','METALSIG_USUARIO','2019-10-22 09:31:21'),(0000001843,'5I-8670','','HYDRAULIC & TRANSMISSION FILTERS','',0000000001,46617.00,0.00,0.00,0000000000,1,0.00,1,'GPETIT','2019-09-09 15:08:49','YVILLALOBOS','2019-10-22 09:31:21'),(0000001844,'093-7521','','HYDRAULIC & TRANSMISSION FILTERS','',0000000001,44656.00,0.00,0.00,0000000000,1,0.00,1,'GPETIT','2019-09-09 15:25:37','YVILLALOBOS','2019-10-22 09:31:21'),(0000001845,'1X-0070','','PINTURA CAT','TINETA ',0000000002,16632.00,0.00,0.00,0000000000,0,0.00,1,'GPETIT','2019-09-09 16:38:17','GPETIT','2019-09-10 08:44:00'),(0000001846,'000029','','MASCARA DE SOLDAR FOTOSENSIBLE MY','',0000000002,20600.00,0.00,0.00,0000000000,1,0.00,1,'GPETIT','2019-09-11 10:07:18','GPETIT','2019-09-26 10:44:24'),(0000001847,'000030','','SOLVENTE DIELECTRICO CHEM 20LT.','',0000000002,49520.00,0.00,0.00,0000000000,0,0.00,1,'GPETIT','2019-09-11 11:11:36','METALSIG_USUARIO','2019-09-16 12:50:55'),(0000001848,'458-9587','','PINTURA AMARILLA CAT ','SPRAY',0000000002,6044.00,0.00,0.00,0000000000,0,0.00,1,'YVILLALOBOS','2019-09-17 09:28:42','METALSIG_USUARIO','2019-09-23 10:23:28'),(0000001849,'311-1331','','TUBO DE COMBUSTIBLE','',0000000001,32732.00,0.00,0.00,0000000000,0,0.00,1,'YVILLALOBOS','2019-09-23 11:24:26','METALSIG_USUARIO','2019-09-23 16:27:19'),(0000001850,'215-9509','','CONECTOR: SP','',0000000001,4870.00,0.00,0.00,0000000000,0,0.00,1,'YVILLALOBOS','2019-09-23 11:24:26','METALSIG_USUARIO','2019-09-23 16:27:19'),(0000001851,'311-1677','','FUGA DEL TUBO','',0000000001,73190.00,0.00,0.00,0000000000,0,0.00,1,'YVILLALOBOS','2019-09-23 11:24:26','METALSIG_USUARIO','2019-09-23 16:27:19'),(0000001852,'000031','','REFRIGERANTE SUPER COOLANT 50% 20LT','CEPSA',0000000002,51040.00,0.00,0.00,0000000000,2,0.00,1,'YVILLALOBOS','2019-09-23 11:38:33','GPETIT','2019-09-30 15:25:17'),(0000001853,'1R-0751','','FUEL FILTER','',0000000001,20381.00,0.00,0.00,0000000000,0,0.00,1,'YVILLALOBOS','2019-09-25 10:40:16','METALSIG_USUARIO','2019-09-26 10:44:24'),(0000001854,'294-1774','','SEAL-O-RING','',0000000001,5726.00,0.00,0.00,0000000000,0,0.00,1,'YVILLALOBOS','2019-09-25 10:40:16','METALSIG_USUARIO','2019-09-26 10:44:24'),(0000001855,'179-9806','',' HYDRAULIC & TRANSMISSION FILTERS','',0000000001,98401.00,0.00,0.00,0000000000,0,0.00,1,'YVILLALOBOS','2019-09-25 10:40:16','METALSIG_USUARIO','2019-09-26 10:44:24'),(0000001856,'201-9299','','SERVICE KIT','',0000000001,57032.00,0.00,0.00,0000000000,0,0.00,1,'YVILLALOBOS','2019-09-25 10:40:16','METALSIG_USUARIO','2019-09-26 10:44:24'),(0000001857,'148-4704','',' GASKET','',0000000001,6694.00,0.00,0.00,0000000000,0,0.00,1,'YVILLALOBOS','2019-09-25 10:40:16','METALSIG_USUARIO','2019-09-26 10:44:24'),(0000001858,'7W-2327','',' FILTRO DE ACEITE DEL MOTOR','',0000000001,13664.00,0.00,0.00,0000000000,0,0.00,1,'YVILLALOBOS','2019-09-25 17:07:18','METALSIG_USUARIO','2019-09-26 10:44:24'),(0000001859,'145-4501','','FUEL FILTER','',0000000001,30409.00,0.00,0.00,0000000000,0,0.00,1,'YVILLALOBOS','2019-09-25 17:07:18','METALSIG_USUARIO','2019-09-26 10:44:24'),(0000001860,'163-4465','','ELEMENTO SEPARADOR','',0000000001,21951.00,0.00,0.00,0000000000,0,0.00,1,'YVILLALOBOS','2019-09-25 17:07:18','YVILLALOBOS','2019-09-27 09:43:18'),(0000001861,'152-7217','','ENGINE AIR FILTER','',0000000001,47077.00,0.00,0.00,0000000000,0,0.00,1,'YVILLALOBOS','2019-09-25 17:07:18','METALSIG_USUARIO','2019-09-26 10:44:24'),(0000001862,'152-7219','','ENGINE AIR FILTER','',0000000001,35409.00,0.00,0.00,0000000000,0,0.00,1,'YVILLALOBOS','2019-09-25 17:07:18','METALSIG_USUARIO','2019-09-26 10:44:24'),(0000001863,'465-6506','','FILTRO','',0000000001,75235.00,0.00,0.00,0000000000,0,0.00,1,'YVILLALOBOS','2019-09-25 17:07:18','METALSIG_USUARIO','2019-09-26 10:44:24'),(0000001864,'200-6373','','EMPAQUETADURA','',0000000001,52858.00,0.00,0.00,0000000000,0,0.00,1,'YVILLALOBOS','2019-09-25 17:07:18','YVILLALOBOS','2019-09-27 09:43:18'),(0000001865,'349-7059','',' CAP AS, FUEL','',0000000001,101068.00,0.00,0.00,0000000000,0,0.00,1,'YVILLALOBOS','2019-09-26 10:37:21','METALSIG_USUARIO','2019-09-26 10:44:24'),(0000001866,'319-7347','','TUBO AS O','',0000000001,93292.00,0.00,0.00,0000000000,0,0.00,1,'YVILLALOBOS','2019-09-27 09:43:18','METALSIG_USUARIO','2019-09-30 15:25:17'),(0000001867,'278-5201','','CONEXIÓN EN T ','',0000000001,15410.00,0.00,0.00,0000000000,0,0.00,1,'YVILLALOBOS','2019-09-27 09:43:18','METALSIG_USUARIO','2019-09-30 15:25:17'),(0000001868,'368-9171','','BOMBA COMBUSTIBLE','',0000000001,3264835.00,0.00,0.00,0000000000,0,0.00,1,'YVILLALOBOS','2019-09-27 09:43:18','METALSIG_USUARIO','2019-09-30 15:25:17'),(0000001869,'20R-3815','','PUMG G FUEL','',0000000001,2122145.00,0.00,0.00,0000000000,0,0.00,1,'YVILLALOBOS','2019-09-27 09:43:18','METALSIG_USUARIO','2019-09-30 15:25:17'),(0000001870,'248-1066','','CONECTOR','',0000000001,5198.00,0.00,0.00,0000000000,0,0.00,1,'YVILLALOBOS','2019-09-27 09:43:18','METALSIG_USUARIO','2019-09-30 15:25:17'),(0000001871,'228-0172','','ACOPLECOMBUSTIBLE','',0000000001,13971.00,0.00,0.00,0000000000,0,0.00,1,'YVILLALOBOS','2019-09-27 09:43:18','METALSIG_USUARIO','2019-09-30 15:25:17'),(0000001872,'252-7134','','CONJUNTO DE NUCLEO ACONDICIONADOR','',0000000001,2349189.00,0.00,0.00,0000000000,0,0.00,1,'GPETIT','2019-09-27 09:52:52','METALSIG_USUARIO','2019-09-30 15:25:17'),(0000001873,'227-3652','','JUEGO DE FRICCIÓN PD','',0000000001,73132.00,0.00,0.00,0000000000,0,0.00,1,'YVILLALOBOS','2019-09-27 13:10:34','METALSIG_USUARIO','2019-09-30 15:25:17'),(0000001874,'265-8025','','CONJUNTO DE RELÉ','',0000000001,27413.00,0.00,0.00,0000000000,0,0.00,1,'YVILLALOBOS','2019-09-27 13:10:34','METALSIG_USUARIO','2019-09-30 15:25:17'),(0000001875,'225-4958','','RELÉ','',0000000001,43860.00,0.00,0.00,0000000000,0,0.00,1,'YVILLALOBOS','2019-09-27 13:10:34','METALSIG_USUARIO','2019-09-30 15:25:17'),(0000001876,'9X-8530','','ACEITE SAE50 TRANSMISSION & DRIVE TRAIN OIL 208 LT','',0000000002,334055.00,0.00,0.00,0000000000,0,0.00,1,'GPETIT','2019-09-27 15:09:11','METALSIG_USUARIO','2019-09-30 15:25:17'),(0000001877,'9X-8531','','ACEITE SAE50 TDT OIL CAT 19 LT','',0000000002,32826.00,0.00,0.00,0000000000,0,0.00,1,'GPETIT','2019-09-27 15:09:11','METALSIG_USUARIO','2019-09-30 15:25:17'),(0000001878,'301-2233','','ACEITE 15W40 DEO-ULS CAT 208 LT','',0000000002,333024.00,0.00,0.00,0000000000,0,0.00,1,'GPETIT','2019-09-27 15:09:11','METALSIG_USUARIO','2019-09-30 15:25:17'),(0000001879,'238-8648','','REFRIGERANTE ELC PREMIX 50%  CAT 3.78 LT','',0000000002,14672.00,0.00,0.00,0000000000,0,0.00,1,'GPETIT','2019-09-27 15:09:11','METALSIG_USUARIO','2019-09-30 15:25:17'),(0000001880,'238-8649','','REFRIGERANTE ELC PREMEZCLADO 50% CAT 19 LT ','',0000000002,68480.00,0.00,0.00,0000000000,0,0.00,1,'GPETIT','2019-09-27 15:09:11','METALSIG_USUARIO','2019-09-30 15:25:17'),(0000001881,'333-7234','','MANGUERA: SUCCIÓN','',0000000001,234800.00,0.00,0.00,0000000000,0,0.00,1,'YVILLALOBOS','2019-09-27 15:22:31','METALSIG_USUARIO','2019-09-30 15:25:17'),(0000001882,'423-1984','','MANGUERA PULGADAS','',0000000001,662.00,0.00,0.00,0000000000,0,0.00,1,'YVILLALOBOS','2019-09-27 15:22:31','METALSIG_USUARIO','2019-09-30 15:25:17'),(0000001883,'5D-1026','','ABRAZADERA','',0000000001,2169.00,0.00,0.00,0000000000,0,0.00,1,'YVILLALOBOS','2019-09-27 15:22:31','METALSIG_USUARIO','2019-09-30 15:25:17'),(0000001884,'5P-0597','','CLAMP-HOSE','',0000000001,5726.00,0.00,0.00,0000000000,0,0.00,1,'YVILLALOBOS','2019-09-27 15:22:31','METALSIG_USUARIO','2019-09-30 15:25:17'),(0000001885,'5P-4868','','ABRAZADERA MANGUERA','',0000000001,7268.00,0.00,0.00,0000000000,0,0.00,1,'YVILLALOBOS','2019-09-27 15:22:31','METALSIG_USUARIO','2019-09-30 15:25:17'),(0000001886,'175-7900','','SELLO ANILLO ','',0000000001,5386.00,0.00,0.00,0000000000,0,0.00,1,'YVILLALOBOS','2019-09-27 15:22:31','METALSIG_USUARIO','2019-09-30 15:25:17'),(0000001887,'8U-2552','','SEAL-O-RING','',0000000001,3872.00,0.00,0.00,0000000000,0,0.00,1,'YVILLALOBOS','2019-09-27 15:22:31','METALSIG_USUARIO','2019-09-30 15:25:17'),(0000001888,'437-0940','','CONEXIÓN','',0000000001,1158.00,0.00,0.00,0000000000,0,0.00,1,'YVILLALOBOS','2019-09-27 15:22:31','METALSIG_USUARIO','2019-09-30 15:25:17'),(0000001889,'349-5327','','GRUPO DE FILTRO','',0000000001,473831.00,0.00,0.00,0000000000,0,0.00,1,'YVILLALOBOS','2019-09-27 15:36:10','METALSIG_USUARIO','2019-09-30 15:25:17'),(0000001890,'258-2804','','CONJUNTO DE COLADOR','',0000000001,57762.00,0.00,0.00,0000000000,0,0.00,1,'YVILLALOBOS','2019-09-27 15:36:10','METALSIG_USUARIO','2019-09-30 15:25:17'),(0000001891,'000032','','REFRIGERANTE SUPER COOLANT 50% 208 LT','CEPSA',0000000002,266758.00,0.00,0.00,0000000000,0,0.00,1,'GPETIT','2019-09-27 15:37:13','METALSIG_USUARIO','2019-09-30 15:25:17'),(0000001892,'000033','','SOLVENTE DIELECTRICO  MV. ELECTRIC KB-50 ','',0000000002,51040.00,0.00,0.00,0000000000,0,0.00,1,'YVILLALOBOS','2019-09-27 16:26:11','METALSIG_USUARIO','2019-09-30 15:25:17'),(0000001893,'000034','','BUZO DESECHABLE C/GORRO XL','',0000000002,890.00,0.00,0.00,0000000000,0,0.00,1,'YVILLALOBOS','2019-09-27 16:26:11','METALSIG_USUARIO','2019-09-30 15:25:17'),(0000001894,'1018','','SELENOIDE 12V BBA.INY. 7185-900G','',0000000001,136348.00,0.00,0.00,0000000000,1,0.00,1,'YVILLALOBOS','2019-09-30 12:46:06','YVILLALOBOS','2019-10-03 16:09:47'),(0000001895,'442-1364','','FILTROS','',0000000001,2854390.00,0.00,0.00,0000000000,0,0.00,1,'YVILLALOBOS','2019-10-02 17:55:40','METALSIG_USUARIO','2019-10-03 16:09:47'),(0000001896,'388-1010','','ABRAZADERA','',0000000001,342446.00,0.00,0.00,0000000000,0,0.00,1,'YVILLALOBOS','2019-10-02 17:55:40','METALSIG_USUARIO','2019-10-03 16:09:47'),(0000001897,'376-8525','','BOQUILLA','',0000000001,1330603.00,0.00,0.00,0000000000,0,0.00,1,'YVILLALOBOS','2019-10-02 17:55:40','METALSIG_USUARIO','2019-10-03 16:09:47'),(0000001898,'388-1013','','EMPAQUETADURA','',0000000001,217264.00,0.00,0.00,0000000000,0,0.00,1,'YVILLALOBOS','2019-10-02 17:55:40','METALSIG_USUARIO','2019-10-03 16:09:47'),(0000001899,'454-2982','','EMPAQUETADURA','',0000000001,1471673.00,0.00,0.00,0000000000,0,0.00,1,'YVILLALOBOS','2019-10-02 17:55:40','METALSIG_USUARIO','2019-10-03 16:09:47'),(0000001900,'376-8412','','SCR 2','',0000000001,1736767.00,0.00,0.00,0000000000,0,0.00,1,'YVILLALOBOS','2019-10-02 17:55:40','METALSIG_USUARIO','2019-10-03 16:09:47'),(0000001901,'376-8413','','SCR 3','',0000000001,2154491.00,0.00,0.00,0000000000,0,0.00,1,'YVILLALOBOS','2019-10-02 17:55:40','METALSIG_USUARIO','2019-10-03 16:09:47'),(0000001902,'454-2998','','SCR 4','',0000000001,2572217.00,0.00,0.00,0000000000,0,0.00,1,'YVILLALOBOS','2019-10-02 17:55:40','METALSIG_USUARIO','2019-10-03 16:09:47'),(0000001903,'388-1011','','ABRAZADERA','',0000000001,89754.00,0.00,0.00,0000000000,0,0.00,1,'YVILLALOBOS','2019-10-02 17:55:40','METALSIG_USUARIO','2019-10-03 16:09:47'),(0000001904,'435-2032','','KIT DE SENSORES','',0000000001,3203841.00,0.00,0.00,0000000000,0,0.00,1,'YVILLALOBOS','2019-10-02 17:55:40','METALSIG_USUARIO','2019-10-03 16:09:47'),(0000001905,'390-7049','','KIT DE REPARACIÓN','',0000000001,1555531.00,0.00,0.00,0000000000,0,0.00,1,'YVILLALOBOS','2019-10-02 17:55:40','METALSIG_USUARIO','2019-10-03 16:09:47'),(0000001906,'454-3022','','KIT DE SENSORES NOX','',0000000001,1263009.00,0.00,0.00,0000000000,0,0.00,1,'YVILLALOBOS','2019-10-02 17:55:40','METALSIG_USUARIO','2019-10-03 16:09:47'),(0000001907,'376-8424','','SCR CATALIZADOR','',0000000001,2572217.00,0.00,0.00,0000000000,0,0.00,1,'YVILLALOBOS','2019-10-02 17:55:40','METALSIG_USUARIO','2019-10-03 16:09:47'),(0000001908,'153-2682','','CONJUNTO DE RESORTE','',0000000001,176603.00,0.00,0.00,0000000000,0,0.00,1,'YVILLALOBOS','2019-10-16 10:42:28','METALSIG_USUARIO','2019-10-22 09:25:48'),(0000001909,'331-8538','','SELLO RUEDA','',0000000001,72607.00,0.00,0.00,0000000000,0,0.00,1,'YVILLALOBOS','2019-10-16 16:43:01','METALSIG_USUARIO','2019-10-22 09:25:48'),(0000001910,'353-3478','','EMPAQUETADURA','',0000000001,3221.00,0.00,0.00,0000000000,0,0.00,1,'YVILLALOBOS','2019-10-16 16:43:01','METALSIG_USUARIO','2019-10-22 09:25:48'),(0000001911,'6V-7238','','VALVULA DE CARTER','',0000000001,37531.00,0.00,0.00,0000000000,0,0.00,1,'YVILLALOBOS','2019-10-21 12:10:12','YVILLALOBOS','2019-10-21 12:55:24');
/*!40000 ALTER TABLE `inv_articulos` ENABLE KEYS */;
UNLOCK TABLES;
ALTER DATABASE `metalsig_heavy` CHARACTER SET latin1 COLLATE latin1_swedish_ci ;
/*!50003 SET @saved_cs_client      = @@character_set_client */ ;
/*!50003 SET @saved_cs_results     = @@character_set_results */ ;
/*!50003 SET @saved_col_connection = @@collation_connection */ ;
/*!50003 SET character_set_client  = utf8mb4 */ ;
/*!50003 SET character_set_results = utf8mb4 */ ;
/*!50003 SET collation_connection  = utf8mb4_general_ci */ ;
/*!50003 SET @saved_sql_mode       = @@sql_mode */ ;
/*!50003 SET sql_mode              = 'NO_AUTO_VALUE_ON_ZERO' */ ;
DELIMITER ;;
/*!50003 CREATE*/ /*!50017 DEFINER=`metalsigmauser`@`localhost`*/ /*!50003 TRIGGER `set_crea_inv_articulos` BEFORE INSERT ON `inv_articulos` FOR EACH ROW IF (NEW.crea_user IS NULL || NEW.crea_user='') THEN SET NEW.crea_user = UPPER(SUBSTR(USER(), 1,(LOCATE('@', USER())-1))); END IF */;;
DELIMITER ;
/*!50003 SET sql_mode              = @saved_sql_mode */ ;
/*!50003 SET character_set_client  = @saved_cs_client */ ;
/*!50003 SET character_set_results = @saved_cs_results */ ;
/*!50003 SET collation_connection  = @saved_col_connection */ ;
ALTER DATABASE `metalsig_heavy` CHARACTER SET utf8 COLLATE utf8_bin ;
ALTER DATABASE `metalsig_heavy` CHARACTER SET latin1 COLLATE latin1_swedish_ci ;
/*!50003 SET @saved_cs_client      = @@character_set_client */ ;
/*!50003 SET @saved_cs_results     = @@character_set_results */ ;
/*!50003 SET @saved_col_connection = @@collation_connection */ ;
/*!50003 SET character_set_client  = utf8mb4 */ ;
/*!50003 SET character_set_results = utf8mb4 */ ;
/*!50003 SET collation_connection  = utf8mb4_general_ci */ ;
/*!50003 SET @saved_sql_mode       = @@sql_mode */ ;
/*!50003 SET sql_mode              = 'NO_AUTO_VALUE_ON_ZERO' */ ;
DELIMITER ;;
/*!50003 CREATE*/ /*!50017 DEFINER=`metalsigmauser`@`localhost`*/ /*!50003 TRIGGER `set_mod_inv_articulos` BEFORE UPDATE ON `inv_articulos` FOR EACH ROW IF (NEW.mod_user IS NULL || NEW.mod_user='') THEN SET NEW.mod_user = UPPER(SUBSTR(USER(), 1,(LOCATE('@', USER())-1))); END IF */;;
DELIMITER ;
/*!50003 SET sql_mode              = @saved_sql_mode */ ;
/*!50003 SET character_set_client  = @saved_cs_client */ ;
/*!50003 SET character_set_results = @saved_cs_results */ ;
/*!50003 SET collation_connection  = @saved_col_connection */ ;
ALTER DATABASE `metalsig_heavy` CHARACTER SET utf8 COLLATE utf8_bin ;

--
-- Table structure for table `inv_clasificacion`
--

DROP TABLE IF EXISTS `inv_clasificacion`;
/*!40101 SET @saved_cs_client     = @@character_set_client */;
/*!40101 SET character_set_client = utf8 */;
CREATE TABLE `inv_clasificacion` (
  `cclasificacion` int(10) unsigned zerofill NOT NULL AUTO_INCREMENT,
  `clasificacion` varchar(50) COLLATE utf8_bin NOT NULL,
  `articulo` int(1) DEFAULT '1',
  `crea_user` varchar(50) COLLATE utf8_bin DEFAULT NULL,
  `crea_date` datetime NOT NULL DEFAULT CURRENT_TIMESTAMP,
  `mod_user` varchar(50) COLLATE utf8_bin DEFAULT NULL,
  `mod_date` datetime DEFAULT NULL ON UPDATE CURRENT_TIMESTAMP,
  PRIMARY KEY (`cclasificacion`)
) ENGINE=InnoDB AUTO_INCREMENT=6 DEFAULT CHARSET=utf8 COLLATE=utf8_bin;
/*!40101 SET character_set_client = @saved_cs_client */;

--
-- Dumping data for table `inv_clasificacion`
--

LOCK TABLES `inv_clasificacion` WRITE;
/*!40000 ALTER TABLE `inv_clasificacion` DISABLE KEYS */;
INSERT INTO `inv_clasificacion` VALUES (0000000001,'REPUESTOS',1,'ADMINISTRADOR','0000-00-00 00:00:00','ADMINISTRADOR','2019-02-25 15:28:17'),(0000000002,'INSUMOS',1,'ADMINISTRADOR','0000-00-00 00:00:00',NULL,NULL),(0000000003,'SERVICIOS TERCEROS',0,'ADMINISTRADOR','0000-00-00 00:00:00',NULL,NULL),(0000000004,'SERVICIOS PROPIOS',0,'ADMINISTRADOR','0000-00-00 00:00:00',NULL,NULL),(0000000005,'CLASIFICACION GENERICA',1,'ADMINISTRADOR','2019-05-14 09:58:57',NULL,NULL);
/*!40000 ALTER TABLE `inv_clasificacion` ENABLE KEYS */;
UNLOCK TABLES;
ALTER DATABASE `metalsig_heavy` CHARACTER SET latin1 COLLATE latin1_swedish_ci ;
/*!50003 SET @saved_cs_client      = @@character_set_client */ ;
/*!50003 SET @saved_cs_results     = @@character_set_results */ ;
/*!50003 SET @saved_col_connection = @@collation_connection */ ;
/*!50003 SET character_set_client  = utf8mb4 */ ;
/*!50003 SET character_set_results = utf8mb4 */ ;
/*!50003 SET collation_connection  = utf8mb4_general_ci */ ;
/*!50003 SET @saved_sql_mode       = @@sql_mode */ ;
/*!50003 SET sql_mode              = 'NO_AUTO_VALUE_ON_ZERO' */ ;
DELIMITER ;;
/*!50003 CREATE*/ /*!50017 DEFINER=`metalsigmauser`@`localhost`*/ /*!50003 TRIGGER `set_crea_inv_clasificacion` BEFORE INSERT ON `inv_clasificacion` FOR EACH ROW IF (NEW.crea_user IS NULL || NEW.crea_user='') THEN SET NEW.crea_user = UPPER(SUBSTR(USER(), 1,(LOCATE('@', USER())-1))); END IF */;;
DELIMITER ;
/*!50003 SET sql_mode              = @saved_sql_mode */ ;
/*!50003 SET character_set_client  = @saved_cs_client */ ;
/*!50003 SET character_set_results = @saved_cs_results */ ;
/*!50003 SET collation_connection  = @saved_col_connection */ ;
ALTER DATABASE `metalsig_heavy` CHARACTER SET utf8 COLLATE utf8_bin ;
ALTER DATABASE `metalsig_heavy` CHARACTER SET latin1 COLLATE latin1_swedish_ci ;
/*!50003 SET @saved_cs_client      = @@character_set_client */ ;
/*!50003 SET @saved_cs_results     = @@character_set_results */ ;
/*!50003 SET @saved_col_connection = @@collation_connection */ ;
/*!50003 SET character_set_client  = utf8mb4 */ ;
/*!50003 SET character_set_results = utf8mb4 */ ;
/*!50003 SET collation_connection  = utf8mb4_general_ci */ ;
/*!50003 SET @saved_sql_mode       = @@sql_mode */ ;
/*!50003 SET sql_mode              = 'NO_AUTO_VALUE_ON_ZERO' */ ;
DELIMITER ;;
/*!50003 CREATE*/ /*!50017 DEFINER=`metalsigmauser`@`localhost`*/ /*!50003 TRIGGER `set_mod_inv_clasificacion` BEFORE UPDATE ON `inv_clasificacion` FOR EACH ROW IF (NEW.mod_user IS NULL || NEW.mod_user='') THEN SET NEW.mod_user = UPPER(SUBSTR(USER(), 1,(LOCATE('@', USER())-1))); END IF */;;
DELIMITER ;
/*!50003 SET sql_mode              = @saved_sql_mode */ ;
/*!50003 SET character_set_client  = @saved_cs_client */ ;
/*!50003 SET character_set_results = @saved_cs_results */ ;
/*!50003 SET collation_connection  = @saved_col_connection */ ;
ALTER DATABASE `metalsig_heavy` CHARACTER SET utf8 COLLATE utf8_bin ;

--
-- Table structure for table `inv_movimientos`
--

DROP TABLE IF EXISTS `inv_movimientos`;
/*!40101 SET @saved_cs_client     = @@character_set_client */;
/*!40101 SET character_set_client = utf8 */;
CREATE TABLE `inv_movimientos` (
  `cmovimiento_key` int(10) unsigned zerofill NOT NULL AUTO_INCREMENT,
  `cmovimiento` int(10) unsigned zerofill NOT NULL DEFAULT '0000000000',
  `tipo` varchar(3) COLLATE utf8_bin NOT NULL,
  `fecha_mov` date NOT NULL,
  `documento` int(11) NOT NULL,
  `control` int(11) DEFAULT NULL,
  `cproveedor` int(10) unsigned zerofill NOT NULL,
  `fecha_doc` date NOT NULL,
  `calmacen` int(10) unsigned zerofill NOT NULL,
  `calmacen2` int(10) unsigned zerofill NOT NULL,
  `status` varchar(3) COLLATE utf8_bin NOT NULL,
  `monto_mov` decimal(12,2) NOT NULL DEFAULT '0.00',
  `monto_desc` decimal(12,2) NOT NULL DEFAULT '0.00',
  `monto_total` decimal(12,2) NOT NULL DEFAULT '0.00',
  `corigen` int(10) unsigned zerofill NOT NULL,
  `observacion` text COLLATE utf8_bin,
  `crea_user` varchar(50) COLLATE utf8_bin DEFAULT NULL,
  `crea_date` datetime NOT NULL DEFAULT CURRENT_TIMESTAMP,
  `mod_user` varchar(50) COLLATE utf8_bin DEFAULT NULL,
  `mod_date` datetime DEFAULT NULL ON UPDATE CURRENT_TIMESTAMP,
  PRIMARY KEY (`cmovimiento_key`),
  KEY `cproveedor` (`cproveedor`),
  KEY `calmacen` (`calmacen`),
  KEY `calmacen2` (`calmacen2`),
  KEY `corigen` (`corigen`),
  CONSTRAINT `fk_calmacen_inv_movimientos` FOREIGN KEY (`calmacen`) REFERENCES `inv_almacen` (`calmacen`)
) ENGINE=InnoDB AUTO_INCREMENT=54 DEFAULT CHARSET=utf8 COLLATE=utf8_bin;
/*!40101 SET character_set_client = @saved_cs_client */;

--
-- Dumping data for table `inv_movimientos`
--

LOCK TABLES `inv_movimientos` WRITE;
/*!40000 ALTER TABLE `inv_movimientos` DISABLE KEYS */;
INSERT INTO `inv_movimientos` VALUES (0000000001,0000000001,'SI','2019-03-12',123,123,0000000000,'2019-03-12',0000000001,0000000000,'PRO',9777356.00,0.00,9777356.00,0000000000,'CARGA INICIAL DE REPUESTOS','METALSIGMAUSER','2019-03-12 16:57:03','METALSIGMAUSER','2019-03-12 17:12:04'),(0000000002,0000000001,'AJS','2019-03-15',0,NULL,0000000000,'2019-03-15',0000000001,0000000000,'PRO',0.00,0.00,0.00,0000000000,'SE AJUSTA INVENTARIO YA QUE REPUESTO LO SOLICITO TALLER PARA UNA EQUIPO.','GPETIT','2019-03-15 11:21:16',NULL,NULL),(0000000003,0000000001,'NTE','2019-04-22',123,NULL,0000000003,'2019-04-22',0000000001,0000000000,'PEN',1.19,0.00,1.19,0000000000,'PRUEBA','ADMINISTRADOR','2019-04-22 12:43:19',NULL,NULL),(0000000004,0000000001,'AJE','2019-04-25',0,NULL,0000000000,'2019-04-25',0000000001,0000000000,'PRO',0.00,0.00,0.00,0000000000,'AGREGAR ARTICULO','GPETIT','2019-04-25 14:53:51',NULL,NULL),(0000000007,0000000002,'AJS','2019-04-26',0,NULL,0000000000,'2019-04-26',0000000001,0000000000,'PRO',0.00,0.00,0.00,0000000000,'PRUEBA','ADMINISTRADOR','2019-04-26 10:21:19',NULL,NULL),(0000000008,0000000003,'AJS','2019-05-17',0,NULL,0000000000,'2019-05-17',0000000001,0000000000,'PRO',0.00,0.00,0.00,0000000000,'SE DESCUENTA DE SISTEMA POR USO EN TALLER','GPETIT','2019-05-17 14:20:35',NULL,NULL),(0000000009,0000000001,'COM','2019-06-27',42027,NULL,0000000011,'2019-06-11',0000000001,0000000000,'PRO',359189.60,0.00,359189.60,0000000000,'','GPETIT','2019-06-27 11:36:35',NULL,NULL),(0000000010,0000000002,'COM','2019-07-03',2492070,NULL,0000000008,'2019-07-03',0000000001,0000000000,'PRO',280259.28,0.00,280259.28,0000000000,'','GPETIT','2019-07-03 12:34:58',NULL,NULL),(0000000011,0000000004,'AJS','2019-07-03',0,NULL,0000000000,'2019-07-03',0000000001,0000000000,'PRO',0.00,0.00,0.00,0000000000,'AJUSTE DE SALIDA','GPETIT','2019-07-03 15:25:20',NULL,NULL),(0000000012,0000000005,'AJS','2019-07-03',0,NULL,0000000000,'2019-07-03',0000000001,0000000000,'PRO',0.00,0.00,0.00,0000000000,'AJUSTE DE SALIDA','GPETIT','2019-07-03 15:26:53',NULL,NULL),(0000000013,0000000002,'AJE','2019-07-04',0,NULL,0000000000,'2019-07-04',0000000001,0000000000,'PRO',0.00,0.00,0.00,0000000000,'AJUSTE DE ENTRADA POR SOBRANTE DE VARIOS SERVICIOS.','GPETIT','2019-07-04 12:49:28',NULL,NULL),(0000000014,0000000001,'TRE','2019-07-10',0,NULL,0000000000,'2019-07-10',0000000001,0000000000,'PRO',0.00,0.00,0.00,0000000001,'','ADMINISTRADOR','2019-07-10 11:31:47',NULL,NULL),(0000000015,0000000001,'TRS','2019-07-10',0,NULL,0000000000,'2019-07-10',0000000001,0000000000,'PRO',0.00,0.00,0.00,0000000001,'','ADMINISTRADOR','2019-07-10 11:31:47',NULL,NULL),(0000000016,0000000002,'TRE','2019-07-10',0,NULL,0000000000,'2019-07-10',0000000002,0000000000,'PRO',0.00,0.00,0.00,0000000002,'PRUEBA','ADMINISTRADOR','2019-07-10 11:43:26',NULL,NULL),(0000000017,0000000002,'TRS','2019-07-10',0,NULL,0000000000,'2019-07-10',0000000001,0000000000,'PRO',0.00,0.00,0.00,0000000002,'PRUEBA','ADMINISTRADOR','2019-07-10 11:43:26',NULL,NULL),(0000000018,0000000001,'CSM','2019-07-10',0,NULL,0000000000,'2019-07-10',0000000001,0000000000,'PRO',0.00,0.00,0.00,0000000053,'PRUEBA DE CONSUMO','ADMINISTRADOR','2019-07-10 11:46:44',NULL,NULL),(0000000019,0000000006,'AJS','2019-07-30',0,NULL,0000000000,'2019-07-30',0000000001,0000000000,'PRO',0.00,0.00,0.00,0000000000,'REPUESTOS SE DESCUENTAN DE INVENTARIO, MOTIVO REPARACIÓN DE TORNAMESA OS-ST579 ANGLOAMERICAN','GPETIT','2019-07-30 14:33:33',NULL,NULL),(0000000020,0000000007,'AJS','2019-07-31',0,NULL,0000000000,'2019-07-31',0000000001,0000000000,'PRO',0.00,0.00,0.00,0000000000,'REPUESTOS SE UTILIZAN PARA REPARACIÓN DE MINICARGADOR 226B OS-ST466','GPETIT','2019-07-31 14:08:39',NULL,NULL),(0000000021,0000000003,'AJE','2019-08-21',0,NULL,0000000000,'2019-08-21',0000000001,0000000000,'PRO',0.00,0.00,0.00,0000000000,'REPUESTOS SOBRANTES SERVICIOS DE RENTAL STORE','GPETIT','2019-08-21 16:20:59',NULL,NULL),(0000000022,0000000004,'AJE','2019-08-21',0,NULL,0000000000,'2019-08-21',0000000001,0000000000,'PRO',0.00,0.00,0.00,0000000000,'REPUESTOS SOBRANTES DE SERVICIOS DE RENTAL STORE','GPETIT','2019-08-21 16:23:35',NULL,NULL),(0000000023,0000000005,'AJE','2019-08-26',0,NULL,0000000000,'2019-08-26',0000000001,0000000000,'PRO',0.00,0.00,0.00,0000000000,'REPUESTOS SOBRANTES  SERVICIO RENTAL','GPETIT','2019-08-26 10:32:39',NULL,NULL),(0000000024,0000000006,'AJE','2019-08-26',0,NULL,0000000000,'2019-08-26',0000000001,0000000000,'PRO',0.00,0.00,0.00,0000000000,'REPUESTOS SOBRANTES SERVICIO RENTAL','GPETIT','2019-08-26 10:33:57',NULL,NULL),(0000000025,0000000007,'AJE','2019-08-26',0,NULL,0000000000,'2019-08-26',0000000001,0000000000,'PRO',0.00,0.00,0.00,0000000000,'REPUESTOS SOBRANTES SERVICIOS RENTAL STORE','GPETIT','2019-08-26 10:50:22',NULL,NULL),(0000000026,0000000008,'AJE','2019-08-26',0,NULL,0000000000,'2019-08-26',0000000001,0000000000,'PRO',0.00,0.00,0.00,0000000000,'REPUESTOS SOBRANTES SERVICIOS RENTAL STORE','GPETIT','2019-08-26 11:36:14',NULL,NULL),(0000000027,0000000009,'AJE','2019-08-27',0,NULL,0000000000,'2019-08-27',0000000001,0000000000,'PRO',0.00,0.00,0.00,0000000000,'REPUESTOS SOBRANTES SERVICIOS VEOLIA','GPETIT','2019-08-27 12:10:04',NULL,NULL),(0000000028,0000000010,'AJE','2019-08-27',0,NULL,0000000000,'2019-08-27',0000000001,0000000000,'PRO',0.00,0.00,0.00,0000000000,'REPUESTOS SOBRANTES SERVICIOS VEOLIA','GPETIT','2019-08-27 13:17:14',NULL,NULL),(0000000029,0000000008,'AJS','2019-08-29',0,NULL,0000000000,'2019-08-29',0000000001,0000000000,'PRO',0.00,0.00,0.00,0000000000,'MUESTRAS PARA SERVICIOS ORICA OS-ST601-602','GPETIT','2019-08-29 10:39:12',NULL,NULL),(0000000030,0000000009,'AJS','2019-09-05',0,NULL,0000000000,'2019-09-05',0000000001,0000000000,'PRO',0.00,0.00,0.00,0000000000,'AJ.SALIDA REPUESTOS PARA OS-ST602 ORICA CAT 246C','GPETIT','2019-09-05 13:09:05',NULL,NULL),(0000000031,0000000010,'AJS','2019-09-05',0,NULL,0000000000,'2019-09-05',0000000001,0000000000,'PRO',0.00,0.00,0.00,0000000000,'AJ.SALIDA REPUESTOS PARA OS-ST601 ORICA CAT TH407','GPETIT','2019-09-05 13:11:56',NULL,NULL),(0000000032,0000000011,'AJE','2019-09-16',0,NULL,0000000000,'2019-09-16',0000000002,0000000000,'PRO',0.00,0.00,0.00,0000000000,'FILTROS NO UTILIZADOS EN ORDEN DE SERVICIO 601-602 ORICA. ','JTRINIDAD','2019-09-16 12:50:55',NULL,NULL),(0000000035,0000000011,'AJS','2019-09-23',0,NULL,0000000000,'2019-09-23',0000000001,0000000000,'PRO',0.00,0.00,0.00,0000000000,'SE AJUSTA POR OS-ST607 ORICA ','GPETIT','2019-09-23 10:23:28',NULL,NULL),(0000000036,0000000012,'AJS','2019-09-23',0,NULL,0000000000,'2019-09-23',0000000001,0000000000,'PRO',0.00,0.00,0.00,0000000000,'SE AJUSTA POR OS-ST601-602 ORICA','GPETIT','2019-09-23 10:24:22',NULL,NULL),(0000000037,0000000012,'AJE','2019-09-23',0,NULL,0000000000,'2019-09-23',0000000002,0000000000,'PRO',0.00,0.00,0.00,0000000000,'SE AGREGA REPUESTOS SOBRANTES DE TRABAJOS EN TORNAMESA ANGLO AMERICAN ODS 579','JTRINIDAD','2019-09-23 16:27:19',NULL,NULL),(0000000038,0000000003,'COM','2019-09-26',373517,NULL,0000000046,'2019-09-11',0000000001,0000000000,'PRO',24514.00,0.00,24514.00,0000000000,'','GPETIT','2019-09-26 10:44:24',NULL,NULL),(0000000039,0000000004,'COM','2019-09-26',157043,NULL,0000000043,'2019-07-05',0000000001,0000000000,'PRO',416500.00,0.00,416500.00,0000000000,'','GPETIT','2019-09-26 11:39:24',NULL,NULL),(0000000040,0000000005,'COM','2019-09-26',13718,NULL,0000000044,'2019-08-30',0000000001,0000000000,'PRO',296174.34,0.00,296174.34,0000000000,'','GPETIT','2019-09-26 11:44:27',NULL,NULL),(0000000041,0000000006,'COM','2019-09-26',13453,NULL,0000000044,'2019-08-01',0000000001,0000000000,'PRO',107028.60,0.00,107028.60,0000000000,'','GPETIT','2019-09-26 11:46:08',NULL,NULL),(0000000042,0000000007,'COM','2019-09-26',16302,NULL,0000000033,'2019-09-23',0000000001,0000000000,'PRO',121475.20,0.00,121475.20,0000000000,'','GPETIT','2019-09-26 11:49:21',NULL,NULL),(0000000043,0000000013,'AJE','2019-09-30',0,NULL,0000000000,'2019-09-30',0000000001,0000000000,'PRO',0.00,0.00,0.00,0000000000,'','GPETIT','2019-09-30 15:25:17',NULL,NULL),(0000000044,0000000008,'COM','2019-10-03',1075276,NULL,0000000039,'2019-09-30',0000000001,0000000000,'PRO',162254.12,0.00,162254.12,0000000000,'','YVILLALOBOS','2019-10-03 16:09:47',NULL,NULL),(0000000045,0000000002,'NTE','2019-10-08',11346592,NULL,0000000008,'2019-10-08',0000000001,0000000000,'PRO',21874.58,0.00,21874.58,0000000000,'','YVILLALOBOS','2019-10-08 15:27:20',NULL,NULL),(0000000046,0000000002,'CSM','2019-10-08',0,NULL,0000000000,'2019-10-08',0000000002,0000000000,'PRO',0.00,0.00,0.00,0000000164,'','YVILLALOBOS','2019-10-08 15:58:35',NULL,NULL),(0000000047,0000000003,'NTE','2019-10-15',113575530,NULL,0000000008,'2019-10-15',0000000002,0000000000,'PRO',28360.08,0.00,28360.08,0000000000,'','YVILLALOBOS','2019-10-15 14:21:30',NULL,NULL),(0000000048,0000000004,'NTE','2019-10-22',11315711,NULL,0000000008,'2019-10-22',0000000002,0000000000,'PRO',63729.26,0.00,63729.26,0000000049,'','YVILLALOBOS','2019-10-22 09:25:48','YVILLALOBOS','2019-10-22 09:26:35'),(0000000049,0000000009,'COM','2019-10-22',2547502,NULL,0000000008,'2019-10-22',0000000002,0000000000,'PEN',63729.26,0.00,63729.26,0000000000,'','YVILLALOBOS','2019-10-22 09:26:35',NULL,NULL),(0000000050,0000000005,'NTE','2019-10-22',11307284,NULL,0000000008,'2019-09-11',0000000002,0000000000,'PRO',270770.22,0.00,270770.22,0000000051,'','YVILLALOBOS','2019-10-22 09:29:26','YVILLALOBOS','2019-10-22 09:30:21'),(0000000051,0000000010,'COM','2019-10-22',25461321,NULL,0000000008,'2019-09-24',0000000002,0000000000,'PRO',270770.22,0.00,270770.22,0000000000,'','YVILLALOBOS','2019-10-22 09:30:20',NULL,NULL),(0000000052,0000000006,'NTE','2019-10-22',11297559,NULL,0000000008,'2019-09-05',0000000002,0000000000,'PRO',102411.40,0.00,102411.40,0000000053,'','YVILLALOBOS','2019-10-22 09:31:21','YVILLALOBOS','2019-10-22 09:32:02'),(0000000053,0000000011,'COM','2019-10-22',2546122,NULL,0000000008,'2019-09-24',0000000002,0000000000,'PRO',102411.40,0.00,102411.40,0000000000,'','YVILLALOBOS','2019-10-22 09:32:02',NULL,NULL);
/*!40000 ALTER TABLE `inv_movimientos` ENABLE KEYS */;
UNLOCK TABLES;
ALTER DATABASE `metalsig_heavy` CHARACTER SET latin1 COLLATE latin1_swedish_ci ;
/*!50003 SET @saved_cs_client      = @@character_set_client */ ;
/*!50003 SET @saved_cs_results     = @@character_set_results */ ;
/*!50003 SET @saved_col_connection = @@collation_connection */ ;
/*!50003 SET character_set_client  = utf8mb4 */ ;
/*!50003 SET character_set_results = utf8mb4 */ ;
/*!50003 SET collation_connection  = utf8mb4_general_ci */ ;
/*!50003 SET @saved_sql_mode       = @@sql_mode */ ;
/*!50003 SET sql_mode              = 'NO_AUTO_VALUE_ON_ZERO' */ ;
DELIMITER ;;
/*!50003 CREATE*/ /*!50017 DEFINER=`metalsigmauser`@`localhost`*/ /*!50003 TRIGGER `tg_correla_inv_movimientos` BEFORE INSERT ON `inv_movimientos` FOR EACH ROW BEGIN SET NEW.cmovimiento = LAST_INSERT_ID((SELECT COALESCE(MAX(cmovimiento) + 1,1) FROM inv_movimientos WHERE tipo = NEW.tipo)); IF (NEW.crea_user IS NULL || NEW.crea_user='') THEN SET NEW.crea_user = UPPER(SUBSTR(USER(), 1,(LOCATE('@', USER())-1))); END IF; END */;;
DELIMITER ;
/*!50003 SET sql_mode              = @saved_sql_mode */ ;
/*!50003 SET character_set_client  = @saved_cs_client */ ;
/*!50003 SET character_set_results = @saved_cs_results */ ;
/*!50003 SET collation_connection  = @saved_col_connection */ ;
ALTER DATABASE `metalsig_heavy` CHARACTER SET utf8 COLLATE utf8_bin ;
ALTER DATABASE `metalsig_heavy` CHARACTER SET latin1 COLLATE latin1_swedish_ci ;
/*!50003 SET @saved_cs_client      = @@character_set_client */ ;
/*!50003 SET @saved_cs_results     = @@character_set_results */ ;
/*!50003 SET @saved_col_connection = @@collation_connection */ ;
/*!50003 SET character_set_client  = utf8mb4 */ ;
/*!50003 SET character_set_results = utf8mb4 */ ;
/*!50003 SET collation_connection  = utf8mb4_general_ci */ ;
/*!50003 SET @saved_sql_mode       = @@sql_mode */ ;
/*!50003 SET sql_mode              = 'NO_AUTO_VALUE_ON_ZERO' */ ;
DELIMITER ;;
/*!50003 CREATE*/ /*!50017 DEFINER=`metalsigmauser`@`localhost`*/ /*!50003 TRIGGER `set_mod_inv_movimientos` BEFORE UPDATE ON `inv_movimientos` FOR EACH ROW IF (NEW.mod_user IS NULL || NEW.mod_user='') THEN SET NEW.mod_user = UPPER(SUBSTR(USER(), 1,(LOCATE('@', USER())-1))); END IF */;;
DELIMITER ;
/*!50003 SET sql_mode              = @saved_sql_mode */ ;
/*!50003 SET character_set_client  = @saved_cs_client */ ;
/*!50003 SET character_set_results = @saved_cs_results */ ;
/*!50003 SET collation_connection  = @saved_col_connection */ ;
ALTER DATABASE `metalsig_heavy` CHARACTER SET utf8 COLLATE utf8_bin ;

--
-- Table structure for table `inv_movimientos_det`
--

DROP TABLE IF EXISTS `inv_movimientos_det`;
/*!40101 SET @saved_cs_client     = @@character_set_client */;
/*!40101 SET character_set_client = utf8 */;
CREATE TABLE `inv_movimientos_det` (
  `cmovimiento_det` int(10) unsigned zerofill NOT NULL AUTO_INCREMENT,
  `cmovimiento_key` int(10) unsigned zerofill NOT NULL,
  `carticulo` int(10) unsigned zerofill NOT NULL,
  `cant` decimal(10,2) NOT NULL DEFAULT '0.00',
  `costou` decimal(12,2) NOT NULL DEFAULT '0.00',
  `imp_p` decimal(5,2) NOT NULL DEFAULT '0.00',
  `imp_m` decimal(12,2) NOT NULL DEFAULT '0.00',
  `costot` decimal(12,2) NOT NULL DEFAULT '0.00',
  `corigen_det` int(10) unsigned zerofill DEFAULT '0000000000',
  `corden_det` int(10) unsigned zerofill DEFAULT '0000000000',
  `cnota_det` int(10) unsigned zerofill DEFAULT '0000000000',
  `crea_user` varchar(50) COLLATE utf8_bin DEFAULT NULL,
  `crea_date` datetime NOT NULL DEFAULT CURRENT_TIMESTAMP,
  `mod_user` varchar(50) COLLATE utf8_bin DEFAULT NULL,
  `mod_date` datetime DEFAULT NULL ON UPDATE CURRENT_TIMESTAMP,
  PRIMARY KEY (`cmovimiento_det`) USING BTREE,
  KEY `carticulo` (`carticulo`),
  KEY `cmovimiento_key` (`cmovimiento_key`),
  CONSTRAINT `fk_carticulo_inv_movimientos_det` FOREIGN KEY (`carticulo`) REFERENCES `inv_articulos` (`carticulo`),
  CONSTRAINT `fk_cmovimiento_inv_movimientos_det` FOREIGN KEY (`cmovimiento_key`) REFERENCES `inv_movimientos` (`cmovimiento_key`)
) ENGINE=InnoDB AUTO_INCREMENT=1341 DEFAULT CHARSET=utf8 COLLATE=utf8_bin;
/*!40101 SET character_set_client = @saved_cs_client */;

--
-- Dumping data for table `inv_movimientos_det`
--

LOCK TABLES `inv_movimientos_det` WRITE;
/*!40000 ALTER TABLE `inv_movimientos_det` DISABLE KEYS */;
INSERT INTO `inv_movimientos_det` VALUES (0000000001,0000000001,0000000736,2.00,2960.00,0.00,0.00,5920.00,0000000000,0000000000,0000000000,'METALSIGMAUSER','2019-03-12 18:06:24','METALSIGMAUSER','2019-06-06 12:49:56'),(0000000002,0000000001,0000000737,1.00,35740.00,0.00,0.00,35740.00,0000000000,0000000000,0000000000,'METALSIGMAUSER','2019-03-12 18:06:24',NULL,NULL),(0000000003,0000000001,0000000738,10.00,1000.00,0.00,0.00,10000.00,0000000000,0000000000,0000000000,'METALSIGMAUSER','2019-03-12 18:06:24',NULL,NULL),(0000000004,0000000001,0000000739,1.00,200208.00,0.00,0.00,200208.00,0000000000,0000000000,0000000000,'METALSIGMAUSER','2019-03-12 18:06:24',NULL,NULL),(0000000005,0000000001,0000000740,1.00,42684.00,0.00,0.00,42684.00,0000000000,0000000000,0000000000,'METALSIGMAUSER','2019-03-12 18:06:24',NULL,NULL),(0000000006,0000000001,0000000741,1.00,71182.00,0.00,0.00,71182.00,0000000000,0000000000,0000000000,'METALSIGMAUSER','2019-03-12 18:06:24',NULL,NULL),(0000000007,0000000001,0000000742,1.00,14174.00,0.00,0.00,14174.00,0000000000,0000000000,0000000000,'METALSIGMAUSER','2019-03-12 18:06:24',NULL,NULL),(0000000008,0000000001,0000000743,4.00,88653.00,0.00,0.00,354612.00,0000000000,0000000000,0000000000,'METALSIGMAUSER','2019-03-12 18:06:24',NULL,NULL),(0000000009,0000000001,0000000744,1.00,28706.00,0.00,0.00,28706.00,0000000000,0000000000,0000000000,'METALSIGMAUSER','2019-03-12 18:06:24',NULL,NULL),(0000000010,0000000001,0000000745,1.00,45753.00,0.00,0.00,45753.00,0000000000,0000000000,0000000000,'METALSIGMAUSER','2019-03-12 18:06:24',NULL,NULL),(0000000011,0000000001,0000000746,1.00,96388.00,0.00,0.00,96388.00,0000000000,0000000000,0000000000,'METALSIGMAUSER','2019-03-12 18:06:24',NULL,NULL),(0000000012,0000000001,0000000747,1.00,20781.00,0.00,0.00,20781.00,0000000000,0000000000,0000000000,'METALSIGMAUSER','2019-03-12 18:06:24',NULL,NULL),(0000000013,0000000001,0000000748,1.00,151176.00,0.00,0.00,151176.00,0000000000,0000000000,0000000000,'METALSIGMAUSER','2019-03-12 18:06:24',NULL,NULL),(0000000014,0000000001,0000000749,2.00,8863.00,0.00,0.00,17726.00,0000000000,0000000000,0000000000,'METALSIGMAUSER','2019-03-12 18:06:24',NULL,NULL),(0000000015,0000000001,0000000750,18.00,4621.00,0.00,0.00,83178.00,0000000000,0000000000,0000000000,'METALSIGMAUSER','2019-03-12 18:06:24','METALSIGMAUSER','2019-04-26 09:46:17'),(0000000016,0000000001,0000000751,2.00,2908.00,0.00,0.00,5816.00,0000000000,0000000000,0000000000,'METALSIGMAUSER','2019-03-12 18:06:24',NULL,NULL),(0000000018,0000000001,0000000753,1.00,3968.00,0.00,0.00,3968.00,0000000000,0000000000,0000000000,'METALSIGMAUSER','2019-03-12 18:06:24',NULL,NULL),(0000000019,0000000001,0000000754,32.00,5012.00,0.00,0.00,160384.00,0000000000,0000000000,0000000000,'METALSIGMAUSER','2019-03-12 18:06:24',NULL,NULL),(0000000020,0000000001,0000000755,2.00,3859.00,0.00,0.00,7718.00,0000000000,0000000000,0000000000,'METALSIGMAUSER','2019-03-12 18:06:24',NULL,NULL),(0000000021,0000000001,0000000756,1.00,60836.00,0.00,0.00,60836.00,0000000000,0000000000,0000000000,'METALSIGMAUSER','2019-03-12 18:06:24',NULL,NULL),(0000000023,0000000001,0000000758,6.00,15147.00,0.00,0.00,90882.00,0000000000,0000000000,0000000000,'METALSIGMAUSER','2019-03-12 18:06:24',NULL,NULL),(0000000024,0000000001,0000000759,1.00,8291.00,0.00,0.00,8291.00,0000000000,0000000000,0000000000,'METALSIGMAUSER','2019-03-12 18:06:24',NULL,NULL),(0000000025,0000000001,0000000760,1.00,922.00,0.00,0.00,922.00,0000000000,0000000000,0000000000,'METALSIGMAUSER','2019-03-12 18:06:24',NULL,NULL),(0000000026,0000000001,0000000761,2.00,11291.00,0.00,0.00,22582.00,0000000000,0000000000,0000000000,'METALSIGMAUSER','2019-03-12 18:06:24',NULL,NULL),(0000000027,0000000001,0000000762,4.00,4945.00,0.00,0.00,19780.00,0000000000,0000000000,0000000000,'METALSIGMAUSER','2019-03-12 18:06:24',NULL,NULL),(0000000028,0000000001,0000000763,2.00,11611.00,0.00,0.00,23222.00,0000000000,0000000000,0000000000,'METALSIGMAUSER','2019-03-12 18:06:24',NULL,NULL),(0000000029,0000000001,0000000764,6.00,6859.00,0.00,0.00,41154.00,0000000000,0000000000,0000000000,'METALSIGMAUSER','2019-03-12 18:06:24',NULL,NULL),(0000000030,0000000001,0000000765,1.00,3757.00,0.00,0.00,3757.00,0000000000,0000000000,0000000000,'METALSIGMAUSER','2019-03-12 18:06:24',NULL,NULL),(0000000031,0000000001,0000000766,1.00,1183.00,0.00,0.00,1183.00,0000000000,0000000000,0000000000,'METALSIGMAUSER','2019-03-12 18:06:24',NULL,NULL),(0000000032,0000000001,0000000767,1.00,7734.00,0.00,0.00,7734.00,0000000000,0000000000,0000000000,'METALSIGMAUSER','2019-03-12 18:06:24',NULL,NULL),(0000000033,0000000001,0000000768,1.00,7815.00,0.00,0.00,7815.00,0000000000,0000000000,0000000000,'METALSIGMAUSER','2019-03-12 18:06:24',NULL,NULL),(0000000034,0000000001,0000000769,1.00,2578.00,0.00,0.00,2578.00,0000000000,0000000000,0000000000,'METALSIGMAUSER','2019-03-12 18:06:24',NULL,NULL),(0000000035,0000000001,0000000770,2.00,3847.00,0.00,0.00,7694.00,0000000000,0000000000,0000000000,'METALSIGMAUSER','2019-03-12 18:06:24',NULL,NULL),(0000000036,0000000001,0000000771,2.00,1281.00,0.00,0.00,2562.00,0000000000,0000000000,0000000000,'METALSIGMAUSER','2019-03-12 18:06:24',NULL,NULL),(0000000037,0000000001,0000000772,4.00,8407.00,0.00,0.00,33628.00,0000000000,0000000000,0000000000,'METALSIGMAUSER','2019-03-12 18:06:24',NULL,NULL),(0000000038,0000000001,0000000773,2.00,31787.00,0.00,0.00,63574.00,0000000000,0000000000,0000000000,'METALSIGMAUSER','2019-03-12 18:06:24',NULL,NULL),(0000000039,0000000001,0000000774,1.00,1427.00,0.00,0.00,1427.00,0000000000,0000000000,0000000000,'METALSIGMAUSER','2019-03-12 18:06:24',NULL,NULL),(0000000040,0000000001,0000000775,1.00,10443.00,0.00,0.00,10443.00,0000000000,0000000000,0000000000,'METALSIGMAUSER','2019-03-12 18:06:24',NULL,NULL),(0000000041,0000000001,0000000776,2.00,4572.00,0.00,0.00,9144.00,0000000000,0000000000,0000000000,'METALSIGMAUSER','2019-03-12 18:06:24',NULL,NULL),(0000000042,0000000001,0000000777,1.00,4892.00,0.00,0.00,4892.00,0000000000,0000000000,0000000000,'METALSIGMAUSER','2019-03-12 18:06:24',NULL,NULL),(0000000043,0000000001,0000000778,2.00,11752.00,0.00,0.00,23504.00,0000000000,0000000000,0000000000,'METALSIGMAUSER','2019-03-12 18:06:24',NULL,NULL),(0000000045,0000000001,0000000780,1.00,4651.00,0.00,0.00,4651.00,0000000000,0000000000,0000000000,'METALSIGMAUSER','2019-03-12 18:06:24',NULL,NULL),(0000000046,0000000001,0000000781,1.00,3692.00,0.00,0.00,3692.00,0000000000,0000000000,0000000000,'METALSIGMAUSER','2019-03-12 18:06:24',NULL,NULL),(0000000047,0000000001,0000000782,4.00,14734.00,0.00,0.00,58936.00,0000000000,0000000000,0000000000,'METALSIGMAUSER','2019-03-12 18:06:24',NULL,NULL),(0000000048,0000000001,0000000783,1.00,47095.00,0.00,0.00,47095.00,0000000000,0000000000,0000000000,'METALSIGMAUSER','2019-03-12 18:06:24',NULL,NULL),(0000000049,0000000001,0000000784,1.00,20183.00,0.00,0.00,20183.00,0000000000,0000000000,0000000000,'METALSIGMAUSER','2019-03-12 18:06:24',NULL,NULL),(0000000050,0000000001,0000000785,1.00,142805.00,0.00,0.00,142805.00,0000000000,0000000000,0000000000,'METALSIGMAUSER','2019-03-12 18:06:24',NULL,NULL),(0000000051,0000000001,0000000786,1.00,20999.00,0.00,0.00,20999.00,0000000000,0000000000,0000000000,'METALSIGMAUSER','2019-03-12 18:06:24',NULL,NULL),(0000000052,0000000001,0000000787,1.00,249287.00,0.00,0.00,249287.00,0000000000,0000000000,0000000000,'METALSIGMAUSER','2019-03-12 18:06:24',NULL,NULL),(0000000053,0000000001,0000000788,1.00,131908.00,0.00,0.00,131908.00,0000000000,0000000000,0000000000,'METALSIGMAUSER','2019-03-12 18:06:24',NULL,NULL),(0000000054,0000000001,0000000789,1.00,33967.00,0.00,0.00,33967.00,0000000000,0000000000,0000000000,'METALSIGMAUSER','2019-03-12 18:06:24',NULL,NULL),(0000000055,0000000001,0000000790,1.00,43680.00,0.00,0.00,43680.00,0000000000,0000000000,0000000000,'METALSIGMAUSER','2019-03-12 18:06:24',NULL,NULL),(0000000056,0000000001,0000000791,1.00,42153.00,0.00,0.00,42153.00,0000000000,0000000000,0000000000,'METALSIGMAUSER','2019-03-12 18:06:24',NULL,NULL),(0000000057,0000000001,0000000792,1.00,42153.00,0.00,0.00,42153.00,0000000000,0000000000,0000000000,'METALSIGMAUSER','2019-03-12 18:06:24',NULL,NULL),(0000000058,0000000001,0000000793,9.00,1280.00,0.00,0.00,11520.00,0000000000,0000000000,0000000000,'METALSIGMAUSER','2019-03-12 18:06:24',NULL,NULL),(0000000059,0000000001,0000000794,1.00,71980.00,0.00,0.00,71980.00,0000000000,0000000000,0000000000,'METALSIGMAUSER','2019-03-12 18:06:24',NULL,NULL),(0000000060,0000000001,0000000795,2.00,51792.00,0.00,0.00,103584.00,0000000000,0000000000,0000000000,'METALSIGMAUSER','2019-03-12 18:06:24',NULL,NULL),(0000000061,0000000001,0000000796,1.00,38099.00,0.00,0.00,38099.00,0000000000,0000000000,0000000000,'METALSIGMAUSER','2019-03-12 18:06:24',NULL,NULL),(0000000062,0000000001,0000000797,1.00,59718.00,0.00,0.00,59718.00,0000000000,0000000000,0000000000,'METALSIGMAUSER','2019-03-12 18:06:24',NULL,NULL),(0000000063,0000000001,0000000798,1.00,226803.00,0.00,0.00,226803.00,0000000000,0000000000,0000000000,'METALSIGMAUSER','2019-03-12 18:06:24',NULL,NULL),(0000000064,0000000001,0000000799,16.00,3636.00,0.00,0.00,58176.00,0000000000,0000000000,0000000000,'METALSIGMAUSER','2019-03-12 18:06:24',NULL,NULL),(0000000065,0000000001,0000000800,10.00,5447.00,0.00,0.00,54470.00,0000000000,0000000000,0000000000,'METALSIGMAUSER','2019-03-12 18:06:24',NULL,NULL),(0000000066,0000000001,0000000801,4.00,18861.00,0.00,0.00,75444.00,0000000000,0000000000,0000000000,'METALSIGMAUSER','2019-03-12 18:06:24',NULL,NULL),(0000000067,0000000001,0000000802,1.00,9958.00,0.00,0.00,9958.00,0000000000,0000000000,0000000000,'METALSIGMAUSER','2019-03-12 18:06:24',NULL,NULL),(0000000068,0000000001,0000000803,4.00,2873.00,0.00,0.00,11492.00,0000000000,0000000000,0000000000,'METALSIGMAUSER','2019-03-12 18:06:24',NULL,NULL),(0000000069,0000000001,0000000804,1.00,34637.00,0.00,0.00,34637.00,0000000000,0000000000,0000000000,'METALSIGMAUSER','2019-03-12 18:06:24',NULL,NULL),(0000000070,0000000001,0000000805,7.00,1499.00,0.00,0.00,10493.00,0000000000,0000000000,0000000000,'METALSIGMAUSER','2019-03-12 18:06:24',NULL,NULL),(0000000071,0000000001,0000000806,2.00,10968.00,0.00,0.00,21936.00,0000000000,0000000000,0000000000,'METALSIGMAUSER','2019-03-12 18:06:24',NULL,NULL),(0000000072,0000000001,0000000807,2.00,6282.00,0.00,0.00,12564.00,0000000000,0000000000,0000000000,'METALSIGMAUSER','2019-03-12 18:06:24',NULL,NULL),(0000000073,0000000001,0000000808,1.00,4898.00,0.00,0.00,4898.00,0000000000,0000000000,0000000000,'METALSIGMAUSER','2019-03-12 18:06:24',NULL,NULL),(0000000074,0000000001,0000000809,1.00,6652.00,0.00,0.00,6652.00,0000000000,0000000000,0000000000,'METALSIGMAUSER','2019-03-12 18:06:24',NULL,NULL),(0000000075,0000000001,0000000810,2.00,8326.00,0.00,0.00,16652.00,0000000000,0000000000,0000000000,'METALSIGMAUSER','2019-03-12 18:06:24',NULL,NULL),(0000000076,0000000001,0000000811,1.00,4940.00,0.00,0.00,4940.00,0000000000,0000000000,0000000000,'METALSIGMAUSER','2019-03-12 18:06:24',NULL,NULL),(0000000077,0000000001,0000000812,3.00,10631.00,0.00,0.00,31893.00,0000000000,0000000000,0000000000,'METALSIGMAUSER','2019-03-12 18:06:24',NULL,NULL),(0000000078,0000000001,0000000813,1.00,135559.00,0.00,0.00,135559.00,0000000000,0000000000,0000000000,'METALSIGMAUSER','2019-03-12 18:06:24',NULL,NULL),(0000000079,0000000001,0000000814,2.00,6758.00,0.00,0.00,13516.00,0000000000,0000000000,0000000000,'METALSIGMAUSER','2019-03-12 18:06:24',NULL,NULL),(0000000080,0000000001,0000000815,1.00,4989.00,0.00,0.00,4989.00,0000000000,0000000000,0000000000,'METALSIGMAUSER','2019-03-12 18:06:24',NULL,NULL),(0000000081,0000000001,0000000816,1.00,4572.00,0.00,0.00,4572.00,0000000000,0000000000,0000000000,'METALSIGMAUSER','2019-03-12 18:06:24',NULL,NULL),(0000000082,0000000001,0000000817,4.00,4740.00,0.00,0.00,18960.00,0000000000,0000000000,0000000000,'METALSIGMAUSER','2019-03-12 18:06:24',NULL,NULL),(0000000083,0000000001,0000000818,1.00,665.00,0.00,0.00,665.00,0000000000,0000000000,0000000000,'METALSIGMAUSER','2019-03-12 18:06:24',NULL,NULL),(0000000084,0000000001,0000000819,1.00,9929.00,0.00,0.00,9929.00,0000000000,0000000000,0000000000,'METALSIGMAUSER','2019-03-12 18:06:24',NULL,NULL),(0000000085,0000000001,0000000820,3.00,4572.00,0.00,0.00,13716.00,0000000000,0000000000,0000000000,'METALSIGMAUSER','2019-03-12 18:06:24',NULL,NULL),(0000000086,0000000001,0000000821,1.00,29093.00,0.00,0.00,29093.00,0000000000,0000000000,0000000000,'METALSIGMAUSER','2019-03-12 18:06:24',NULL,NULL),(0000000087,0000000001,0000000822,4.00,12311.00,0.00,0.00,49244.00,0000000000,0000000000,0000000000,'METALSIGMAUSER','2019-03-12 18:06:24',NULL,NULL),(0000000088,0000000001,0000000823,4.00,40011.00,0.00,0.00,160044.00,0000000000,0000000000,0000000000,'METALSIGMAUSER','2019-03-12 18:06:24',NULL,NULL),(0000000089,0000000001,0000000824,1.00,18559.00,0.00,0.00,18559.00,0000000000,0000000000,0000000000,'METALSIGMAUSER','2019-03-12 18:06:24',NULL,NULL),(0000000090,0000000001,0000000825,1.00,66682.00,0.00,0.00,66682.00,0000000000,0000000000,0000000000,'METALSIGMAUSER','2019-03-12 18:06:24',NULL,NULL),(0000000091,0000000001,0000000826,2.00,2957.00,0.00,0.00,5914.00,0000000000,0000000000,0000000000,'METALSIGMAUSER','2019-03-12 18:06:24',NULL,NULL),(0000000092,0000000001,0000000827,2.00,13338.00,0.00,0.00,26676.00,0000000000,0000000000,0000000000,'METALSIGMAUSER','2019-03-12 18:06:24',NULL,NULL),(0000000093,0000000001,0000000828,1.00,7271.00,0.00,0.00,7271.00,0000000000,0000000000,0000000000,'METALSIGMAUSER','2019-03-12 18:06:24',NULL,NULL),(0000000094,0000000001,0000000829,2.00,10454.00,0.00,0.00,20908.00,0000000000,0000000000,0000000000,'METALSIGMAUSER','2019-03-12 18:06:24',NULL,NULL),(0000000095,0000000001,0000000830,2.00,8941.00,0.00,0.00,17882.00,0000000000,0000000000,0000000000,'METALSIGMAUSER','2019-03-12 18:06:24',NULL,NULL),(0000000096,0000000001,0000000831,1.00,13404.00,0.00,0.00,13404.00,0000000000,0000000000,0000000000,'METALSIGMAUSER','2019-03-12 18:06:24',NULL,NULL),(0000000097,0000000001,0000000832,1.00,3340.00,0.00,0.00,3340.00,0000000000,0000000000,0000000000,'METALSIGMAUSER','2019-03-12 18:06:24',NULL,NULL),(0000000098,0000000001,0000000833,1.00,6497.00,0.00,0.00,6497.00,0000000000,0000000000,0000000000,'METALSIGMAUSER','2019-03-12 18:06:24',NULL,NULL),(0000000099,0000000001,0000000834,1.00,7876.00,0.00,0.00,7876.00,0000000000,0000000000,0000000000,'METALSIGMAUSER','2019-03-12 18:06:24',NULL,NULL),(0000000100,0000000001,0000000835,1.00,6423.00,0.00,0.00,6423.00,0000000000,0000000000,0000000000,'METALSIGMAUSER','2019-03-12 18:06:24',NULL,NULL),(0000000101,0000000001,0000000836,1.00,12419.00,0.00,0.00,12419.00,0000000000,0000000000,0000000000,'METALSIGMAUSER','2019-03-12 18:06:24',NULL,NULL),(0000000102,0000000001,0000000837,2.00,183.00,0.00,0.00,366.00,0000000000,0000000000,0000000000,'METALSIGMAUSER','2019-03-12 18:06:24',NULL,NULL),(0000000103,0000000001,0000000838,7.00,1373.00,0.00,0.00,9611.00,0000000000,0000000000,0000000000,'METALSIGMAUSER','2019-03-12 18:06:24',NULL,NULL),(0000000104,0000000001,0000000839,1.00,2488.00,0.00,0.00,2488.00,0000000000,0000000000,0000000000,'METALSIGMAUSER','2019-03-12 18:06:24',NULL,NULL),(0000000105,0000000001,0000000840,1.00,2611.00,0.00,0.00,2611.00,0000000000,0000000000,0000000000,'METALSIGMAUSER','2019-03-12 18:06:24',NULL,NULL),(0000000106,0000000001,0000000841,4.00,1836.00,0.00,0.00,7344.00,0000000000,0000000000,0000000000,'METALSIGMAUSER','2019-03-12 18:06:24',NULL,NULL),(0000000107,0000000001,0000000842,10.00,2300.00,0.00,0.00,23000.00,0000000000,0000000000,0000000000,'METALSIGMAUSER','2019-03-12 18:06:24',NULL,NULL),(0000000108,0000000001,0000000843,10.00,1222.00,0.00,0.00,12220.00,0000000000,0000000000,0000000000,'METALSIGMAUSER','2019-03-12 18:06:24',NULL,NULL),(0000000109,0000000001,0000000844,1.00,86906.00,0.00,0.00,86906.00,0000000000,0000000000,0000000000,'METALSIGMAUSER','2019-03-12 18:06:24',NULL,NULL),(0000000110,0000000001,0000000845,2.00,25276.00,0.00,0.00,50552.00,0000000000,0000000000,0000000000,'METALSIGMAUSER','2019-03-12 18:06:24',NULL,NULL),(0000000111,0000000001,0000000846,2.00,10149.00,0.00,0.00,20298.00,0000000000,0000000000,0000000000,'METALSIGMAUSER','2019-03-12 18:06:24',NULL,NULL),(0000000112,0000000001,0000000847,12.00,7969.00,0.00,0.00,95628.00,0000000000,0000000000,0000000000,'METALSIGMAUSER','2019-03-12 18:06:24',NULL,NULL),(0000000113,0000000001,0000000848,1.00,1000.00,0.00,0.00,1000.00,0000000000,0000000000,0000000000,'METALSIGMAUSER','2019-03-12 18:06:24',NULL,NULL),(0000000114,0000000001,0000000849,1.00,2465.00,0.00,0.00,2465.00,0000000000,0000000000,0000000000,'METALSIGMAUSER','2019-03-12 18:06:24',NULL,NULL),(0000000115,0000000001,0000000850,3.00,13625.00,0.00,0.00,40875.00,0000000000,0000000000,0000000000,'METALSIGMAUSER','2019-03-12 18:06:24',NULL,NULL),(0000000116,0000000001,0000000851,12.00,11371.00,0.00,0.00,136452.00,0000000000,0000000000,0000000000,'METALSIGMAUSER','2019-03-12 18:06:24',NULL,NULL),(0000000117,0000000001,0000000852,24.00,930.00,0.00,0.00,22320.00,0000000000,0000000000,0000000000,'METALSIGMAUSER','2019-03-12 18:06:24',NULL,NULL),(0000000118,0000000001,0000000853,2.00,11386.00,0.00,0.00,22772.00,0000000000,0000000000,0000000000,'METALSIGMAUSER','2019-03-12 18:06:24',NULL,NULL),(0000000119,0000000001,0000000854,10.00,4699.00,0.00,0.00,46990.00,0000000000,0000000000,0000000000,'METALSIGMAUSER','2019-03-12 18:06:24',NULL,NULL),(0000000120,0000000001,0000000855,24.00,6429.00,0.00,0.00,154296.00,0000000000,0000000000,0000000000,'METALSIGMAUSER','2019-03-12 18:06:24',NULL,NULL),(0000000121,0000000001,0000000856,6.00,14617.00,0.00,0.00,87702.00,0000000000,0000000000,0000000000,'METALSIGMAUSER','2019-03-12 18:06:24',NULL,NULL),(0000000122,0000000001,0000000857,23.00,3717.00,0.00,0.00,85491.00,0000000000,0000000000,0000000000,'METALSIGMAUSER','2019-03-12 18:06:24',NULL,NULL),(0000000123,0000000001,0000000858,12.00,10362.00,0.00,0.00,124344.00,0000000000,0000000000,0000000000,'METALSIGMAUSER','2019-03-12 18:06:24',NULL,NULL),(0000000124,0000000001,0000000859,2.00,10697.00,0.00,0.00,21394.00,0000000000,0000000000,0000000000,'METALSIGMAUSER','2019-03-12 18:06:24',NULL,NULL),(0000000125,0000000001,0000000860,4.00,7737.00,0.00,0.00,30948.00,0000000000,0000000000,0000000000,'METALSIGMAUSER','2019-03-12 18:06:24',NULL,NULL),(0000000126,0000000001,0000000861,1.00,11695.00,0.00,0.00,11695.00,0000000000,0000000000,0000000000,'METALSIGMAUSER','2019-03-12 18:06:24',NULL,NULL),(0000000127,0000000001,0000000862,1.00,1640.00,0.00,0.00,1640.00,0000000000,0000000000,0000000000,'METALSIGMAUSER','2019-03-12 18:06:24',NULL,NULL),(0000000128,0000000001,0000000863,1.00,1394.00,0.00,0.00,1394.00,0000000000,0000000000,0000000000,'METALSIGMAUSER','2019-03-12 18:06:24',NULL,NULL),(0000000129,0000000001,0000000864,5.00,3700.00,0.00,0.00,18500.00,0000000000,0000000000,0000000000,'METALSIGMAUSER','2019-03-12 18:06:24',NULL,NULL),(0000000130,0000000001,0000000865,2.00,156946.00,0.00,0.00,313892.00,0000000000,0000000000,0000000000,'METALSIGMAUSER','2019-03-12 18:06:24',NULL,NULL),(0000000131,0000000001,0000000866,1.00,42674.00,0.00,0.00,42674.00,0000000000,0000000000,0000000000,'METALSIGMAUSER','2019-03-12 18:06:24',NULL,NULL),(0000000132,0000000001,0000000867,1.00,30640.00,0.00,0.00,30640.00,0000000000,0000000000,0000000000,'METALSIGMAUSER','2019-03-12 18:06:24',NULL,NULL),(0000000133,0000000001,0000000868,2.00,28485.00,0.00,0.00,56970.00,0000000000,0000000000,0000000000,'METALSIGMAUSER','2019-03-12 18:06:24',NULL,NULL),(0000000134,0000000001,0000000869,2.00,89091.00,0.00,0.00,178182.00,0000000000,0000000000,0000000000,'METALSIGMAUSER','2019-03-12 18:06:24',NULL,NULL),(0000000135,0000000001,0000000870,2.00,71395.00,0.00,0.00,142790.00,0000000000,0000000000,0000000000,'METALSIGMAUSER','2019-03-12 18:06:24',NULL,NULL),(0000000136,0000000001,0000000871,29.00,1401.00,0.00,0.00,40629.00,0000000000,0000000000,0000000000,'METALSIGMAUSER','2019-03-12 18:06:24',NULL,NULL),(0000000137,0000000001,0000000872,1.00,61482.00,0.00,0.00,61482.00,0000000000,0000000000,0000000000,'METALSIGMAUSER','2019-03-12 18:06:24',NULL,NULL),(0000000138,0000000001,0000000873,1.00,7136.00,0.00,0.00,7136.00,0000000000,0000000000,0000000000,'METALSIGMAUSER','2019-03-12 18:06:24',NULL,NULL),(0000000139,0000000001,0000000874,1.00,35689.00,0.00,0.00,35689.00,0000000000,0000000000,0000000000,'METALSIGMAUSER','2019-03-12 18:06:24',NULL,NULL),(0000000140,0000000001,0000000875,1.00,13541.00,0.00,0.00,13541.00,0000000000,0000000000,0000000000,'METALSIGMAUSER','2019-03-12 18:06:24',NULL,NULL),(0000000141,0000000001,0000000876,1.00,1337.00,0.00,0.00,1337.00,0000000000,0000000000,0000000000,'METALSIGMAUSER','2019-03-12 18:06:24',NULL,NULL),(0000000142,0000000001,0000000877,1.00,1572.00,0.00,0.00,1572.00,0000000000,0000000000,0000000000,'METALSIGMAUSER','2019-03-12 18:06:24',NULL,NULL),(0000000143,0000000001,0000000878,1.00,209179.00,0.00,0.00,209179.00,0000000000,0000000000,0000000000,'METALSIGMAUSER','2019-03-12 18:06:24',NULL,NULL),(0000000144,0000000001,0000000879,2.00,22485.00,0.00,0.00,44970.00,0000000000,0000000000,0000000000,'METALSIGMAUSER','2019-03-12 18:06:24',NULL,NULL),(0000000145,0000000001,0000000880,2.00,38053.00,0.00,0.00,76106.00,0000000000,0000000000,0000000000,'METALSIGMAUSER','2019-03-12 18:06:24',NULL,NULL),(0000000146,0000000001,0000000881,2.00,98857.00,0.00,0.00,197714.00,0000000000,0000000000,0000000000,'METALSIGMAUSER','2019-03-12 18:06:24',NULL,NULL),(0000000147,0000000001,0000000882,2.00,98858.00,0.00,0.00,197716.00,0000000000,0000000000,0000000000,'METALSIGMAUSER','2019-03-12 18:06:24',NULL,NULL),(0000000148,0000000001,0000000883,2.00,25740.00,0.00,0.00,51480.00,0000000000,0000000000,0000000000,'METALSIGMAUSER','2019-03-12 18:06:24',NULL,NULL),(0000000149,0000000001,0000000884,12.00,4877.00,0.00,0.00,58524.00,0000000000,0000000000,0000000000,'METALSIGMAUSER','2019-03-12 18:06:24',NULL,NULL),(0000000150,0000000001,0000000885,1.00,6002.00,0.00,0.00,6002.00,0000000000,0000000000,0000000000,'METALSIGMAUSER','2019-03-12 18:06:24',NULL,NULL),(0000000151,0000000001,0000000886,2.00,6600.00,0.00,0.00,13200.00,0000000000,0000000000,0000000000,'METALSIGMAUSER','2019-03-12 18:06:24',NULL,NULL),(0000000152,0000000001,0000000887,1.00,4907.00,0.00,0.00,4907.00,0000000000,0000000000,0000000000,'METALSIGMAUSER','2019-03-12 18:06:24',NULL,NULL),(0000000153,0000000001,0000000888,1.00,134.00,0.00,0.00,134.00,0000000000,0000000000,0000000000,'METALSIGMAUSER','2019-03-12 18:06:24',NULL,NULL),(0000000154,0000000001,0000000889,1.00,8070.00,0.00,0.00,8070.00,0000000000,0000000000,0000000000,'METALSIGMAUSER','2019-03-12 18:06:24',NULL,NULL),(0000000155,0000000001,0000000890,1.00,300.00,0.00,0.00,300.00,0000000000,0000000000,0000000000,'METALSIGMAUSER','2019-03-12 18:06:24',NULL,NULL),(0000000156,0000000001,0000000891,1.00,7907.00,0.00,0.00,7907.00,0000000000,0000000000,0000000000,'METALSIGMAUSER','2019-03-12 18:06:24',NULL,NULL),(0000000157,0000000001,0000000892,1.00,9664.00,0.00,0.00,9664.00,0000000000,0000000000,0000000000,'METALSIGMAUSER','2019-03-12 18:06:24',NULL,NULL),(0000000158,0000000001,0000000893,1.00,5368.00,0.00,0.00,5368.00,0000000000,0000000000,0000000000,'METALSIGMAUSER','2019-03-12 18:06:24',NULL,NULL),(0000000159,0000000001,0000000894,3.00,5573.00,0.00,0.00,16719.00,0000000000,0000000000,0000000000,'METALSIGMAUSER','2019-03-12 18:06:24',NULL,NULL),(0000000160,0000000001,0000000895,10.00,4694.00,0.00,0.00,46940.00,0000000000,0000000000,0000000000,'METALSIGMAUSER','2019-03-12 18:06:24',NULL,NULL),(0000000161,0000000001,0000000896,4.00,316.00,0.00,0.00,1264.00,0000000000,0000000000,0000000000,'METALSIGMAUSER','2019-03-12 18:06:24',NULL,NULL),(0000000162,0000000001,0000000897,5.00,251.00,0.00,0.00,1255.00,0000000000,0000000000,0000000000,'METALSIGMAUSER','2019-03-12 18:06:24',NULL,NULL),(0000000163,0000000001,0000000898,1.00,6706.00,0.00,0.00,6706.00,0000000000,0000000000,0000000000,'METALSIGMAUSER','2019-03-12 18:06:24',NULL,NULL),(0000000164,0000000001,0000000899,2.00,943.00,0.00,0.00,1886.00,0000000000,0000000000,0000000000,'METALSIGMAUSER','2019-03-12 18:06:24',NULL,NULL),(0000000165,0000000001,0000000900,2.00,71373.00,0.00,0.00,142746.00,0000000000,0000000000,0000000000,'METALSIGMAUSER','2019-03-12 18:06:24',NULL,NULL),(0000000166,0000000001,0000000901,2.00,10397.00,0.00,0.00,20794.00,0000000000,0000000000,0000000000,'METALSIGMAUSER','2019-03-12 18:06:24',NULL,NULL),(0000000167,0000000001,0000000902,1.00,12122.00,0.00,0.00,12122.00,0000000000,0000000000,0000000000,'METALSIGMAUSER','2019-03-12 18:06:24',NULL,NULL),(0000000168,0000000001,0000000903,1.00,32295.00,0.00,0.00,32295.00,0000000000,0000000000,0000000000,'METALSIGMAUSER','2019-03-12 18:06:24',NULL,NULL),(0000000169,0000000001,0000000904,1.00,69243.00,0.00,0.00,69243.00,0000000000,0000000000,0000000000,'METALSIGMAUSER','2019-03-12 18:06:24',NULL,NULL),(0000000170,0000000001,0000000905,8.00,1995.00,0.00,0.00,15960.00,0000000000,0000000000,0000000000,'METALSIGMAUSER','2019-03-12 18:06:24',NULL,NULL),(0000000171,0000000001,0000000906,2.00,141771.00,0.00,0.00,283542.00,0000000000,0000000000,0000000000,'METALSIGMAUSER','2019-03-12 18:06:24',NULL,NULL),(0000000172,0000000001,0000000907,2.00,6718.00,0.00,0.00,13436.00,0000000000,0000000000,0000000000,'METALSIGMAUSER','2019-03-12 18:06:24',NULL,NULL),(0000000173,0000000001,0000000908,2.00,1156.00,0.00,0.00,2312.00,0000000000,0000000000,0000000000,'METALSIGMAUSER','2019-03-12 18:06:24',NULL,NULL),(0000000174,0000000001,0000000909,2.00,2017.00,0.00,0.00,4034.00,0000000000,0000000000,0000000000,'METALSIGMAUSER','2019-03-12 18:06:24',NULL,NULL),(0000000175,0000000001,0000000910,6.00,4707.00,0.00,0.00,28242.00,0000000000,0000000000,0000000000,'METALSIGMAUSER','2019-03-12 18:06:24',NULL,NULL),(0000000176,0000000001,0000000911,6.00,9849.00,0.00,0.00,59094.00,0000000000,0000000000,0000000000,'METALSIGMAUSER','2019-03-12 18:06:24',NULL,NULL),(0000000177,0000000001,0000000912,2.00,20923.00,0.00,0.00,41846.00,0000000000,0000000000,0000000000,'METALSIGMAUSER','2019-03-12 18:06:24',NULL,NULL),(0000000178,0000000001,0000000913,6.00,8997.00,0.00,0.00,53982.00,0000000000,0000000000,0000000000,'METALSIGMAUSER','2019-03-12 18:06:24',NULL,NULL),(0000000179,0000000001,0000000914,1.00,2438.00,0.00,0.00,2438.00,0000000000,0000000000,0000000000,'METALSIGMAUSER','2019-03-12 18:06:24',NULL,NULL),(0000000180,0000000001,0000000915,1.00,10562.00,0.00,0.00,10562.00,0000000000,0000000000,0000000000,'METALSIGMAUSER','2019-03-12 18:06:24',NULL,NULL),(0000000181,0000000001,0000000916,2.00,12215.00,0.00,0.00,24430.00,0000000000,0000000000,0000000000,'METALSIGMAUSER','2019-03-12 18:06:24',NULL,NULL),(0000000182,0000000001,0000000917,5.00,53016.00,0.00,0.00,265080.00,0000000000,0000000000,0000000000,'METALSIGMAUSER','2019-03-12 18:06:24',NULL,NULL),(0000000183,0000000001,0000000918,1.00,128213.00,0.00,0.00,128213.00,0000000000,0000000000,0000000000,'METALSIGMAUSER','2019-03-12 18:06:24',NULL,NULL),(0000000184,0000000001,0000000919,1.00,122272.00,0.00,0.00,122272.00,0000000000,0000000000,0000000000,'METALSIGMAUSER','2019-03-12 18:06:24',NULL,NULL),(0000000185,0000000001,0000000920,2.00,42099.00,0.00,0.00,84198.00,0000000000,0000000000,0000000000,'METALSIGMAUSER','2019-03-12 18:06:24',NULL,NULL),(0000000186,0000000001,0000000921,2.00,105171.00,0.00,0.00,210342.00,0000000000,0000000000,0000000000,'METALSIGMAUSER','2019-03-12 18:06:24',NULL,NULL),(0000000187,0000000001,0000000922,1.00,1000.00,0.00,0.00,1000.00,0000000000,0000000000,0000000000,'METALSIGMAUSER','2019-03-12 18:06:24',NULL,NULL),(0000000188,0000000001,0000000923,2.00,53563.00,0.00,0.00,107126.00,0000000000,0000000000,0000000000,'METALSIGMAUSER','2019-03-12 18:06:24',NULL,NULL),(0000000189,0000000001,0000000924,1.00,40619.00,0.00,0.00,40619.00,0000000000,0000000000,0000000000,'METALSIGMAUSER','2019-03-12 18:06:24',NULL,NULL),(0000000190,0000000001,0000000925,2.00,39997.00,0.00,0.00,79994.00,0000000000,0000000000,0000000000,'METALSIGMAUSER','2019-03-12 18:06:24',NULL,NULL),(0000000191,0000000001,0000000926,2.00,84615.00,0.00,0.00,169230.00,0000000000,0000000000,0000000000,'METALSIGMAUSER','2019-03-12 18:06:24',NULL,NULL),(0000000192,0000000001,0000000927,2.00,37360.00,0.00,0.00,74720.00,0000000000,0000000000,0000000000,'METALSIGMAUSER','2019-03-12 18:06:24',NULL,NULL),(0000000193,0000000001,0000000928,1.00,25712.00,0.00,0.00,25712.00,0000000000,0000000000,0000000000,'METALSIGMAUSER','2019-03-12 18:06:24',NULL,NULL),(0000000194,0000000001,0000000929,2.00,27047.00,0.00,0.00,54094.00,0000000000,0000000000,0000000000,'METALSIGMAUSER','2019-03-12 18:06:24',NULL,NULL),(0000000195,0000000001,0000000930,1.00,105878.00,0.00,0.00,105878.00,0000000000,0000000000,0000000000,'METALSIGMAUSER','2019-03-12 18:06:24',NULL,NULL),(0000000196,0000000001,0000000931,8.00,5799.00,0.00,0.00,46392.00,0000000000,0000000000,0000000000,'METALSIGMAUSER','2019-03-12 18:06:24',NULL,NULL),(0000000197,0000000001,0000000932,1.00,24636.00,0.00,0.00,24636.00,0000000000,0000000000,0000000000,'METALSIGMAUSER','2019-03-12 18:06:24',NULL,NULL),(0000000198,0000000001,0000000933,1.00,230691.00,0.00,0.00,230691.00,0000000000,0000000000,0000000000,'METALSIGMAUSER','2019-03-12 18:06:24',NULL,NULL),(0000000199,0000000001,0000000934,6.00,7063.00,0.00,0.00,42378.00,0000000000,0000000000,0000000000,'METALSIGMAUSER','2019-03-12 18:06:24',NULL,NULL),(0000000200,0000000001,0000000935,1.00,27924.00,0.00,0.00,27924.00,0000000000,0000000000,0000000000,'METALSIGMAUSER','2019-03-12 18:06:24',NULL,NULL),(0000000201,0000000001,0000000936,1.00,20087.00,0.00,0.00,20087.00,0000000000,0000000000,0000000000,'METALSIGMAUSER','2019-03-12 18:06:24',NULL,NULL),(0000000202,0000000001,0000000937,6.00,22341.00,0.00,0.00,134046.00,0000000000,0000000000,0000000000,'METALSIGMAUSER','2019-03-12 18:06:24',NULL,NULL),(0000000203,0000000001,0000000938,6.00,38852.00,0.00,0.00,233112.00,0000000000,0000000000,0000000000,'METALSIGMAUSER','2019-03-12 18:06:24',NULL,NULL),(0000000204,0000000001,0000000939,2.00,52670.00,0.00,0.00,105340.00,0000000000,0000000000,0000000000,'METALSIGMAUSER','2019-03-12 18:06:24',NULL,NULL),(0000000205,0000000001,0000000940,4.00,28290.00,0.00,0.00,113160.00,0000000000,0000000000,0000000000,'METALSIGMAUSER','2019-03-12 18:06:24',NULL,NULL),(0000000206,0000000001,0000000941,1.00,224157.00,0.00,0.00,224157.00,0000000000,0000000000,0000000000,'METALSIGMAUSER','2019-03-12 18:06:24',NULL,NULL),(0000000207,0000000001,0000000942,1.00,9523.00,0.00,0.00,9523.00,0000000000,0000000000,0000000000,'METALSIGMAUSER','2019-03-12 18:06:24',NULL,NULL),(0000000208,0000000001,0000000943,1.00,177792.00,0.00,0.00,177792.00,0000000000,0000000000,0000000000,'METALSIGMAUSER','2019-03-12 18:06:24',NULL,NULL),(0000000209,0000000001,0000000944,1.00,111464.00,0.00,0.00,111464.00,0000000000,0000000000,0000000000,'METALSIGMAUSER','2019-03-12 18:06:24',NULL,NULL),(0000000210,0000000001,0000000945,1.00,84454.00,0.00,0.00,84454.00,0000000000,0000000000,0000000000,'METALSIGMAUSER','2019-03-12 18:06:24',NULL,NULL),(0000000211,0000000001,0000000946,8.00,946.00,0.00,0.00,7568.00,0000000000,0000000000,0000000000,'METALSIGMAUSER','2019-03-12 18:06:24',NULL,NULL),(0000000212,0000000001,0000000947,1.00,196636.00,0.00,0.00,196636.00,0000000000,0000000000,0000000000,'METALSIGMAUSER','2019-03-12 18:06:24',NULL,NULL),(0000000213,0000000001,0000000948,1.00,18756.00,0.00,0.00,18756.00,0000000000,0000000000,0000000000,'METALSIGMAUSER','2019-03-12 18:06:24',NULL,NULL),(0000000214,0000000001,0000000949,1.00,27939.00,0.00,0.00,27939.00,0000000000,0000000000,0000000000,'METALSIGMAUSER','2019-03-12 18:06:24',NULL,NULL),(0000000215,0000000001,0000000950,1.00,51486.00,0.00,0.00,51486.00,0000000000,0000000000,0000000000,'METALSIGMAUSER','2019-03-12 18:06:24',NULL,NULL),(0000000216,0000000001,0000000951,1.00,16281.00,0.00,0.00,16281.00,0000000000,0000000000,0000000000,'METALSIGMAUSER','2019-03-12 18:06:24',NULL,NULL),(0000000217,0000000001,0000000952,4.00,661.00,0.00,0.00,2644.00,0000000000,0000000000,0000000000,'METALSIGMAUSER','2019-03-12 18:06:24',NULL,NULL),(0000000218,0000000001,0000000953,3.00,7981.00,0.00,0.00,23943.00,0000000000,0000000000,0000000000,'METALSIGMAUSER','2019-03-12 18:06:24',NULL,NULL),(0000000219,0000000001,0000000954,2.00,3023.00,0.00,0.00,6046.00,0000000000,0000000000,0000000000,'METALSIGMAUSER','2019-03-12 18:06:24',NULL,NULL),(0000000220,0000000001,0000000955,3.00,7946.00,0.00,0.00,23838.00,0000000000,0000000000,0000000000,'METALSIGMAUSER','2019-03-12 18:06:24',NULL,NULL),(0000000221,0000000001,0000000956,1.00,13540.00,0.00,0.00,13540.00,0000000000,0000000000,0000000000,'METALSIGMAUSER','2019-03-12 18:06:24',NULL,NULL),(0000000222,0000000001,0000000957,2.00,11258.00,0.00,0.00,22516.00,0000000000,0000000000,0000000000,'METALSIGMAUSER','2019-03-12 18:06:24',NULL,NULL),(0000000223,0000000001,0000000958,1.00,56211.00,0.00,0.00,56211.00,0000000000,0000000000,0000000000,'METALSIGMAUSER','2019-03-12 18:06:24',NULL,NULL),(0000000224,0000000001,0000000959,2.00,273.00,0.00,0.00,546.00,0000000000,0000000000,0000000000,'METALSIGMAUSER','2019-03-12 18:06:24',NULL,NULL),(0000000225,0000000001,0000000960,1.00,17317.00,0.00,0.00,17317.00,0000000000,0000000000,0000000000,'METALSIGMAUSER','2019-03-12 18:06:24',NULL,NULL),(0000000226,0000000001,0000000961,1.00,8431.00,0.00,0.00,8431.00,0000000000,0000000000,0000000000,'METALSIGMAUSER','2019-03-12 18:06:24',NULL,NULL),(0000000227,0000000001,0000000962,8.00,10218.00,0.00,0.00,81744.00,0000000000,0000000000,0000000000,'METALSIGMAUSER','2019-03-12 18:06:24',NULL,NULL),(0000000228,0000000001,0000000963,1.00,18648.00,0.00,0.00,18648.00,0000000000,0000000000,0000000000,'METALSIGMAUSER','2019-03-12 18:06:24',NULL,NULL),(0000000229,0000000001,0000000964,1.00,8517.00,0.00,0.00,8517.00,0000000000,0000000000,0000000000,'METALSIGMAUSER','2019-03-12 18:06:24',NULL,NULL),(0000000230,0000000001,0000000965,1.00,32487.00,0.00,0.00,32487.00,0000000000,0000000000,0000000000,'METALSIGMAUSER','2019-03-12 18:06:24',NULL,NULL),(0000000231,0000000001,0000000966,1.00,5051.00,0.00,0.00,5051.00,0000000000,0000000000,0000000000,'METALSIGMAUSER','2019-03-12 18:06:24',NULL,NULL),(0000000232,0000000001,0000000967,4.00,4572.00,0.00,0.00,18288.00,0000000000,0000000000,0000000000,'METALSIGMAUSER','2019-03-12 18:06:24',NULL,NULL),(0000000233,0000000001,0000000968,2.00,31558.00,0.00,0.00,63116.00,0000000000,0000000000,0000000000,'METALSIGMAUSER','2019-03-12 18:06:24',NULL,NULL),(0000000234,0000000001,0000000969,1.00,3307.00,0.00,0.00,3307.00,0000000000,0000000000,0000000000,'METALSIGMAUSER','2019-03-12 18:06:24',NULL,NULL),(0000000235,0000000001,0000000970,1.00,31442.00,0.00,0.00,31442.00,0000000000,0000000000,0000000000,'METALSIGMAUSER','2019-03-12 18:06:24',NULL,NULL),(0000000236,0000000001,0000000971,1.00,22345.00,0.00,0.00,22345.00,0000000000,0000000000,0000000000,'METALSIGMAUSER','2019-03-12 18:06:24',NULL,NULL),(0000000237,0000000001,0000000972,1.00,129769.00,0.00,0.00,129769.00,0000000000,0000000000,0000000000,'METALSIGMAUSER','2019-03-12 18:06:24',NULL,NULL),(0000000238,0000000001,0000000973,2.00,39161.00,0.00,0.00,78322.00,0000000000,0000000000,0000000000,'METALSIGMAUSER','2019-03-12 18:06:24',NULL,NULL),(0000000239,0000000001,0000000974,2.00,76736.00,0.00,0.00,153472.00,0000000000,0000000000,0000000000,'METALSIGMAUSER','2019-03-12 18:06:24',NULL,NULL),(0000000240,0000000001,0000000975,24.00,3303.00,0.00,0.00,79272.00,0000000000,0000000000,0000000000,'METALSIGMAUSER','2019-03-12 18:06:24',NULL,NULL),(0000000241,0000000001,0000000976,1.00,38504.00,0.00,0.00,38504.00,0000000000,0000000000,0000000000,'METALSIGMAUSER','2019-03-12 18:06:24',NULL,NULL),(0000000242,0000000001,0000000977,1.00,37246.00,0.00,0.00,37246.00,0000000000,0000000000,0000000000,'METALSIGMAUSER','2019-03-12 18:06:24',NULL,NULL),(0000000243,0000000001,0000000978,1.00,26171.00,0.00,0.00,26171.00,0000000000,0000000000,0000000000,'METALSIGMAUSER','2019-03-12 18:06:24',NULL,NULL),(0000000244,0000000001,0000000979,4.00,2069.00,0.00,0.00,8276.00,0000000000,0000000000,0000000000,'METALSIGMAUSER','2019-03-12 18:06:24',NULL,NULL),(0000000245,0000000001,0000000980,3.00,1745.00,0.00,0.00,5235.00,0000000000,0000000000,0000000000,'METALSIGMAUSER','2019-03-12 18:06:24',NULL,NULL),(0000000246,0000000001,0000000981,2.00,4300.00,0.00,0.00,8600.00,0000000000,0000000000,0000000000,'METALSIGMAUSER','2019-03-12 18:06:24',NULL,NULL),(0000000247,0000000001,0000000982,4.00,180042.00,0.00,0.00,720168.00,0000000000,0000000000,0000000000,'METALSIGMAUSER','2019-03-12 18:06:24',NULL,NULL),(0000000248,0000000001,0000000983,14.00,16623.00,0.00,0.00,232722.00,0000000000,0000000000,0000000000,'METALSIGMAUSER','2019-03-12 18:06:24',NULL,NULL),(0000000249,0000000001,0000000984,1.00,76621.00,0.00,0.00,76621.00,0000000000,0000000000,0000000000,'METALSIGMAUSER','2019-03-12 18:06:24',NULL,NULL),(0000000250,0000000001,0000000985,1.00,61048.00,0.00,0.00,61048.00,0000000000,0000000000,0000000000,'METALSIGMAUSER','2019-03-12 18:06:24',NULL,NULL),(0000000251,0000000001,0000000986,4.00,23631.00,0.00,0.00,94524.00,0000000000,0000000000,0000000000,'METALSIGMAUSER','2019-03-12 18:06:24',NULL,NULL),(0000000252,0000000001,0000000987,3.00,23725.00,0.00,0.00,71175.00,0000000000,0000000000,0000000000,'METALSIGMAUSER','2019-03-12 18:06:24',NULL,NULL),(0000000253,0000000001,0000000988,1.00,10810.00,0.00,0.00,10810.00,0000000000,0000000000,0000000000,'METALSIGMAUSER','2019-03-12 18:06:24',NULL,NULL),(0000000254,0000000001,0000000989,10.00,281.00,0.00,0.00,2810.00,0000000000,0000000000,0000000000,'METALSIGMAUSER','2019-03-12 18:06:24',NULL,NULL),(0000000255,0000000001,0000000990,3.00,23923.00,0.00,0.00,71769.00,0000000000,0000000000,0000000000,'METALSIGMAUSER','2019-03-12 18:06:24',NULL,NULL),(0000000256,0000000001,0000000991,4.00,2962.00,0.00,0.00,11848.00,0000000000,0000000000,0000000000,'METALSIGMAUSER','2019-03-12 18:06:24',NULL,NULL),(0000000257,0000000001,0000000992,2.00,7877.00,0.00,0.00,15754.00,0000000000,0000000000,0000000000,'METALSIGMAUSER','2019-03-12 18:06:24',NULL,NULL),(0000000258,0000000001,0000000993,17.00,1035.00,0.00,0.00,17595.00,0000000000,0000000000,0000000000,'METALSIGMAUSER','2019-03-12 18:06:24',NULL,NULL),(0000000259,0000000001,0000000994,2.00,101171.00,0.00,0.00,202342.00,0000000000,0000000000,0000000000,'METALSIGMAUSER','2019-03-12 18:06:24',NULL,NULL),(0000000260,0000000001,0000000995,1.00,407087.00,0.00,0.00,407087.00,0000000000,0000000000,0000000000,'METALSIGMAUSER','2019-03-12 18:06:24',NULL,NULL),(0000000261,0000000001,0000000996,4.00,5540.00,0.00,0.00,22160.00,0000000000,0000000000,0000000000,'METALSIGMAUSER','2019-03-12 18:06:24',NULL,NULL),(0000000262,0000000001,0000000997,4.00,2970.00,0.00,0.00,11880.00,0000000000,0000000000,0000000000,'METALSIGMAUSER','2019-03-12 18:06:24',NULL,NULL),(0000000263,0000000001,0000000998,2.00,7101.00,0.00,0.00,14202.00,0000000000,0000000000,0000000000,'METALSIGMAUSER','2019-03-12 18:06:24',NULL,NULL),(0000000264,0000000001,0000000999,2.00,8083.00,0.00,0.00,16166.00,0000000000,0000000000,0000000000,'METALSIGMAUSER','2019-03-12 18:06:24',NULL,NULL),(0000000265,0000000001,0000001000,2.00,4753.00,0.00,0.00,9506.00,0000000000,0000000000,0000000000,'METALSIGMAUSER','2019-03-12 18:06:24',NULL,NULL),(0000000266,0000000001,0000001001,2.00,1165.00,0.00,0.00,2330.00,0000000000,0000000000,0000000000,'METALSIGMAUSER','2019-03-12 18:06:24',NULL,NULL),(0000000267,0000000001,0000001002,1.00,5646.00,0.00,0.00,5646.00,0000000000,0000000000,0000000000,'METALSIGMAUSER','2019-03-12 18:06:24',NULL,NULL),(0000000268,0000000001,0000001003,6.00,5743.00,0.00,0.00,34458.00,0000000000,0000000000,0000000000,'METALSIGMAUSER','2019-03-12 18:06:24',NULL,NULL),(0000000269,0000000001,0000001004,1.00,693.00,0.00,0.00,693.00,0000000000,0000000000,0000000000,'METALSIGMAUSER','2019-03-12 18:06:24',NULL,NULL),(0000000270,0000000001,0000001005,1.00,20745.00,0.00,0.00,20745.00,0000000000,0000000000,0000000000,'METALSIGMAUSER','2019-03-12 18:06:24',NULL,NULL),(0000000271,0000000001,0000001006,2.00,10325.00,0.00,0.00,20650.00,0000000000,0000000000,0000000000,'METALSIGMAUSER','2019-03-12 18:06:24',NULL,NULL),(0000000272,0000000001,0000001007,4.00,13220.00,0.00,0.00,52880.00,0000000000,0000000000,0000000000,'METALSIGMAUSER','2019-03-12 18:06:24',NULL,NULL),(0000000273,0000000001,0000001008,1.00,297.00,0.00,0.00,297.00,0000000000,0000000000,0000000000,'METALSIGMAUSER','2019-03-12 18:06:24',NULL,NULL),(0000000274,0000000001,0000001009,7.00,831.00,0.00,0.00,5817.00,0000000000,0000000000,0000000000,'METALSIGMAUSER','2019-03-12 18:06:24',NULL,NULL),(0000000275,0000000001,0000001010,4.00,1049.00,0.00,0.00,4196.00,0000000000,0000000000,0000000000,'METALSIGMAUSER','2019-03-12 18:06:24',NULL,NULL),(0000000276,0000000001,0000001011,1.00,6847.00,0.00,0.00,6847.00,0000000000,0000000000,0000000000,'METALSIGMAUSER','2019-03-12 18:06:24',NULL,NULL),(0000000277,0000000001,0000001012,3.00,6943.00,0.00,0.00,20829.00,0000000000,0000000000,0000000000,'METALSIGMAUSER','2019-03-12 18:06:24',NULL,NULL),(0000000278,0000000001,0000001013,2.00,6497.00,0.00,0.00,12994.00,0000000000,0000000000,0000000000,'METALSIGMAUSER','2019-03-12 18:06:24',NULL,NULL),(0000000279,0000000001,0000001014,31.00,590.00,0.00,0.00,18290.00,0000000000,0000000000,0000000000,'METALSIGMAUSER','2019-03-12 18:06:24',NULL,NULL),(0000000280,0000000001,0000001015,3.00,19349.00,0.00,0.00,58047.00,0000000000,0000000000,0000000000,'METALSIGMAUSER','2019-03-12 18:06:24',NULL,NULL),(0000000281,0000000001,0000001016,4.00,7843.00,0.00,0.00,31372.00,0000000000,0000000000,0000000000,'METALSIGMAUSER','2019-03-12 18:06:24',NULL,NULL),(0000000282,0000000001,0000001017,2.00,6128.00,0.00,0.00,12256.00,0000000000,0000000000,0000000000,'METALSIGMAUSER','2019-03-12 18:06:24',NULL,NULL),(0000000283,0000000001,0000001018,1.00,53960.00,0.00,0.00,53960.00,0000000000,0000000000,0000000000,'METALSIGMAUSER','2019-03-12 18:06:24',NULL,NULL),(0000000284,0000000001,0000001019,7.00,4159.00,0.00,0.00,29113.00,0000000000,0000000000,0000000000,'METALSIGMAUSER','2019-03-12 18:06:24',NULL,NULL),(0000000285,0000000001,0000001020,1.00,16290.00,0.00,0.00,16290.00,0000000000,0000000000,0000000000,'METALSIGMAUSER','2019-03-12 18:06:24',NULL,NULL),(0000000286,0000000001,0000001021,2.00,5671.00,0.00,0.00,11342.00,0000000000,0000000000,0000000000,'METALSIGMAUSER','2019-03-12 18:06:24',NULL,NULL),(0000000287,0000000001,0000001022,1.00,15649.00,0.00,0.00,15649.00,0000000000,0000000000,0000000000,'METALSIGMAUSER','2019-03-12 18:06:24',NULL,NULL),(0000000288,0000000001,0000001023,1.00,5906.00,0.00,0.00,5906.00,0000000000,0000000000,0000000000,'METALSIGMAUSER','2019-03-12 18:06:24',NULL,NULL),(0000000289,0000000001,0000001024,2.00,384.00,0.00,0.00,768.00,0000000000,0000000000,0000000000,'METALSIGMAUSER','2019-03-12 18:06:24',NULL,NULL),(0000000290,0000000001,0000001025,56.00,1150.00,0.00,0.00,64400.00,0000000000,0000000000,0000000000,'METALSIGMAUSER','2019-03-12 18:06:24',NULL,NULL),(0000000291,0000000001,0000001026,3.00,242.00,0.00,0.00,726.00,0000000000,0000000000,0000000000,'METALSIGMAUSER','2019-03-12 18:06:24',NULL,NULL),(0000000292,0000000001,0000001027,1.00,20835.00,0.00,0.00,20835.00,0000000000,0000000000,0000000000,'METALSIGMAUSER','2019-03-12 18:06:24',NULL,NULL),(0000000293,0000000001,0000001028,1.00,297.00,0.00,0.00,297.00,0000000000,0000000000,0000000000,'METALSIGMAUSER','2019-03-12 18:06:24',NULL,NULL),(0000000294,0000000001,0000001029,1.00,19588.00,0.00,0.00,19588.00,0000000000,0000000000,0000000000,'METALSIGMAUSER','2019-03-12 18:06:24',NULL,NULL),(0000000295,0000000001,0000001030,1.00,22212.00,0.00,0.00,22212.00,0000000000,0000000000,0000000000,'METALSIGMAUSER','2019-03-12 18:06:24',NULL,NULL),(0000000296,0000000001,0000001031,6.00,1295.00,0.00,0.00,7770.00,0000000000,0000000000,0000000000,'METALSIGMAUSER','2019-03-12 18:06:24',NULL,NULL),(0000000297,0000000001,0000001032,1.00,1280.00,0.00,0.00,1280.00,0000000000,0000000000,0000000000,'METALSIGMAUSER','2019-03-12 18:06:24',NULL,NULL),(0000000298,0000000001,0000001033,1.00,7512.00,0.00,0.00,7512.00,0000000000,0000000000,0000000000,'METALSIGMAUSER','2019-03-12 18:06:24',NULL,NULL),(0000000299,0000000001,0000001034,1.00,2340.00,0.00,0.00,2340.00,0000000000,0000000000,0000000000,'METALSIGMAUSER','2019-03-12 18:06:24',NULL,NULL),(0000000300,0000000001,0000001035,1.00,1313.00,0.00,0.00,1313.00,0000000000,0000000000,0000000000,'METALSIGMAUSER','2019-03-12 18:06:24',NULL,NULL),(0000000301,0000000001,0000001036,1.00,3345.00,0.00,0.00,3345.00,0000000000,0000000000,0000000000,'METALSIGMAUSER','2019-03-12 18:06:24',NULL,NULL),(0000000302,0000000001,0000001037,2.00,398.00,0.00,0.00,796.00,0000000000,0000000000,0000000000,'METALSIGMAUSER','2019-03-12 18:06:24',NULL,NULL),(0000000303,0000000001,0000001038,1.00,4765.00,0.00,0.00,4765.00,0000000000,0000000000,0000000000,'METALSIGMAUSER','2019-03-12 18:06:24',NULL,NULL),(0000000304,0000000001,0000001039,2.00,19902.00,0.00,0.00,39804.00,0000000000,0000000000,0000000000,'METALSIGMAUSER','2019-03-12 18:06:24',NULL,NULL),(0000000305,0000000001,0000001040,21.00,1186.00,0.00,0.00,24906.00,0000000000,0000000000,0000000000,'METALSIGMAUSER','2019-03-12 18:06:24',NULL,NULL),(0000000306,0000000001,0000001041,2.00,24982.00,0.00,0.00,49964.00,0000000000,0000000000,0000000000,'METALSIGMAUSER','2019-03-12 18:06:24',NULL,NULL),(0000000307,0000000001,0000001042,1.00,1980.00,0.00,0.00,1980.00,0000000000,0000000000,0000000000,'METALSIGMAUSER','2019-03-12 18:06:24',NULL,NULL),(0000000308,0000000001,0000001043,2.00,10835.00,0.00,0.00,21670.00,0000000000,0000000000,0000000000,'METALSIGMAUSER','2019-03-12 18:06:24',NULL,NULL),(0000000309,0000000001,0000001044,4.00,2358.00,0.00,0.00,9432.00,0000000000,0000000000,0000000000,'METALSIGMAUSER','2019-03-12 18:06:24',NULL,NULL),(0000000310,0000000001,0000001045,1.00,1881.00,0.00,0.00,1881.00,0000000000,0000000000,0000000000,'METALSIGMAUSER','2019-03-12 18:06:24',NULL,NULL),(0000000311,0000000001,0000001046,2.00,6891.00,0.00,0.00,13782.00,0000000000,0000000000,0000000000,'METALSIGMAUSER','2019-03-12 18:06:24',NULL,NULL),(0000000312,0000000001,0000001047,1.00,8429.00,0.00,0.00,8429.00,0000000000,0000000000,0000000000,'METALSIGMAUSER','2019-03-12 18:06:24',NULL,NULL),(0000000313,0000000001,0000001048,1.00,69836.00,0.00,0.00,69836.00,0000000000,0000000000,0000000000,'METALSIGMAUSER','2019-03-12 18:06:24',NULL,NULL),(0000000314,0000000001,0000001049,4.00,3040.00,0.00,0.00,12160.00,0000000000,0000000000,0000000000,'METALSIGMAUSER','2019-03-12 18:06:24',NULL,NULL),(0000000315,0000000001,0000001050,1.00,6745.00,0.00,0.00,6745.00,0000000000,0000000000,0000000000,'METALSIGMAUSER','2019-03-12 18:06:24',NULL,NULL),(0000000316,0000000001,0000001051,10.00,1178.00,0.00,0.00,11780.00,0000000000,0000000000,0000000000,'METALSIGMAUSER','2019-03-12 18:06:24',NULL,NULL),(0000000317,0000000001,0000001052,1.00,2010.00,0.00,0.00,2010.00,0000000000,0000000000,0000000000,'METALSIGMAUSER','2019-03-12 18:06:24',NULL,NULL),(0000000318,0000000001,0000001053,4.00,946.00,0.00,0.00,3784.00,0000000000,0000000000,0000000000,'METALSIGMAUSER','2019-03-12 18:06:24',NULL,NULL),(0000000319,0000000001,0000001054,2.00,37038.00,0.00,0.00,74076.00,0000000000,0000000000,0000000000,'METALSIGMAUSER','2019-03-12 18:06:24',NULL,NULL),(0000000320,0000000001,0000001055,1.00,11377.00,0.00,0.00,11377.00,0000000000,0000000000,0000000000,'METALSIGMAUSER','2019-03-12 18:06:24',NULL,NULL),(0000000321,0000000001,0000001056,1.00,871.00,0.00,0.00,871.00,0000000000,0000000000,0000000000,'METALSIGMAUSER','2019-03-12 18:06:24',NULL,NULL),(0000000322,0000000001,0000001057,5.00,3003.00,0.00,0.00,15015.00,0000000000,0000000000,0000000000,'METALSIGMAUSER','2019-03-12 18:06:24',NULL,NULL),(0000000323,0000000001,0000001058,2.00,1173.00,0.00,0.00,2346.00,0000000000,0000000000,0000000000,'METALSIGMAUSER','2019-03-12 18:06:24',NULL,NULL),(0000000324,0000000001,0000001059,12.00,21853.00,0.00,0.00,262236.00,0000000000,0000000000,0000000000,'METALSIGMAUSER','2019-03-12 18:06:24',NULL,NULL),(0000000325,0000000001,0000001060,2.00,73388.00,0.00,0.00,146776.00,0000000000,0000000000,0000000000,'METALSIGMAUSER','2019-03-12 18:06:24',NULL,NULL),(0000000326,0000000001,0000001061,6.00,17026.00,0.00,0.00,102156.00,0000000000,0000000000,0000000000,'METALSIGMAUSER','2019-03-12 18:06:24',NULL,NULL),(0000000327,0000000001,0000001062,1.00,7242.00,0.00,0.00,7242.00,0000000000,0000000000,0000000000,'METALSIGMAUSER','2019-03-12 18:06:24',NULL,NULL),(0000000328,0000000001,0000001063,32.00,5502.00,0.00,0.00,176064.00,0000000000,0000000000,0000000000,'METALSIGMAUSER','2019-03-12 18:06:24',NULL,NULL),(0000000329,0000000001,0000001064,2.00,673.00,0.00,0.00,1346.00,0000000000,0000000000,0000000000,'METALSIGMAUSER','2019-03-12 18:06:24',NULL,NULL),(0000000330,0000000001,0000001065,1.00,12652.00,0.00,0.00,12652.00,0000000000,0000000000,0000000000,'METALSIGMAUSER','2019-03-12 18:06:24',NULL,NULL),(0000000331,0000000001,0000001066,1.00,5778.00,0.00,0.00,5778.00,0000000000,0000000000,0000000000,'METALSIGMAUSER','2019-03-12 18:06:24',NULL,NULL),(0000000332,0000000001,0000001067,2.00,2021.00,0.00,0.00,4042.00,0000000000,0000000000,0000000000,'METALSIGMAUSER','2019-03-12 18:06:24',NULL,NULL),(0000000333,0000000001,0000001068,1.00,237429.00,0.00,0.00,237429.00,0000000000,0000000000,0000000000,'METALSIGMAUSER','2019-03-12 18:06:24',NULL,NULL),(0000000334,0000000001,0000001069,1.00,17010.00,0.00,0.00,17010.00,0000000000,0000000000,0000000000,'METALSIGMAUSER','2019-03-12 18:06:24',NULL,NULL),(0000000335,0000000001,0000001070,8.00,691.00,0.00,0.00,5528.00,0000000000,0000000000,0000000000,'METALSIGMAUSER','2019-03-12 18:06:24',NULL,NULL),(0000000336,0000000001,0000001071,1.00,7435.00,0.00,0.00,7435.00,0000000000,0000000000,0000000000,'METALSIGMAUSER','2019-03-12 18:06:24',NULL,NULL),(0000000337,0000000001,0000001072,1.00,5764.00,0.00,0.00,5764.00,0000000000,0000000000,0000000000,'METALSIGMAUSER','2019-03-12 18:06:24',NULL,NULL),(0000000338,0000000001,0000001073,7.00,13009.00,0.00,0.00,91063.00,0000000000,0000000000,0000000000,'METALSIGMAUSER','2019-03-12 18:06:24',NULL,NULL),(0000000339,0000000001,0000001074,1.00,1182.00,0.00,0.00,1182.00,0000000000,0000000000,0000000000,'METALSIGMAUSER','2019-03-12 18:06:24',NULL,NULL),(0000000340,0000000001,0000001075,1.00,1295.00,0.00,0.00,1295.00,0000000000,0000000000,0000000000,'METALSIGMAUSER','2019-03-12 18:06:24',NULL,NULL),(0000000341,0000000001,0000001076,1.00,3317.00,0.00,0.00,3317.00,0000000000,0000000000,0000000000,'METALSIGMAUSER','2019-03-12 18:06:24',NULL,NULL),(0000000342,0000000001,0000001077,89.00,1348.00,0.00,0.00,119972.00,0000000000,0000000000,0000000000,'METALSIGMAUSER','2019-03-12 18:06:24',NULL,NULL),(0000000343,0000000001,0000001078,6.00,1836.00,0.00,0.00,11016.00,0000000000,0000000000,0000000000,'METALSIGMAUSER','2019-03-12 18:06:24',NULL,NULL),(0000000344,0000000001,0000001079,2.00,704.00,0.00,0.00,1408.00,0000000000,0000000000,0000000000,'METALSIGMAUSER','2019-03-12 18:06:24',NULL,NULL),(0000000345,0000000001,0000001080,1.00,673.00,0.00,0.00,673.00,0000000000,0000000000,0000000000,'METALSIGMAUSER','2019-03-12 18:06:24',NULL,NULL),(0000000346,0000000001,0000001081,1.00,5886.00,0.00,0.00,5886.00,0000000000,0000000000,0000000000,'METALSIGMAUSER','2019-03-12 18:06:24',NULL,NULL),(0000000347,0000000001,0000001082,3.00,814.00,0.00,0.00,2442.00,0000000000,0000000000,0000000000,'METALSIGMAUSER','2019-03-12 18:06:24',NULL,NULL),(0000000348,0000000001,0000001083,4.00,6446.00,0.00,0.00,25784.00,0000000000,0000000000,0000000000,'METALSIGMAUSER','2019-03-12 18:06:24',NULL,NULL),(0000000349,0000000001,0000001084,4.00,654.00,0.00,0.00,2616.00,0000000000,0000000000,0000000000,'METALSIGMAUSER','2019-03-12 18:06:24',NULL,NULL),(0000000350,0000000001,0000001085,1.00,1898.00,0.00,0.00,1898.00,0000000000,0000000000,0000000000,'METALSIGMAUSER','2019-03-12 18:06:24',NULL,NULL),(0000000351,0000000001,0000001086,8.00,2438.00,0.00,0.00,19504.00,0000000000,0000000000,0000000000,'METALSIGMAUSER','2019-03-12 18:06:24',NULL,NULL),(0000000352,0000000001,0000001087,4.00,1336.00,0.00,0.00,5344.00,0000000000,0000000000,0000000000,'METALSIGMAUSER','2019-03-12 18:06:24',NULL,NULL),(0000000353,0000000001,0000001088,3.00,381.00,0.00,0.00,1143.00,0000000000,0000000000,0000000000,'METALSIGMAUSER','2019-03-12 18:06:24',NULL,NULL),(0000000354,0000000001,0000001089,1.00,2914.00,0.00,0.00,2914.00,0000000000,0000000000,0000000000,'METALSIGMAUSER','2019-03-12 18:06:24',NULL,NULL),(0000000355,0000000001,0000001090,3.00,174.00,0.00,0.00,522.00,0000000000,0000000000,0000000000,'METALSIGMAUSER','2019-03-12 18:06:24',NULL,NULL),(0000000356,0000000001,0000001091,1.00,1130.00,0.00,0.00,1130.00,0000000000,0000000000,0000000000,'METALSIGMAUSER','2019-03-12 18:06:24',NULL,NULL),(0000000357,0000000001,0000001092,8.00,580.00,0.00,0.00,4640.00,0000000000,0000000000,0000000000,'METALSIGMAUSER','2019-03-12 18:06:24',NULL,NULL),(0000000358,0000000001,0000001093,4.00,620.00,0.00,0.00,2480.00,0000000000,0000000000,0000000000,'METALSIGMAUSER','2019-03-12 18:06:24',NULL,NULL),(0000000359,0000000001,0000001094,1.00,22424.00,0.00,0.00,22424.00,0000000000,0000000000,0000000000,'METALSIGMAUSER','2019-03-12 18:06:24',NULL,NULL),(0000000360,0000000001,0000001095,4.00,3818.00,0.00,0.00,15272.00,0000000000,0000000000,0000000000,'METALSIGMAUSER','2019-03-12 18:06:24',NULL,NULL),(0000000361,0000000001,0000001096,1.00,5466.00,0.00,0.00,5466.00,0000000000,0000000000,0000000000,'METALSIGMAUSER','2019-03-12 18:06:24',NULL,NULL),(0000000362,0000000001,0000001097,12.00,1383.00,0.00,0.00,16596.00,0000000000,0000000000,0000000000,'METALSIGMAUSER','2019-03-12 18:06:24',NULL,NULL),(0000000363,0000000001,0000001098,2.00,981.00,0.00,0.00,1962.00,0000000000,0000000000,0000000000,'METALSIGMAUSER','2019-03-12 18:06:24',NULL,NULL),(0000000364,0000000001,0000001099,7.00,2459.00,0.00,0.00,17213.00,0000000000,0000000000,0000000000,'METALSIGMAUSER','2019-03-12 18:06:24',NULL,NULL),(0000000365,0000000001,0000001100,1.00,4240.00,0.00,0.00,4240.00,0000000000,0000000000,0000000000,'METALSIGMAUSER','2019-03-12 18:06:24',NULL,NULL),(0000000366,0000000001,0000001101,1.00,605.00,0.00,0.00,605.00,0000000000,0000000000,0000000000,'METALSIGMAUSER','2019-03-12 18:06:24',NULL,NULL),(0000000367,0000000001,0000001102,3.00,69189.00,0.00,0.00,207567.00,0000000000,0000000000,0000000000,'METALSIGMAUSER','2019-03-12 18:06:24',NULL,NULL),(0000000368,0000000001,0000001103,1.00,2497.00,0.00,0.00,2497.00,0000000000,0000000000,0000000000,'METALSIGMAUSER','2019-03-12 18:06:24',NULL,NULL),(0000000369,0000000001,0000001104,1.00,1200.00,0.00,0.00,1200.00,0000000000,0000000000,0000000000,'METALSIGMAUSER','2019-03-12 18:06:24',NULL,NULL),(0000000370,0000000001,0000001105,4.00,4651.00,0.00,0.00,18604.00,0000000000,0000000000,0000000000,'METALSIGMAUSER','2019-03-12 18:06:24',NULL,NULL),(0000000371,0000000001,0000001106,1.00,4790.00,0.00,0.00,4790.00,0000000000,0000000000,0000000000,'METALSIGMAUSER','2019-03-12 18:06:24',NULL,NULL),(0000000372,0000000001,0000001107,50.00,839.00,0.00,0.00,41950.00,0000000000,0000000000,0000000000,'METALSIGMAUSER','2019-03-12 18:06:24',NULL,NULL),(0000000373,0000000001,0000001108,1.00,10459.00,0.00,0.00,10459.00,0000000000,0000000000,0000000000,'METALSIGMAUSER','2019-03-12 18:06:24',NULL,NULL),(0000000374,0000000001,0000001109,4.00,3526.00,0.00,0.00,14104.00,0000000000,0000000000,0000000000,'METALSIGMAUSER','2019-03-12 18:06:24',NULL,NULL),(0000000375,0000000001,0000001110,3.00,4701.00,0.00,0.00,14103.00,0000000000,0000000000,0000000000,'METALSIGMAUSER','2019-03-12 18:06:24',NULL,NULL),(0000000376,0000000001,0000001111,2.00,1481.00,0.00,0.00,2962.00,0000000000,0000000000,0000000000,'METALSIGMAUSER','2019-03-12 18:06:24',NULL,NULL),(0000000377,0000000001,0000001112,1.00,25530.00,0.00,0.00,25530.00,0000000000,0000000000,0000000000,'METALSIGMAUSER','2019-03-12 18:06:24',NULL,NULL),(0000000378,0000000001,0000001113,1.00,1900.00,0.00,0.00,1900.00,0000000000,0000000000,0000000000,'METALSIGMAUSER','2019-03-12 18:06:24',NULL,NULL),(0000000379,0000000001,0000001114,3.00,1462.00,0.00,0.00,4386.00,0000000000,0000000000,0000000000,'METALSIGMAUSER','2019-03-12 18:06:24',NULL,NULL),(0000000380,0000000001,0000001115,1.00,7983.00,0.00,0.00,7983.00,0000000000,0000000000,0000000000,'METALSIGMAUSER','2019-03-12 18:06:24',NULL,NULL),(0000000381,0000000001,0000001116,6.00,8031.00,0.00,0.00,48186.00,0000000000,0000000000,0000000000,'METALSIGMAUSER','2019-03-12 18:06:24',NULL,NULL),(0000000382,0000000001,0000001117,2.00,4647.00,0.00,0.00,9294.00,0000000000,0000000000,0000000000,'METALSIGMAUSER','2019-03-12 18:06:24',NULL,NULL),(0000000383,0000000001,0000001118,2.00,1098.00,0.00,0.00,2196.00,0000000000,0000000000,0000000000,'METALSIGMAUSER','2019-03-12 18:06:24',NULL,NULL),(0000000384,0000000001,0000001119,1.00,28105.00,0.00,0.00,28105.00,0000000000,0000000000,0000000000,'METALSIGMAUSER','2019-03-12 18:06:24',NULL,NULL),(0000000385,0000000001,0000001120,1.00,4245.00,0.00,0.00,4245.00,0000000000,0000000000,0000000000,'METALSIGMAUSER','2019-03-12 18:06:24',NULL,NULL),(0000000386,0000000001,0000001121,4.00,17522.00,0.00,0.00,70088.00,0000000000,0000000000,0000000000,'METALSIGMAUSER','2019-03-12 18:06:24',NULL,NULL),(0000000387,0000000001,0000001122,3.00,51279.00,0.00,0.00,153837.00,0000000000,0000000000,0000000000,'METALSIGMAUSER','2019-03-12 18:06:24',NULL,NULL),(0000000388,0000000001,0000001123,18.00,7934.00,0.00,0.00,142812.00,0000000000,0000000000,0000000000,'METALSIGMAUSER','2019-03-12 18:06:24',NULL,NULL),(0000000389,0000000001,0000001124,1.00,57283.00,0.00,0.00,57283.00,0000000000,0000000000,0000000000,'METALSIGMAUSER','2019-03-12 18:06:24',NULL,NULL),(0000000390,0000000001,0000001125,2.00,8899.00,0.00,0.00,17798.00,0000000000,0000000000,0000000000,'METALSIGMAUSER','2019-03-12 18:06:24',NULL,NULL),(0000000391,0000000001,0000001126,1.00,104177.00,0.00,0.00,104177.00,0000000000,0000000000,0000000000,'METALSIGMAUSER','2019-03-12 18:06:24',NULL,NULL),(0000000392,0000000001,0000001127,3.00,8586.00,0.00,0.00,25758.00,0000000000,0000000000,0000000000,'METALSIGMAUSER','2019-03-12 18:06:24',NULL,NULL),(0000000393,0000000001,0000001128,1.00,1590.00,0.00,0.00,1590.00,0000000000,0000000000,0000000000,'METALSIGMAUSER','2019-03-12 18:06:24',NULL,NULL),(0000000394,0000000001,0000001129,1.00,7269.00,0.00,0.00,7269.00,0000000000,0000000000,0000000000,'METALSIGMAUSER','2019-03-12 18:06:24',NULL,NULL),(0000000395,0000000001,0000001130,4.00,30539.00,0.00,0.00,122156.00,0000000000,0000000000,0000000000,'METALSIGMAUSER','2019-03-12 18:06:24',NULL,NULL),(0000000396,0000000001,0000001131,2.00,49196.00,0.00,0.00,98392.00,0000000000,0000000000,0000000000,'METALSIGMAUSER','2019-03-12 18:06:24',NULL,NULL),(0000000397,0000000001,0000001132,1.00,62077.00,0.00,0.00,62077.00,0000000000,0000000000,0000000000,'METALSIGMAUSER','2019-03-12 18:06:24',NULL,NULL),(0000000398,0000000001,0000001133,1.00,104842.00,0.00,0.00,104842.00,0000000000,0000000000,0000000000,'METALSIGMAUSER','2019-03-12 18:06:24',NULL,NULL),(0000000399,0000000001,0000001134,2.00,2027.00,0.00,0.00,4054.00,0000000000,0000000000,0000000000,'METALSIGMAUSER','2019-03-12 18:06:24',NULL,NULL),(0000000400,0000000001,0000001135,1.00,22287.00,0.00,0.00,22287.00,0000000000,0000000000,0000000000,'METALSIGMAUSER','2019-03-12 18:06:24',NULL,NULL),(0000000401,0000000001,0000001136,2.00,33030.00,0.00,0.00,66060.00,0000000000,0000000000,0000000000,'METALSIGMAUSER','2019-03-12 18:06:24',NULL,NULL),(0000000402,0000000001,0000001137,1.00,23259.00,0.00,0.00,23259.00,0000000000,0000000000,0000000000,'METALSIGMAUSER','2019-03-12 18:06:24',NULL,NULL),(0000000403,0000000001,0000001138,1.00,4973.00,0.00,0.00,4973.00,0000000000,0000000000,0000000000,'METALSIGMAUSER','2019-03-12 18:06:24',NULL,NULL),(0000000404,0000000001,0000001139,2.00,8015.00,0.00,0.00,16030.00,0000000000,0000000000,0000000000,'METALSIGMAUSER','2019-03-12 18:06:24',NULL,NULL),(0000000405,0000000001,0000001140,1.00,1131.00,0.00,0.00,1131.00,0000000000,0000000000,0000000000,'METALSIGMAUSER','2019-03-12 18:06:24',NULL,NULL),(0000000406,0000000001,0000001141,1.00,51563.00,0.00,0.00,51563.00,0000000000,0000000000,0000000000,'METALSIGMAUSER','2019-03-12 18:06:24',NULL,NULL),(0000000407,0000000001,0000001142,1.00,9575.00,0.00,0.00,9575.00,0000000000,0000000000,0000000000,'METALSIGMAUSER','2019-03-12 18:06:24',NULL,NULL),(0000000408,0000000001,0000001143,2.00,35203.00,0.00,0.00,70406.00,0000000000,0000000000,0000000000,'METALSIGMAUSER','2019-03-12 18:06:24',NULL,NULL),(0000000409,0000000001,0000001144,1.00,674.00,0.00,0.00,674.00,0000000000,0000000000,0000000000,'METALSIGMAUSER','2019-03-12 18:06:24',NULL,NULL),(0000000410,0000000001,0000001145,4.00,2856.00,0.00,0.00,11424.00,0000000000,0000000000,0000000000,'METALSIGMAUSER','2019-03-12 18:06:24',NULL,NULL),(0000000411,0000000001,0000001146,1.00,7000.00,0.00,0.00,7000.00,0000000000,0000000000,0000000000,'METALSIGMAUSER','2019-03-12 18:06:24',NULL,NULL),(0000000412,0000000001,0000001147,7.00,4184.00,0.00,0.00,29288.00,0000000000,0000000000,0000000000,'METALSIGMAUSER','2019-03-12 18:06:24',NULL,NULL),(0000000413,0000000001,0000001148,15.00,4630.00,0.00,0.00,69450.00,0000000000,0000000000,0000000000,'METALSIGMAUSER','2019-03-12 18:06:24',NULL,NULL),(0000000414,0000000001,0000001149,1.00,36538.00,0.00,0.00,36538.00,0000000000,0000000000,0000000000,'METALSIGMAUSER','2019-03-12 18:06:24',NULL,NULL),(0000000415,0000000001,0000001150,1.00,60341.00,0.00,0.00,60341.00,0000000000,0000000000,0000000000,'METALSIGMAUSER','2019-03-12 18:06:24',NULL,NULL),(0000000416,0000000001,0000001151,3.00,5148.00,0.00,0.00,15444.00,0000000000,0000000000,0000000000,'METALSIGMAUSER','2019-03-12 18:06:24',NULL,NULL),(0000000417,0000000001,0000001152,2.00,4593.00,0.00,0.00,9186.00,0000000000,0000000000,0000000000,'METALSIGMAUSER','2019-03-12 18:06:24',NULL,NULL),(0000000418,0000000001,0000001153,1.00,5008.00,0.00,0.00,5008.00,0000000000,0000000000,0000000000,'METALSIGMAUSER','2019-03-12 18:06:24',NULL,NULL),(0000000419,0000000001,0000001154,13.00,5466.00,0.00,0.00,71058.00,0000000000,0000000000,0000000000,'METALSIGMAUSER','2019-03-12 18:06:24',NULL,NULL),(0000000420,0000000001,0000001155,1.00,5928.00,0.00,0.00,5928.00,0000000000,0000000000,0000000000,'METALSIGMAUSER','2019-03-12 18:06:24',NULL,NULL),(0000000421,0000000001,0000001156,1.00,8464.00,0.00,0.00,8464.00,0000000000,0000000000,0000000000,'METALSIGMAUSER','2019-03-12 18:06:24',NULL,NULL),(0000000422,0000000001,0000001157,1.00,36289.00,0.00,0.00,36289.00,0000000000,0000000000,0000000000,'METALSIGMAUSER','2019-03-12 18:06:24',NULL,NULL),(0000000423,0000000001,0000001158,1.00,21708.00,0.00,0.00,21708.00,0000000000,0000000000,0000000000,'METALSIGMAUSER','2019-03-12 18:06:24',NULL,NULL),(0000000424,0000000001,0000001159,1.00,34763.00,0.00,0.00,34763.00,0000000000,0000000000,0000000000,'METALSIGMAUSER','2019-03-12 18:06:24',NULL,NULL),(0000000425,0000000001,0000001160,1.00,151273.00,0.00,0.00,151273.00,0000000000,0000000000,0000000000,'METALSIGMAUSER','2019-03-12 18:06:24',NULL,NULL),(0000000426,0000000001,0000001161,1.00,11386.00,0.00,0.00,11386.00,0000000000,0000000000,0000000000,'METALSIGMAUSER','2019-03-12 18:06:24',NULL,NULL),(0000000427,0000000001,0000001162,1.00,16172.00,0.00,0.00,16172.00,0000000000,0000000000,0000000000,'METALSIGMAUSER','2019-03-12 18:06:24',NULL,NULL),(0000000428,0000000001,0000001163,8.00,2281.00,0.00,0.00,18248.00,0000000000,0000000000,0000000000,'METALSIGMAUSER','2019-03-12 18:06:24',NULL,NULL),(0000000429,0000000001,0000001164,1.00,74290.00,0.00,0.00,74290.00,0000000000,0000000000,0000000000,'METALSIGMAUSER','2019-03-12 18:06:24',NULL,NULL),(0000000430,0000000001,0000001165,1.00,45771.00,0.00,0.00,45771.00,0000000000,0000000000,0000000000,'METALSIGMAUSER','2019-03-12 18:06:24',NULL,NULL),(0000000431,0000000001,0000001166,1.00,10026.00,0.00,0.00,10026.00,0000000000,0000000000,0000000000,'METALSIGMAUSER','2019-03-12 18:06:24',NULL,NULL),(0000000432,0000000001,0000001167,1.00,24106.00,0.00,0.00,24106.00,0000000000,0000000000,0000000000,'METALSIGMAUSER','2019-03-12 18:06:24',NULL,NULL),(0000000433,0000000001,0000001168,2.00,103684.00,0.00,0.00,207368.00,0000000000,0000000000,0000000000,'METALSIGMAUSER','2019-03-12 18:06:24',NULL,NULL),(0000000434,0000000001,0000001169,1.00,3583.00,0.00,0.00,3583.00,0000000000,0000000000,0000000000,'METALSIGMAUSER','2019-03-12 18:06:24',NULL,NULL),(0000000435,0000000001,0000001170,1.00,4924.00,0.00,0.00,4924.00,0000000000,0000000000,0000000000,'METALSIGMAUSER','2019-03-12 18:06:24',NULL,NULL),(0000000436,0000000001,0000001171,1.00,6173.00,0.00,0.00,6173.00,0000000000,0000000000,0000000000,'METALSIGMAUSER','2019-03-12 18:06:24',NULL,NULL),(0000000437,0000000001,0000001172,5.00,2540.00,0.00,0.00,12700.00,0000000000,0000000000,0000000000,'METALSIGMAUSER','2019-03-12 18:06:24',NULL,NULL),(0000000438,0000000001,0000001173,6.00,27639.00,0.00,0.00,165834.00,0000000000,0000000000,0000000000,'METALSIGMAUSER','2019-03-12 18:06:24',NULL,NULL),(0000000439,0000000001,0000001174,3.00,16180.00,0.00,0.00,48540.00,0000000000,0000000000,0000000000,'METALSIGMAUSER','2019-03-12 18:06:24',NULL,NULL),(0000000440,0000000001,0000001175,2.00,3684.00,0.00,0.00,7368.00,0000000000,0000000000,0000000000,'METALSIGMAUSER','2019-03-12 18:06:24',NULL,NULL),(0000000441,0000000001,0000001176,4.00,43325.00,0.00,0.00,173300.00,0000000000,0000000000,0000000000,'METALSIGMAUSER','2019-03-12 18:06:24',NULL,NULL),(0000000442,0000000001,0000001177,15.00,44835.00,0.00,0.00,672525.00,0000000000,0000000000,0000000000,'METALSIGMAUSER','2019-03-12 18:06:24',NULL,NULL),(0000000443,0000000001,0000001178,8.00,6326.00,0.00,0.00,50608.00,0000000000,0000000000,0000000000,'METALSIGMAUSER','2019-03-12 18:06:24',NULL,NULL),(0000000444,0000000001,0000001179,4.00,5217.00,0.00,0.00,20868.00,0000000000,0000000000,0000000000,'METALSIGMAUSER','2019-03-12 18:06:24',NULL,NULL),(0000000445,0000000001,0000001180,6.00,12593.00,0.00,0.00,75558.00,0000000000,0000000000,0000000000,'METALSIGMAUSER','2019-03-12 18:06:24',NULL,NULL),(0000000446,0000000001,0000001181,2.00,6423.00,0.00,0.00,12846.00,0000000000,0000000000,0000000000,'METALSIGMAUSER','2019-03-12 18:06:24',NULL,NULL),(0000000447,0000000001,0000001182,1.00,8340.00,0.00,0.00,8340.00,0000000000,0000000000,0000000000,'METALSIGMAUSER','2019-03-12 18:06:24',NULL,NULL),(0000000448,0000000001,0000001183,1.00,10244.00,0.00,0.00,10244.00,0000000000,0000000000,0000000000,'METALSIGMAUSER','2019-03-12 18:06:24',NULL,NULL),(0000000449,0000000001,0000001184,4.00,15651.00,0.00,0.00,62604.00,0000000000,0000000000,0000000000,'METALSIGMAUSER','2019-03-12 18:06:24',NULL,NULL),(0000000450,0000000001,0000001185,3.00,15724.00,0.00,0.00,47172.00,0000000000,0000000000,0000000000,'METALSIGMAUSER','2019-03-12 18:06:24',NULL,NULL),(0000000451,0000000001,0000001186,4.00,528.00,0.00,0.00,2112.00,0000000000,0000000000,0000000000,'METALSIGMAUSER','2019-03-12 18:06:24',NULL,NULL),(0000000452,0000000001,0000001187,2.00,44416.00,0.00,0.00,88832.00,0000000000,0000000000,0000000000,'METALSIGMAUSER','2019-03-12 18:06:24',NULL,NULL),(0000000453,0000000001,0000001188,3.00,8023.00,0.00,0.00,24069.00,0000000000,0000000000,0000000000,'METALSIGMAUSER','2019-03-12 18:06:24',NULL,NULL),(0000000454,0000000001,0000001189,1.00,7017.00,0.00,0.00,7017.00,0000000000,0000000000,0000000000,'METALSIGMAUSER','2019-03-12 18:06:24',NULL,NULL),(0000000455,0000000001,0000001190,1.00,17499.00,0.00,0.00,17499.00,0000000000,0000000000,0000000000,'METALSIGMAUSER','2019-03-12 18:06:24',NULL,NULL),(0000000456,0000000001,0000001191,1.00,18210.00,0.00,0.00,18210.00,0000000000,0000000000,0000000000,'METALSIGMAUSER','2019-03-12 18:06:24',NULL,NULL),(0000000457,0000000001,0000001192,1.00,16894.00,0.00,0.00,16894.00,0000000000,0000000000,0000000000,'METALSIGMAUSER','2019-03-12 18:06:24',NULL,NULL),(0000000458,0000000001,0000001193,2.00,3169.00,0.00,0.00,6338.00,0000000000,0000000000,0000000000,'METALSIGMAUSER','2019-03-12 18:06:24',NULL,NULL),(0000000459,0000000001,0000001194,1.00,11668.00,0.00,0.00,11668.00,0000000000,0000000000,0000000000,'METALSIGMAUSER','2019-03-12 18:06:24',NULL,NULL),(0000000460,0000000001,0000001195,1.00,23688.00,0.00,0.00,23688.00,0000000000,0000000000,0000000000,'METALSIGMAUSER','2019-03-12 18:06:24',NULL,NULL),(0000000461,0000000001,0000001196,1.00,9778.00,0.00,0.00,9778.00,0000000000,0000000000,0000000000,'METALSIGMAUSER','2019-03-12 18:06:24',NULL,NULL),(0000000462,0000000001,0000001197,8.00,5005.00,0.00,0.00,40040.00,0000000000,0000000000,0000000000,'METALSIGMAUSER','2019-03-12 18:06:24',NULL,NULL),(0000000463,0000000001,0000001198,9.00,2894.00,0.00,0.00,26046.00,0000000000,0000000000,0000000000,'METALSIGMAUSER','2019-03-12 18:06:24',NULL,NULL),(0000000464,0000000001,0000001199,2.00,2953.00,0.00,0.00,5906.00,0000000000,0000000000,0000000000,'METALSIGMAUSER','2019-03-12 18:06:24',NULL,NULL),(0000000465,0000000001,0000001200,2.00,6623.00,0.00,0.00,13246.00,0000000000,0000000000,0000000000,'METALSIGMAUSER','2019-03-12 18:06:24',NULL,NULL),(0000000466,0000000001,0000001201,2.00,897.00,0.00,0.00,1794.00,0000000000,0000000000,0000000000,'METALSIGMAUSER','2019-03-12 18:06:24',NULL,NULL),(0000000467,0000000001,0000001202,1.00,13503.00,0.00,0.00,13503.00,0000000000,0000000000,0000000000,'METALSIGMAUSER','2019-03-12 18:06:24',NULL,NULL),(0000000468,0000000001,0000001203,1.00,12555.00,0.00,0.00,12555.00,0000000000,0000000000,0000000000,'METALSIGMAUSER','2019-03-12 18:06:24',NULL,NULL),(0000000469,0000000001,0000001204,1.00,4434.00,0.00,0.00,4434.00,0000000000,0000000000,0000000000,'METALSIGMAUSER','2019-03-12 18:06:24',NULL,NULL),(0000000470,0000000001,0000001205,3.00,3299.00,0.00,0.00,9897.00,0000000000,0000000000,0000000000,'METALSIGMAUSER','2019-03-12 18:06:24',NULL,NULL),(0000000471,0000000001,0000001206,2.00,6665.00,0.00,0.00,13330.00,0000000000,0000000000,0000000000,'METALSIGMAUSER','2019-03-12 18:06:24',NULL,NULL),(0000000472,0000000001,0000001207,1.00,3985.00,0.00,0.00,3985.00,0000000000,0000000000,0000000000,'METALSIGMAUSER','2019-03-12 18:06:24',NULL,NULL),(0000000473,0000000001,0000001208,1.00,1725.00,0.00,0.00,1725.00,0000000000,0000000000,0000000000,'METALSIGMAUSER','2019-03-12 18:06:24',NULL,NULL),(0000000474,0000000001,0000001209,1.00,26937.00,0.00,0.00,26937.00,0000000000,0000000000,0000000000,'METALSIGMAUSER','2019-03-12 18:06:24',NULL,NULL),(0000000475,0000000001,0000001210,1.00,16860.00,0.00,0.00,16860.00,0000000000,0000000000,0000000000,'METALSIGMAUSER','2019-03-12 18:06:24',NULL,NULL),(0000000476,0000000001,0000001211,1.00,2908.00,0.00,0.00,2908.00,0000000000,0000000000,0000000000,'METALSIGMAUSER','2019-03-12 18:06:24',NULL,NULL),(0000000477,0000000001,0000001212,1.00,22441.00,0.00,0.00,22441.00,0000000000,0000000000,0000000000,'METALSIGMAUSER','2019-03-12 18:06:24',NULL,NULL),(0000000478,0000000001,0000001213,1.00,8441.00,0.00,0.00,8441.00,0000000000,0000000000,0000000000,'METALSIGMAUSER','2019-03-12 18:06:24',NULL,NULL),(0000000479,0000000001,0000001214,1.00,9032.00,0.00,0.00,9032.00,0000000000,0000000000,0000000000,'METALSIGMAUSER','2019-03-12 18:06:24',NULL,NULL),(0000000480,0000000001,0000001215,1.00,70125.00,0.00,0.00,70125.00,0000000000,0000000000,0000000000,'METALSIGMAUSER','2019-03-12 18:06:24',NULL,NULL),(0000000481,0000000001,0000001216,1.00,351.00,0.00,0.00,351.00,0000000000,0000000000,0000000000,'METALSIGMAUSER','2019-03-12 18:06:24',NULL,NULL),(0000000482,0000000001,0000001217,2.00,1039.00,0.00,0.00,2078.00,0000000000,0000000000,0000000000,'METALSIGMAUSER','2019-03-12 18:06:24',NULL,NULL),(0000000483,0000000001,0000001218,2.00,4744.00,0.00,0.00,9488.00,0000000000,0000000000,0000000000,'METALSIGMAUSER','2019-03-12 18:06:24',NULL,NULL),(0000000484,0000000001,0000001219,1.00,2437.00,0.00,0.00,2437.00,0000000000,0000000000,0000000000,'METALSIGMAUSER','2019-03-12 18:06:24',NULL,NULL),(0000000485,0000000001,0000001220,2.00,7046.00,0.00,0.00,14092.00,0000000000,0000000000,0000000000,'METALSIGMAUSER','2019-03-12 18:06:24',NULL,NULL),(0000000486,0000000001,0000001221,1.00,14283.00,0.00,0.00,14283.00,0000000000,0000000000,0000000000,'METALSIGMAUSER','2019-03-12 18:06:24',NULL,NULL),(0000000487,0000000001,0000001222,1.00,507671.00,0.00,0.00,507671.00,0000000000,0000000000,0000000000,'METALSIGMAUSER','2019-03-12 18:06:24',NULL,NULL),(0000000488,0000000001,0000001223,1.00,120689.00,0.00,0.00,120689.00,0000000000,0000000000,0000000000,'METALSIGMAUSER','2019-03-12 18:06:24',NULL,NULL),(0000000489,0000000001,0000001224,1.00,80459.00,0.00,0.00,80459.00,0000000000,0000000000,0000000000,'METALSIGMAUSER','2019-03-12 18:06:24',NULL,NULL),(0000000490,0000000001,0000001225,5.00,12442.00,0.00,0.00,62210.00,0000000000,0000000000,0000000000,'METALSIGMAUSER','2019-03-12 18:06:24',NULL,NULL),(0000000491,0000000001,0000001226,1.00,25475.00,0.00,0.00,25475.00,0000000000,0000000000,0000000000,'METALSIGMAUSER','2019-03-12 18:06:24',NULL,NULL),(0000000492,0000000001,0000001227,1.00,2167.00,0.00,0.00,2167.00,0000000000,0000000000,0000000000,'METALSIGMAUSER','2019-03-12 18:06:24',NULL,NULL),(0000000493,0000000001,0000001228,1.00,6203.00,0.00,0.00,6203.00,0000000000,0000000000,0000000000,'METALSIGMAUSER','2019-03-12 18:06:24',NULL,NULL),(0000000494,0000000001,0000001229,2.00,26482.00,0.00,0.00,52964.00,0000000000,0000000000,0000000000,'METALSIGMAUSER','2019-03-12 18:06:24',NULL,NULL),(0000000495,0000000001,0000001230,1.00,1589.00,0.00,0.00,1589.00,0000000000,0000000000,0000000000,'METALSIGMAUSER','2019-03-12 18:06:24',NULL,NULL),(0000000496,0000000001,0000001231,4.00,932.00,0.00,0.00,3728.00,0000000000,0000000000,0000000000,'METALSIGMAUSER','2019-03-12 18:06:24',NULL,NULL),(0000000497,0000000001,0000001232,2.00,1173.00,0.00,0.00,2346.00,0000000000,0000000000,0000000000,'METALSIGMAUSER','2019-03-12 18:06:24',NULL,NULL),(0000000498,0000000001,0000001233,3.00,1539.00,0.00,0.00,4617.00,0000000000,0000000000,0000000000,'METALSIGMAUSER','2019-03-12 18:06:24',NULL,NULL),(0000000499,0000000001,0000001234,7.00,1945.00,0.00,0.00,13615.00,0000000000,0000000000,0000000000,'METALSIGMAUSER','2019-03-12 18:06:24',NULL,NULL),(0000000500,0000000001,0000001235,29.00,3627.00,0.00,0.00,105183.00,0000000000,0000000000,0000000000,'METALSIGMAUSER','2019-03-12 18:06:24',NULL,NULL),(0000000501,0000000001,0000001236,2.00,1296.00,0.00,0.00,2592.00,0000000000,0000000000,0000000000,'METALSIGMAUSER','2019-03-12 18:06:24',NULL,NULL),(0000000502,0000000001,0000001237,2.00,5564.00,0.00,0.00,11128.00,0000000000,0000000000,0000000000,'METALSIGMAUSER','2019-03-12 18:06:24',NULL,NULL),(0000000503,0000000001,0000001238,2.00,1937.00,0.00,0.00,3874.00,0000000000,0000000000,0000000000,'METALSIGMAUSER','2019-03-12 18:06:24',NULL,NULL),(0000000504,0000000001,0000001239,8.00,1980.00,0.00,0.00,15840.00,0000000000,0000000000,0000000000,'METALSIGMAUSER','2019-03-12 18:06:24',NULL,NULL),(0000000505,0000000001,0000001240,1.00,6220.00,0.00,0.00,6220.00,0000000000,0000000000,0000000000,'METALSIGMAUSER','2019-03-12 18:06:24',NULL,NULL),(0000000506,0000000001,0000001241,1.00,2558.00,0.00,0.00,2558.00,0000000000,0000000000,0000000000,'METALSIGMAUSER','2019-03-12 18:06:24',NULL,NULL),(0000000507,0000000001,0000001242,10.00,1000.00,0.00,0.00,10000.00,0000000000,0000000000,0000000000,'METALSIGMAUSER','2019-03-12 18:06:24',NULL,NULL),(0000000508,0000000001,0000001243,2.00,4614.00,0.00,0.00,9228.00,0000000000,0000000000,0000000000,'METALSIGMAUSER','2019-03-12 18:06:24',NULL,NULL),(0000000509,0000000001,0000001244,2.00,466.00,0.00,0.00,932.00,0000000000,0000000000,0000000000,'METALSIGMAUSER','2019-03-12 18:06:24',NULL,NULL),(0000000510,0000000001,0000001245,1.00,4093.00,0.00,0.00,4093.00,0000000000,0000000000,0000000000,'METALSIGMAUSER','2019-03-12 18:06:24',NULL,NULL),(0000000511,0000000001,0000001246,2.00,1072.00,0.00,0.00,2144.00,0000000000,0000000000,0000000000,'METALSIGMAUSER','2019-03-12 18:06:24',NULL,NULL),(0000000512,0000000001,0000001247,10.00,965.00,0.00,0.00,9650.00,0000000000,0000000000,0000000000,'METALSIGMAUSER','2019-03-12 18:06:24',NULL,NULL),(0000000513,0000000001,0000001248,2.00,1962.00,0.00,0.00,3924.00,0000000000,0000000000,0000000000,'METALSIGMAUSER','2019-03-12 18:06:24',NULL,NULL),(0000000514,0000000001,0000001249,4.00,17174.00,0.00,0.00,68696.00,0000000000,0000000000,0000000000,'METALSIGMAUSER','2019-03-12 18:06:24',NULL,NULL),(0000000515,0000000001,0000001250,2.00,590.00,0.00,0.00,1180.00,0000000000,0000000000,0000000000,'METALSIGMAUSER','2019-03-12 18:06:24',NULL,NULL),(0000000516,0000000001,0000001251,8.00,1747.00,0.00,0.00,13976.00,0000000000,0000000000,0000000000,'METALSIGMAUSER','2019-03-12 18:06:24',NULL,NULL),(0000000517,0000000001,0000001252,2.00,7820.00,0.00,0.00,15640.00,0000000000,0000000000,0000000000,'METALSIGMAUSER','2019-03-12 18:06:24',NULL,NULL),(0000000518,0000000001,0000001253,2.00,8827.00,0.00,0.00,17654.00,0000000000,0000000000,0000000000,'METALSIGMAUSER','2019-03-12 18:06:24',NULL,NULL),(0000000519,0000000001,0000001254,1.00,20411.00,0.00,0.00,20411.00,0000000000,0000000000,0000000000,'METALSIGMAUSER','2019-03-12 18:06:24',NULL,NULL),(0000000520,0000000001,0000001255,2.00,30978.00,0.00,0.00,61956.00,0000000000,0000000000,0000000000,'METALSIGMAUSER','2019-03-12 18:06:24',NULL,NULL),(0000000521,0000000001,0000001256,2.00,50799.00,0.00,0.00,101598.00,0000000000,0000000000,0000000000,'METALSIGMAUSER','2019-03-12 18:06:24',NULL,NULL),(0000001024,0000000002,0000000871,4.00,0.00,0.00,0.00,0.00,0000000000,0000000000,0000000000,'GPETIT','2019-03-15 11:21:16',NULL,NULL),(0000001025,0000000003,0000000738,1.00,1.00,19.00,0.19,1.19,0000000000,0000000001,0000000000,'ADMINISTRADOR','2019-04-22 12:43:19',NULL,NULL),(0000001026,0000000004,0000001350,4.00,0.00,0.00,0.00,0.00,0000000000,0000000000,0000000000,'GPETIT','2019-04-25 14:53:51',NULL,NULL),(0000001029,0000000007,0000000871,5.00,0.00,0.00,0.00,0.00,0000000000,0000000000,0000000000,'ADMINISTRADOR','2019-04-26 10:21:19',NULL,NULL),(0000001030,0000000008,0000001350,3.00,0.00,0.00,0.00,0.00,0000000000,0000000000,0000000000,'GPETIT','2019-05-17 14:20:35',NULL,NULL),(0000001031,0000000009,0000001539,392.00,450.00,19.00,33516.00,209916.00,0000000000,0000000009,0000000000,'GPETIT','2019-06-27 11:36:35',NULL,NULL),(0000001032,0000000009,0000001540,392.00,320.00,19.00,23833.60,149273.60,0000000000,0000000010,0000000000,'GPETIT','2019-06-27 11:36:35',NULL,NULL),(0000001033,0000000010,0000001350,10.00,17230.00,19.00,32737.00,205037.00,0000000000,0000000017,0000000000,'GPETIT','2019-07-03 12:34:58',NULL,NULL),(0000001034,0000000010,0000001343,2.00,31606.00,19.00,12010.28,75222.28,0000000000,0000000018,0000000000,'GPETIT','2019-07-03 12:34:58',NULL,NULL),(0000001035,0000000011,0000001025,56.00,0.00,0.00,0.00,0.00,0000000000,0000000000,0000000000,'GPETIT','2019-07-03 15:25:20',NULL,NULL),(0000001036,0000000012,0000001077,65.00,0.00,0.00,0.00,0.00,0000000000,0000000000,0000000000,'GPETIT','2019-07-03 15:26:53',NULL,NULL),(0000001037,0000000013,0000001163,8.00,0.00,0.00,0.00,0.00,0000000000,0000000000,0000000000,'GPETIT','2019-07-04 12:49:28',NULL,NULL),(0000001038,0000000013,0000001390,2.00,0.00,0.00,0.00,0.00,0000000000,0000000000,0000000000,'GPETIT','2019-07-04 12:49:28',NULL,NULL),(0000001039,0000000013,0000001391,2.00,0.00,0.00,0.00,0.00,0000000000,0000000000,0000000000,'GPETIT','2019-07-04 12:49:28',NULL,NULL),(0000001040,0000000013,0000000993,1.00,0.00,0.00,0.00,0.00,0000000000,0000000000,0000000000,'GPETIT','2019-07-04 12:49:28',NULL,NULL),(0000001041,0000000013,0000001393,4.00,0.00,0.00,0.00,0.00,0000000000,0000000000,0000000000,'GPETIT','2019-07-04 12:49:28',NULL,NULL),(0000001042,0000000013,0000001394,2.00,0.00,0.00,0.00,0.00,0000000000,0000000000,0000000000,'GPETIT','2019-07-04 12:49:28',NULL,NULL),(0000001043,0000000013,0000001396,2.00,0.00,0.00,0.00,0.00,0000000000,0000000000,0000000000,'GPETIT','2019-07-04 12:49:28',NULL,NULL),(0000001044,0000000013,0000001397,4.00,0.00,0.00,0.00,0.00,0000000000,0000000000,0000000000,'GPETIT','2019-07-04 12:49:29',NULL,NULL),(0000001045,0000000013,0000001071,3.00,0.00,0.00,0.00,0.00,0000000000,0000000000,0000000000,'GPETIT','2019-07-04 12:49:29',NULL,NULL),(0000001046,0000000013,0000001399,2.00,0.00,0.00,0.00,0.00,0000000000,0000000000,0000000000,'GPETIT','2019-07-04 12:49:29',NULL,NULL),(0000001047,0000000013,0000001400,2.00,0.00,0.00,0.00,0.00,0000000000,0000000000,0000000000,'GPETIT','2019-07-04 12:49:29',NULL,NULL),(0000001048,0000000013,0000001401,7.00,0.00,0.00,0.00,0.00,0000000000,0000000000,0000000000,'GPETIT','2019-07-04 12:49:29',NULL,NULL),(0000001049,0000000013,0000001402,12.00,0.00,0.00,0.00,0.00,0000000000,0000000000,0000000000,'GPETIT','2019-07-04 12:49:29',NULL,NULL),(0000001050,0000000013,0000001403,3.00,0.00,0.00,0.00,0.00,0000000000,0000000000,0000000000,'GPETIT','2019-07-04 12:49:29',NULL,NULL),(0000001051,0000000013,0000001404,56.00,0.00,0.00,0.00,0.00,0000000000,0000000000,0000000000,'GPETIT','2019-07-04 12:49:29',NULL,NULL),(0000001052,0000000013,0000001405,6.00,0.00,0.00,0.00,0.00,0000000000,0000000000,0000000000,'GPETIT','2019-07-04 12:49:29',NULL,NULL),(0000001053,0000000013,0000000876,2.00,0.00,0.00,0.00,0.00,0000000000,0000000000,0000000000,'GPETIT','2019-07-04 12:49:29',NULL,NULL),(0000001054,0000000013,0000001407,1.00,0.00,0.00,0.00,0.00,0000000000,0000000000,0000000000,'GPETIT','2019-07-04 12:49:30',NULL,NULL),(0000001055,0000000013,0000001408,40.00,0.00,0.00,0.00,0.00,0000000000,0000000000,0000000000,'GPETIT','2019-07-04 12:49:30',NULL,NULL),(0000001056,0000000013,0000001329,4.00,0.00,0.00,0.00,0.00,0000000000,0000000000,0000000000,'GPETIT','2019-07-04 12:49:30',NULL,NULL),(0000001057,0000000013,0000001410,2.00,0.00,0.00,0.00,0.00,0000000000,0000000000,0000000000,'GPETIT','2019-07-04 12:49:30',NULL,NULL),(0000001058,0000000013,0000001411,2.00,0.00,0.00,0.00,0.00,0000000000,0000000000,0000000000,'GPETIT','2019-07-04 12:49:30',NULL,NULL),(0000001059,0000000013,0000001412,12.00,0.00,0.00,0.00,0.00,0000000000,0000000000,0000000000,'GPETIT','2019-07-04 12:49:30',NULL,NULL),(0000001060,0000000013,0000001413,8.00,0.00,0.00,0.00,0.00,0000000000,0000000000,0000000000,'GPETIT','2019-07-04 12:49:30',NULL,NULL),(0000001061,0000000013,0000001414,16.00,0.00,0.00,0.00,0.00,0000000000,0000000000,0000000000,'GPETIT','2019-07-04 12:49:30',NULL,NULL),(0000001062,0000000013,0000001415,72.00,0.00,0.00,0.00,0.00,0000000000,0000000000,0000000000,'GPETIT','2019-07-04 12:49:30',NULL,NULL),(0000001063,0000000013,0000001416,24.00,0.00,0.00,0.00,0.00,0000000000,0000000000,0000000000,'GPETIT','2019-07-04 12:49:30',NULL,NULL),(0000001064,0000000013,0000001417,16.00,0.00,0.00,0.00,0.00,0000000000,0000000000,0000000000,'GPETIT','2019-07-04 12:49:30',NULL,NULL),(0000001065,0000000013,0000001418,7.00,0.00,0.00,0.00,0.00,0000000000,0000000000,0000000000,'GPETIT','2019-07-04 12:49:30',NULL,NULL),(0000001066,0000000013,0000001420,1.00,0.00,0.00,0.00,0.00,0000000000,0000000000,0000000000,'GPETIT','2019-07-04 12:49:30',NULL,NULL),(0000001067,0000000013,0000001421,8.00,0.00,0.00,0.00,0.00,0000000000,0000000000,0000000000,'GPETIT','2019-07-04 12:49:30',NULL,NULL),(0000001068,0000000013,0000001422,4.00,0.00,0.00,0.00,0.00,0000000000,0000000000,0000000000,'GPETIT','2019-07-04 12:49:30',NULL,NULL),(0000001069,0000000014,0000000739,25.00,0.00,0.00,0.00,0.00,0000000000,0000000000,0000000000,'ADMINISTRADOR','2019-07-10 11:31:47',NULL,NULL),(0000001070,0000000015,0000000739,25.00,0.00,0.00,0.00,0.00,0000000000,0000000000,0000000000,'ADMINISTRADOR','2019-07-10 11:31:47',NULL,NULL),(0000001071,0000000016,0000001387,26.00,0.00,0.00,0.00,0.00,0000000000,0000000000,0000000000,'ADMINISTRADOR','2019-07-10 11:43:26',NULL,NULL),(0000001072,0000000017,0000001387,26.00,0.00,0.00,0.00,0.00,0000000000,0000000000,0000000000,'ADMINISTRADOR','2019-07-10 11:43:26',NULL,NULL),(0000001073,0000000018,0000001540,2.00,320.00,0.00,0.00,640.00,0000000211,0000000000,0000000000,'ADMINISTRADOR','2019-07-10 11:46:44',NULL,NULL),(0000001074,0000000019,0000001098,2.00,0.00,0.00,0.00,0.00,0000000000,0000000000,0000000000,'GPETIT','2019-07-30 14:33:33',NULL,NULL),(0000001075,0000000019,0000001415,34.00,0.00,0.00,0.00,0.00,0000000000,0000000000,0000000000,'GPETIT','2019-07-30 14:33:33',NULL,NULL),(0000001076,0000000019,0000001087,4.00,0.00,0.00,0.00,0.00,0000000000,0000000000,0000000000,'GPETIT','2019-07-30 14:33:33',NULL,NULL),(0000001077,0000000019,0000001007,4.00,0.00,0.00,0.00,0.00,0000000000,0000000000,0000000000,'GPETIT','2019-07-30 14:33:33',NULL,NULL),(0000001078,0000000019,0000000980,2.00,0.00,0.00,0.00,0.00,0000000000,0000000000,0000000000,'GPETIT','2019-07-30 14:33:34',NULL,NULL),(0000001079,0000000019,0000001177,4.00,0.00,0.00,0.00,0.00,0000000000,0000000000,0000000000,'GPETIT','2019-07-30 14:33:34',NULL,NULL),(0000001080,0000000019,0000001165,1.00,0.00,0.00,0.00,0.00,0000000000,0000000000,0000000000,'GPETIT','2019-07-30 14:33:34',NULL,NULL),(0000001081,0000000019,0000001001,2.00,0.00,0.00,0.00,0.00,0000000000,0000000000,0000000000,'GPETIT','2019-07-30 14:33:34',NULL,NULL),(0000001082,0000000019,0000001063,32.00,0.00,0.00,0.00,0.00,0000000000,0000000000,0000000000,'GPETIT','2019-07-30 14:33:34',NULL,NULL),(0000001083,0000000019,0000001222,1.00,0.00,0.00,0.00,0.00,0000000000,0000000000,0000000000,'GPETIT','2019-07-30 14:33:34',NULL,NULL),(0000001084,0000000020,0000001197,2.00,0.00,0.00,0.00,0.00,0000000000,0000000000,0000000000,'GPETIT','2019-07-31 14:08:39',NULL,NULL),(0000001085,0000000020,0000001185,2.00,0.00,0.00,0.00,0.00,0000000000,0000000000,0000000000,'GPETIT','2019-07-31 14:08:39',NULL,NULL),(0000001086,0000000020,0000001083,2.00,0.00,0.00,0.00,0.00,0000000000,0000000000,0000000000,'GPETIT','2019-07-31 14:08:39',NULL,NULL),(0000001087,0000000020,0000000799,2.00,0.00,0.00,0.00,0.00,0000000000,0000000000,0000000000,'GPETIT','2019-07-31 14:08:39',NULL,NULL),(0000001088,0000000021,0000001681,1.00,0.00,0.00,0.00,0.00,0000000000,0000000000,0000000000,'GPETIT','2019-08-21 16:20:59',NULL,NULL),(0000001089,0000000021,0000001682,1.00,0.00,0.00,0.00,0.00,0000000000,0000000000,0000000000,'GPETIT','2019-08-21 16:20:59',NULL,NULL),(0000001090,0000000021,0000001683,1.00,0.00,0.00,0.00,0.00,0000000000,0000000000,0000000000,'GPETIT','2019-08-21 16:20:59',NULL,NULL),(0000001091,0000000021,0000001684,1.00,0.00,0.00,0.00,0.00,0000000000,0000000000,0000000000,'GPETIT','2019-08-21 16:20:59',NULL,NULL),(0000001092,0000000021,0000001685,1.00,0.00,0.00,0.00,0.00,0000000000,0000000000,0000000000,'GPETIT','2019-08-21 16:20:59',NULL,NULL),(0000001093,0000000021,0000001686,1.00,0.00,0.00,0.00,0.00,0000000000,0000000000,0000000000,'GPETIT','2019-08-21 16:20:59',NULL,NULL),(0000001094,0000000021,0000001687,2.00,0.00,0.00,0.00,0.00,0000000000,0000000000,0000000000,'GPETIT','2019-08-21 16:20:59',NULL,NULL),(0000001095,0000000021,0000001688,1.00,0.00,0.00,0.00,0.00,0000000000,0000000000,0000000000,'GPETIT','2019-08-21 16:20:59',NULL,NULL),(0000001096,0000000021,0000001689,2.00,0.00,0.00,0.00,0.00,0000000000,0000000000,0000000000,'GPETIT','2019-08-21 16:20:59',NULL,NULL),(0000001097,0000000021,0000001690,2.00,0.00,0.00,0.00,0.00,0000000000,0000000000,0000000000,'GPETIT','2019-08-21 16:20:59',NULL,NULL),(0000001098,0000000021,0000001691,1.00,0.00,0.00,0.00,0.00,0000000000,0000000000,0000000000,'GPETIT','2019-08-21 16:20:59',NULL,NULL),(0000001099,0000000021,0000001692,1.00,0.00,0.00,0.00,0.00,0000000000,0000000000,0000000000,'GPETIT','2019-08-21 16:21:00',NULL,NULL),(0000001100,0000000021,0000001119,1.00,0.00,0.00,0.00,0.00,0000000000,0000000000,0000000000,'GPETIT','2019-08-21 16:21:00',NULL,NULL),(0000001101,0000000021,0000001359,1.00,0.00,0.00,0.00,0.00,0000000000,0000000000,0000000000,'GPETIT','2019-08-21 16:21:00',NULL,NULL),(0000001102,0000000021,0000001425,1.00,0.00,0.00,0.00,0.00,0000000000,0000000000,0000000000,'GPETIT','2019-08-21 16:21:00',NULL,NULL),(0000001103,0000000021,0000001694,1.00,0.00,0.00,0.00,0.00,0000000000,0000000000,0000000000,'GPETIT','2019-08-21 16:21:00',NULL,NULL),(0000001104,0000000021,0000001693,1.00,0.00,0.00,0.00,0.00,0000000000,0000000000,0000000000,'GPETIT','2019-08-21 16:21:00',NULL,NULL),(0000001105,0000000021,0000001142,1.00,0.00,0.00,0.00,0.00,0000000000,0000000000,0000000000,'GPETIT','2019-08-21 16:21:00',NULL,NULL),(0000001106,0000000021,0000001695,3.00,0.00,0.00,0.00,0.00,0000000000,0000000000,0000000000,'GPETIT','2019-08-21 16:21:00',NULL,NULL),(0000001107,0000000021,0000001696,1.00,0.00,0.00,0.00,0.00,0000000000,0000000000,0000000000,'GPETIT','2019-08-21 16:21:00',NULL,NULL),(0000001108,0000000021,0000001697,1.00,0.00,0.00,0.00,0.00,0000000000,0000000000,0000000000,'GPETIT','2019-08-21 16:21:00',NULL,NULL),(0000001109,0000000021,0000001698,2.00,0.00,0.00,0.00,0.00,0000000000,0000000000,0000000000,'GPETIT','2019-08-21 16:21:00',NULL,NULL),(0000001110,0000000021,0000001699,4.00,0.00,0.00,0.00,0.00,0000000000,0000000000,0000000000,'GPETIT','2019-08-21 16:21:00',NULL,NULL),(0000001111,0000000021,0000001163,1.00,0.00,0.00,0.00,0.00,0000000000,0000000000,0000000000,'GPETIT','2019-08-21 16:21:00',NULL,NULL),(0000001112,0000000021,0000001652,2.00,0.00,0.00,0.00,0.00,0000000000,0000000000,0000000000,'GPETIT','2019-08-21 16:21:00',NULL,NULL),(0000001113,0000000021,0000001700,7.00,0.00,0.00,0.00,0.00,0000000000,0000000000,0000000000,'GPETIT','2019-08-21 16:21:01',NULL,NULL),(0000001114,0000000021,0000001701,4.00,0.00,0.00,0.00,0.00,0000000000,0000000000,0000000000,'GPETIT','2019-08-21 16:21:01',NULL,NULL),(0000001115,0000000021,0000001702,1.00,0.00,0.00,0.00,0.00,0000000000,0000000000,0000000000,'GPETIT','2019-08-21 16:21:01',NULL,NULL),(0000001116,0000000021,0000001404,9.00,0.00,0.00,0.00,0.00,0000000000,0000000000,0000000000,'GPETIT','2019-08-21 16:21:01',NULL,NULL),(0000001117,0000000021,0000001092,4.00,0.00,0.00,0.00,0.00,0000000000,0000000000,0000000000,'GPETIT','2019-08-21 16:21:01',NULL,NULL),(0000001118,0000000021,0000001197,2.00,0.00,0.00,0.00,0.00,0000000000,0000000000,0000000000,'GPETIT','2019-08-21 16:21:01',NULL,NULL),(0000001119,0000000021,0000001084,6.00,0.00,0.00,0.00,0.00,0000000000,0000000000,0000000000,'GPETIT','2019-08-21 16:21:01',NULL,NULL),(0000001120,0000000021,0000001703,1.00,0.00,0.00,0.00,0.00,0000000000,0000000000,0000000000,'GPETIT','2019-08-21 16:21:01',NULL,NULL),(0000001121,0000000021,0000001098,4.00,0.00,0.00,0.00,0.00,0000000000,0000000000,0000000000,'GPETIT','2019-08-21 16:21:01',NULL,NULL),(0000001122,0000000021,0000001559,2.00,0.00,0.00,0.00,0.00,0000000000,0000000000,0000000000,'GPETIT','2019-08-21 16:21:01',NULL,NULL),(0000001123,0000000021,0000001704,2.00,0.00,0.00,0.00,0.00,0000000000,0000000000,0000000000,'GPETIT','2019-08-21 16:21:02',NULL,NULL),(0000001124,0000000021,0000001705,1.00,0.00,0.00,0.00,0.00,0000000000,0000000000,0000000000,'GPETIT','2019-08-21 16:21:02',NULL,NULL),(0000001125,0000000021,0000001706,1.00,0.00,0.00,0.00,0.00,0000000000,0000000000,0000000000,'GPETIT','2019-08-21 16:21:02',NULL,NULL),(0000001126,0000000021,0000001707,1.00,0.00,0.00,0.00,0.00,0000000000,0000000000,0000000000,'GPETIT','2019-08-21 16:21:02',NULL,NULL),(0000001127,0000000021,0000001708,2.00,0.00,0.00,0.00,0.00,0000000000,0000000000,0000000000,'GPETIT','2019-08-21 16:21:02',NULL,NULL),(0000001128,0000000021,0000001415,7.00,0.00,0.00,0.00,0.00,0000000000,0000000000,0000000000,'GPETIT','2019-08-21 16:21:02',NULL,NULL),(0000001129,0000000021,0000001593,6.00,0.00,0.00,0.00,0.00,0000000000,0000000000,0000000000,'GPETIT','2019-08-21 16:21:02',NULL,NULL),(0000001130,0000000021,0000001097,5.00,0.00,0.00,0.00,0.00,0000000000,0000000000,0000000000,'GPETIT','2019-08-21 16:21:02',NULL,NULL),(0000001131,0000000021,0000001079,1.00,0.00,0.00,0.00,0.00,0000000000,0000000000,0000000000,'GPETIT','2019-08-21 16:21:02',NULL,NULL),(0000001132,0000000021,0000001709,1.00,0.00,0.00,0.00,0.00,0000000000,0000000000,0000000000,'GPETIT','2019-08-21 16:21:02',NULL,NULL),(0000001133,0000000021,0000001286,2.00,0.00,0.00,0.00,0.00,0000000000,0000000000,0000000000,'GPETIT','2019-08-21 16:21:02',NULL,NULL),(0000001134,0000000021,0000001408,8.00,0.00,0.00,0.00,0.00,0000000000,0000000000,0000000000,'GPETIT','2019-08-21 16:21:02',NULL,NULL),(0000001135,0000000022,0000001695,1.00,0.00,0.00,0.00,0.00,0000000000,0000000000,0000000000,'GPETIT','2019-08-21 16:23:35',NULL,NULL),(0000001136,0000000022,0000001697,1.00,0.00,0.00,0.00,0.00,0000000000,0000000000,0000000000,'GPETIT','2019-08-21 16:23:35',NULL,NULL),(0000001137,0000000023,0000001710,4.00,0.00,0.00,0.00,0.00,0000000000,0000000000,0000000000,'GPETIT','2019-08-26 10:32:39',NULL,NULL),(0000001138,0000000023,0000001711,1.00,0.00,0.00,0.00,0.00,0000000000,0000000000,0000000000,'GPETIT','2019-08-26 10:32:39',NULL,NULL),(0000001139,0000000023,0000001712,2.00,0.00,0.00,0.00,0.00,0000000000,0000000000,0000000000,'GPETIT','2019-08-26 10:32:39',NULL,NULL),(0000001140,0000000023,0000001713,3.00,0.00,0.00,0.00,0.00,0000000000,0000000000,0000000000,'GPETIT','2019-08-26 10:32:39',NULL,NULL),(0000001141,0000000023,0000001093,1.00,0.00,0.00,0.00,0.00,0000000000,0000000000,0000000000,'GPETIT','2019-08-26 10:32:39',NULL,NULL),(0000001142,0000000023,0000001714,14.00,0.00,0.00,0.00,0.00,0000000000,0000000000,0000000000,'GPETIT','2019-08-26 10:32:39',NULL,NULL),(0000001143,0000000023,0000001709,2.00,0.00,0.00,0.00,0.00,0000000000,0000000000,0000000000,'GPETIT','2019-08-26 10:32:40',NULL,NULL),(0000001144,0000000023,0000001715,2.00,0.00,0.00,0.00,0.00,0000000000,0000000000,0000000000,'GPETIT','2019-08-26 10:32:40',NULL,NULL),(0000001145,0000000023,0000001138,1.00,0.00,0.00,0.00,0.00,0000000000,0000000000,0000000000,'GPETIT','2019-08-26 10:32:40',NULL,NULL),(0000001146,0000000023,0000001716,2.00,0.00,0.00,0.00,0.00,0000000000,0000000000,0000000000,'GPETIT','2019-08-26 10:32:40',NULL,NULL),(0000001147,0000000023,0000001717,2.00,0.00,0.00,0.00,0.00,0000000000,0000000000,0000000000,'GPETIT','2019-08-26 10:32:40',NULL,NULL),(0000001148,0000000023,0000001718,1.00,0.00,0.00,0.00,0.00,0000000000,0000000000,0000000000,'GPETIT','2019-08-26 10:32:40',NULL,NULL),(0000001149,0000000023,0000001719,1.00,0.00,0.00,0.00,0.00,0000000000,0000000000,0000000000,'GPETIT','2019-08-26 10:32:40',NULL,NULL),(0000001150,0000000023,0000001720,1.00,0.00,0.00,0.00,0.00,0000000000,0000000000,0000000000,'GPETIT','2019-08-26 10:32:40',NULL,NULL),(0000001151,0000000023,0000001463,4.00,0.00,0.00,0.00,0.00,0000000000,0000000000,0000000000,'GPETIT','2019-08-26 10:32:40',NULL,NULL),(0000001152,0000000023,0000001721,1.00,0.00,0.00,0.00,0.00,0000000000,0000000000,0000000000,'GPETIT','2019-08-26 10:32:40',NULL,NULL),(0000001153,0000000023,0000001722,1.00,0.00,0.00,0.00,0.00,0000000000,0000000000,0000000000,'GPETIT','2019-08-26 10:32:40',NULL,NULL),(0000001154,0000000023,0000001723,4.00,0.00,0.00,0.00,0.00,0000000000,0000000000,0000000000,'GPETIT','2019-08-26 10:32:40',NULL,NULL),(0000001155,0000000023,0000001183,1.00,0.00,0.00,0.00,0.00,0000000000,0000000000,0000000000,'GPETIT','2019-08-26 10:32:40',NULL,NULL),(0000001156,0000000023,0000001185,1.00,0.00,0.00,0.00,0.00,0000000000,0000000000,0000000000,'GPETIT','2019-08-26 10:32:41',NULL,NULL),(0000001157,0000000023,0000001724,1.00,0.00,0.00,0.00,0.00,0000000000,0000000000,0000000000,'GPETIT','2019-08-26 10:32:41',NULL,NULL),(0000001158,0000000023,0000001725,1.00,0.00,0.00,0.00,0.00,0000000000,0000000000,0000000000,'GPETIT','2019-08-26 10:32:41',NULL,NULL),(0000001159,0000000023,0000001726,1.00,0.00,0.00,0.00,0.00,0000000000,0000000000,0000000000,'GPETIT','2019-08-26 10:32:41',NULL,NULL),(0000001160,0000000023,0000001727,1.00,0.00,0.00,0.00,0.00,0000000000,0000000000,0000000000,'GPETIT','2019-08-26 10:32:41',NULL,NULL),(0000001161,0000000023,0000001728,2.00,0.00,0.00,0.00,0.00,0000000000,0000000000,0000000000,'GPETIT','2019-08-26 10:32:41',NULL,NULL),(0000001162,0000000023,0000001729,1.00,0.00,0.00,0.00,0.00,0000000000,0000000000,0000000000,'GPETIT','2019-08-26 10:32:41',NULL,NULL),(0000001163,0000000023,0000001730,3.00,0.00,0.00,0.00,0.00,0000000000,0000000000,0000000000,'GPETIT','2019-08-26 10:32:41',NULL,NULL),(0000001164,0000000023,0000001230,6.00,0.00,0.00,0.00,0.00,0000000000,0000000000,0000000000,'GPETIT','2019-08-26 10:32:41',NULL,NULL),(0000001165,0000000023,0000000909,2.00,0.00,0.00,0.00,0.00,0000000000,0000000000,0000000000,'GPETIT','2019-08-26 10:32:41',NULL,NULL),(0000001166,0000000023,0000001731,2.00,0.00,0.00,0.00,0.00,0000000000,0000000000,0000000000,'GPETIT','2019-08-26 10:32:41',NULL,NULL),(0000001167,0000000023,0000001193,1.00,0.00,0.00,0.00,0.00,0000000000,0000000000,0000000000,'GPETIT','2019-08-26 10:32:41',NULL,NULL),(0000001168,0000000023,0000001732,2.00,0.00,0.00,0.00,0.00,0000000000,0000000000,0000000000,'GPETIT','2019-08-26 10:32:41',NULL,NULL),(0000001169,0000000023,0000001733,1.00,0.00,0.00,0.00,0.00,0000000000,0000000000,0000000000,'GPETIT','2019-08-26 10:32:41',NULL,NULL),(0000001170,0000000023,0000001075,4.00,0.00,0.00,0.00,0.00,0000000000,0000000000,0000000000,'GPETIT','2019-08-26 10:32:41',NULL,NULL),(0000001171,0000000023,0000001734,1.00,0.00,0.00,0.00,0.00,0000000000,0000000000,0000000000,'GPETIT','2019-08-26 10:32:42',NULL,NULL),(0000001172,0000000023,0000001735,1.00,0.00,0.00,0.00,0.00,0000000000,0000000000,0000000000,'GPETIT','2019-08-26 10:32:42',NULL,NULL),(0000001173,0000000023,0000001736,1.00,0.00,0.00,0.00,0.00,0000000000,0000000000,0000000000,'GPETIT','2019-08-26 10:32:42',NULL,NULL),(0000001174,0000000023,0000001737,3.00,0.00,0.00,0.00,0.00,0000000000,0000000000,0000000000,'GPETIT','2019-08-26 10:32:42',NULL,NULL),(0000001175,0000000023,0000001152,1.00,0.00,0.00,0.00,0.00,0000000000,0000000000,0000000000,'GPETIT','2019-08-26 10:32:42',NULL,NULL),(0000001176,0000000023,0000001738,1.00,0.00,0.00,0.00,0.00,0000000000,0000000000,0000000000,'GPETIT','2019-08-26 10:32:42',NULL,NULL),(0000001177,0000000023,0000001739,1.00,0.00,0.00,0.00,0.00,0000000000,0000000000,0000000000,'GPETIT','2019-08-26 10:32:42',NULL,NULL),(0000001178,0000000023,0000001740,2.00,0.00,0.00,0.00,0.00,0000000000,0000000000,0000000000,'GPETIT','2019-08-26 10:32:42',NULL,NULL),(0000001179,0000000023,0000001741,7.00,0.00,0.00,0.00,0.00,0000000000,0000000000,0000000000,'GPETIT','2019-08-26 10:32:42',NULL,NULL),(0000001180,0000000023,0000001742,14.00,0.00,0.00,0.00,0.00,0000000000,0000000000,0000000000,'GPETIT','2019-08-26 10:32:42',NULL,NULL),(0000001181,0000000023,0000001743,2.00,0.00,0.00,0.00,0.00,0000000000,0000000000,0000000000,'GPETIT','2019-08-26 10:32:42',NULL,NULL),(0000001182,0000000023,0000001744,2.00,0.00,0.00,0.00,0.00,0000000000,0000000000,0000000000,'GPETIT','2019-08-26 10:32:42',NULL,NULL),(0000001183,0000000023,0000001745,2.00,0.00,0.00,0.00,0.00,0000000000,0000000000,0000000000,'GPETIT','2019-08-26 10:32:42',NULL,NULL),(0000001184,0000000024,0000001720,1.00,0.00,0.00,0.00,0.00,0000000000,0000000000,0000000000,'GPETIT','2019-08-26 10:33:57',NULL,NULL),(0000001185,0000000024,0000001193,1.00,0.00,0.00,0.00,0.00,0000000000,0000000000,0000000000,'GPETIT','2019-08-26 10:33:57',NULL,NULL),(0000001186,0000000024,0000001721,2.00,0.00,0.00,0.00,0.00,0000000000,0000000000,0000000000,'GPETIT','2019-08-26 10:33:58',NULL,NULL),(0000001187,0000000025,0000001746,2.00,0.00,0.00,0.00,0.00,0000000000,0000000000,0000000000,'GPETIT','2019-08-26 10:50:22',NULL,NULL),(0000001188,0000000025,0000001747,2.00,0.00,0.00,0.00,0.00,0000000000,0000000000,0000000000,'GPETIT','2019-08-26 10:50:22',NULL,NULL),(0000001189,0000000025,0000001748,1.00,0.00,0.00,0.00,0.00,0000000000,0000000000,0000000000,'GPETIT','2019-08-26 10:50:22',NULL,NULL),(0000001190,0000000025,0000001749,2.00,0.00,0.00,0.00,0.00,0000000000,0000000000,0000000000,'GPETIT','2019-08-26 10:50:22',NULL,NULL),(0000001191,0000000025,0000001172,8.00,0.00,0.00,0.00,0.00,0000000000,0000000000,0000000000,'GPETIT','2019-08-26 10:50:22',NULL,NULL),(0000001192,0000000025,0000001750,1.00,0.00,0.00,0.00,0.00,0000000000,0000000000,0000000000,'GPETIT','2019-08-26 10:50:22',NULL,NULL),(0000001193,0000000025,0000001751,1.00,0.00,0.00,0.00,0.00,0000000000,0000000000,0000000000,'GPETIT','2019-08-26 10:50:22',NULL,NULL),(0000001194,0000000025,0000001721,1.00,0.00,0.00,0.00,0.00,0000000000,0000000000,0000000000,'GPETIT','2019-08-26 10:50:22',NULL,NULL),(0000001195,0000000025,0000001752,2.00,0.00,0.00,0.00,0.00,0000000000,0000000000,0000000000,'GPETIT','2019-08-26 10:50:23',NULL,NULL),(0000001196,0000000025,0000001728,2.00,0.00,0.00,0.00,0.00,0000000000,0000000000,0000000000,'GPETIT','2019-08-26 10:50:23',NULL,NULL),(0000001197,0000000025,0000001753,4.00,0.00,0.00,0.00,0.00,0000000000,0000000000,0000000000,'GPETIT','2019-08-26 10:50:23',NULL,NULL),(0000001198,0000000025,0000001754,1.00,0.00,0.00,0.00,0.00,0000000000,0000000000,0000000000,'GPETIT','2019-08-26 10:50:23',NULL,NULL),(0000001199,0000000025,0000001755,2.00,0.00,0.00,0.00,0.00,0000000000,0000000000,0000000000,'GPETIT','2019-08-26 10:50:23',NULL,NULL),(0000001200,0000000025,0000000988,1.00,0.00,0.00,0.00,0.00,0000000000,0000000000,0000000000,'GPETIT','2019-08-26 10:50:23',NULL,NULL),(0000001201,0000000025,0000001230,5.00,0.00,0.00,0.00,0.00,0000000000,0000000000,0000000000,'GPETIT','2019-08-26 10:50:23',NULL,NULL),(0000001202,0000000025,0000001756,1.00,0.00,0.00,0.00,0.00,0000000000,0000000000,0000000000,'GPETIT','2019-08-26 10:50:23',NULL,NULL),(0000001203,0000000025,0000001757,1.00,0.00,0.00,0.00,0.00,0000000000,0000000000,0000000000,'GPETIT','2019-08-26 10:50:23',NULL,NULL),(0000001204,0000000025,0000001758,1.00,0.00,0.00,0.00,0.00,0000000000,0000000000,0000000000,'GPETIT','2019-08-26 10:50:24',NULL,NULL),(0000001205,0000000025,0000001759,1.00,0.00,0.00,0.00,0.00,0000000000,0000000000,0000000000,'GPETIT','2019-08-26 10:50:24',NULL,NULL),(0000001206,0000000025,0000001760,1.00,0.00,0.00,0.00,0.00,0000000000,0000000000,0000000000,'GPETIT','2019-08-26 10:50:24',NULL,NULL),(0000001207,0000000025,0000001761,2.00,0.00,0.00,0.00,0.00,0000000000,0000000000,0000000000,'GPETIT','2019-08-26 10:50:24',NULL,NULL),(0000001208,0000000025,0000001762,2.00,0.00,0.00,0.00,0.00,0000000000,0000000000,0000000000,'GPETIT','2019-08-26 10:50:24',NULL,NULL),(0000001209,0000000025,0000001763,1.00,0.00,0.00,0.00,0.00,0000000000,0000000000,0000000000,'GPETIT','2019-08-26 10:50:24',NULL,NULL),(0000001210,0000000025,0000001764,1.00,0.00,0.00,0.00,0.00,0000000000,0000000000,0000000000,'GPETIT','2019-08-26 10:50:24',NULL,NULL),(0000001211,0000000025,0000001765,1.00,0.00,0.00,0.00,0.00,0000000000,0000000000,0000000000,'GPETIT','2019-08-26 10:50:24',NULL,NULL),(0000001212,0000000025,0000001766,1.00,0.00,0.00,0.00,0.00,0000000000,0000000000,0000000000,'GPETIT','2019-08-26 10:50:24',NULL,NULL),(0000001213,0000000025,0000001260,1.00,0.00,0.00,0.00,0.00,0000000000,0000000000,0000000000,'GPETIT','2019-08-26 10:50:24',NULL,NULL),(0000001214,0000000025,0000001767,1.00,0.00,0.00,0.00,0.00,0000000000,0000000000,0000000000,'GPETIT','2019-08-26 10:50:24',NULL,NULL),(0000001215,0000000025,0000001768,1.00,0.00,0.00,0.00,0.00,0000000000,0000000000,0000000000,'GPETIT','2019-08-26 10:50:25',NULL,NULL),(0000001216,0000000025,0000001357,1.00,0.00,0.00,0.00,0.00,0000000000,0000000000,0000000000,'GPETIT','2019-08-26 10:50:25',NULL,NULL),(0000001217,0000000025,0000001355,1.00,0.00,0.00,0.00,0.00,0000000000,0000000000,0000000000,'GPETIT','2019-08-26 10:50:25',NULL,NULL),(0000001218,0000000025,0000001769,1.00,0.00,0.00,0.00,0.00,0000000000,0000000000,0000000000,'GPETIT','2019-08-26 10:50:25',NULL,NULL),(0000001219,0000000025,0000001356,1.00,0.00,0.00,0.00,0.00,0000000000,0000000000,0000000000,'GPETIT','2019-08-26 10:50:25',NULL,NULL),(0000001220,0000000025,0000001770,2.00,0.00,0.00,0.00,0.00,0000000000,0000000000,0000000000,'GPETIT','2019-08-26 10:50:25',NULL,NULL),(0000001221,0000000025,0000001771,1.00,0.00,0.00,0.00,0.00,0000000000,0000000000,0000000000,'GPETIT','2019-08-26 10:50:25',NULL,NULL),(0000001222,0000000025,0000001772,1.00,0.00,0.00,0.00,0.00,0000000000,0000000000,0000000000,'GPETIT','2019-08-26 10:50:25',NULL,NULL),(0000001223,0000000025,0000001773,4.00,0.00,0.00,0.00,0.00,0000000000,0000000000,0000000000,'GPETIT','2019-08-26 10:50:25',NULL,NULL),(0000001224,0000000025,0000001774,2.00,0.00,0.00,0.00,0.00,0000000000,0000000000,0000000000,'GPETIT','2019-08-26 10:50:25',NULL,NULL),(0000001225,0000000025,0000001775,1.00,0.00,0.00,0.00,0.00,0000000000,0000000000,0000000000,'GPETIT','2019-08-26 10:50:25',NULL,NULL),(0000001226,0000000025,0000001776,2.00,0.00,0.00,0.00,0.00,0000000000,0000000000,0000000000,'GPETIT','2019-08-26 10:50:25',NULL,NULL),(0000001227,0000000025,0000001777,2.00,0.00,0.00,0.00,0.00,0000000000,0000000000,0000000000,'GPETIT','2019-08-26 10:50:25',NULL,NULL),(0000001228,0000000025,0000001778,2.00,0.00,0.00,0.00,0.00,0000000000,0000000000,0000000000,'GPETIT','2019-08-26 10:50:25',NULL,NULL),(0000001229,0000000025,0000001779,2.00,0.00,0.00,0.00,0.00,0000000000,0000000000,0000000000,'GPETIT','2019-08-26 10:50:26',NULL,NULL),(0000001230,0000000025,0000001780,1.00,0.00,0.00,0.00,0.00,0000000000,0000000000,0000000000,'GPETIT','2019-08-26 10:50:26',NULL,NULL),(0000001231,0000000025,0000001781,1.00,0.00,0.00,0.00,0.00,0000000000,0000000000,0000000000,'GPETIT','2019-08-26 10:50:26',NULL,NULL),(0000001232,0000000025,0000001782,1.00,0.00,0.00,0.00,0.00,0000000000,0000000000,0000000000,'GPETIT','2019-08-26 10:50:26',NULL,NULL),(0000001233,0000000026,0000001788,2.00,0.00,0.00,0.00,0.00,0000000000,0000000000,0000000000,'GPETIT','2019-08-26 11:36:14',NULL,NULL),(0000001234,0000000026,0000001789,3.00,0.00,0.00,0.00,0.00,0000000000,0000000000,0000000000,'GPETIT','2019-08-26 11:36:14',NULL,NULL),(0000001235,0000000026,0000001790,2.00,0.00,0.00,0.00,0.00,0000000000,0000000000,0000000000,'GPETIT','2019-08-26 11:36:14',NULL,NULL),(0000001236,0000000026,0000001720,2.00,0.00,0.00,0.00,0.00,0000000000,0000000000,0000000000,'GPETIT','2019-08-26 11:36:14',NULL,NULL),(0000001237,0000000027,0000001792,16.00,0.00,0.00,0.00,0.00,0000000000,0000000000,0000000000,'GPETIT','2019-08-27 12:10:04',NULL,NULL),(0000001238,0000000027,0000001793,2.00,0.00,0.00,0.00,0.00,0000000000,0000000000,0000000000,'GPETIT','2019-08-27 12:10:04',NULL,NULL),(0000001239,0000000027,0000001794,65.00,0.00,0.00,0.00,0.00,0000000000,0000000000,0000000000,'GPETIT','2019-08-27 12:10:04',NULL,NULL),(0000001240,0000000027,0000001795,1.00,0.00,0.00,0.00,0.00,0000000000,0000000000,0000000000,'GPETIT','2019-08-27 12:10:04',NULL,NULL),(0000001241,0000000027,0000001796,2.00,0.00,0.00,0.00,0.00,0000000000,0000000000,0000000000,'GPETIT','2019-08-27 12:10:04',NULL,NULL),(0000001242,0000000027,0000001797,1.00,0.00,0.00,0.00,0.00,0000000000,0000000000,0000000000,'GPETIT','2019-08-27 12:10:04',NULL,NULL),(0000001243,0000000027,0000001798,1.00,0.00,0.00,0.00,0.00,0000000000,0000000000,0000000000,'GPETIT','2019-08-27 12:10:04',NULL,NULL),(0000001244,0000000027,0000001799,1.00,0.00,0.00,0.00,0.00,0000000000,0000000000,0000000000,'GPETIT','2019-08-27 12:10:04',NULL,NULL),(0000001245,0000000027,0000001224,1.00,0.00,0.00,0.00,0.00,0000000000,0000000000,0000000000,'GPETIT','2019-08-27 12:10:05',NULL,NULL),(0000001246,0000000027,0000001616,1.00,0.00,0.00,0.00,0.00,0000000000,0000000000,0000000000,'GPETIT','2019-08-27 12:10:05',NULL,NULL),(0000001247,0000000027,0000001619,1.00,0.00,0.00,0.00,0.00,0000000000,0000000000,0000000000,'GPETIT','2019-08-27 12:10:05',NULL,NULL),(0000001248,0000000027,0000001620,1.00,0.00,0.00,0.00,0.00,0000000000,0000000000,0000000000,'GPETIT','2019-08-27 12:10:05',NULL,NULL),(0000001249,0000000027,0000001800,1.00,0.00,0.00,0.00,0.00,0000000000,0000000000,0000000000,'GPETIT','2019-08-27 12:10:05',NULL,NULL),(0000001250,0000000027,0000000838,1.00,0.00,0.00,0.00,0.00,0000000000,0000000000,0000000000,'GPETIT','2019-08-27 12:10:05',NULL,NULL),(0000001251,0000000027,0000001086,16.00,0.00,0.00,0.00,0.00,0000000000,0000000000,0000000000,'GPETIT','2019-08-27 12:10:05',NULL,NULL),(0000001252,0000000027,0000001801,12.00,0.00,0.00,0.00,0.00,0000000000,0000000000,0000000000,'GPETIT','2019-08-27 12:10:05',NULL,NULL),(0000001253,0000000027,0000001802,2.00,0.00,0.00,0.00,0.00,0000000000,0000000000,0000000000,'GPETIT','2019-08-27 12:10:05',NULL,NULL),(0000001254,0000000027,0000001099,10.00,0.00,0.00,0.00,0.00,0000000000,0000000000,0000000000,'GPETIT','2019-08-27 12:10:05',NULL,NULL),(0000001255,0000000027,0000001803,8.00,0.00,0.00,0.00,0.00,0000000000,0000000000,0000000000,'GPETIT','2019-08-27 12:10:05',NULL,NULL),(0000001256,0000000027,0000001804,6.00,0.00,0.00,0.00,0.00,0000000000,0000000000,0000000000,'GPETIT','2019-08-27 12:10:05',NULL,NULL),(0000001257,0000000027,0000001244,8.00,0.00,0.00,0.00,0.00,0000000000,0000000000,0000000000,'GPETIT','2019-08-27 12:10:06',NULL,NULL),(0000001258,0000000027,0000001805,16.00,0.00,0.00,0.00,0.00,0000000000,0000000000,0000000000,'GPETIT','2019-08-27 12:10:06',NULL,NULL),(0000001259,0000000027,0000001806,1.00,0.00,0.00,0.00,0.00,0000000000,0000000000,0000000000,'GPETIT','2019-08-27 12:10:06',NULL,NULL),(0000001260,0000000027,0000001807,20.00,0.00,0.00,0.00,0.00,0000000000,0000000000,0000000000,'GPETIT','2019-08-27 12:10:06',NULL,NULL),(0000001261,0000000027,0000001513,1.00,0.00,0.00,0.00,0.00,0000000000,0000000000,0000000000,'GPETIT','2019-08-27 12:10:06',NULL,NULL),(0000001262,0000000027,0000001808,2.00,0.00,0.00,0.00,0.00,0000000000,0000000000,0000000000,'GPETIT','2019-08-27 12:10:06',NULL,NULL),(0000001263,0000000027,0000001408,41.00,0.00,0.00,0.00,0.00,0000000000,0000000000,0000000000,'GPETIT','2019-08-27 12:10:06',NULL,NULL),(0000001264,0000000027,0000001809,1.00,0.00,0.00,0.00,0.00,0000000000,0000000000,0000000000,'GPETIT','2019-08-27 12:10:06',NULL,NULL),(0000001265,0000000027,0000001810,1.00,0.00,0.00,0.00,0.00,0000000000,0000000000,0000000000,'GPETIT','2019-08-27 12:10:06',NULL,NULL),(0000001266,0000000027,0000001811,1.00,0.00,0.00,0.00,0.00,0000000000,0000000000,0000000000,'GPETIT','2019-08-27 12:10:06',NULL,NULL),(0000001267,0000000027,0000001812,1.00,0.00,0.00,0.00,0.00,0000000000,0000000000,0000000000,'GPETIT','2019-08-27 12:10:06',NULL,NULL),(0000001268,0000000027,0000000861,2.00,0.00,0.00,0.00,0.00,0000000000,0000000000,0000000000,'GPETIT','2019-08-27 12:10:06',NULL,NULL),(0000001269,0000000027,0000001813,1.00,0.00,0.00,0.00,0.00,0000000000,0000000000,0000000000,'GPETIT','2019-08-27 12:10:07',NULL,NULL),(0000001270,0000000027,0000001814,1.00,0.00,0.00,0.00,0.00,0000000000,0000000000,0000000000,'GPETIT','2019-08-27 12:10:07',NULL,NULL),(0000001271,0000000027,0000001815,1.00,0.00,0.00,0.00,0.00,0000000000,0000000000,0000000000,'GPETIT','2019-08-27 12:10:07',NULL,NULL),(0000001272,0000000027,0000001816,2.00,0.00,0.00,0.00,0.00,0000000000,0000000000,0000000000,'GPETIT','2019-08-27 12:10:07',NULL,NULL),(0000001273,0000000027,0000001075,3.00,0.00,0.00,0.00,0.00,0000000000,0000000000,0000000000,'GPETIT','2019-08-27 12:10:07',NULL,NULL),(0000001274,0000000027,0000001817,2.00,0.00,0.00,0.00,0.00,0000000000,0000000000,0000000000,'GPETIT','2019-08-27 12:10:07',NULL,NULL),(0000001275,0000000027,0000001049,3.00,0.00,0.00,0.00,0.00,0000000000,0000000000,0000000000,'GPETIT','2019-08-27 12:10:07',NULL,NULL),(0000001276,0000000027,0000001093,10.00,0.00,0.00,0.00,0.00,0000000000,0000000000,0000000000,'GPETIT','2019-08-27 12:10:07',NULL,NULL),(0000001277,0000000027,0000001559,11.00,0.00,0.00,0.00,0.00,0000000000,0000000000,0000000000,'GPETIT','2019-08-27 12:10:07',NULL,NULL),(0000001278,0000000027,0000001818,6.00,0.00,0.00,0.00,0.00,0000000000,0000000000,0000000000,'GPETIT','2019-08-27 12:10:07',NULL,NULL),(0000001279,0000000027,0000001819,8.00,0.00,0.00,0.00,0.00,0000000000,0000000000,0000000000,'GPETIT','2019-08-27 12:10:07',NULL,NULL),(0000001280,0000000027,0000001404,12.00,0.00,0.00,0.00,0.00,0000000000,0000000000,0000000000,'GPETIT','2019-08-27 12:10:07',NULL,NULL),(0000001281,0000000027,0000000986,3.00,0.00,0.00,0.00,0.00,0000000000,0000000000,0000000000,'GPETIT','2019-08-27 12:10:08',NULL,NULL),(0000001282,0000000027,0000001820,2.00,0.00,0.00,0.00,0.00,0000000000,0000000000,0000000000,'GPETIT','2019-08-27 12:10:08',NULL,NULL),(0000001283,0000000027,0000001709,2.00,0.00,0.00,0.00,0.00,0000000000,0000000000,0000000000,'GPETIT','2019-08-27 12:10:08',NULL,NULL),(0000001284,0000000027,0000001821,1.00,0.00,0.00,0.00,0.00,0000000000,0000000000,0000000000,'GPETIT','2019-08-27 12:10:08',NULL,NULL),(0000001285,0000000027,0000001822,3.00,0.00,0.00,0.00,0.00,0000000000,0000000000,0000000000,'GPETIT','2019-08-27 12:10:08',NULL,NULL),(0000001286,0000000027,0000001823,5.00,0.00,0.00,0.00,0.00,0000000000,0000000000,0000000000,'GPETIT','2019-08-27 12:10:08',NULL,NULL),(0000001287,0000000027,0000001001,8.00,0.00,0.00,0.00,0.00,0000000000,0000000000,0000000000,'GPETIT','2019-08-27 12:10:08',NULL,NULL),(0000001288,0000000027,0000001415,13.00,0.00,0.00,0.00,0.00,0000000000,0000000000,0000000000,'GPETIT','2019-08-27 12:10:08',NULL,NULL),(0000001289,0000000027,0000001824,8.00,0.00,0.00,0.00,0.00,0000000000,0000000000,0000000000,'GPETIT','2019-08-27 12:10:08',NULL,NULL),(0000001290,0000000027,0000001825,2.00,0.00,0.00,0.00,0.00,0000000000,0000000000,0000000000,'GPETIT','2019-08-27 12:10:08',NULL,NULL),(0000001291,0000000027,0000001826,2.00,0.00,0.00,0.00,0.00,0000000000,0000000000,0000000000,'GPETIT','2019-08-27 12:10:08',NULL,NULL),(0000001292,0000000027,0000001702,12.00,0.00,0.00,0.00,0.00,0000000000,0000000000,0000000000,'GPETIT','2019-08-27 12:10:08',NULL,NULL),(0000001293,0000000028,0000001827,4.00,0.00,0.00,0.00,0.00,0000000000,0000000000,0000000000,'GPETIT','2019-08-27 13:17:14',NULL,NULL),(0000001294,0000000028,0000001828,29.00,0.00,0.00,0.00,0.00,0000000000,0000000000,0000000000,'GPETIT','2019-08-27 13:17:14',NULL,NULL),(0000001295,0000000029,0000001350,4.00,0.00,0.00,0.00,0.00,0000000000,0000000000,0000000000,'GPETIT','2019-08-29 10:39:12',NULL,NULL),(0000001296,0000000030,0000001166,1.00,0.00,0.00,0.00,0.00,0000000000,0000000000,0000000000,'GPETIT','2019-09-05 13:09:05',NULL,NULL),(0000001297,0000000030,0000000929,1.00,0.00,0.00,0.00,0.00,0000000000,0000000000,0000000000,'GPETIT','2019-09-05 13:09:05',NULL,NULL),(0000001298,0000000030,0000000971,1.00,0.00,0.00,0.00,0.00,0000000000,0000000000,0000000000,'GPETIT','2019-09-05 13:09:05',NULL,NULL),(0000001299,0000000030,0000001260,1.00,0.00,0.00,0.00,0.00,0000000000,0000000000,0000000000,'GPETIT','2019-09-05 13:09:05',NULL,NULL),(0000001300,0000000031,0000001356,1.00,0.00,0.00,0.00,0.00,0000000000,0000000000,0000000000,'GPETIT','2019-09-05 13:11:56',NULL,NULL),(0000001301,0000000031,0000001355,1.00,0.00,0.00,0.00,0.00,0000000000,0000000000,0000000000,'GPETIT','2019-09-05 13:11:56',NULL,NULL),(0000001302,0000000032,0000001356,1.00,0.00,0.00,0.00,0.00,0000000000,0000000000,0000000000,'JTRINIDAD','2019-09-16 12:50:55',NULL,NULL),(0000001303,0000000032,0000001355,1.00,0.00,0.00,0.00,0.00,0000000000,0000000000,0000000000,'JTRINIDAD','2019-09-16 12:50:55',NULL,NULL),(0000001304,0000000035,0000001350,2.00,0.00,0.00,0.00,0.00,0000000000,0000000000,0000000000,'GPETIT','2019-09-23 10:23:28',NULL,NULL),(0000001305,0000000036,0000001350,2.00,0.00,0.00,0.00,0.00,0000000000,0000000000,0000000000,'GPETIT','2019-09-23 10:24:22',NULL,NULL),(0000001306,0000000037,0000001063,12.00,0.00,0.00,0.00,0.00,0000000000,0000000000,0000000000,'JTRINIDAD','2019-09-23 16:27:19',NULL,NULL),(0000001307,0000000038,0000001846,1.00,20600.00,19.00,3914.00,24514.00,0000000000,0000000068,0000000000,'GPETIT','2019-09-26 10:44:24',NULL,NULL),(0000001308,0000000039,0000001373,1.00,100000.00,19.00,19000.00,119000.00,0000000000,0000000014,0000000000,'GPETIT','2019-09-26 11:39:24',NULL,NULL),(0000001309,0000000039,0000001432,1.00,100000.00,19.00,19000.00,119000.00,0000000000,0000000015,0000000000,'GPETIT','2019-09-26 11:39:24',NULL,NULL),(0000001310,0000000039,0000001433,2.00,75000.00,19.00,28500.00,178500.00,0000000000,0000000016,0000000000,'GPETIT','2019-09-26 11:39:24',NULL,NULL),(0000001311,0000000040,0000001829,4.00,52404.00,19.00,39827.04,249443.04,0000000000,0000000055,0000000000,'GPETIT','2019-09-26 11:44:27',NULL,NULL),(0000001312,0000000040,0000001830,1.00,39270.00,19.00,7461.30,46731.30,0000000000,0000000056,0000000000,'GPETIT','2019-09-26 11:44:27',NULL,NULL),(0000001313,0000000041,0000001478,1.00,42340.00,19.00,8044.60,50384.60,0000000000,0000000027,0000000000,'GPETIT','2019-09-26 11:46:08',NULL,NULL),(0000001314,0000000041,0000001479,1.00,47600.00,19.00,9044.00,56644.00,0000000000,0000000028,0000000000,'GPETIT','2019-09-26 11:46:08',NULL,NULL),(0000001315,0000000042,0000001852,2.00,51040.00,19.00,19395.20,121475.20,0000000000,0000000085,0000000000,'GPETIT','2019-09-26 11:49:21',NULL,NULL),(0000001316,0000000043,0000001566,3.00,0.00,0.00,0.00,0.00,0000000000,0000000000,0000000000,'GPETIT','2019-09-30 15:25:17',NULL,NULL),(0000001317,0000000044,0000001894,1.00,136348.00,19.00,25906.12,162254.12,0000000000,0000000087,0000000000,'YVILLALOBOS','2019-10-03 16:09:47',NULL,NULL),(0000001318,0000000045,0000001491,1.00,18382.00,19.00,3492.58,21874.58,0000000000,0000000088,0000000000,'YVILLALOBOS','2019-10-08 15:27:20',NULL,NULL),(0000001319,0000000046,0000001491,0.00,25048.80,0.00,0.00,0.00,0000000525,0000000000,0000000000,'YVILLALOBOS','2019-10-08 15:58:35',NULL,NULL),(0000001320,0000000046,0000000749,1.00,12408.20,0.00,0.00,12408.20,0000000526,0000000000,0000000000,'YVILLALOBOS','2019-10-08 15:58:35',NULL,NULL),(0000001321,0000000047,0000000876,8.00,1385.00,19.00,2105.20,13185.20,0000000000,0000000089,0000000000,'YVILLALOBOS','2019-10-15 14:21:30',NULL,NULL),(0000001322,0000000047,0000001233,8.00,1594.00,19.00,2422.88,15174.88,0000000000,0000000090,0000000000,'YVILLALOBOS','2019-10-15 14:21:31',NULL,NULL),(0000001323,0000000048,0000001261,1.00,30406.00,19.00,5777.14,36183.14,0000000000,0000000081,0000000000,'YVILLALOBOS','2019-10-22 09:25:48',NULL,NULL),(0000001324,0000000048,0000000971,1.00,23148.00,19.00,4398.12,27546.12,0000000000,0000000082,0000000000,'YVILLALOBOS','2019-10-22 09:25:49',NULL,NULL),(0000001325,0000000049,0000001261,1.00,30406.00,19.00,5777.14,36183.14,0000000000,0000000000,0000001323,'YVILLALOBOS','2019-10-22 09:26:35',NULL,NULL),(0000001326,0000000049,0000000971,1.00,23148.00,19.00,4398.12,27546.12,0000000000,0000000000,0000001324,'YVILLALOBOS','2019-10-22 09:26:35',NULL,NULL),(0000001327,0000000050,0000001842,1.00,73053.00,19.00,13880.07,86933.07,0000000000,0000000064,0000000000,'YVILLALOBOS','2019-10-22 09:29:26',NULL,NULL),(0000001328,0000000050,0000001844,1.00,44656.00,19.00,8484.64,53140.64,0000000000,0000000065,0000000000,'YVILLALOBOS','2019-10-22 09:29:26',NULL,NULL),(0000001329,0000000050,0000001843,1.00,46617.00,19.00,8857.23,55474.23,0000000000,0000000066,0000000000,'YVILLALOBOS','2019-10-22 09:29:26',NULL,NULL),(0000001330,0000000050,0000001343,2.00,31606.00,19.00,12010.28,75222.28,0000000000,0000000067,0000000000,'YVILLALOBOS','2019-10-22 09:29:26',NULL,NULL),(0000001331,0000000051,0000001842,1.00,73053.00,19.00,13880.07,86933.07,0000000000,0000000000,0000001327,'YVILLALOBOS','2019-10-22 09:30:20',NULL,NULL),(0000001332,0000000051,0000001844,1.00,44656.00,19.00,8484.64,53140.64,0000000000,0000000000,0000001328,'YVILLALOBOS','2019-10-22 09:30:20',NULL,NULL),(0000001333,0000000051,0000001843,1.00,46617.00,19.00,8857.23,55474.23,0000000000,0000000000,0000001329,'YVILLALOBOS','2019-10-22 09:30:21',NULL,NULL),(0000001334,0000000051,0000001343,2.00,31606.00,19.00,12010.28,75222.28,0000000000,0000000000,0000001330,'YVILLALOBOS','2019-10-22 09:30:21',NULL,NULL),(0000001335,0000000052,0000001351,1.00,12157.00,19.00,2309.83,14466.83,0000000000,0000000057,0000000000,'YVILLALOBOS','2019-10-22 09:31:21',NULL,NULL),(0000001336,0000000052,0000001352,1.00,40133.00,19.00,7625.27,47758.27,0000000000,0000000058,0000000000,'YVILLALOBOS','2019-10-22 09:31:21',NULL,NULL),(0000001337,0000000052,0000001353,1.00,33770.00,19.00,6416.30,40186.30,0000000000,0000000059,0000000000,'YVILLALOBOS','2019-10-22 09:31:21',NULL,NULL),(0000001338,0000000053,0000001351,1.00,12157.00,19.00,2309.83,14466.83,0000000000,0000000000,0000001335,'YVILLALOBOS','2019-10-22 09:32:02',NULL,NULL),(0000001339,0000000053,0000001352,1.00,40133.00,19.00,7625.27,47758.27,0000000000,0000000000,0000001336,'YVILLALOBOS','2019-10-22 09:32:02',NULL,NULL),(0000001340,0000000053,0000001353,1.00,33770.00,19.00,6416.30,40186.30,0000000000,0000000000,0000001337,'YVILLALOBOS','2019-10-22 09:32:02',NULL,NULL);
/*!40000 ALTER TABLE `inv_movimientos_det` ENABLE KEYS */;
UNLOCK TABLES;
/*!50003 SET @saved_cs_client      = @@character_set_client */ ;
/*!50003 SET @saved_cs_results     = @@character_set_results */ ;
/*!50003 SET @saved_col_connection = @@collation_connection */ ;
/*!50003 SET character_set_client  = utf8mb4 */ ;
/*!50003 SET character_set_results = utf8mb4 */ ;
/*!50003 SET collation_connection  = utf8mb4_unicode_ci */ ;
/*!50003 SET @saved_sql_mode       = @@sql_mode */ ;
/*!50003 SET sql_mode              = 'NO_AUTO_VALUE_ON_ZERO' */ ;
DELIMITER ;;
/*!50003 CREATE*/ /*!50017 DEFINER=`metalsigmauser`@`localhost`*/ /*!50003 TRIGGER `set_crea_inv_movimientos_det` BEFORE INSERT ON `inv_movimientos_det` FOR EACH ROW BEGIN
  DECLARE _tipo VARCHAR(3);
    DECLARE _cot INT(10);
    DECLARE _alm INT(10);
    DECLARE _cant DECIMAL(10,2);
    SELECT tipo,corigen,calmacen INTO _tipo,_cot,_alm FROM inv_movimientos WHERE cmovimiento_key=NEW.cmovimiento_key AND tipo="CSM";
    SELECT cant INTO _cant FROM inv_reservas WHERE status=1 AND ccotizacion=_cot AND calmacen=_alm AND carticulo = NEW.carticulo;
  IF (NEW.crea_user IS NULL || NEW.crea_user='') THEN
      SET NEW.crea_user = UPPER(SUBSTR(USER(), 1,(LOCATE('@', USER())-1)));
    END IF;
    IF (_tipo="CSM") THEN
      -- EL MOVIMIENTO ES UN CONSUMO PROCEDO A BUSCAR LA RESERVA
        IF _cant > 0 THEN
          -- HAY UNA RESERVA
            UPDATE inv_reservas SET status=0, mod_user = NEW.crea_user WHERE status=1 AND ccotizacion=_cot AND calmacen=_alm AND carticulo = NEW.carticulo;
            IF ( (_cant-NEW.cant)>0 ) THEN
              INSERT INTO inv_reservas (ccotizacion,calmacen,carticulo,cant,notas,status,crea_user) VALUES (_cot,_alm,NEW.carticulo,(_cant-NEW.cant),"CONSUMO DE RESERVA POR ODS",1,NEW.crea_user);
            END IF;
        END IF;
    END IF;
END */;;
DELIMITER ;
/*!50003 SET sql_mode              = @saved_sql_mode */ ;
/*!50003 SET character_set_client  = @saved_cs_client */ ;
/*!50003 SET character_set_results = @saved_cs_results */ ;
/*!50003 SET collation_connection  = @saved_col_connection */ ;
ALTER DATABASE `metalsig_heavy` CHARACTER SET latin1 COLLATE latin1_swedish_ci ;
/*!50003 SET @saved_cs_client      = @@character_set_client */ ;
/*!50003 SET @saved_cs_results     = @@character_set_results */ ;
/*!50003 SET @saved_col_connection = @@collation_connection */ ;
/*!50003 SET character_set_client  = utf8mb4 */ ;
/*!50003 SET character_set_results = utf8mb4 */ ;
/*!50003 SET collation_connection  = utf8mb4_unicode_ci */ ;
/*!50003 SET @saved_sql_mode       = @@sql_mode */ ;
/*!50003 SET sql_mode              = 'NO_ENGINE_SUBSTITUTION' */ ;
DELIMITER ;;
/*!50003 CREATE*/ /*!50017 DEFINER=`metalsigmauser`@`localhost`*/ /*!50003 TRIGGER `set_cant_ins` AFTER INSERT ON `inv_movimientos_det` FOR EACH ROW BEGIN
    DECLARE done INT DEFAULT FALSE;
    DECLARE articulo INT;
    DECLARE cant DECIMAL(15,2);
    DECLARE costo DECIMAL(15,2);
    DECLARE cur CURSOR FOR SELECT SUM(CASE WHEN ((im.tipo="NTE" && im.corigen=0) || im.tipo="COM" || im.tipo="AJE" || im.tipo="SI" || im.tipo="DCS" || im.tipo="DCI") THEN imd.cant WHEN (im.tipo="DNT" || im.tipo="DCO" || im.tipo="AJS" || im.tipo="CSM" || im.tipo="COI") THEN imd.cant*-1 ELSE 0 END) AS cant_real, IFNULL(ac.costo,0) as costo, ia.carticulo FROM inv_articulos ia LEFT JOIN inv_movimientos_det imd ON ia.carticulo=imd.carticulo LEFT JOIN inv_movimientos im ON imd.cmovimiento_key=im.cmovimiento_key AND im.status = "PRO" LEFT JOIN (SELECT ia.carticulo, MAX(im.fecha_mov) AS fecha, imd.costou AS costo FROM inv_articulos ia LEFT JOIN inv_movimientos_det imd ON ia.carticulo=imd.carticulo LEFT JOIN inv_movimientos im ON imd.cmovimiento_key=im.cmovimiento_key AND im.status = "PRO" WHERE ((im.tipo="NTE" && im.corigen=0) || im.tipo="COM" || im.tipo="SI") GROUP BY ia.carticulo) ac ON ac.carticulo = ia.carticulo GROUP BY ia.carticulo;
    DECLARE CONTINUE HANDLER FOR NOT FOUND SET done = TRUE;
    OPEN cur;
        ins_loop: LOOP
            FETCH cur INTO cant,costo,articulo;
            IF done THEN
                LEAVE ins_loop;
            END IF;
            IF costo > 0 THEN
            	UPDATE inv_articulos SET cant = cant, costo_prom=costo WHERE carticulo = articulo;
            ELSE
            	UPDATE inv_articulos SET cant = cant WHERE carticulo = articulo;
            END IF;
         END LOOP;
   CLOSE cur;
END */;;
DELIMITER ;
/*!50003 SET sql_mode              = @saved_sql_mode */ ;
/*!50003 SET character_set_client  = @saved_cs_client */ ;
/*!50003 SET character_set_results = @saved_cs_results */ ;
/*!50003 SET collation_connection  = @saved_col_connection */ ;
ALTER DATABASE `metalsig_heavy` CHARACTER SET utf8 COLLATE utf8_bin ;
ALTER DATABASE `metalsig_heavy` CHARACTER SET latin1 COLLATE latin1_swedish_ci ;
/*!50003 SET @saved_cs_client      = @@character_set_client */ ;
/*!50003 SET @saved_cs_results     = @@character_set_results */ ;
/*!50003 SET @saved_col_connection = @@collation_connection */ ;
/*!50003 SET character_set_client  = utf8mb4 */ ;
/*!50003 SET character_set_results = utf8mb4 */ ;
/*!50003 SET collation_connection  = utf8mb4_general_ci */ ;
/*!50003 SET @saved_sql_mode       = @@sql_mode */ ;
/*!50003 SET sql_mode              = 'NO_AUTO_VALUE_ON_ZERO' */ ;
DELIMITER ;;
/*!50003 CREATE*/ /*!50017 DEFINER=`metalsigmauser`@`localhost`*/ /*!50003 TRIGGER `set_mod_inv_movimientos_det` BEFORE UPDATE ON `inv_movimientos_det` FOR EACH ROW IF (NEW.mod_user IS NULL || NEW.mod_user='') THEN SET NEW.mod_user = UPPER(SUBSTR(USER(), 1,(LOCATE('@', USER())-1))); END IF */;;
DELIMITER ;
/*!50003 SET sql_mode              = @saved_sql_mode */ ;
/*!50003 SET character_set_client  = @saved_cs_client */ ;
/*!50003 SET character_set_results = @saved_cs_results */ ;
/*!50003 SET collation_connection  = @saved_col_connection */ ;
ALTER DATABASE `metalsig_heavy` CHARACTER SET utf8 COLLATE utf8_bin ;
ALTER DATABASE `metalsig_heavy` CHARACTER SET latin1 COLLATE latin1_swedish_ci ;
/*!50003 SET @saved_cs_client      = @@character_set_client */ ;
/*!50003 SET @saved_cs_results     = @@character_set_results */ ;
/*!50003 SET @saved_col_connection = @@collation_connection */ ;
/*!50003 SET character_set_client  = utf8mb4 */ ;
/*!50003 SET character_set_results = utf8mb4 */ ;
/*!50003 SET collation_connection  = utf8mb4_unicode_ci */ ;
/*!50003 SET @saved_sql_mode       = @@sql_mode */ ;
/*!50003 SET sql_mode              = 'NO_ENGINE_SUBSTITUTION' */ ;
DELIMITER ;;
/*!50003 CREATE*/ /*!50017 DEFINER=`metalsigmauser`@`localhost`*/ /*!50003 TRIGGER `set_cant_upt` AFTER UPDATE ON `inv_movimientos_det` FOR EACH ROW BEGIN
	DECLARE done INT DEFAULT FALSE;
    DECLARE articulo INT;
    DECLARE cant DECIMAL(15,2);
    DECLARE costo DECIMAL(15,2);
    DECLARE cur CURSOR FOR SELECT SUM(CASE WHEN ((im.tipo="NTE" && im.corigen=0) || im.tipo="COM" || im.tipo="AJE" || im.tipo="SI" || im.tipo="DCS" || im.tipo="DCI") THEN imd.cant WHEN (im.tipo="DNT" || im.tipo="DCO" || im.tipo="AJS" || im.tipo="CSM" || im.tipo="COI") THEN imd.cant*-1 ELSE 0 END) AS cant_real, IFNULL(ac.costo,0) as costo, ia.carticulo FROM inv_articulos ia LEFT JOIN inv_movimientos_det imd ON ia.carticulo=imd.carticulo LEFT JOIN inv_movimientos im ON imd.cmovimiento_key=im.cmovimiento_key AND im.status = "PRO" LEFT JOIN (SELECT ia.carticulo, MAX(im.fecha_mov) AS fecha, imd.costou AS costo FROM inv_articulos ia LEFT JOIN inv_movimientos_det imd ON ia.carticulo=imd.carticulo LEFT JOIN inv_movimientos im ON imd.cmovimiento_key=im.cmovimiento_key AND im.status = "PRO" WHERE ((im.tipo="NTE" && im.corigen=0) || im.tipo="COM" || im.tipo="SI") GROUP BY ia.carticulo) ac ON ac.carticulo = ia.carticulo GROUP BY ia.carticulo;
    DECLARE CONTINUE HANDLER FOR NOT FOUND SET done = TRUE;
	OPEN cur;
    	ins_loop: LOOP
        	FETCH cur INTO cant,costo,articulo;
            IF done THEN
            	LEAVE ins_loop;
            END IF;
            IF costo > 0 THEN
            	UPDATE inv_articulos SET cant = cant, costo_prom=costo WHERE carticulo = articulo;
            ELSE
            	UPDATE inv_articulos SET cant = cant WHERE carticulo = articulo;
            END IF;
         END LOOP;
   CLOSE cur;
END */;;
DELIMITER ;
/*!50003 SET sql_mode              = @saved_sql_mode */ ;
/*!50003 SET character_set_client  = @saved_cs_client */ ;
/*!50003 SET character_set_results = @saved_cs_results */ ;
/*!50003 SET collation_connection  = @saved_col_connection */ ;
ALTER DATABASE `metalsig_heavy` CHARACTER SET utf8 COLLATE utf8_bin ;

--
-- Table structure for table `inv_multiplicador`
--

DROP TABLE IF EXISTS `inv_multiplicador`;
/*!40101 SET @saved_cs_client     = @@character_set_client */;
/*!40101 SET character_set_client = utf8 */;
CREATE TABLE `inv_multiplicador` (
  `cmultiplicador` int(10) unsigned zerofill NOT NULL AUTO_INCREMENT,
  `tipo` varchar(3) COLLATE utf8_bin NOT NULL,
  `mul` int(11) NOT NULL,
  PRIMARY KEY (`cmultiplicador`)
) ENGINE=InnoDB AUTO_INCREMENT=14 DEFAULT CHARSET=utf8 COLLATE=utf8_bin;
/*!40101 SET character_set_client = @saved_cs_client */;

--
-- Dumping data for table `inv_multiplicador`
--

LOCK TABLES `inv_multiplicador` WRITE;
/*!40000 ALTER TABLE `inv_multiplicador` DISABLE KEYS */;
INSERT INTO `inv_multiplicador` VALUES (0000000001,'SI',1),(0000000002,'COM',1),(0000000003,'NTE',1),(0000000004,'AJE',1),(0000000005,'AJS',-1),(0000000006,'TRE',1),(0000000007,'TRS',-1),(0000000008,'DNT',-1),(0000000009,'DCO',-1),(0000000010,'CSM',-1),(0000000011,'COI',-1),(0000000012,'DCS',1),(0000000013,'DCI',1);
/*!40000 ALTER TABLE `inv_multiplicador` ENABLE KEYS */;
UNLOCK TABLES;

--
-- Table structure for table `inv_requisiciones`
--

DROP TABLE IF EXISTS `inv_requisiciones`;
/*!40101 SET @saved_cs_client     = @@character_set_client */;
/*!40101 SET character_set_client = utf8 */;
CREATE TABLE `inv_requisiciones` (
  `crequisicion` int(10) unsigned zerofill NOT NULL AUTO_INCREMENT,
  `calmacenori` int(10) unsigned zerofill NOT NULL,
  `calmacendes` int(10) unsigned zerofill NOT NULL,
  `fecha` date NOT NULL,
  `status` varchar(3) COLLATE utf8_bin DEFAULT 'PRO',
  `observacion` text COLLATE utf8_bin NOT NULL,
  `crea_user` varchar(50) COLLATE utf8_bin DEFAULT NULL,
  `crea_date` datetime NOT NULL DEFAULT CURRENT_TIMESTAMP,
  `mod_user` varchar(50) COLLATE utf8_bin DEFAULT NULL,
  `mod_date` datetime DEFAULT NULL ON UPDATE CURRENT_TIMESTAMP,
  PRIMARY KEY (`crequisicion`),
  KEY `calmacenori` (`calmacenori`),
  KEY `calmacendes` (`calmacendes`),
  CONSTRAINT `fk_calmacendes_inv_requisiciones` FOREIGN KEY (`calmacendes`) REFERENCES `inv_almacen` (`calmacen`),
  CONSTRAINT `fk_calmacenori_inv_requisiciones` FOREIGN KEY (`calmacenori`) REFERENCES `inv_almacen` (`calmacen`)
) ENGINE=InnoDB AUTO_INCREMENT=9 DEFAULT CHARSET=utf8 COLLATE=utf8_bin;
/*!40101 SET character_set_client = @saved_cs_client */;

--
-- Dumping data for table `inv_requisiciones`
--

LOCK TABLES `inv_requisiciones` WRITE;
/*!40000 ALTER TABLE `inv_requisiciones` DISABLE KEYS */;
INSERT INTO `inv_requisiciones` VALUES (0000000001,0000000001,0000000001,'2019-07-10','UTI','','ADMINISTRADOR','2019-07-10 11:23:21','ADMINISTRADOR','2019-07-10 11:31:47'),(0000000002,0000000001,0000000002,'2019-07-10','UTI','','ADMINISTRADOR','2019-07-10 11:25:11','ADMINISTRADOR','2019-07-10 11:43:26'),(0000000004,0000000001,0000000002,'2019-09-11','PRO','SE NECESITAN CON URGENCIA PARA LA ODS 44','JTRINIDAD','2019-09-11 12:00:02','JTRINIDAD','2019-09-11 12:00:12'),(0000000005,0000000001,0000000002,'2019-09-11','PRO','','JTRINIDAD','2019-09-11 12:40:59',NULL,NULL);
/*!40000 ALTER TABLE `inv_requisiciones` ENABLE KEYS */;
UNLOCK TABLES;
/*!50003 SET @saved_cs_client      = @@character_set_client */ ;
/*!50003 SET @saved_cs_results     = @@character_set_results */ ;
/*!50003 SET @saved_col_connection = @@collation_connection */ ;
/*!50003 SET character_set_client  = utf8mb4 */ ;
/*!50003 SET character_set_results = utf8mb4 */ ;
/*!50003 SET collation_connection  = utf8mb4_unicode_ci */ ;
/*!50003 SET @saved_sql_mode       = @@sql_mode */ ;
/*!50003 SET sql_mode              = 'NO_AUTO_VALUE_ON_ZERO' */ ;
DELIMITER ;;
/*!50003 CREATE*/ /*!50017 DEFINER=`metalsigmauser`@`localhost`*/ /*!50003 TRIGGER `set_crea_inv_requisiciones` BEFORE INSERT ON `inv_requisiciones` FOR EACH ROW IF (NEW.crea_user IS NULL || NEW.crea_user='') THEN SET NEW.crea_user = UPPER(SUBSTR(USER(), 1,(LOCATE('@', USER())-1))); END IF */;;
DELIMITER ;
/*!50003 SET sql_mode              = @saved_sql_mode */ ;
/*!50003 SET character_set_client  = @saved_cs_client */ ;
/*!50003 SET character_set_results = @saved_cs_results */ ;
/*!50003 SET collation_connection  = @saved_col_connection */ ;
/*!50003 SET @saved_cs_client      = @@character_set_client */ ;
/*!50003 SET @saved_cs_results     = @@character_set_results */ ;
/*!50003 SET @saved_col_connection = @@collation_connection */ ;
/*!50003 SET character_set_client  = utf8mb4 */ ;
/*!50003 SET character_set_results = utf8mb4 */ ;
/*!50003 SET collation_connection  = utf8mb4_unicode_ci */ ;
/*!50003 SET @saved_sql_mode       = @@sql_mode */ ;
/*!50003 SET sql_mode              = 'NO_AUTO_VALUE_ON_ZERO' */ ;
DELIMITER ;;
/*!50003 CREATE*/ /*!50017 DEFINER=`metalsigmauser`@`localhost`*/ /*!50003 TRIGGER `set_mod_inv_requisiciones` BEFORE UPDATE ON `inv_requisiciones` FOR EACH ROW IF (NEW.mod_user IS NULL || NEW.mod_user='') THEN SET NEW.mod_user = UPPER(SUBSTR(USER(), 1,(LOCATE('@', USER())-1))); END IF */;;
DELIMITER ;
/*!50003 SET sql_mode              = @saved_sql_mode */ ;
/*!50003 SET character_set_client  = @saved_cs_client */ ;
/*!50003 SET character_set_results = @saved_cs_results */ ;
/*!50003 SET collation_connection  = @saved_col_connection */ ;

--
-- Table structure for table `inv_requisiciones_det`
--

DROP TABLE IF EXISTS `inv_requisiciones_det`;
/*!40101 SET @saved_cs_client     = @@character_set_client */;
/*!40101 SET character_set_client = utf8 */;
CREATE TABLE `inv_requisiciones_det` (
  `crequisicion_det` int(10) unsigned zerofill NOT NULL AUTO_INCREMENT,
  `crequisicion` int(10) unsigned zerofill NOT NULL,
  `carticulo` int(10) unsigned zerofill NOT NULL,
  `cant` decimal(10,2) NOT NULL DEFAULT '0.00',
  `crea_user` varchar(50) COLLATE utf8_bin DEFAULT NULL,
  `crea_date` datetime NOT NULL DEFAULT CURRENT_TIMESTAMP,
  `mod_user` varchar(50) COLLATE utf8_bin DEFAULT NULL,
  `mod_date` datetime DEFAULT NULL ON UPDATE CURRENT_TIMESTAMP,
  PRIMARY KEY (`crequisicion_det`),
  KEY `crequisicion` (`crequisicion`),
  KEY `carticulo` (`carticulo`),
  CONSTRAINT `fk_carticulo_inv_requisiciones_det` FOREIGN KEY (`carticulo`) REFERENCES `inv_articulos` (`carticulo`),
  CONSTRAINT `fk_crequisicion_inv_requisiciones_det` FOREIGN KEY (`crequisicion`) REFERENCES `inv_requisiciones` (`crequisicion`)
) ENGINE=InnoDB AUTO_INCREMENT=6 DEFAULT CHARSET=utf8 COLLATE=utf8_bin;
/*!40101 SET character_set_client = @saved_cs_client */;

--
-- Dumping data for table `inv_requisiciones_det`
--

LOCK TABLES `inv_requisiciones_det` WRITE;
/*!40000 ALTER TABLE `inv_requisiciones_det` DISABLE KEYS */;
INSERT INTO `inv_requisiciones_det` VALUES (0000000001,0000000001,0000000739,30.00,'ADMINISTRADOR','2019-07-10 11:23:21',NULL,NULL),(0000000003,0000000002,0000001387,26.00,'ADMINISTRADOR','2019-07-10 11:42:49',NULL,NULL),(0000000004,0000000004,0000001847,2.00,'JTRINIDAD','2019-09-11 12:00:02','JTRINIDAD','2019-09-11 12:00:12'),(0000000005,0000000005,0000001847,2.00,'JTRINIDAD','2019-09-11 12:40:59',NULL,NULL);
/*!40000 ALTER TABLE `inv_requisiciones_det` ENABLE KEYS */;
UNLOCK TABLES;
/*!50003 SET @saved_cs_client      = @@character_set_client */ ;
/*!50003 SET @saved_cs_results     = @@character_set_results */ ;
/*!50003 SET @saved_col_connection = @@collation_connection */ ;
/*!50003 SET character_set_client  = utf8mb4 */ ;
/*!50003 SET character_set_results = utf8mb4 */ ;
/*!50003 SET collation_connection  = utf8mb4_unicode_ci */ ;
/*!50003 SET @saved_sql_mode       = @@sql_mode */ ;
/*!50003 SET sql_mode              = 'NO_AUTO_VALUE_ON_ZERO' */ ;
DELIMITER ;;
/*!50003 CREATE*/ /*!50017 DEFINER=`metalsigmauser`@`localhost`*/ /*!50003 TRIGGER `set_crea_inv_requisiciones_det` BEFORE INSERT ON `inv_requisiciones_det` FOR EACH ROW IF (NEW.crea_user IS NULL || NEW.crea_user='') THEN SET NEW.crea_user = UPPER(SUBSTR(USER(), 1,(LOCATE('@', USER())-1))); END IF */;;
DELIMITER ;
/*!50003 SET sql_mode              = @saved_sql_mode */ ;
/*!50003 SET character_set_client  = @saved_cs_client */ ;
/*!50003 SET character_set_results = @saved_cs_results */ ;
/*!50003 SET collation_connection  = @saved_col_connection */ ;
/*!50003 SET @saved_cs_client      = @@character_set_client */ ;
/*!50003 SET @saved_cs_results     = @@character_set_results */ ;
/*!50003 SET @saved_col_connection = @@collation_connection */ ;
/*!50003 SET character_set_client  = utf8mb4 */ ;
/*!50003 SET character_set_results = utf8mb4 */ ;
/*!50003 SET collation_connection  = utf8mb4_unicode_ci */ ;
/*!50003 SET @saved_sql_mode       = @@sql_mode */ ;
/*!50003 SET sql_mode              = 'NO_AUTO_VALUE_ON_ZERO' */ ;
DELIMITER ;;
/*!50003 CREATE*/ /*!50017 DEFINER=`metalsigmauser`@`localhost`*/ /*!50003 TRIGGER `set_mod_inv_requisiciones_det` BEFORE UPDATE ON `inv_requisiciones_det` FOR EACH ROW IF (NEW.mod_user IS NULL || NEW.mod_user='') THEN SET NEW.mod_user = UPPER(SUBSTR(USER(), 1,(LOCATE('@', USER())-1))); END IF */;;
DELIMITER ;
/*!50003 SET sql_mode              = @saved_sql_mode */ ;
/*!50003 SET character_set_client  = @saved_cs_client */ ;
/*!50003 SET character_set_results = @saved_cs_results */ ;
/*!50003 SET collation_connection  = @saved_col_connection */ ;

--
-- Table structure for table `inv_reservas`
--

DROP TABLE IF EXISTS `inv_reservas`;
/*!40101 SET @saved_cs_client     = @@character_set_client */;
/*!40101 SET character_set_client = utf8 */;
CREATE TABLE `inv_reservas` (
  `creserva` int(10) unsigned zerofill NOT NULL AUTO_INCREMENT,
  `ccotizacion` int(10) unsigned zerofill NOT NULL,
  `calmacen` int(10) unsigned zerofill NOT NULL,
  `carticulo` int(10) unsigned zerofill NOT NULL,
  `cant` decimal(10,2) NOT NULL DEFAULT '0.00',
  `notas` text COLLATE utf8_bin,
  `status` int(1) NOT NULL DEFAULT '1',
  `crea_user` varchar(50) COLLATE utf8_bin DEFAULT NULL,
  `crea_date` datetime NOT NULL DEFAULT CURRENT_TIMESTAMP,
  `mod_user` varchar(50) COLLATE utf8_bin DEFAULT NULL,
  `mod_date` datetime DEFAULT NULL ON UPDATE CURRENT_TIMESTAMP,
  PRIMARY KEY (`creserva`),
  KEY `ccotizacion` (`ccotizacion`),
  KEY `carticulo` (`carticulo`),
  KEY `calmacen` (`calmacen`),
  CONSTRAINT `fk_calmacen_inv_reservas` FOREIGN KEY (`calmacen`) REFERENCES `inv_almacen` (`calmacen`),
  CONSTRAINT `fk_carticulo_inv_reservas` FOREIGN KEY (`carticulo`) REFERENCES `inv_articulos` (`carticulo`),
  CONSTRAINT `fk_ccotizacion_inv_reservas` FOREIGN KEY (`ccotizacion`) REFERENCES `co_cotizacion_sub` (`ccotizacion`)
) ENGINE=InnoDB DEFAULT CHARSET=utf8 COLLATE=utf8_bin;
/*!40101 SET character_set_client = @saved_cs_client */;

--
-- Dumping data for table `inv_reservas`
--

LOCK TABLES `inv_reservas` WRITE;
/*!40000 ALTER TABLE `inv_reservas` DISABLE KEYS */;
/*!40000 ALTER TABLE `inv_reservas` ENABLE KEYS */;
UNLOCK TABLES;
/*!50003 SET @saved_cs_client      = @@character_set_client */ ;
/*!50003 SET @saved_cs_results     = @@character_set_results */ ;
/*!50003 SET @saved_col_connection = @@collation_connection */ ;
/*!50003 SET character_set_client  = utf8mb4 */ ;
/*!50003 SET character_set_results = utf8mb4 */ ;
/*!50003 SET collation_connection  = utf8mb4_unicode_ci */ ;
/*!50003 SET @saved_sql_mode       = @@sql_mode */ ;
/*!50003 SET sql_mode              = 'NO_AUTO_VALUE_ON_ZERO' */ ;
DELIMITER ;;
/*!50003 CREATE*/ /*!50017 DEFINER=`metalsigmauser`@`localhost`*/ /*!50003 TRIGGER `set_crea_inv_reservas` BEFORE INSERT ON `inv_reservas` FOR EACH ROW BEGIN
	IF (NEW.crea_user IS NULL || NEW.crea_user='') THEN
    	SET NEW.crea_user = UPPER(SUBSTR(USER(), 1,(LOCATE('@', USER())-1)));
    END IF;
END */;;
DELIMITER ;
/*!50003 SET sql_mode              = @saved_sql_mode */ ;
/*!50003 SET character_set_client  = @saved_cs_client */ ;
/*!50003 SET character_set_results = @saved_cs_results */ ;
/*!50003 SET collation_connection  = @saved_col_connection */ ;
/*!50003 SET @saved_cs_client      = @@character_set_client */ ;
/*!50003 SET @saved_cs_results     = @@character_set_results */ ;
/*!50003 SET @saved_col_connection = @@collation_connection */ ;
/*!50003 SET character_set_client  = utf8mb4 */ ;
/*!50003 SET character_set_results = utf8mb4 */ ;
/*!50003 SET collation_connection  = utf8mb4_unicode_ci */ ;
/*!50003 SET @saved_sql_mode       = @@sql_mode */ ;
/*!50003 SET sql_mode              = 'NO_AUTO_VALUE_ON_ZERO' */ ;
DELIMITER ;;
/*!50003 CREATE*/ /*!50017 DEFINER=`metalsigmauser`@`localhost`*/ /*!50003 TRIGGER `set_mod_inv_reservas` BEFORE UPDATE ON `inv_reservas` FOR EACH ROW IF (NEW.mod_user IS NULL || NEW.mod_user='') THEN SET NEW.mod_user = UPPER(SUBSTR(USER(), 1,(LOCATE('@', USER())-1))); END IF */;;
DELIMITER ;
/*!50003 SET sql_mode              = @saved_sql_mode */ ;
/*!50003 SET character_set_client  = @saved_cs_client */ ;
/*!50003 SET character_set_results = @saved_cs_results */ ;
/*!50003 SET collation_connection  = @saved_col_connection */ ;

--
-- Table structure for table `nom_cargos`
--

DROP TABLE IF EXISTS `nom_cargos`;
/*!40101 SET @saved_cs_client     = @@character_set_client */;
/*!40101 SET character_set_client = utf8 */;
CREATE TABLE `nom_cargos` (
  `ccargo` int(10) unsigned zerofill NOT NULL AUTO_INCREMENT,
  `cargo` varchar(50) COLLATE utf8_bin NOT NULL,
  `crea_user` varchar(50) COLLATE utf8_bin DEFAULT NULL,
  `crea_date` datetime NOT NULL DEFAULT CURRENT_TIMESTAMP,
  `mod_user` varchar(50) COLLATE utf8_bin DEFAULT NULL,
  `mod_date` datetime DEFAULT NULL ON UPDATE CURRENT_TIMESTAMP,
  PRIMARY KEY (`ccargo`)
) ENGINE=InnoDB AUTO_INCREMENT=15 DEFAULT CHARSET=utf8 COLLATE=utf8_bin;
/*!40101 SET character_set_client = @saved_cs_client */;

--
-- Dumping data for table `nom_cargos`
--

LOCK TABLES `nom_cargos` WRITE;
/*!40000 ALTER TABLE `nom_cargos` DISABLE KEYS */;
INSERT INTO `nom_cargos` VALUES (0000000001,'TECNICO','ADMINISTRADOR','2019-01-05 11:45:30','ADMINISTRADOR','2019-01-16 17:00:28'),(0000000002,'AYUDANTE','ADMINISTRADOR','2019-01-16 17:00:41',NULL,NULL),(0000000003,'GERENTE TECNICO','ABOLIVAR','2019-02-12 09:48:49','ABOLIVAR','2019-06-18 13:13:22'),(0000000004,'ASESOR COMERCIAL','ABOLIVAR','2019-02-12 09:49:12',NULL,NULL),(0000000005,'GERENTE COMERCIAL','ABOLIVAR','2019-02-12 09:49:26',NULL,NULL),(0000000006,'ENCARGADO DE COMPRAS','ABOLIVAR','2019-02-12 09:49:52',NULL,NULL),(0000000007,'GERENTE DE ADMINISTRACIÓN Y FINANZAS','ABOLIVAR','2019-02-12 09:50:25','METALSIGMAUSER','2019-02-22 11:21:39'),(0000000008,'GESTORA','ABOLIVAR','2019-06-18 13:12:13','ABOLIVAR','2019-06-18 14:15:21'),(0000000009,'JUNIOR','ABOLIVAR','2019-06-18 13:12:23',NULL,NULL),(0000000010,'ENCARGADO DE LIMPIEZA','ABOLIVAR','2019-06-18 13:12:38','ABOLIVAR','2019-08-28 09:25:13'),(0000000011,'GERENTE GENERAL','DAVID','2019-08-13 17:23:50',NULL,NULL),(0000000012,'ENCARGADO DE BODEGA','ABOLIVAR','2019-08-28 09:07:24',NULL,NULL),(0000000013,'RESPONSABLE DE HIGIENE Y SEGURIDAD','ABOLIVAR','2019-10-21 09:39:25',NULL,NULL),(0000000014,'RESPONSABLE DE CALIDAD','ABOLIVAR','2019-10-21 09:39:37',NULL,NULL);
/*!40000 ALTER TABLE `nom_cargos` ENABLE KEYS */;
UNLOCK TABLES;
ALTER DATABASE `metalsig_heavy` CHARACTER SET latin1 COLLATE latin1_swedish_ci ;
/*!50003 SET @saved_cs_client      = @@character_set_client */ ;
/*!50003 SET @saved_cs_results     = @@character_set_results */ ;
/*!50003 SET @saved_col_connection = @@collation_connection */ ;
/*!50003 SET character_set_client  = utf8mb4 */ ;
/*!50003 SET character_set_results = utf8mb4 */ ;
/*!50003 SET collation_connection  = utf8mb4_general_ci */ ;
/*!50003 SET @saved_sql_mode       = @@sql_mode */ ;
/*!50003 SET sql_mode              = 'NO_AUTO_VALUE_ON_ZERO' */ ;
DELIMITER ;;
/*!50003 CREATE*/ /*!50017 DEFINER=`metalsigmauser`@`localhost`*/ /*!50003 TRIGGER `set_crea_nom_cargos` BEFORE INSERT ON `nom_cargos` FOR EACH ROW IF (NEW.crea_user IS NULL || NEW.crea_user='') THEN SET NEW.crea_user = UPPER(SUBSTR(USER(), 1,(LOCATE('@', USER())-1))); END IF */;;
DELIMITER ;
/*!50003 SET sql_mode              = @saved_sql_mode */ ;
/*!50003 SET character_set_client  = @saved_cs_client */ ;
/*!50003 SET character_set_results = @saved_cs_results */ ;
/*!50003 SET collation_connection  = @saved_col_connection */ ;
ALTER DATABASE `metalsig_heavy` CHARACTER SET utf8 COLLATE utf8_bin ;
ALTER DATABASE `metalsig_heavy` CHARACTER SET latin1 COLLATE latin1_swedish_ci ;
/*!50003 SET @saved_cs_client      = @@character_set_client */ ;
/*!50003 SET @saved_cs_results     = @@character_set_results */ ;
/*!50003 SET @saved_col_connection = @@collation_connection */ ;
/*!50003 SET character_set_client  = utf8mb4 */ ;
/*!50003 SET character_set_results = utf8mb4 */ ;
/*!50003 SET collation_connection  = utf8mb4_general_ci */ ;
/*!50003 SET @saved_sql_mode       = @@sql_mode */ ;
/*!50003 SET sql_mode              = 'NO_AUTO_VALUE_ON_ZERO' */ ;
DELIMITER ;;
/*!50003 CREATE*/ /*!50017 DEFINER=`metalsigmauser`@`localhost`*/ /*!50003 TRIGGER `set_mod_nom_cargos` BEFORE UPDATE ON `nom_cargos` FOR EACH ROW IF (NEW.mod_user IS NULL || NEW.mod_user='') THEN SET NEW.mod_user = UPPER(SUBSTR(USER(), 1,(LOCATE('@', USER())-1))); END IF */;;
DELIMITER ;
/*!50003 SET sql_mode              = @saved_sql_mode */ ;
/*!50003 SET character_set_client  = @saved_cs_client */ ;
/*!50003 SET character_set_results = @saved_cs_results */ ;
/*!50003 SET collation_connection  = @saved_col_connection */ ;
ALTER DATABASE `metalsig_heavy` CHARACTER SET utf8 COLLATE utf8_bin ;

--
-- Table structure for table `nom_especialidad`
--

DROP TABLE IF EXISTS `nom_especialidad`;
/*!40101 SET @saved_cs_client     = @@character_set_client */;
/*!40101 SET character_set_client = utf8 */;
CREATE TABLE `nom_especialidad` (
  `cespecialidad` int(10) unsigned zerofill NOT NULL AUTO_INCREMENT,
  `especialidad` varchar(100) COLLATE utf8_bin NOT NULL,
  `crea_user` varchar(50) COLLATE utf8_bin DEFAULT NULL,
  `crea_date` datetime NOT NULL DEFAULT CURRENT_TIMESTAMP,
  `mod_user` varchar(50) COLLATE utf8_bin DEFAULT NULL,
  `mod_date` datetime DEFAULT NULL ON UPDATE CURRENT_TIMESTAMP,
  PRIMARY KEY (`cespecialidad`)
) ENGINE=InnoDB AUTO_INCREMENT=17 DEFAULT CHARSET=utf8 COLLATE=utf8_bin;
/*!40101 SET character_set_client = @saved_cs_client */;

--
-- Dumping data for table `nom_especialidad`
--

LOCK TABLES `nom_especialidad` WRITE;
/*!40000 ALTER TABLE `nom_especialidad` DISABLE KEYS */;
INSERT INTO `nom_especialidad` VALUES (0000000001,'NUEVA','ADMINISTRADOR','2019-01-05 11:56:38',NULL,NULL),(0000000002,'ELECTROMECÁNICO','ABOLIVAR','2019-02-12 14:49:14',NULL,NULL),(0000000003,'GESTIÓN Y ADMINISTRACIÓN','ABOLIVAR','2019-02-12 14:50:04',NULL,NULL),(0000000004,'COMPRAS E INVENTARIOS','ABOLIVAR','2019-02-12 14:50:17',NULL,NULL),(0000000005,'VENTAS Y CAPTACIÓN ','ABOLIVAR','2019-02-12 14:50:37',NULL,NULL),(0000000006,'HIDRAULICA','ABOLIVAR','2019-02-12 15:15:56','METALSIGMAUSER','2019-02-22 09:47:19'),(0000000007,'MOTORISTA ','ABOLIVAR','2019-02-12 15:17:02',NULL,NULL),(0000000008,'MECÁNICO','ABOLIVAR','2019-02-12 15:17:26',NULL,NULL),(0000000009,'SOLDADOR','ABOLIVAR','2019-06-18 13:16:56',NULL,NULL),(0000000010,'PERSONAL DE LIMPIEZA','ABOLIVAR','2019-06-18 14:21:58',NULL,NULL),(0000000011,'CHOFER','ABOLIVAR','2019-06-18 14:22:32',NULL,NULL),(0000000012,'GERENTE GENERAL','DAVID','2019-08-13 17:24:09',NULL,NULL),(0000000013,'GERENTE TÉCNICO','DAVID','2019-08-13 17:24:22',NULL,NULL),(0000000014,'BODEGA','ABOLIVAR','2019-08-28 09:08:09',NULL,NULL),(0000000015,'CALIDAD','ABOLIVAR','2019-10-21 09:40:37',NULL,NULL),(0000000016,'PREVENCIONISTA DE RIESGO ','ABOLIVAR','2019-10-21 09:41:34',NULL,NULL);
/*!40000 ALTER TABLE `nom_especialidad` ENABLE KEYS */;
UNLOCK TABLES;
ALTER DATABASE `metalsig_heavy` CHARACTER SET latin1 COLLATE latin1_swedish_ci ;
/*!50003 SET @saved_cs_client      = @@character_set_client */ ;
/*!50003 SET @saved_cs_results     = @@character_set_results */ ;
/*!50003 SET @saved_col_connection = @@collation_connection */ ;
/*!50003 SET character_set_client  = utf8mb4 */ ;
/*!50003 SET character_set_results = utf8mb4 */ ;
/*!50003 SET collation_connection  = utf8mb4_general_ci */ ;
/*!50003 SET @saved_sql_mode       = @@sql_mode */ ;
/*!50003 SET sql_mode              = 'NO_AUTO_VALUE_ON_ZERO' */ ;
DELIMITER ;;
/*!50003 CREATE*/ /*!50017 DEFINER=`metalsigmauser`@`localhost`*/ /*!50003 TRIGGER `set_crea_nom_especialidad` BEFORE INSERT ON `nom_especialidad` FOR EACH ROW IF (NEW.crea_user IS NULL || NEW.crea_user='') THEN SET NEW.crea_user = UPPER(SUBSTR(USER(), 1,(LOCATE('@', USER())-1))); END IF */;;
DELIMITER ;
/*!50003 SET sql_mode              = @saved_sql_mode */ ;
/*!50003 SET character_set_client  = @saved_cs_client */ ;
/*!50003 SET character_set_results = @saved_cs_results */ ;
/*!50003 SET collation_connection  = @saved_col_connection */ ;
ALTER DATABASE `metalsig_heavy` CHARACTER SET utf8 COLLATE utf8_bin ;
ALTER DATABASE `metalsig_heavy` CHARACTER SET latin1 COLLATE latin1_swedish_ci ;
/*!50003 SET @saved_cs_client      = @@character_set_client */ ;
/*!50003 SET @saved_cs_results     = @@character_set_results */ ;
/*!50003 SET @saved_col_connection = @@collation_connection */ ;
/*!50003 SET character_set_client  = utf8mb4 */ ;
/*!50003 SET character_set_results = utf8mb4 */ ;
/*!50003 SET collation_connection  = utf8mb4_general_ci */ ;
/*!50003 SET @saved_sql_mode       = @@sql_mode */ ;
/*!50003 SET sql_mode              = 'NO_AUTO_VALUE_ON_ZERO' */ ;
DELIMITER ;;
/*!50003 CREATE*/ /*!50017 DEFINER=`metalsigmauser`@`localhost`*/ /*!50003 TRIGGER `set_mod_nom_especialidad` BEFORE UPDATE ON `nom_especialidad` FOR EACH ROW IF (NEW.mod_user IS NULL || NEW.mod_user='') THEN SET NEW.mod_user = UPPER(SUBSTR(USER(), 1,(LOCATE('@', USER())-1))); END IF */;;
DELIMITER ;
/*!50003 SET sql_mode              = @saved_sql_mode */ ;
/*!50003 SET character_set_client  = @saved_cs_client */ ;
/*!50003 SET character_set_results = @saved_cs_results */ ;
/*!50003 SET collation_connection  = @saved_col_connection */ ;
ALTER DATABASE `metalsig_heavy` CHARACTER SET utf8 COLLATE utf8_bin ;

--
-- Table structure for table `nom_trabajadores`
--

DROP TABLE IF EXISTS `nom_trabajadores`;
/*!40101 SET @saved_cs_client     = @@character_set_client */;
/*!40101 SET character_set_client = utf8 */;
CREATE TABLE `nom_trabajadores` (
  `ctrabajador` int(10) unsigned zerofill NOT NULL AUTO_INCREMENT,
  `cdata` int(10) unsigned zerofill NOT NULL,
  `ccargo` int(10) unsigned zerofill NOT NULL,
  `cespecialidad` int(10) unsigned zerofill NOT NULL,
  `horas` decimal(4,1) NOT NULL DEFAULT '0.0',
  `status` int(1) NOT NULL DEFAULT '1',
  `crea_user` varchar(50) COLLATE utf8_bin DEFAULT NULL,
  `crea_date` datetime NOT NULL DEFAULT CURRENT_TIMESTAMP,
  `mod_user` varchar(50) COLLATE utf8_bin DEFAULT NULL,
  `mod_date` datetime DEFAULT NULL ON UPDATE CURRENT_TIMESTAMP,
  PRIMARY KEY (`ctrabajador`),
  UNIQUE KEY `uk_cdata_nom_trabajadores` (`cdata`) USING BTREE,
  KEY `ik_ccargo_nom_trabajadores` (`ccargo`) USING BTREE,
  KEY `ik_cespecialidad_nom_trabajadores` (`cespecialidad`) USING BTREE,
  CONSTRAINT `fk_ccargo_nom_trabajadores` FOREIGN KEY (`ccargo`) REFERENCES `nom_cargos` (`ccargo`),
  CONSTRAINT `fk_cdata_nom_trabajadores` FOREIGN KEY (`cdata`) REFERENCES `data_entes` (`cdata`),
  CONSTRAINT `fk_cespecialidad_nom_trabajadores` FOREIGN KEY (`cespecialidad`) REFERENCES `nom_especialidad` (`cespecialidad`)
) ENGINE=InnoDB AUTO_INCREMENT=24 DEFAULT CHARSET=utf8 COLLATE=utf8_bin;
/*!40101 SET character_set_client = @saved_cs_client */;

--
-- Dumping data for table `nom_trabajadores`
--

LOCK TABLES `nom_trabajadores` WRITE;
/*!40000 ALTER TABLE `nom_trabajadores` DISABLE KEYS */;
INSERT INTO `nom_trabajadores` VALUES (0000000001,0000000004,0000000007,0000000003,42.5,1,'METALSIGMAUSER','2019-02-22 10:20:04','ABOLIVAR','2019-06-18 15:51:56'),(0000000002,0000000005,0000000014,0000000015,42.5,1,'METALSIGMAUSER','2019-02-22 10:20:04','ABOLIVAR','2019-10-21 09:41:58'),(0000000003,0000000006,0000000005,0000000005,42.5,1,'METALSIGMAUSER','2019-02-22 10:20:04','ADMINISTRADOR','2019-05-29 10:07:04'),(0000000004,0000000007,0000000001,0000000008,42.5,1,'METALSIGMAUSER','2019-02-22 10:20:04','ABOLIVAR','2019-06-07 14:29:48'),(0000000005,0000000008,0000000001,0000000006,42.5,0,'METALSIGMAUSER','2019-02-22 10:20:04','DAVID','2019-08-13 17:25:13'),(0000000006,0000000009,0000000002,0000000008,42.5,1,'METALSIGMAUSER','2019-02-22 10:20:04','ADMINISTRADOR','2019-05-29 10:07:04'),(0000000007,0000000010,0000000001,0000000002,42.5,1,'METALSIGMAUSER','2019-02-22 10:20:04','DAVID','2019-10-15 21:34:00'),(0000000008,0000000011,0000000001,0000000006,42.5,1,'METALSIGMAUSER','2019-02-22 10:20:04','ADMINISTRADOR','2019-05-29 10:07:04'),(0000000010,0000000013,0000000001,0000000006,42.5,0,'METALSIGMAUSER','2019-02-22 10:20:04','ABOLIVAR','2019-06-07 11:05:28'),(0000000011,0000000014,0000000001,0000000007,42.5,0,'METALSIGMAUSER','2019-02-22 10:20:04','DAVID','2019-08-13 17:25:31'),(0000000012,0000000015,0000000006,0000000004,42.5,1,'METALSIGMAUSER','2019-02-22 10:20:04','ADMINISTRADOR','2019-05-29 10:07:04'),(0000000013,0000000016,0000000011,0000000012,42.5,1,'METALSIGMAUSER','2019-02-22 10:20:04','DAVID','2019-08-13 17:24:52'),(0000000014,0000000207,0000000001,0000000009,42.5,1,'ABOLIVAR','2019-06-07 11:39:16','ABOLIVAR','2019-06-21 11:19:54'),(0000000015,0000000208,0000000001,0000000002,42.5,1,'ABOLIVAR','2019-06-07 11:44:56','ABOLIVAR','2019-06-21 11:19:19'),(0000000016,0000000211,0000000008,0000000005,42.5,1,'ABOLIVAR','2019-06-18 14:19:20',NULL,NULL),(0000000017,0000000212,0000000010,0000000010,42.5,1,'ABOLIVAR','2019-06-18 14:24:38','ABOLIVAR','2019-06-21 10:46:58'),(0000000018,0000000213,0000000009,0000000011,42.5,1,'ABOLIVAR','2019-06-18 14:27:44','ABOLIVAR','2019-06-21 10:45:57'),(0000000019,0000000214,0000000003,0000000013,42.5,1,'ABOLIVAR','2019-06-18 14:35:48','DAVID','2019-08-13 17:26:00'),(0000000020,0000000223,0000000012,0000000014,42.5,1,'ABOLIVAR','2019-08-28 09:18:04','ABOLIVAR','2019-08-28 09:19:19'),(0000000021,0000000224,0000000010,0000000010,42.5,1,'ABOLIVAR','2019-08-28 09:27:36',NULL,NULL),(0000000022,0000000229,0000000006,0000000004,42.5,1,'ABOLIVAR','2019-09-11 11:43:02',NULL,NULL),(0000000023,0000000232,0000000013,0000000016,42.5,1,'ABOLIVAR','2019-10-21 09:45:33','ABOLIVAR','2019-10-21 09:45:58');
/*!40000 ALTER TABLE `nom_trabajadores` ENABLE KEYS */;
UNLOCK TABLES;
ALTER DATABASE `metalsig_heavy` CHARACTER SET latin1 COLLATE latin1_swedish_ci ;
/*!50003 SET @saved_cs_client      = @@character_set_client */ ;
/*!50003 SET @saved_cs_results     = @@character_set_results */ ;
/*!50003 SET @saved_col_connection = @@collation_connection */ ;
/*!50003 SET character_set_client  = utf8mb4 */ ;
/*!50003 SET character_set_results = utf8mb4 */ ;
/*!50003 SET collation_connection  = utf8mb4_general_ci */ ;
/*!50003 SET @saved_sql_mode       = @@sql_mode */ ;
/*!50003 SET sql_mode              = 'NO_AUTO_VALUE_ON_ZERO' */ ;
DELIMITER ;;
/*!50003 CREATE*/ /*!50017 DEFINER=`metalsigmauser`@`localhost`*/ /*!50003 TRIGGER `set_crea_nom_trabajadores` BEFORE INSERT ON `nom_trabajadores` FOR EACH ROW IF (NEW.crea_user IS NULL || NEW.crea_user='') THEN SET NEW.crea_user = UPPER(SUBSTR(USER(), 1,(LOCATE('@', USER())-1))); END IF */;;
DELIMITER ;
/*!50003 SET sql_mode              = @saved_sql_mode */ ;
/*!50003 SET character_set_client  = @saved_cs_client */ ;
/*!50003 SET character_set_results = @saved_cs_results */ ;
/*!50003 SET collation_connection  = @saved_col_connection */ ;
ALTER DATABASE `metalsig_heavy` CHARACTER SET utf8 COLLATE utf8_bin ;
ALTER DATABASE `metalsig_heavy` CHARACTER SET latin1 COLLATE latin1_swedish_ci ;
/*!50003 SET @saved_cs_client      = @@character_set_client */ ;
/*!50003 SET @saved_cs_results     = @@character_set_results */ ;
/*!50003 SET @saved_col_connection = @@collation_connection */ ;
/*!50003 SET character_set_client  = utf8mb4 */ ;
/*!50003 SET character_set_results = utf8mb4 */ ;
/*!50003 SET collation_connection  = utf8mb4_general_ci */ ;
/*!50003 SET @saved_sql_mode       = @@sql_mode */ ;
/*!50003 SET sql_mode              = 'NO_AUTO_VALUE_ON_ZERO' */ ;
DELIMITER ;;
/*!50003 CREATE*/ /*!50017 DEFINER=`metalsigmauser`@`localhost`*/ /*!50003 TRIGGER `set_mod_nom_trabajadores` BEFORE UPDATE ON `nom_trabajadores` FOR EACH ROW IF (NEW.mod_user IS NULL || NEW.mod_user='') THEN SET NEW.mod_user = UPPER(SUBSTR(USER(), 1,(LOCATE('@', USER())-1))); END IF */;;
DELIMITER ;
/*!50003 SET sql_mode              = @saved_sql_mode */ ;
/*!50003 SET character_set_client  = @saved_cs_client */ ;
/*!50003 SET character_set_results = @saved_cs_results */ ;
/*!50003 SET collation_connection  = @saved_col_connection */ ;
ALTER DATABASE `metalsig_heavy` CHARACTER SET utf8 COLLATE utf8_bin ;

--
-- Table structure for table `par_arriendo_taller`
--

DROP TABLE IF EXISTS `par_arriendo_taller`;
/*!40101 SET @saved_cs_client     = @@character_set_client */;
/*!40101 SET character_set_client = utf8 */;
CREATE TABLE `par_arriendo_taller` (
  `carriendot` int(10) unsigned zerofill NOT NULL AUTO_INCREMENT,
  `csegmento` int(10) unsigned zerofill NOT NULL,
  `espacio` decimal(4,2) NOT NULL,
  `mar_uf` decimal(5,2) NOT NULL,
  `crea_user` varchar(50) COLLATE utf8_bin DEFAULT NULL,
  `crea_date` datetime NOT NULL DEFAULT CURRENT_TIMESTAMP,
  `mod_user` varchar(50) COLLATE utf8_bin DEFAULT NULL,
  `mod_date` datetime DEFAULT NULL ON UPDATE CURRENT_TIMESTAMP,
  PRIMARY KEY (`carriendot`),
  KEY `csegmento` (`csegmento`),
  CONSTRAINT `fk_csegmento_par_arriendo_taller` FOREIGN KEY (`csegmento`) REFERENCES `eq_segmentos` (`csegmento`)
) ENGINE=InnoDB AUTO_INCREMENT=7 DEFAULT CHARSET=utf8 COLLATE=utf8_bin;
/*!40101 SET character_set_client = @saved_cs_client */;

--
-- Dumping data for table `par_arriendo_taller`
--

LOCK TABLES `par_arriendo_taller` WRITE;
/*!40000 ALTER TABLE `par_arriendo_taller` DISABLE KEYS */;
INSERT INTO `par_arriendo_taller` VALUES (0000000001,0000000006,0.50,30.00,'ADMINISTRADOR','0000-00-00 00:00:00','ADMINISTRADOR','2019-03-04 14:18:50'),(0000000002,0000000002,1.00,30.00,'ADMINISTRADOR','0000-00-00 00:00:00',NULL,NULL),(0000000003,0000000003,1.00,30.00,'ADMINISTRADOR','0000-00-00 00:00:00',NULL,NULL),(0000000004,0000000001,2.00,30.00,'ADMINISTRADOR','0000-00-00 00:00:00',NULL,NULL),(0000000005,0000000005,1.00,30.00,'ADMINISTRADOR','0000-00-00 00:00:00',NULL,NULL),(0000000006,0000000004,1.00,30.00,'ADMINISTRADOR','0000-00-00 00:00:00',NULL,NULL);
/*!40000 ALTER TABLE `par_arriendo_taller` ENABLE KEYS */;
UNLOCK TABLES;
ALTER DATABASE `metalsig_heavy` CHARACTER SET latin1 COLLATE latin1_swedish_ci ;
/*!50003 SET @saved_cs_client      = @@character_set_client */ ;
/*!50003 SET @saved_cs_results     = @@character_set_results */ ;
/*!50003 SET @saved_col_connection = @@collation_connection */ ;
/*!50003 SET character_set_client  = utf8mb4 */ ;
/*!50003 SET character_set_results = utf8mb4 */ ;
/*!50003 SET collation_connection  = utf8mb4_general_ci */ ;
/*!50003 SET @saved_sql_mode       = @@sql_mode */ ;
/*!50003 SET sql_mode              = 'NO_AUTO_VALUE_ON_ZERO' */ ;
DELIMITER ;;
/*!50003 CREATE*/ /*!50017 DEFINER=`metalsigmauser`@`localhost`*/ /*!50003 TRIGGER `set_crea_par_arriendo_taller` BEFORE INSERT ON `par_arriendo_taller` FOR EACH ROW IF (NEW.crea_user IS NULL || NEW.crea_user='') THEN SET NEW.crea_user = UPPER(SUBSTR(USER(), 1,(LOCATE('@', USER())-1))); END IF */;;
DELIMITER ;
/*!50003 SET sql_mode              = @saved_sql_mode */ ;
/*!50003 SET character_set_client  = @saved_cs_client */ ;
/*!50003 SET character_set_results = @saved_cs_results */ ;
/*!50003 SET collation_connection  = @saved_col_connection */ ;
ALTER DATABASE `metalsig_heavy` CHARACTER SET utf8 COLLATE utf8_bin ;
ALTER DATABASE `metalsig_heavy` CHARACTER SET latin1 COLLATE latin1_swedish_ci ;
/*!50003 SET @saved_cs_client      = @@character_set_client */ ;
/*!50003 SET @saved_cs_results     = @@character_set_results */ ;
/*!50003 SET @saved_col_connection = @@collation_connection */ ;
/*!50003 SET character_set_client  = utf8mb4 */ ;
/*!50003 SET character_set_results = utf8mb4 */ ;
/*!50003 SET collation_connection  = utf8mb4_general_ci */ ;
/*!50003 SET @saved_sql_mode       = @@sql_mode */ ;
/*!50003 SET sql_mode              = 'NO_AUTO_VALUE_ON_ZERO' */ ;
DELIMITER ;;
/*!50003 CREATE*/ /*!50017 DEFINER=`metalsigmauser`@`localhost`*/ /*!50003 TRIGGER `set_mod_par_arriendo_taller` BEFORE UPDATE ON `par_arriendo_taller` FOR EACH ROW IF (NEW.mod_user IS NULL || NEW.mod_user='') THEN SET NEW.mod_user = UPPER(SUBSTR(USER(), 1,(LOCATE('@', USER())-1))); END IF */;;
DELIMITER ;
/*!50003 SET sql_mode              = @saved_sql_mode */ ;
/*!50003 SET character_set_client  = @saved_cs_client */ ;
/*!50003 SET character_set_results = @saved_cs_results */ ;
/*!50003 SET collation_connection  = @saved_col_connection */ ;
ALTER DATABASE `metalsig_heavy` CHARACTER SET utf8 COLLATE utf8_bin ;

--
-- Table structure for table `par_eq_trabajo`
--

DROP TABLE IF EXISTS `par_eq_trabajo`;
/*!40101 SET @saved_cs_client     = @@character_set_client */;
/*!40101 SET character_set_client = utf8 */;
CREATE TABLE `par_eq_trabajo` (
  `cequipo` int(10) unsigned zerofill NOT NULL AUTO_INCREMENT,
  `equipo` varchar(100) COLLATE utf8_bin NOT NULL,
  `trabs` int(1) unsigned zerofill NOT NULL,
  `crea_user` varchar(50) COLLATE utf8_bin DEFAULT NULL,
  `crea_date` datetime NOT NULL DEFAULT CURRENT_TIMESTAMP,
  `mod_user` varchar(50) COLLATE utf8_bin DEFAULT NULL,
  `mod_date` datetime DEFAULT NULL ON UPDATE CURRENT_TIMESTAMP,
  PRIMARY KEY (`cequipo`)
) ENGINE=InnoDB AUTO_INCREMENT=3 DEFAULT CHARSET=utf8 COLLATE=utf8_bin;
/*!40101 SET character_set_client = @saved_cs_client */;

--
-- Dumping data for table `par_eq_trabajo`
--

LOCK TABLES `par_eq_trabajo` WRITE;
/*!40000 ALTER TABLE `par_eq_trabajo` DISABLE KEYS */;
INSERT INTO `par_eq_trabajo` VALUES (0000000001,'TECNICO + AYUDANTE',2,NULL,'0000-00-00 00:00:00','ADMINISTRADOR','2019-03-04 12:50:30'),(0000000002,'TECNICO',1,NULL,'0000-00-00 00:00:00',NULL,NULL);
/*!40000 ALTER TABLE `par_eq_trabajo` ENABLE KEYS */;
UNLOCK TABLES;
ALTER DATABASE `metalsig_heavy` CHARACTER SET latin1 COLLATE latin1_swedish_ci ;
/*!50003 SET @saved_cs_client      = @@character_set_client */ ;
/*!50003 SET @saved_cs_results     = @@character_set_results */ ;
/*!50003 SET @saved_col_connection = @@collation_connection */ ;
/*!50003 SET character_set_client  = utf8mb4 */ ;
/*!50003 SET character_set_results = utf8mb4 */ ;
/*!50003 SET collation_connection  = utf8mb4_general_ci */ ;
/*!50003 SET @saved_sql_mode       = @@sql_mode */ ;
/*!50003 SET sql_mode              = 'NO_AUTO_VALUE_ON_ZERO' */ ;
DELIMITER ;;
/*!50003 CREATE*/ /*!50017 DEFINER=`metalsigmauser`@`localhost`*/ /*!50003 TRIGGER `set_crea_par_eq_trabajo` BEFORE INSERT ON `par_eq_trabajo` FOR EACH ROW IF (NEW.crea_user IS NULL || NEW.crea_user='') THEN SET NEW.crea_user = UPPER(SUBSTR(USER(), 1,(LOCATE('@', USER())-1))); END IF */;;
DELIMITER ;
/*!50003 SET sql_mode              = @saved_sql_mode */ ;
/*!50003 SET character_set_client  = @saved_cs_client */ ;
/*!50003 SET character_set_results = @saved_cs_results */ ;
/*!50003 SET collation_connection  = @saved_col_connection */ ;
ALTER DATABASE `metalsig_heavy` CHARACTER SET utf8 COLLATE utf8_bin ;
ALTER DATABASE `metalsig_heavy` CHARACTER SET latin1 COLLATE latin1_swedish_ci ;
/*!50003 SET @saved_cs_client      = @@character_set_client */ ;
/*!50003 SET @saved_cs_results     = @@character_set_results */ ;
/*!50003 SET @saved_col_connection = @@collation_connection */ ;
/*!50003 SET character_set_client  = utf8mb4 */ ;
/*!50003 SET character_set_results = utf8mb4 */ ;
/*!50003 SET collation_connection  = utf8mb4_general_ci */ ;
/*!50003 SET @saved_sql_mode       = @@sql_mode */ ;
/*!50003 SET sql_mode              = 'NO_AUTO_VALUE_ON_ZERO' */ ;
DELIMITER ;;
/*!50003 CREATE*/ /*!50017 DEFINER=`metalsigmauser`@`localhost`*/ /*!50003 TRIGGER `set_mod_par_eq_trabajo` BEFORE UPDATE ON `par_eq_trabajo` FOR EACH ROW IF (NEW.mod_user IS NULL || NEW.mod_user='') THEN SET NEW.mod_user = UPPER(SUBSTR(USER(), 1,(LOCATE('@', USER())-1))); END IF */;;
DELIMITER ;
/*!50003 SET sql_mode              = @saved_sql_mode */ ;
/*!50003 SET character_set_client  = @saved_cs_client */ ;
/*!50003 SET character_set_results = @saved_cs_results */ ;
/*!50003 SET collation_connection  = @saved_col_connection */ ;
ALTER DATABASE `metalsig_heavy` CHARACTER SET utf8 COLLATE utf8_bin ;

--
-- Table structure for table `par_lugar`
--

DROP TABLE IF EXISTS `par_lugar`;
/*!40101 SET @saved_cs_client     = @@character_set_client */;
/*!40101 SET character_set_client = utf8 */;
CREATE TABLE `par_lugar` (
  `clugar` int(10) unsigned zerofill NOT NULL AUTO_INCREMENT,
  `lugar` varchar(100) COLLATE utf8_bin NOT NULL,
  `crea_user` varchar(50) COLLATE utf8_bin DEFAULT NULL,
  `crea_date` datetime NOT NULL DEFAULT CURRENT_TIMESTAMP,
  `mod_user` varchar(50) COLLATE utf8_bin DEFAULT NULL,
  `mod_date` datetime DEFAULT NULL ON UPDATE CURRENT_TIMESTAMP,
  PRIMARY KEY (`clugar`)
) ENGINE=InnoDB AUTO_INCREMENT=3 DEFAULT CHARSET=utf8 COLLATE=utf8_bin;
/*!40101 SET character_set_client = @saved_cs_client */;

--
-- Dumping data for table `par_lugar`
--

LOCK TABLES `par_lugar` WRITE;
/*!40000 ALTER TABLE `par_lugar` DISABLE KEYS */;
INSERT INTO `par_lugar` VALUES (0000000001,'TALLER','ADMINISTRADOR','0000-00-00 00:00:00','ADMINISTRADOR','2019-03-04 12:26:32'),(0000000002,'TERRENO','ADMINISTRADOR','0000-00-00 00:00:00','METALSIGMAUSER','2019-03-04 12:15:39');
/*!40000 ALTER TABLE `par_lugar` ENABLE KEYS */;
UNLOCK TABLES;
ALTER DATABASE `metalsig_heavy` CHARACTER SET latin1 COLLATE latin1_swedish_ci ;
/*!50003 SET @saved_cs_client      = @@character_set_client */ ;
/*!50003 SET @saved_cs_results     = @@character_set_results */ ;
/*!50003 SET @saved_col_connection = @@collation_connection */ ;
/*!50003 SET character_set_client  = utf8mb4 */ ;
/*!50003 SET character_set_results = utf8mb4 */ ;
/*!50003 SET collation_connection  = utf8mb4_general_ci */ ;
/*!50003 SET @saved_sql_mode       = @@sql_mode */ ;
/*!50003 SET sql_mode              = 'NO_AUTO_VALUE_ON_ZERO' */ ;
DELIMITER ;;
/*!50003 CREATE*/ /*!50017 DEFINER=`metalsigmauser`@`localhost`*/ /*!50003 TRIGGER `set_crea_par_lugar` BEFORE INSERT ON `par_lugar` FOR EACH ROW IF (NEW.crea_user IS NULL || NEW.crea_user='') THEN SET NEW.crea_user = UPPER(SUBSTR(USER(), 1,(LOCATE('@', USER())-1))); END IF */;;
DELIMITER ;
/*!50003 SET sql_mode              = @saved_sql_mode */ ;
/*!50003 SET character_set_client  = @saved_cs_client */ ;
/*!50003 SET character_set_results = @saved_cs_results */ ;
/*!50003 SET collation_connection  = @saved_col_connection */ ;
ALTER DATABASE `metalsig_heavy` CHARACTER SET utf8 COLLATE utf8_bin ;
ALTER DATABASE `metalsig_heavy` CHARACTER SET latin1 COLLATE latin1_swedish_ci ;
/*!50003 SET @saved_cs_client      = @@character_set_client */ ;
/*!50003 SET @saved_cs_results     = @@character_set_results */ ;
/*!50003 SET @saved_col_connection = @@collation_connection */ ;
/*!50003 SET character_set_client  = utf8mb4 */ ;
/*!50003 SET character_set_results = utf8mb4 */ ;
/*!50003 SET collation_connection  = utf8mb4_general_ci */ ;
/*!50003 SET @saved_sql_mode       = @@sql_mode */ ;
/*!50003 SET sql_mode              = 'NO_AUTO_VALUE_ON_ZERO' */ ;
DELIMITER ;;
/*!50003 CREATE*/ /*!50017 DEFINER=`metalsigmauser`@`localhost`*/ /*!50003 TRIGGER `set_mod_par_lugar` BEFORE UPDATE ON `par_lugar` FOR EACH ROW IF (NEW.mod_user IS NULL || NEW.mod_user='') THEN SET NEW.mod_user = UPPER(SUBSTR(USER(), 1,(LOCATE('@', USER())-1))); END IF */;;
DELIMITER ;
/*!50003 SET sql_mode              = @saved_sql_mode */ ;
/*!50003 SET character_set_client  = @saved_cs_client */ ;
/*!50003 SET character_set_results = @saved_cs_results */ ;
/*!50003 SET collation_connection  = @saved_col_connection */ ;
ALTER DATABASE `metalsig_heavy` CHARACTER SET utf8 COLLATE utf8_bin ;

--
-- Table structure for table `par_valor_hh`
--

DROP TABLE IF EXISTS `par_valor_hh`;
/*!40101 SET @saved_cs_client     = @@character_set_client */;
/*!40101 SET character_set_client = utf8 */;
CREATE TABLE `par_valor_hh` (
  `chora` int(10) unsigned zerofill NOT NULL AUTO_INCREMENT,
  `csegmento` int(10) unsigned zerofill NOT NULL,
  `clugar` int(10) unsigned zerofill NOT NULL,
  `cequipotrab` int(10) unsigned zerofill NOT NULL,
  `costo_hh_normal` decimal(12,2) NOT NULL,
  `mar_normal` decimal(5,2) NOT NULL,
  `mar_extra` decimal(5,2) NOT NULL,
  `crea_user` varchar(50) COLLATE utf8_bin DEFAULT NULL,
  `crea_date` datetime NOT NULL DEFAULT CURRENT_TIMESTAMP,
  `mod_user` varchar(50) COLLATE utf8_bin DEFAULT NULL,
  `mod_date` datetime DEFAULT NULL ON UPDATE CURRENT_TIMESTAMP,
  PRIMARY KEY (`chora`),
  KEY `csegmento` (`csegmento`),
  KEY `clugar` (`clugar`),
  KEY `cequipotrab` (`cequipotrab`),
  CONSTRAINT `fk_cequipotrab_par_valor_hh` FOREIGN KEY (`cequipotrab`) REFERENCES `par_eq_trabajo` (`cequipo`),
  CONSTRAINT `fk_clugar_par_valor_hh` FOREIGN KEY (`clugar`) REFERENCES `par_lugar` (`clugar`),
  CONSTRAINT `fk_csegmento_par_valor_hh` FOREIGN KEY (`csegmento`) REFERENCES `eq_segmentos` (`csegmento`)
) ENGINE=InnoDB AUTO_INCREMENT=21 DEFAULT CHARSET=utf8 COLLATE=utf8_bin;
/*!40101 SET character_set_client = @saved_cs_client */;

--
-- Dumping data for table `par_valor_hh`
--

LOCK TABLES `par_valor_hh` WRITE;
/*!40000 ALTER TABLE `par_valor_hh` DISABLE KEYS */;
INSERT INTO `par_valor_hh` VALUES (0000000001,0000000005,0000000001,0000000001,38923.00,30.00,30.00,'ADMINISTRADOR','0000-00-00 00:00:00','METALSIG_USUARIO','2019-03-04 11:55:21'),(0000000002,0000000002,0000000001,0000000001,38923.00,30.00,30.00,'ADMINISTRADOR','0000-00-00 00:00:00','METALSIGMAUSER','2019-03-04 12:10:11'),(0000000003,0000000003,0000000001,0000000001,48654.00,30.00,30.00,'ADMINISTRADOR','0000-00-00 00:00:00','METALSIGMAUSER','2019-03-04 12:10:11'),(0000000004,0000000001,0000000001,0000000001,62277.00,30.00,30.00,'ADMINISTRADOR','0000-00-00 00:00:00','METALSIGMAUSER','2019-03-04 12:10:11'),(0000000005,0000000004,0000000001,0000000001,38923.00,30.00,30.00,'ADMINISTRADOR','0000-00-00 00:00:00','METALSIGMAUSER','2019-03-04 12:10:11'),(0000000006,0000000005,0000000001,0000000002,23354.00,30.00,30.00,'ADMINISTRADOR','0000-00-00 00:00:00','METALSIGMAUSER','2019-03-04 12:10:11'),(0000000007,0000000002,0000000001,0000000002,23354.00,30.00,30.00,'ADMINISTRADOR','0000-00-00 00:00:00','METALSIGMAUSER','2019-03-04 12:10:11'),(0000000008,0000000003,0000000001,0000000002,29192.00,30.00,30.00,'ADMINISTRADOR','0000-00-00 00:00:00','METALSIGMAUSER','2019-03-04 12:10:11'),(0000000009,0000000001,0000000001,0000000002,37336.00,30.00,30.00,'ADMINISTRADOR','0000-00-00 00:00:00','METALSIGMAUSER','2019-03-04 12:10:11'),(0000000010,0000000004,0000000001,0000000002,23354.00,30.00,30.00,'ADMINISTRADOR','0000-00-00 00:00:00','METALSIGMAUSER','2019-03-04 12:10:11'),(0000000011,0000000005,0000000002,0000000001,46708.00,30.00,30.00,'ADMINISTRADOR','0000-00-00 00:00:00','METALSIGMAUSER','2019-03-04 12:10:11'),(0000000012,0000000002,0000000002,0000000001,46708.00,30.00,30.00,'ADMINISTRADOR','0000-00-00 00:00:00','METALSIGMAUSER','2019-03-04 12:10:11'),(0000000013,0000000003,0000000002,0000000001,58385.00,30.00,30.00,'ADMINISTRADOR','0000-00-00 00:00:00','METALSIGMAUSER','2019-03-04 12:10:11'),(0000000014,0000000001,0000000002,0000000001,74732.00,30.00,30.00,'ADMINISTRADOR','0000-00-00 00:00:00','METALSIGMAUSER','2019-03-04 12:10:11'),(0000000015,0000000004,0000000002,0000000001,46708.00,30.00,30.00,'ADMINISTRADOR','0000-00-00 00:00:00','METALSIGMAUSER','2019-03-04 12:10:11'),(0000000016,0000000005,0000000002,0000000002,28025.00,30.00,30.00,'ADMINISTRADOR','0000-00-00 00:00:00','METALSIGMAUSER','2019-03-04 12:10:11'),(0000000017,0000000002,0000000002,0000000002,28025.00,30.00,30.00,'ADMINISTRADOR','0000-00-00 00:00:00','METALSIGMAUSER','2019-03-04 12:10:11'),(0000000018,0000000003,0000000002,0000000002,35031.00,30.00,30.00,'ADMINISTRADOR','0000-00-00 00:00:00','METALSIGMAUSER','2019-03-04 12:10:11'),(0000000019,0000000001,0000000002,0000000002,44839.00,30.00,30.00,'ADMINISTRADOR','0000-00-00 00:00:00','METALSIGMAUSER','2019-03-04 12:10:11'),(0000000020,0000000004,0000000002,0000000002,28025.00,30.00,30.00,'ADMINISTRADOR','0000-00-00 00:00:00','METALSIGMAUSER','2019-03-04 12:10:11');
/*!40000 ALTER TABLE `par_valor_hh` ENABLE KEYS */;
UNLOCK TABLES;
ALTER DATABASE `metalsig_heavy` CHARACTER SET latin1 COLLATE latin1_swedish_ci ;
/*!50003 SET @saved_cs_client      = @@character_set_client */ ;
/*!50003 SET @saved_cs_results     = @@character_set_results */ ;
/*!50003 SET @saved_col_connection = @@collation_connection */ ;
/*!50003 SET character_set_client  = utf8mb4 */ ;
/*!50003 SET character_set_results = utf8mb4 */ ;
/*!50003 SET collation_connection  = utf8mb4_general_ci */ ;
/*!50003 SET @saved_sql_mode       = @@sql_mode */ ;
/*!50003 SET sql_mode              = 'NO_AUTO_VALUE_ON_ZERO' */ ;
DELIMITER ;;
/*!50003 CREATE*/ /*!50017 DEFINER=`metalsigmauser`@`localhost`*/ /*!50003 TRIGGER `set_crea_par_valor_hh` BEFORE INSERT ON `par_valor_hh` FOR EACH ROW IF (NEW.crea_user IS NULL || NEW.crea_user='') THEN SET NEW.crea_user = UPPER(SUBSTR(USER(), 1,(LOCATE('@', USER())-1))); END IF */;;
DELIMITER ;
/*!50003 SET sql_mode              = @saved_sql_mode */ ;
/*!50003 SET character_set_client  = @saved_cs_client */ ;
/*!50003 SET character_set_results = @saved_cs_results */ ;
/*!50003 SET collation_connection  = @saved_col_connection */ ;
ALTER DATABASE `metalsig_heavy` CHARACTER SET utf8 COLLATE utf8_bin ;
ALTER DATABASE `metalsig_heavy` CHARACTER SET latin1 COLLATE latin1_swedish_ci ;
/*!50003 SET @saved_cs_client      = @@character_set_client */ ;
/*!50003 SET @saved_cs_results     = @@character_set_results */ ;
/*!50003 SET @saved_col_connection = @@collation_connection */ ;
/*!50003 SET character_set_client  = utf8mb4 */ ;
/*!50003 SET character_set_results = utf8mb4 */ ;
/*!50003 SET collation_connection  = utf8mb4_general_ci */ ;
/*!50003 SET @saved_sql_mode       = @@sql_mode */ ;
/*!50003 SET sql_mode              = 'NO_AUTO_VALUE_ON_ZERO' */ ;
DELIMITER ;;
/*!50003 CREATE*/ /*!50017 DEFINER=`metalsigmauser`@`localhost`*/ /*!50003 TRIGGER `set_mod_par_valor_hh` BEFORE UPDATE ON `par_valor_hh` FOR EACH ROW IF (NEW.mod_user IS NULL || NEW.mod_user='') THEN SET NEW.mod_user = UPPER(SUBSTR(USER(), 1,(LOCATE('@', USER())-1))); END IF */;;
DELIMITER ;
/*!50003 SET sql_mode              = @saved_sql_mode */ ;
/*!50003 SET character_set_client  = @saved_cs_client */ ;
/*!50003 SET character_set_results = @saved_cs_results */ ;
/*!50003 SET collation_connection  = @saved_col_connection */ ;
ALTER DATABASE `metalsig_heavy` CHARACTER SET utf8 COLLATE utf8_bin ;

--
-- Table structure for table `par_vehiculos`
--

DROP TABLE IF EXISTS `par_vehiculos`;
/*!40101 SET @saved_cs_client     = @@character_set_client */;
/*!40101 SET character_set_client = utf8 */;
CREATE TABLE `par_vehiculos` (
  `cvehiculo` int(10) unsigned zerofill NOT NULL AUTO_INCREMENT,
  `vehiculo` varchar(100) COLLATE utf8_bin NOT NULL,
  `salida` decimal(12,2) NOT NULL,
  `costo_km` decimal(12,2) NOT NULL,
  `crea_user` varchar(50) COLLATE utf8_bin DEFAULT NULL,
  `crea_date` datetime NOT NULL DEFAULT CURRENT_TIMESTAMP,
  `mod_user` varchar(50) COLLATE utf8_bin DEFAULT NULL,
  `mod_date` datetime DEFAULT NULL ON UPDATE CURRENT_TIMESTAMP,
  PRIMARY KEY (`cvehiculo`)
) ENGINE=InnoDB AUTO_INCREMENT=4 DEFAULT CHARSET=utf8 COLLATE=utf8_bin;
/*!40101 SET character_set_client = @saved_cs_client */;

--
-- Dumping data for table `par_vehiculos`
--

LOCK TABLES `par_vehiculos` WRITE;
/*!40000 ALTER TABLE `par_vehiculos` DISABLE KEYS */;
INSERT INTO `par_vehiculos` VALUES (0000000001,'CITROEN BERLINGO',49825.00,180.00,'ADMINISTRADOR','0000-00-00 00:00:00','ADMINISTRADOR','2019-03-04 14:38:14'),(0000000002,'VOLSKWAGEN AMAROK',95120.00,270.00,'ADMINISTRADOR','0000-00-00 00:00:00','ADMINISTRADOR','2019-03-04 14:38:35'),(0000000003,'DODGE RAM 2500',126818.00,320.00,'ADMINISTRADOR','0000-00-00 00:00:00','ADMINISTRADOR','2019-03-04 14:38:49');
/*!40000 ALTER TABLE `par_vehiculos` ENABLE KEYS */;
UNLOCK TABLES;
ALTER DATABASE `metalsig_heavy` CHARACTER SET latin1 COLLATE latin1_swedish_ci ;
/*!50003 SET @saved_cs_client      = @@character_set_client */ ;
/*!50003 SET @saved_cs_results     = @@character_set_results */ ;
/*!50003 SET @saved_col_connection = @@collation_connection */ ;
/*!50003 SET character_set_client  = utf8mb4 */ ;
/*!50003 SET character_set_results = utf8mb4 */ ;
/*!50003 SET collation_connection  = utf8mb4_general_ci */ ;
/*!50003 SET @saved_sql_mode       = @@sql_mode */ ;
/*!50003 SET sql_mode              = 'NO_AUTO_VALUE_ON_ZERO' */ ;
DELIMITER ;;
/*!50003 CREATE*/ /*!50017 DEFINER=`metalsigmauser`@`localhost`*/ /*!50003 TRIGGER `set_crea_par_vehiculos` BEFORE INSERT ON `par_vehiculos` FOR EACH ROW IF (NEW.crea_user IS NULL || NEW.crea_user='') THEN SET NEW.crea_user = UPPER(SUBSTR(USER(), 1,(LOCATE('@', USER())-1))); END IF */;;
DELIMITER ;
/*!50003 SET sql_mode              = @saved_sql_mode */ ;
/*!50003 SET character_set_client  = @saved_cs_client */ ;
/*!50003 SET character_set_results = @saved_cs_results */ ;
/*!50003 SET collation_connection  = @saved_col_connection */ ;
ALTER DATABASE `metalsig_heavy` CHARACTER SET utf8 COLLATE utf8_bin ;
ALTER DATABASE `metalsig_heavy` CHARACTER SET latin1 COLLATE latin1_swedish_ci ;
/*!50003 SET @saved_cs_client      = @@character_set_client */ ;
/*!50003 SET @saved_cs_results     = @@character_set_results */ ;
/*!50003 SET @saved_col_connection = @@collation_connection */ ;
/*!50003 SET character_set_client  = utf8mb4 */ ;
/*!50003 SET character_set_results = utf8mb4 */ ;
/*!50003 SET collation_connection  = utf8mb4_general_ci */ ;
/*!50003 SET @saved_sql_mode       = @@sql_mode */ ;
/*!50003 SET sql_mode              = 'NO_AUTO_VALUE_ON_ZERO' */ ;
DELIMITER ;;
/*!50003 CREATE*/ /*!50017 DEFINER=`metalsigmauser`@`localhost`*/ /*!50003 TRIGGER `set_mod_par_vehiculos` BEFORE UPDATE ON `par_vehiculos` FOR EACH ROW IF (NEW.mod_user IS NULL || NEW.mod_user='') THEN SET NEW.mod_user = UPPER(SUBSTR(USER(), 1,(LOCATE('@', USER())-1))); END IF */;;
DELIMITER ;
/*!50003 SET sql_mode              = @saved_sql_mode */ ;
/*!50003 SET character_set_client  = @saved_cs_client */ ;
/*!50003 SET character_set_results = @saved_cs_results */ ;
/*!50003 SET collation_connection  = @saved_col_connection */ ;
ALTER DATABASE `metalsig_heavy` CHARACTER SET utf8 COLLATE utf8_bin ;

--
-- Table structure for table `pro_proveedores`
--

DROP TABLE IF EXISTS `pro_proveedores`;
/*!40101 SET @saved_cs_client     = @@character_set_client */;
/*!40101 SET character_set_client = utf8 */;
CREATE TABLE `pro_proveedores` (
  `cproveedor` int(10) unsigned zerofill NOT NULL AUTO_INCREMENT,
  `cdata` int(10) unsigned zerofill NOT NULL,
  `cpago` int(10) unsigned zerofill NOT NULL,
  `status` int(1) NOT NULL DEFAULT '1',
  `crea_user` varchar(50) COLLATE utf8_bin DEFAULT NULL,
  `crea_date` datetime NOT NULL DEFAULT CURRENT_TIMESTAMP,
  `mod_user` varchar(50) COLLATE utf8_bin DEFAULT NULL,
  `mod_date` datetime DEFAULT NULL ON UPDATE CURRENT_TIMESTAMP,
  PRIMARY KEY (`cproveedor`),
  UNIQUE KEY `uk_cdata_pro_proveedores` (`cdata`) USING BTREE,
  KEY `cpago` (`cpago`),
  CONSTRAINT `fk_cdata_pro_proveedores` FOREIGN KEY (`cdata`) REFERENCES `data_entes` (`cdata`),
  CONSTRAINT `fk_cpago_pro_proveedores` FOREIGN KEY (`cpago`) REFERENCES `cli_pagos` (`cpago`)
) ENGINE=InnoDB AUTO_INCREMENT=47 DEFAULT CHARSET=utf8 COLLATE=utf8_bin;
/*!40101 SET character_set_client = @saved_cs_client */;

--
-- Dumping data for table `pro_proveedores`
--

LOCK TABLES `pro_proveedores` WRITE;
/*!40000 ALTER TABLE `pro_proveedores` DISABLE KEYS */;
INSERT INTO `pro_proveedores` VALUES (0000000001,0000000002,0000000002,1,'METALSIGMAUSER','2019-02-27 12:34:05','ADMINISTRADOR','2019-06-05 17:48:54'),(0000000002,0000000046,0000000002,1,'METALSIGMAUSER','2019-02-27 12:34:05',NULL,NULL),(0000000003,0000000047,0000000002,1,'METALSIGMAUSER','2019-02-27 12:34:05',NULL,NULL),(0000000004,0000000048,0000000001,1,'METALSIGMAUSER','2019-02-27 12:34:05',NULL,NULL),(0000000005,0000000049,0000000002,1,'METALSIGMAUSER','2019-02-27 12:34:05',NULL,NULL),(0000000006,0000000050,0000000002,1,'METALSIGMAUSER','2019-02-27 12:34:05',NULL,NULL),(0000000007,0000000051,0000000001,1,'METALSIGMAUSER','2019-02-27 12:34:05',NULL,NULL),(0000000008,0000000052,0000000002,1,'METALSIGMAUSER','2019-02-27 12:34:05',NULL,NULL),(0000000009,0000000053,0000000002,1,'METALSIGMAUSER','2019-02-27 12:34:05',NULL,NULL),(0000000010,0000000054,0000000002,1,'METALSIGMAUSER','2019-02-27 12:34:05',NULL,NULL),(0000000011,0000000055,0000000002,1,'METALSIGMAUSER','2019-02-27 12:34:05',NULL,NULL),(0000000012,0000000056,0000000001,1,'METALSIGMAUSER','2019-02-27 12:34:05',NULL,NULL),(0000000013,0000000057,0000000002,1,'METALSIGMAUSER','2019-02-27 12:34:05',NULL,NULL),(0000000014,0000000058,0000000001,1,'METALSIGMAUSER','2019-02-27 12:34:05',NULL,NULL),(0000000015,0000000059,0000000001,1,'METALSIGMAUSER','2019-02-27 12:34:05',NULL,NULL),(0000000016,0000000060,0000000002,1,'METALSIGMAUSER','2019-02-27 12:34:05',NULL,NULL),(0000000017,0000000061,0000000001,1,'METALSIGMAUSER','2019-02-27 12:34:05',NULL,NULL),(0000000018,0000000062,0000000001,1,'METALSIGMAUSER','2019-02-27 12:34:05',NULL,NULL),(0000000019,0000000063,0000000002,1,'METALSIGMAUSER','2019-02-27 12:34:05',NULL,NULL),(0000000020,0000000064,0000000002,1,'METALSIGMAUSER','2019-02-27 12:34:05',NULL,NULL),(0000000021,0000000065,0000000001,1,'METALSIGMAUSER','2019-02-27 12:34:05',NULL,NULL),(0000000022,0000000066,0000000001,1,'METALSIGMAUSER','2019-02-27 12:34:05',NULL,NULL),(0000000023,0000000067,0000000001,1,'METALSIGMAUSER','2019-02-27 12:34:05',NULL,NULL),(0000000024,0000000068,0000000001,1,'METALSIGMAUSER','2019-02-27 12:34:05',NULL,NULL),(0000000025,0000000069,0000000001,1,'METALSIGMAUSER','2019-02-27 12:34:05',NULL,NULL),(0000000026,0000000070,0000000001,1,'METALSIGMAUSER','2019-02-27 12:34:05',NULL,NULL),(0000000027,0000000122,0000000002,1,'METALSIGMAUSER','2019-02-27 12:34:05',NULL,NULL),(0000000028,0000000123,0000000002,1,'METALSIGMAUSER','2019-02-27 12:34:05',NULL,NULL),(0000000029,0000000124,0000000001,1,'METALSIGMAUSER','2019-02-27 12:34:05',NULL,NULL),(0000000030,0000000125,0000000001,1,'METALSIGMAUSER','2019-02-27 12:34:05',NULL,NULL),(0000000031,0000000126,0000000001,1,'METALSIGMAUSER','2019-02-27 12:34:05',NULL,NULL),(0000000032,0000000127,0000000002,1,'METALSIGMAUSER','2019-02-27 12:34:05',NULL,NULL),(0000000033,0000000128,0000000002,1,'METALSIGMAUSER','2019-02-27 12:34:05',NULL,NULL),(0000000034,0000000129,0000000002,1,'METALSIGMAUSER','2019-02-27 12:34:05',NULL,NULL),(0000000035,0000000130,0000000002,1,'METALSIGMAUSER','2019-02-27 12:34:05',NULL,NULL),(0000000036,0000000131,0000000002,1,'METALSIGMAUSER','2019-02-27 12:34:05',NULL,NULL),(0000000037,0000000132,0000000002,1,'METALSIGMAUSER','2019-02-27 12:34:05',NULL,NULL),(0000000038,0000000133,0000000002,1,'METALSIGMAUSER','2019-02-27 12:34:05',NULL,NULL),(0000000039,0000000134,0000000001,1,'METALSIGMAUSER','2019-02-27 12:34:05',NULL,NULL),(0000000040,0000000135,0000000002,1,'METALSIGMAUSER','2019-02-27 12:34:05',NULL,NULL),(0000000041,0000000201,0000000001,1,'METALSIGMAUSER','2019-02-27 12:34:05',NULL,NULL),(0000000042,0000000209,0000000001,1,'GPETIT','2019-06-10 10:49:42',NULL,NULL),(0000000043,0000000216,0000000002,1,'GPETIT','2019-07-02 14:36:02',NULL,NULL),(0000000044,0000000218,0000000002,1,'GPETIT','2019-07-31 15:03:39',NULL,NULL),(0000000045,0000000221,0000000002,1,'GPETIT','2019-08-05 13:18:46',NULL,NULL),(0000000046,0000000228,0000000002,1,'GPETIT','2019-09-11 10:16:41',NULL,NULL);
/*!40000 ALTER TABLE `pro_proveedores` ENABLE KEYS */;
UNLOCK TABLES;
ALTER DATABASE `metalsig_heavy` CHARACTER SET latin1 COLLATE latin1_swedish_ci ;
/*!50003 SET @saved_cs_client      = @@character_set_client */ ;
/*!50003 SET @saved_cs_results     = @@character_set_results */ ;
/*!50003 SET @saved_col_connection = @@collation_connection */ ;
/*!50003 SET character_set_client  = utf8mb4 */ ;
/*!50003 SET character_set_results = utf8mb4 */ ;
/*!50003 SET collation_connection  = utf8mb4_general_ci */ ;
/*!50003 SET @saved_sql_mode       = @@sql_mode */ ;
/*!50003 SET sql_mode              = 'NO_AUTO_VALUE_ON_ZERO' */ ;
DELIMITER ;;
/*!50003 CREATE*/ /*!50017 DEFINER=`metalsigmauser`@`localhost`*/ /*!50003 TRIGGER `set_crea_pro_proveedores` BEFORE INSERT ON `pro_proveedores` FOR EACH ROW IF (NEW.crea_user IS NULL || NEW.crea_user='') THEN SET NEW.crea_user = UPPER(SUBSTR(USER(), 1,(LOCATE('@', USER())-1))); END IF */;;
DELIMITER ;
/*!50003 SET sql_mode              = @saved_sql_mode */ ;
/*!50003 SET character_set_client  = @saved_cs_client */ ;
/*!50003 SET character_set_results = @saved_cs_results */ ;
/*!50003 SET collation_connection  = @saved_col_connection */ ;
ALTER DATABASE `metalsig_heavy` CHARACTER SET utf8 COLLATE utf8_bin ;
ALTER DATABASE `metalsig_heavy` CHARACTER SET latin1 COLLATE latin1_swedish_ci ;
/*!50003 SET @saved_cs_client      = @@character_set_client */ ;
/*!50003 SET @saved_cs_results     = @@character_set_results */ ;
/*!50003 SET @saved_col_connection = @@collation_connection */ ;
/*!50003 SET character_set_client  = utf8mb4 */ ;
/*!50003 SET character_set_results = utf8mb4 */ ;
/*!50003 SET collation_connection  = utf8mb4_general_ci */ ;
/*!50003 SET @saved_sql_mode       = @@sql_mode */ ;
/*!50003 SET sql_mode              = 'NO_AUTO_VALUE_ON_ZERO' */ ;
DELIMITER ;;
/*!50003 CREATE*/ /*!50017 DEFINER=`metalsigmauser`@`localhost`*/ /*!50003 TRIGGER `set_mod_pro_proveedores` BEFORE UPDATE ON `pro_proveedores` FOR EACH ROW IF (NEW.mod_user IS NULL || NEW.mod_user='') THEN SET NEW.mod_user = UPPER(SUBSTR(USER(), 1,(LOCATE('@', USER())-1))); END IF */;;
DELIMITER ;
/*!50003 SET sql_mode              = @saved_sql_mode */ ;
/*!50003 SET character_set_client  = @saved_cs_client */ ;
/*!50003 SET character_set_results = @saved_cs_results */ ;
/*!50003 SET collation_connection  = @saved_col_connection */ ;
ALTER DATABASE `metalsig_heavy` CHARACTER SET utf8 COLLATE utf8_bin ;
/*!40103 SET TIME_ZONE=@OLD_TIME_ZONE */;

/*!40101 SET SQL_MODE=@OLD_SQL_MODE */;
/*!40014 SET FOREIGN_KEY_CHECKS=@OLD_FOREIGN_KEY_CHECKS */;
/*!40014 SET UNIQUE_CHECKS=@OLD_UNIQUE_CHECKS */;
/*!40101 SET CHARACTER_SET_CLIENT=@OLD_CHARACTER_SET_CLIENT */;
/*!40101 SET CHARACTER_SET_RESULTS=@OLD_CHARACTER_SET_RESULTS */;
/*!40101 SET COLLATION_CONNECTION=@OLD_COLLATION_CONNECTION */;
/*!40111 SET SQL_NOTES=@OLD_SQL_NOTES */;

-- Dump completed on 2019-10-22  9:44:45
